iStep,time,X,Y,Z,Vx,Vy,Vz,Rx,Ry,Rz,Fx,Fy,Fz,Mx,My,Mz,Fcpx,Fcpy,Fcpz,Tcpx,Tcpy,Tcpz,SumUx,SumUy,SumUz,SumTx,SumTy,SumTz
0,0,4,2,4,0,0,0,0,0,0,0,0,0,0,0,0,0,0,0,0,0,0,0,0,0,0,0,0
1,0.0005,4,2,4,0,0,0,0,0,0,-1.42109e-14,1237.48,0,580.418,0,2005.19,0,0,0,0,0,0,-0.2703,677.578,-0.315199,446.333,0.508405,941.739
2,0.001,4,2,4,0,0,0,0,0,0,-6.38915,565.25,4.04015,5.27867,-1.8869,1230.69,0,0,0,0,0,0,-2.79566,266.539,2.1485,160.756,-0.790571,407.539
3,0.0015,4,2,4,0,0,0,0,0,0,-10.6382,279.144,5.56443,-230.151,-2.8864,851.763,0,0,0,0,0,0,-3.50951,98.341,3.07498,39.2846,-1.48017,174.368
4,0.002,4,2,4,0,0,0,0,0,0,-13.5102,166.673,5.75748,-292.455,-3.14289,665.696,0,0,0,0,0,0,-3.78694,36.3942,3.37591,-2.65458,-1.77947,83.1208
5,0.0025,4,2,4,0,0,0,0,0,0,-15.5219,120.779,5.59271,-283.639,-3.23108,554.834,0,0,0,0,0,0,-4.00285,14.1707,3.35418,-14.0468,-1.75167,46.8727
6,0.003,4,2,4,0,0,0,0,0,0,-16.9208,100.318,5.48205,-249.411,-3.43893,475.027,0,0,0,0,0,0,-4.16818,6.44225,3.2793,-14.9457,-1.68388,31.4006
7,0.0035,4,2,4,0,0,0,0,0,0,-17.8421,89.7795,5.55626,-209.109,-3.85377,411.14,0,0,0,0,0,0,-4.30123,3.86185,3.22174,-12.681,-1.63047,23.7433
8,0.004,4,2,4,0,0,0,0,0,0,-18.4251,83.3275,5.82772,-170.564,-4.45435,358.015,0,0,0,0,0,0,-4.41501,3.08162,3.176,-9.85827,-1.58915,19.3087
9,0.0045,4,2,4,0,0,0,0,0,0,-18.7886,78.7185,6.25301,-136.619,-5.17241,313.597,0,0,0,0,0,0,-4.48998,2.8961,3.15416,-7.27608,-1.57522,16.3402
10,0.005,4,2,4,0,0,0,0,0,0,-18.9995,75.048,6.77764,-107.994,-5.94707,276.644,0,0,0,0,0,0,-4.49605,2.88657,3.14243,-5.11088,-1.5889,14.1167
11,0.0055,4,2,4,0,0,0,0,0,0,-19.1094,71.9395,7.3611,-84.4773,-6.73649,246.129,0,0,0,0,0,0,-4.48067,2.91672,3.13035,-3.37338,-1.60702,12.3783
12,0.006,4,2,4,0,0,0,0,0,0,-19.1603,69.2155,7.98483,-65.4925,-7.52361,221.07,0,0,0,0,0,0,-4.48,2.92167,3.12817,-2.01104,-1.62102,10.9894
13,0.0065,4,2,4,0,0,0,0,0,0,-19.1857,66.7562,8.62985,-50.3636,-8.29052,200.531,0,0,0,0,0,0,-4.45531,2.91575,3.12355,-0.962038,-1.63701,9.86883
14,0.007,4,2,4,0,0,0,0,0,0,-19.2013,64.4815,9.28118,-38.4324,-9.0291,183.689,0,0,0,0,0,0,-4.43248,2.90319,3.12078,-0.172247,-1.64982,8.98157
15,0.0075,4,2,4,0,0,0,0,0,0,-19.2171,62.3757,9.92116,-29.0867,-9.72706,169.857,0,0,0,0,0,0,-4.42181,2.84394,3.12627,0.404715,-1.66321,8.24102
16,0.008,4,2,4,0,0,0,0,0,0,-19.247,60.4414,10.543,-21.7928,-10.3818,158.484,0,0,0,0,0,0,-4.41317,2.77074,3.14457,0.826673,-1.68707,7.63293
17,0.0085,4,2,4,0,0,0,0,0,0,-19.292,58.6762,11.1354,-16.1093,-10.9877,149.106,0,0,0,0,0,0,-4.39659,2.68265,3.16734,1.13539,-1.71594,7.12244
18,0.009,4,2,4,0,0,0,0,0,0,-19.3525,57.0801,11.6919,-11.6802,-11.5438,141.337,0,0,0,0,0,0,-4.3901,2.57787,3.20553,1.37687,-1.75365,6.713
19,0.0095,4,2,4,0,0,0,0,0,0,-19.4297,55.6244,12.2039,-8.23777,-12.0442,134.84,0,0,0,0,0,0,-4.38307,2.4945,3.2425,1.57073,-1.78903,6.39389
20,0.01,4,2,4,0,0,0,0,0,0,-19.526,54.2794,12.6682,-5.57015,-12.4863,129.347,0,0,0,0,0,0,-4.36764,2.41548,3.25517,1.71201,-1.80163,6.13083
21,0.0105,4,2,4,0,0,0,0,0,0,-19.6329,53.0221,13.087,-3.51285,-12.8788,124.647,0,0,0,0,0,0,-4.3599,2.33818,3.26813,1.80934,-1.8125,5.9032
22,0.011,4,2,4,0,0,0,0,0,0,-19.757,51.8371,13.4711,-1.92759,-13.231,120.583,0,0,0,0,0,0,-4.35271,2.26952,3.2772,1.89108,-1.81895,5.72801
23,0.0115,4,2,4,0,0,0,0,0,0,-19.9007,50.7036,13.8313,-0.711488,-13.5526,117.018,0,0,0,0,0,0,-4.34863,2.20215,3.28984,1.95015,-1.82946,5.57031
24,0.012,4,2,4,0,0,0,0,0,0,-20.0565,49.6139,14.1735,0.218072,-13.8544,113.852,0,0,0,0,0,0,-4.35336,2.13147,3.30298,1.99115,-1.83673,5.42905
25,0.0125,4,2,4,0,0,0,0,0,0,-20.2267,48.5762,14.5021,0.930021,-14.14,111.038,0,0,0,0,0,0,-4.35769,2.07135,3.31463,2.01843,-1.84237,5.30011
26,0.013,4,2,4,0,0,0,0,0,0,-20.4154,47.5893,14.817,1.47807,-14.4059,108.518,0,0,0,0,0,0,-4.35081,2.00964,3.3277,2.02821,-1.85455,5.16609
27,0.0135,4,2,4,0,0,0,0,0,0,-20.6262,46.6454,15.1132,1.9023,-14.6442,106.234,0,0,0,0,0,0,-4.34368,1.95142,3.34086,2.03379,-1.86681,5.05542
28,0.014,4,2,4,0,0,0,0,0,0,-20.8491,45.7467,15.3821,2.22564,-14.8511,104.144,0,0,0,0,0,0,-4.35229,1.89854,3.36168,2.04399,-1.88025,4.97692
29,0.0145,4,2,4,0,0,0,0,0,0,-21.0814,44.8885,15.6212,2.4667,-15.0249,102.213,0,0,0,0,0,0,-4.36142,1.84336,3.38345,2.05484,-1.89417,4.89962
30,0.015,4,2,4,0,0,0,0,0,0,-21.3214,44.0632,15.8367,2.63961,-15.1727,100.408,0,0,0,0,0,0,-4.36114,1.79556,3.3908,2.06416,-1.89712,4.83758
31,0.0155,4,2,4,0,0,0,0,0,0,-21.5652,43.2679,16.0371,2.76783,-15.3043,98.7173,0,0,0,0,0,0,-4.36615,1.74926,3.39416,2.06276,-1.89514,4.77777
32,0.016,4,2,4,0,0,0,0,0,0,-21.806,42.4934,16.2282,2.86573,-15.4268,97.1133,0,0,0,0,0,0,-4.3636,1.69672,3.38829,2.0549,-1.88721,4.70743
33,0.0165,4,2,4,0,0,0,0,0,0,-22.0432,41.7381,16.4132,2.93996,-15.5443,95.5795,0,0,0,0,0,0,-4.37057,1.64239,3.39079,2.05115,-1.88377,4.63894
34,0.017,4,2,4,0,0,0,0,0,0,-22.2773,41.0113,16.5989,2.99942,-15.664,94.1228,0,0,0,0,0,0,-4.38014,1.59702,3.40465,2.05691,-1.88935,4.57575
35,0.0175,4,2,4,0,0,0,0,0,0,-22.5084,40.3133,16.7848,3.0475,-15.7865,92.7436,0,0,0,0,0,0,-4.39495,1.55603,3.42366,2.07163,-1.89662,4.52696
36,0.018,4,2,4,0,0,0,0,0,0,-22.7395,39.6339,16.9683,3.0802,-15.9072,91.4268,0,0,0,0,0,0,-4.40219,1.51897,3.43172,2.07576,-1.89654,4.47789
37,0.0185,4,2,4,0,0,0,0,0,0,-22.9786,38.9779,17.1471,3.10433,-16.0199,90.1809,0,0,0,0,0,0,-4.4122,1.47228,3.43808,2.07613,-1.89346,4.42325
38,0.019,4,2,4,0,0,0,0,0,0,-23.2177,38.3387,17.3113,3.10639,-16.1189,88.9822,0,0,0,0,0,0,-4.4233,1.42033,3.44416,2.0621,-1.89124,4.36998
39,0.0195,4,2,4,0,0,0,0,0,0,-23.4623,37.7158,17.468,3.09893,-16.2081,87.8355,0,0,0,0,0,0,-4.42744,1.377,3.451,2.04891,-1.89383,4.31591
40,0.02,4,2,4,0,0,0,0,0,0,-23.7079,37.1002,17.6144,3.0831,-16.2853,86.7149,0,0,0,0,0,0,-4.42266,1.33341,3.45617,2.0407,-1.898,4.25614
41,0.0205,4,2,4,0,0,0,0,0,0,-23.9576,36.4956,17.7542,3.06612,-16.354,85.6284,0,0,0,0,0,0,-4.42351,1.29741,3.466,2.04456,-1.90328,4.2162
42,0.021,4,2,4,0,0,0,0,0,0,-24.2101,35.9014,17.8904,3.04893,-16.4173,84.5781,0,0,0,0,0,0,-4.42843,1.25626,3.46915,2.03202,-1.9022,4.17057
43,0.0215,4,2,4,0,0,0,0,0,0,-24.4596,35.322,18.0185,3.02929,-16.4734,83.5631,0,0,0,0,0,0,-4.44237,1.21177,3.47588,2.0286,-1.90005,4.12647
44,0.022,4,2,4,0,0,0,0,0,0,-24.7073,34.7582,18.1392,3.01014,-16.5215,82.5875,0,0,0,0,0,0,-4.4583,1.1665,3.48831,2.03906,-1.90045,4.0893
45,0.0225,4,2,4,0,0,0,0,0,0,-24.9495,34.2061,18.2557,2.98564,-16.5663,81.6449,0,0,0,0,0,0,-4.47349,1.12883,3.50002,2.06098,-1.89882,4.06645
46,0.023,4,2,4,0,0,0,0,0,0,-25.1855,33.6639,18.3659,2.94698,-16.6076,80.7267,0,0,0,0,0,0,-4.48415,1.09362,3.50678,2.07006,-1.89577,4.03143
47,0.0235,4,2,4,0,0,0,0,0,0,-25.4187,33.1347,18.4756,2.90357,-16.65,79.8346,0,0,0,0,0,0,-4.4911,1.04922,3.50409,2.05376,-1.88752,3.97228
48,0.024,4,2,4,0,0,0,0,0,0,-25.6474,32.6172,18.5914,2.867,-16.7003,78.9642,0,0,0,0,0,0,-4.49736,0.996256,3.4945,2.02494,-1.8747,3.90515
49,0.0245,4,2,4,0,0,0,0,0,0,-25.8699,32.1083,18.7136,2.84093,-16.7587,78.1045,0,0,0,0,0,0,-4.50506,0.947526,3.49686,2.00126,-1.87281,3.84631
50,0.025,4,2,4,0,0,0,0,0,0,-26.0863,31.6048,18.8378,2.82024,-16.8222,77.2467,0,0,0,0,0,0,-4.51566,0.90954,3.50545,1.99494,-1.87467,3.81024
51,0.0255,4,2,4,0,0,0,0,0,0,-26.3016,31.1059,18.9584,2.80237,-16.8815,76.4003,0,0,0,0,0,0,-4.52658,0.88802,3.5218,2.01279,-1.88155,3.80035
52,0.026,4,2,4,0,0,0,0,0,0,-26.5199,30.6176,19.0743,2.78721,-16.9347,75.5802,0,0,0,0,0,0,-4.54351,0.866713,3.54191,2.03572,-1.88813,3.79697
53,0.0265,4,2,4,0,0,0,0,0,0,-26.7409,30.1338,19.1789,2.76451,-16.976,74.7827,0,0,0,0,0,0,-4.55936,0.829391,3.55629,2.038,-1.89043,3.76637
54,0.027,4,2,4,0,0,0,0,0,0,-26.9661,29.6572,19.277,2.7391,-17.0085,74.0159,0,0,0,0,0,0,-4.56263,0.795696,3.55962,2.03331,-1.88877,3.72629
55,0.0275,4,2,4,0,0,0,0,0,0,-27.1937,29.1899,19.3698,2.71457,-17.0338,73.2793,0,0,0,0,0,0,-4.56574,0.762112,3.55972,2.03356,-1.88399,3.69097
56,0.028,4,2,4,0,0,0,0,0,0,-27.4185,28.7276,19.4592,2.68919,-17.0562,72.5633,0,0,0,0,0,0,-4.56854,0.719212,3.55143,2.02111,-1.87212,3.64838
57,0.0285,4,2,4,0,0,0,0,0,0,-27.6367,28.2699,19.5523,2.66358,-17.0838,71.8557,0,0,0,0,0,0,-4.56635,0.668585,3.54179,2.01007,-1.85998,3.59627
58,0.029,4,2,4,0,0,0,0,0,0,-27.8471,27.8187,19.6432,2.63245,-17.1129,71.1553,0,0,0,0,0,0,-4.58063,0.628416,3.55541,2.02027,-1.86181,3.56066
59,0.0295,4,2,4,0,0,0,0,0,0,-28.0532,27.3682,19.7303,2.59305,-17.141,70.4584,0,0,0,0,0,0,-4.59979,0.596246,3.56976,2.03827,-1.86119,3.54441
60,0.03,4,2,4,0,0,0,0,0,0,-28.2611,26.9223,19.8152,2.55292,-17.1662,69.7731,0,0,0,0,0,0,-4.60807,0.5675,3.57215,2.03446,-1.85752,3.51744
61,0.0305,4,2,4,0,0,0,0,0,0,-28.4724,26.4855,19.8981,2.51186,-17.1878,69.1084,0,0,0,0,0,0,-4.61403,0.533797,3.57698,2.02504,-1.85805,3.48418
62,0.031,4,2,4,0,0,0,0,0,0,-28.6847,26.0568,19.9837,2.4776,-17.21,68.4621,0,0,0,0,0,0,-4.62108,0.496921,3.57882,2.01026,-1.85532,3.44814
63,0.0315,4,2,4,0,0,0,0,0,0,-28.8955,25.6329,20.0658,2.44737,-17.2289,67.8287,0,0,0,0,0,0,-4.62989,0.466221,3.58294,1.99923,-1.85307,3.42049
64,0.032,4,2,4,0,0,0,0,0,0,-29.1003,25.2099,20.145,2.42215,-17.2476,67.1978,0,0,0,0,0,0,-4.63669,0.434153,3.58676,1.99299,-1.851,3.38977
65,0.0325,4,2,4,0,0,0,0,0,0,-29.2927,24.7882,20.2256,2.40709,-17.271,66.5596,0,0,0,0,0,0,-4.64592,0.398852,3.59629,2.00014,-1.85072,3.36096
66,0.033,4,2,4,0,0,0,0,0,0,-29.4777,24.3695,20.3063,2.39775,-17.2961,65.9232,0,0,0,0,0,0,-4.65127,0.367722,3.60399,2.01248,-1.84925,3.33124
67,0.0335,4,2,4,0,0,0,0,0,0,-29.6605,23.958,20.3831,2.38632,-17.3182,65.3016,0,0,0,0,0,0,-4.65075,0.332833,3.6038,2.01747,-1.84296,3.2935
68,0.034,4,2,4,0,0,0,0,0,0,-29.8418,23.552,20.4553,2.36752,-17.336,64.6928,0,0,0,0,0,0,-4.65047,0.289498,3.60476,2.01518,-1.83873,3.24246
69,0.0345,4,2,4,0,0,0,0,0,0,-30.0258,23.1462,20.5227,2.34024,-17.3474,64.0942,0,0,0,0,0,0,-4.6629,0.248579,3.60723,2.01316,-1.83212,3.21177
70,0.035,4,2,4,0,0,0,0,0,0,-30.2159,22.7408,20.5874,2.31092,-17.3534,63.5085,0,0,0,0,0,0,-4.6817,0.214267,3.61042,2.01068,-1.82453,3.19747
71,0.0355,4,2,4,0,0,0,0,0,0,-30.4107,22.3364,20.6506,2.2801,-17.3561,62.9317,0,0,0,0,0,0,-4.68763,0.180363,3.60322,1.99166,-1.81491,3.16521
72,0.036,4,2,4,0,0,0,0,0,0,-30.6016,21.9345,20.7207,2.25823,-17.3653,62.3572,0,0,0,0,0,0,-4.69069,0.142372,3.6028,1.97868,-1.81109,3.12504
73,0.0365,4,2,4,0,0,0,0,0,0,-30.7942,21.5395,20.7908,2.24323,-17.3724,61.8,0,0,0,0,0,0,-4.69769,0.107089,3.61193,1.9796,-1.81246,3.08977
74,0.037,4,2,4,0,0,0,0,0,0,-30.9858,21.1502,20.8526,2.22384,-17.3735,61.2555,0,0,0,0,0,0,-4.70681,0.0751184,3.62151,1.98904,-1.81139,3.06589
75,0.0375,4,2,4,0,0,0,0,0,0,-31.1734,20.7651,20.9108,2.20442,-17.3727,60.7211,0,0,0,0,0,0,-4.71843,0.0333026,3.62393,1.98399,-1.80344,3.03491
76,0.038,4,2,4,0,0,0,0,0,0,-31.3584,20.3834,20.9663,2.18385,-17.3705,60.1977,0,0,0,0,0,0,-4.73889,-0.00023875,3.63033,1.99065,-1.79597,3.02867
77,0.0385,4,2,4,0,0,0,0,0,0,-31.5424,19.9995,21.0137,2.15212,-17.3617,59.6794,0,0,0,0,0,0,-4.74757,-0.0385625,3.63251,1.99181,-1.79002,3.00249
78,0.039,4,2,4,0,0,0,0,0,0,-31.7228,19.614,21.059,2.11948,-17.3508,59.1617,0,0,0,0,0,0,-4.74506,-0.0775366,3.63,1.97971,-1.78574,2.95035
79,0.0395,4,2,4,0,0,0,0,0,0,-31.8952,19.2283,21.1024,2.08499,-17.3414,58.6336,0,0,0,0,0,0,-4.73718,-0.113626,3.62703,1.9679,-1.782,2.89702
80,0.04,4,2,4,0,0,0,0,0,0,-32.0673,18.8434,21.151,2.05982,-17.3362,58.1031,0,0,0,0,0,0,-4.72953,-0.143205,3.62395,1.96317,-1.77715,2.85648
81,0.0405,4,2,4,0,0,0,0,0,0,-32.237,18.4608,21.2011,2.03613,-17.3334,57.5732,0,0,0,0,0,0,-4.73611,-0.173727,3.62879,1.9689,-1.77352,2.83552
82,0.041,4,2,4,0,0,0,0,0,0,-32.4061,18.0832,21.2565,2.01994,-17.3351,57.0512,0,0,0,0,0,0,-4.75071,-0.203057,3.63161,1.97292,-1.76523,2.82848
83,0.0415,4,2,4,0,0,0,0,0,0,-32.5736,17.7127,21.3151,2.01376,-17.3389,56.5429,0,0,0,0,0,0,-4.77386,-0.231293,3.64266,1.98162,-1.76162,2.82683
84,0.042,4,2,4,0,0,0,0,0,0,-32.7423,17.3472,21.3651,2.00475,-17.3343,56.0485,0,0,0,0,0,0,-4.78406,-0.25834,3.64929,1.99203,-1.75722,2.80892
85,0.0425,4,2,4,0,0,0,0,0,0,-32.9102,16.9829,21.4081,1.99215,-17.3225,55.5634,0,0,0,0,0,0,-4.77823,-0.28799,3.64899,1.98729,-1.75518,2.76553
86,0.043,4,2,4,0,0,0,0,0,0,-33.0674,16.6178,21.4478,1.97633,-17.311,55.073,0,0,0,0,0,0,-4.77108,-0.320427,3.64465,1.9761,-1.75117,2.72175
87,0.0435,4,2,4,0,0,0,0,0,0,-33.2194,16.2522,21.4886,1.96289,-17.3015,54.5827,0,0,0,0,0,0,-4.77261,-0.349645,3.64221,1.97382,-1.7443,2.69902
88,0.044,4,2,4,0,0,0,0,0,0,-33.3658,15.8873,21.5286,1.94687,-17.294,54.0949,0,0,0,0,0,0,-4.77973,-0.386545,3.63937,1.9623,-1.73676,2.67301
89,0.0445,4,2,4,0,0,0,0,0,0,-33.5122,15.5257,21.5664,1.92657,-17.2866,53.6193,0,0,0,0,0,0,-4.78102,-0.42267,3.63233,1.95144,-1.72632,2.64316
90,0.045,4,2,4,0,0,0,0,0,0,-33.6669,15.1682,21.611,1.91517,-17.2811,53.1602,0,0,0,0,0,0,-4.79616,-0.453679,3.64363,1.96559,-1.72376,2.63661
91,0.0455,4,2,4,0,0,0,0,0,0,-33.8243,14.8123,21.6617,1.91026,-17.2777,52.7084,0,0,0,0,0,0,-4.80823,-0.47985,3.65012,1.96988,-1.72049,2.62376
92,0.046,4,2,4,0,0,0,0,0,0,-33.9827,14.456,21.7068,1.89883,-17.2692,52.2593,0,0,0,0,0,0,-4.81252,-0.510029,3.6528,1.96957,-1.71636,2.6009
93,0.0465,4,2,4,0,0,0,0,0,0,-34.1391,14.1002,21.7417,1.87846,-17.2527,51.8101,0,0,0,0,0,0,-4.80816,-0.546251,3.64871,1.95703,-1.7106,2.5624
94,0.047,4,2,4,0,0,0,0,0,0,-34.2902,13.7456,21.7713,1.85659,-17.2333,51.3598,0,0,0,0,0,0,-4.80585,-0.587487,3.64596,1.94595,-1.70496,2.52189
95,0.0475,4,2,4,0,0,0,0,0,0,-34.4332,13.3893,21.7961,1.83207,-17.2112,50.9031,0,0,0,0,0,0,-4.808,-0.627371,3.64488,1.93838,-1.69866,2.48543
96,0.048,4,2,4,0,0,0,0,0,0,-34.5736,13.0315,21.8176,1.80927,-17.1862,50.4513,0,0,0,0,0,0,-4.80832,-0.660583,3.63991,1.92862,-1.69047,2.45142
97,0.0485,4,2,4,0,0,0,0,0,0,-34.7141,12.6745,21.8413,1.79288,-17.1618,50.0057,0,0,0,0,0,0,-4.81339,-0.693933,3.63697,1.92647,-1.68037,2.42614
98,0.049,4,2,4,0,0,0,0,0,0,-34.8588,12.3204,21.8652,1.77954,-17.1365,49.5707,0,0,0,0,0,0,-4.81528,-0.7254,3.63778,1.92589,-1.67481,2.39965
99,0.0495,4,2,4,0,0,0,0,0,0,-35.0021,11.9691,21.8924,1.76848,-17.1137,49.1373,0,0,0,0,0,0,-4.81903,-0.75765,3.64208,1.9311,-1.67069,2.37807
100,0.05,4,2,4,0,0,0,0,0,0,-35.1436,11.6224,21.9221,1.75928,-17.0933,48.7071,0,0,0,0,0,0,-4.82023,-0.791254,3.64569,1.93215,-1.66824,2.34804
101,0.0505,4,2,4,0,0,0,0,0,0,-35.2812,11.2766,21.9468,1.74326,-17.0713,48.2738,0,0,0,0,0,0,-4.81752,-0.826876,3.64787,1.92856,-1.66598,2.30945
102,0.051,4,2,4,0,0,0,0,0,0,-35.4131,10.9285,21.9661,1.71991,-17.0477,47.8328,0,0,0,0,0,0,-4.81356,-0.865416,3.64097,1.91041,-1.65855,2.26213
103,0.0515,4,2,4,0,0,0,0,0,0,-35.5432,10.5766,21.9849,1.69785,-17.0223,47.3939,0,0,0,0,0,0,-4.81297,-0.899301,3.63451,1.89464,-1.65091,2.22653
104,0.052,4,2,4,0,0,0,0,0,0,-35.6727,10.2262,22.0074,1.68527,-16.9977,46.9625,0,0,0,0,0,0,-4.81336,-0.927504,3.63184,1.89332,-1.64416,2.20467
105,0.0525,4,2,4,0,0,0,0,0,0,-35.7997,9.87793,22.0284,1.67629,-16.9716,46.535,0,0,0,0,0,0,-4.8194,-0.962588,3.63837,1.90136,-1.64092,2.18669
106,0.053,4,2,4,0,0,0,0,0,0,-35.9301,9.53337,22.0461,1.66781,-16.9426,46.1187,0,0,0,0,0,0,-4.81998,-0.994295,3.6423,1.90977,-1.63737,2.16111
107,0.0535,4,2,4,0,0,0,0,0,0,-36.0579,9.19265,22.067,1.66603,-16.9154,45.7066,0,0,0,0,0,0,-4.81203,-1.02806,3.63524,1.90268,-1.62982,2.12232
108,0.054,4,2,4,0,0,0,0,0,0,-36.1802,8.85555,22.0887,1.66224,-16.891,45.2914,0,0,0,0,0,0,-4.80277,-1.06107,3.6276,1.88914,-1.62293,2.07646
109,0.0545,4,2,4,0,0,0,0,0,0,-36.2983,8.518,22.102,1.64414,-16.8633,44.8744,0,0,0,0,0,0,-4.7998,-1.08685,3.62199,1.88065,-1.61432,2.04633
110,0.055,4,2,4,0,0,0,0,0,0,-36.4198,8.17988,22.1147,1.62573,-16.8341,44.468,0,0,0,0,0,0,-4.81446,-1.11648,3.62864,1.88881,-1.6076,2.04517
111,0.0555,4,2,4,0,0,0,0,0,0,-36.5389,7.84083,22.1292,1.61221,-16.8056,44.0624,0,0,0,0,0,0,-4.82638,-1.15038,3.63547,1.89536,-1.6027,2.03547
112,0.056,4,2,4,0,0,0,0,0,0,-36.6573,7.50243,22.1492,1.60885,-16.7792,43.6583,0,0,0,0,0,0,-4.8162,-1.17868,3.62731,1.88454,-1.59694,1.99462
113,0.0565,4,2,4,0,0,0,0,0,0,-36.7762,7.16602,22.1687,1.60779,-16.7522,43.258,0,0,0,0,0,0,-4.80952,-1.2048,3.6228,1.87495,-1.59351,1.95705
114,0.057,4,2,4,0,0,0,0,0,0,-36.8937,6.8315,22.1816,1.60316,-16.7214,42.8615,0,0,0,0,0,0,-4.81815,-1.2367,3.62993,1.88181,-1.5903,1.93977
115,0.0575,4,2,4,0,0,0,0,0,0,-37.0078,6.49763,22.1944,1.60181,-16.6903,42.4658,0,0,0,0,0,0,-4.82451,-1.2709,3.63032,1.88279,-1.58171,1.92006
116,0.058,4,2,4,0,0,0,0,0,0,-37.117,6.16231,22.2025,1.59243,-16.6583,42.068,0,0,0,0,0,0,-4.8276,-1.30989,3.62452,1.87523,-1.57059,1.89681
117,0.0585,4,2,4,0,0,0,0,0,0,-37.2265,5.82804,22.2037,1.57439,-16.6222,41.6778,0,0,0,0,0,0,-4.81682,-1.3478,3.61677,1.86139,-1.56418,1.85339
118,0.059,4,2,4,0,0,0,0,0,0,-37.3332,5.49581,22.2066,1.55918,-16.588,41.2895,0,0,0,0,0,0,-4.80474,-1.38269,3.60854,1.84694,-1.55857,1.81145
119,0.0595,4,2,4,0,0,0,0,0,0,-37.4356,5.16613,22.2156,1.5537,-16.5584,40.9012,0,0,0,0,0,0,-4.80105,-1.41457,3.60286,1.84083,-1.55101,1.785
120,0.06,4,2,4,0,0,0,0,0,0,-37.5388,4.837,22.229,1.55531,-16.5302,40.5181,0,0,0,0,0,0,-4.8137,-1.4432,3.60554,1.84739,-1.54316,1.78289
121,0.0605,4,2,4,0,0,0,0,0,0,-37.639,4.50893,22.2387,1.55408,-16.4997,40.134,0,0,0,0,0,0,-4.82006,-1.47119,3.60614,1.84801,-1.53623,1.77102
122,0.061,4,2,4,0,0,0,0,0,0,-37.7404,4.18101,22.2461,1.5513,-16.467,39.7549,0,0,0,0,0,0,-4.81225,-1.50346,3.60019,1.83708,-1.53005,1.73432
123,0.0615,4,2,4,0,0,0,0,0,0,-37.8423,3.85039,22.2496,1.54212,-16.4317,39.3792,0,0,0,0,0,0,-4.79926,-1.53712,3.59131,1.82113,-1.52403,1.69006
124,0.062,4,2,4,0,0,0,0,0,0,-37.9412,3.52067,22.2472,1.52555,-16.3934,39.0031,0,0,0,0,0,0,-4.8007,-1.57078,3.5941,1.8203,-1.52065,1.66522
125,0.0625,4,2,4,0,0,0,0,0,0,-38.0334,3.19246,22.2395,1.50587,-16.3529,38.6197,0,0,0,0,0,0,-4.79983,-1.60613,3.58906,1.81149,-1.51258,1.64124
126,0.063,4,2,4,0,0,0,0,0,0,-38.128,2.86252,22.2347,1.49398,-16.3115,38.2434,0,0,0,0,0,0,-4.80289,-1.64305,3.58324,1.80422,-1.50308,1.62353
127,0.0635,4,2,4,0,0,0,0,0,0,-38.2223,2.53422,22.2338,1.4909,-16.2706,37.8729,0,0,0,0,0,0,-4.79946,-1.67618,3.58085,1.80294,-1.49672,1.59615
128,0.064,4,2,4,0,0,0,0,0,0,-38.3147,2.21039,22.2343,1.49182,-16.2303,37.5042,0,0,0,0,0,0,-4.78399,-1.70847,3.5701,1.79199,-1.48896,1.55552
129,0.0645,4,2,4,0,0,0,0,0,0,-38.4111,1.8831,22.2321,1.48736,-16.1883,37.1418,0,0,0,0,0,0,-4.77161,-1.74026,3.56313,1.78564,-1.48128,1.51851
130,0.065,4,2,4,0,0,0,0,0,0,-38.5091,1.55509,22.2288,1.48101,-16.1458,36.7854,0,0,0,0,0,0,-4.77577,-1.77399,3.56663,1.79184,-1.47374,1.50024
131,0.0655,4,2,4,0,0,0,0,0,0,-38.5968,1.23001,22.2182,1.46474,-16.1026,36.418,0,0,0,0,0,0,-4.77746,-1.80897,3.56055,1.78107,-1.46393,1.47632
132,0.066,4,2,4,0,0,0,0,0,0,-38.6779,0.905539,22.2075,1.44775,-16.0614,36.0443,0,0,0,0,0,0,-4.77568,-1.83805,3.55001,1.76346,-1.45549,1.44989
133,0.0665,4,2,4,0,0,0,0,0,0,-38.7622,0.5813,22.1984,1.43454,-16.0195,35.6815,0,0,0,0,0,0,-4.7749,-1.86491,3.54924,1.76382,-1.45123,1.43184
134,0.067,4,2,4,0,0,0,0,0,0,-38.8426,0.261697,22.1937,1.43075,-15.9791,35.3217,0,0,0,0,0,0,-4.7681,-1.8951,3.54758,1.76456,-1.44584,1.40506
135,0.0675,4,2,4,0,0,0,0,0,0,-38.9224,-0.0549823,22.1921,1.4359,-15.9391,34.9681,0,0,0,0,0,0,-4.76091,-1.92227,3.54133,1.75972,-1.43749,1.37576
136,0.068,4,2,4,0,0,0,0,0,0,-39.0089,-0.374915,22.1882,1.43982,-15.8957,34.6267,0,0,0,0,0,0,-4.75922,-1.95089,3.53847,1.76086,-1.42775,1.35562
137,0.0685,4,2,4,0,0,0,0,0,0,-39.0956,-0.691611,22.1827,1.44454,-15.8514,34.2887,0,0,0,0,0,0,-4.7589,-1.98476,3.53329,1.75406,-1.41838,1.33594
138,0.069,4,2,4,0,0,0,0,0,0,-39.1719,-1.0087,22.1685,1.4358,-15.8064,33.9367,0,0,0,0,0,0,-4.74194,-2.01796,3.51836,1.73358,-1.41003,1.29413
139,0.0695,4,2,4,0,0,0,0,0,0,-39.2436,-1.32814,22.1521,1.4229,-15.7619,33.5809,0,0,0,0,0,0,-4.73582,-2.05162,3.51381,1.73268,-1.40212,1.26788
140,0.07,4,2,4,0,0,0,0,0,0,-39.3145,-1.64573,22.1385,1.41214,-15.72,33.2292,0,0,0,0,0,0,-4.73982,-2.0819,3.51591,1.74044,-1.39429,1.25451
141,0.0705,4,2,4,0,0,0,0,0,0,-39.381,-1.96063,22.1289,1.40848,-15.6811,32.8778,0,0,0,0,0,0,-4.72805,-2.10643,3.50476,1.73041,-1.38581,1.22494
142,0.071,4,2,4,0,0,0,0,0,0,-39.4513,-2.27565,22.1242,1.41421,-15.6426,32.5376,0,0,0,0,0,0,-4.71654,-2.13852,3.49997,1.72733,-1.37914,1.1926
143,0.0715,4,2,4,0,0,0,0,0,0,-39.5219,-2.59125,22.1183,1.41972,-15.6034,32.2034,0,0,0,0,0,0,-4.7193,-2.17443,3.50536,1.73487,-1.37416,1.17578
144,0.072,4,2,4,0,0,0,0,0,0,-39.5874,-2.90512,22.1071,1.42079,-15.5622,31.8657,0,0,0,0,0,0,-4.7038,-2.20654,3.49782,1.72058,-1.37145,1.13324
145,0.0725,4,2,4,0,0,0,0,0,0,-39.6427,-3.21869,22.0874,1.41182,-15.5191,31.5181,0,0,0,0,0,0,-4.68846,-2.23729,3.4874,1.70349,-1.36643,1.09154
146,0.073,4,2,4,0,0,0,0,0,0,-39.6975,-3.53539,22.0648,1.39918,-15.4735,31.1722,0,0,0,0,0,0,-4.67469,-2.26962,3.47663,1.69452,-1.35653,1.06006
147,0.0735,4,2,4,0,0,0,0,0,0,-39.7483,-3.85008,22.0444,1.39111,-15.4282,30.8232,0,0,0,0,0,0,-4.66127,-2.30181,3.46133,1.67705,-1.34652,1.02728
148,0.074,4,2,4,0,0,0,0,0,0,-39.8009,-4.16208,22.027,1.39059,-15.3822,30.4789,0,0,0,0,0,0,-4.66169,-2.33486,3.46484,1.68466,-1.3418,1.01309
149,0.0745,4,2,4,0,0,0,0,0,0,-39.8594,-4.47593,22.0112,1.39461,-15.3344,30.1454,0,0,0,0,0,0,-4.65468,-2.36977,3.46591,1.69313,-1.33502,0.99348
150,0.075,4,2,4,0,0,0,0,0,0,-39.9147,-4.78751,21.9928,1.39682,-15.2864,29.8082,0,0,0,0,0,0,-4.63822,-2.40028,3.45571,1.67856,-1.33079,0.94818
151,0.0755,4,2,4,0,0,0,0,0,0,-39.9704,-5.09809,21.9736,1.39885,-15.2382,29.4726,0,0,0,0,0,0,-4.62853,-2.42716,3.45102,1.67117,-1.32805,0.909879
152,0.076,4,2,4,0,0,0,0,0,0,-40.0259,-5.40978,21.9517,1.39652,-15.1874,29.1403,0,0,0,0,0,0,-4.62963,-2.45591,3.45083,1.67011,-1.32301,0.891907
153,0.0765,4,2,4,0,0,0,0,0,0,-40.0803,-5.72283,21.9236,1.38448,-15.1341,28.8095,0,0,0,0,0,0,-4.62138,-2.48467,3.43504,1.64923,-1.31243,0.867948
154,0.077,4,2,4,0,0,0,0,0,0,-40.1319,-6.03138,21.8994,1.38045,-15.0828,28.479,0,0,0,0,0,0,-4.62056,-2.51401,3.42562,1.64173,-1.29977,0.856903
155,0.0775,4,2,4,0,0,0,0,0,0,-40.1843,-6.33944,21.8813,1.38637,-15.0331,28.1575,0,0,0,0,0,0,-4.62235,-2.54372,3.42752,1.64818,-1.29261,0.84401
156,0.078,4,2,4,0,0,0,0,0,0,-40.2329,-6.64333,21.8627,1.39271,-14.9854,27.8378,0,0,0,0,0,0,-4.60191,-2.57043,3.41956,1.64056,-1.28889,0.800966
157,0.0785,4,2,4,0,0,0,0,0,0,-40.2776,-6.9465,21.8402,1.39394,-14.9383,27.5167,0,0,0,0,0,0,-4.59355,-2.59789,3.41497,1.6364,-1.28411,0.773736
158,0.079,4,2,4,0,0,0,0,0,0,-40.3245,-7.24676,21.8191,1.39882,-14.8911,27.2031,0,0,0,0,0,0,-4.59304,-2.6267,3.41505,1.64124,-1.27746,0.758992
159,0.0795,4,2,4,0,0,0,0,0,0,-40.3712,-7.54837,21.7965,1.4021,-14.8425,26.8934,0,0,0,0,0,0,-4.58384,-2.65444,3.40357,1.6316,-1.26742,0.734836
160,0.08,4,2,4,0,0,0,0,0,0,-40.4125,-7.85075,21.7656,1.39402,-14.7926,26.5795,0,0,0,0,0,0,-4.56945,-2.68676,3.38882,1.61471,-1.25585,0.703038
161,0.0805,4,2,4,0,0,0,0,0,0,-40.4517,-8.15112,21.7413,1.39663,-14.7449,26.2676,0,0,0,0,0,0,-4.5597,-2.71711,3.37881,1.6055,-1.24522,0.676882
162,0.081,4,2,4,0,0,0,0,0,0,-40.4885,-8.45097,21.7182,1.40258,-14.6988,25.9568,0,0,0,0,0,0,-4.54127,-2.74064,3.36467,1.5962,-1.23507,0.644829
163,0.0815,4,2,4,0,0,0,0,0,0,-40.5192,-8.74853,21.6931,1.40646,-14.6551,25.6409,0,0,0,0,0,0,-4.52491,-2.76799,3.3541,1.59451,-1.22549,0.620778
164,0.082,4,2,4,0,0,0,0,0,0,-40.548,-9.04735,21.6656,1.40799,-14.6109,25.3241,0,0,0,0,0,0,-4.50964,-2.79766,3.34851,1.59392,-1.22087,0.591361
165,0.0825,4,2,4,0,0,0,0,0,0,-40.5759,-9.34494,21.6356,1.40923,-14.5643,25.0104,0,0,0,0,0,0,-4.50702,-2.83444,3.34592,1.59549,-1.21376,0.578395
166,0.083,4,2,4,0,0,0,0,0,0,-40.6044,-9.64574,21.6026,1.40872,-14.5144,24.6999,0,0,0,0,0,0,-4.48975,-2.86851,3.3303,1.57946,-1.20435,0.545855
167,0.0835,4,2,4,0,0,0,0,0,0,-40.6293,-9.94838,21.563,1.40119,-14.4605,24.3888,0,0,0,0,0,0,-4.46019,-2.8944,3.31235,1.55894,-1.1971,0.494885
168,0.084,4,2,4,0,0,0,0,0,0,-40.6506,-10.2509,21.5229,1.39585,-14.4046,24.079,0,0,0,0,0,0,-4.44132,-2.92287,3.29817,1.54329,-1.18929,0.455745
169,0.0845,4,2,4,0,0,0,0,0,0,-40.6627,-10.5491,21.4793,1.38776,-14.3487,23.7595,0,0,0,0,0,0,-4.4215,-2.9502,3.28167,1.52751,-1.18163,0.42164
170,0.085,4,2,4,0,0,0,0,0,0,-40.6733,-10.8482,21.4355,1.37955,-14.2935,23.4386,0,0,0,0,0,0,-4.40342,-2.98254,3.27133,1.51703,-1.17746,0.385069
171,0.0855,4,2,4,0,0,0,0,0,0,-40.6919,-11.1462,21.3956,1.37498,-14.2397,23.127,0,0,0,0,0,0,-4.40236,-3.01944,3.27427,1.52465,-1.17295,0.373581
172,0.086,4,2,4,0,0,0,0,0,0,-40.7217,-11.4391,21.3636,1.38009,-14.1863,22.8305,0,0,0,0,0,0,-4.38933,-3.05069,3.26382,1.51251,-1.16684,0.343294
173,0.0865,4,2,4,0,0,0,0,0,0,-40.7615,-11.732,21.3326,1.38475,-14.1312,22.5473,0,0,0,0,0,0,-4.37759,-3.07807,3.25851,1.50645,-1.16136,0.312364
174,0.087,4,2,4,0,0,0,0,0,0,-40.8087,-12.0255,21.3097,1.39665,-14.0775,22.2705,0,0,0,0,0,0,-4.3753,-3.10159,3.26133,1.50903,-1.15806,0.295695
175,0.0875,4,2,4,0,0,0,0,0,0,-40.851,-12.3143,21.2876,1.40788,-14.0256,21.988,0,0,0,0,0,0,-4.37575,-3.12128,3.25552,1.49903,-1.15254,0.2805
176,0.088,4,2,4,0,0,0,0,0,0,-40.8863,-12.6045,21.2618,1.41155,-13.9748,21.696,0,0,0,0,0,0,-4.37245,-3.14061,3.2407,1.48208,-1.14197,0.264858
177,0.0885,4,2,4,0,0,0,0,0,0,-40.9174,-12.8979,21.2376,1.41557,-13.9263,21.4035,0,0,0,0,0,0,-4.37707,-3.16457,3.24116,1.48099,-1.13643,0.251671
178,0.089,4,2,4,0,0,0,0,0,0,-40.9494,-13.1884,21.2188,1.42701,-13.8815,21.1182,0,0,0,0,0,0,-4.38183,-3.19227,3.24748,1.48991,-1.13184,0.243134
179,0.0895,4,2,4,0,0,0,0,0,0,-40.9842,-13.4749,21.2039,1.44705,-13.8383,20.8462,0,0,0,0,0,0,-4.37242,-3.21783,3.24247,1.48784,-1.12563,0.220468
180,0.09,4,2,4,0,0,0,0,0,0,-41.0116,-13.7618,21.1841,1.46402,-13.7945,20.574,0,0,0,0,0,0,-4.36026,-3.2401,3.23825,1.49001,-1.11814,0.200889
181,0.0905,4,2,4,0,0,0,0,0,0,-41.0249,-14.0465,21.1583,1.47992,-13.7513,20.2935,0,0,0,0,0,0,-4.34723,-3.26303,3.22413,1.48313,-1.10536,0.187333
182,0.091,4,2,4,0,0,0,0,0,0,-41.0143,-14.3285,21.1207,1.48641,-13.7089,19.9897,0,0,0,0,0,0,-4.31687,-3.28061,3.19245,1.45423,-1.09143,0.150168
183,0.0915,4,2,4,0,0,0,0,0,0,-40.9905,-14.6138,21.0761,1.48709,-13.664,19.6749,0,0,0,0,0,0,-4.28657,-3.30422,3.16719,1.43355,-1.07968,0.115543
184,0.092,4,2,4,0,0,0,0,0,0,-40.9692,-14.9016,21.025,1.48177,-13.6137,19.3673,0,0,0,0,0,0,-4.26116,-3.33382,3.15757,1.43393,-1.07003,0.0881113
185,0.0925,4,2,4,0,0,0,0,0,0,-40.9593,-15.1866,20.9781,1.48469,-13.5595,19.0776,0,0,0,0,0,0,-4.23248,-3.36268,3.14007,1.42686,-1.05886,0.0599307
186,0.093,4,2,4,0,0,0,0,0,0,-40.9669,-15.4702,20.9382,1.49744,-13.5035,18.8122,0,0,0,0,0,0,-4.22307,-3.39771,3.13598,1.43636,-1.04798,0.0537448
187,0.0935,4,2,4,0,0,0,0,0,0,-40.9776,-15.7515,20.9014,1.51527,-13.4473,18.555,0,0,0,0,0,0,-4.21085,-3.42628,3.12564,1.43299,-1.03932,0.0377954
188,0.094,4,2,4,0,0,0,0,0,0,-40.977,-16.0265,20.8605,1.52977,-13.3927,18.2876,0,0,0,0,0,0,-4.19451,-3.45231,3.11275,1.42198,-1.03193,0.010632
189,0.0945,4,2,4,0,0,0,0,0,0,-40.9565,-16.3024,20.8096,1.53425,-13.3387,18.0014,0,0,0,0,0,0,-4.17805,-3.47952,3.10042,1.41349,-1.0241,-0.013906
190,0.095,4,2,4,0,0,0,0,0,0,-40.9166,-16.5804,20.7459,1.52545,-13.2826,17.6966,0,0,0,0,0,0,-4.15104,-3.50514,3.07797,1.3946,-1.01385,-0.0457151
191,0.0955,4,2,4,0,0,0,0,0,0,-40.8704,-16.8576,20.6737,1.51067,-13.2222,17.3929,0,0,0,0,0,0,-4.12044,-3.53449,3.05647,1.37626,-1.0044,-0.0809993
192,0.096,4,2,4,0,0,0,0,0,0,-40.829,-17.1309,20.5993,1.49875,-13.1569,17.1041,0,0,0,0,0,0,-4.08536,-3.56703,3.03753,1.36088,-0.996415,-0.124963
193,0.0965,4,2,4,0,0,0,0,0,0,-40.7948,-17.4007,20.526,1.49085,-13.0894,16.8295,0,0,0,0,0,0,-4.05119,-3.59763,3.0193,1.34538,-0.990062,-0.171294
194,0.097,4,2,4,0,0,0,0,0,0,-40.7661,-17.6631,20.4572,1.4903,-13.0237,16.5602,0,0,0,0,0,0,-4.02403,-3.61712,3.00448,1.33605,-0.985017,-0.211533
195,0.0975,4,2,4,0,0,0,0,0,0,-40.7406,-17.9245,20.3979,1.49919,-12.962,16.2881,0,0,0,0,0,0,-4.02116,-3.64088,2.99515,1.33033,-0.978086,-0.225223
196,0.098,4,2,4,0,0,0,0,0,0,-40.7247,-18.19,20.351,1.51462,-12.906,16.0157,0,0,0,0,0,0,-4.01948,-3.66579,2.98995,1.32469,-0.973901,-0.239689
197,0.0985,4,2,4,0,0,0,0,0,0,-40.7248,-18.4575,20.3189,1.53511,-12.857,15.7489,0,0,0,0,0,0,-4.01652,-3.68623,2.99069,1.32358,-0.971081,-0.260891
198,0.099,4,2,4,0,0,0,0,0,0,-40.7552,-18.7274,20.3032,1.56201,-12.811,15.5059,0,0,0,0,0,0,-4.03082,-3.70729,3.00104,1.33577,-0.964427,-0.257262
199,0.0995,4,2,4,0,0,0,0,0,0,-40.8171,-19.0006,20.3024,1.59402,-12.7683,15.2904,0,0,0,0,0,0,-4.0421,-3.72644,3.00641,1.33975,-0.959077,-0.263898
200,0.1,4,2,4,0,0,0,0,0,0,-40.8729,-19.2739,20.3019,1.62315,-12.7296,15.0717,0,0,0,0,0,0,-4.05823,-3.75248,3.01116,1.34306,-0.953596,-0.263399
201,0.1005,4,2,4,0,0,0,0,0,0,-40.9038,-19.5466,20.2927,1.64747,-12.6919,14.8346,0,0,0,0,0,0,-4.07501,-3.78265,3.01161,1.33858,-0.948304,-0.266153
202,0.101,4,2,4,0,0,0,0,0,0,-40.9077,-19.8192,20.2745,1.66942,-12.655,14.5809,0,0,0,0,0,0,-4.06498,-3.80006,2.99815,1.3227,-0.944712,-0.292811
203,0.1015,4,2,4,0,0,0,0,0,0,-40.8919,-20.0911,20.2475,1.68902,-12.6179,14.316,0,0,0,0,0,0,-4.03344,-3.81259,2.97734,1.30639,-0.938968,-0.330331
204,0.102,4,2,4,0,0,0,0,0,0,-40.8697,-20.3617,20.2145,1.70946,-12.5767,14.0574,0,0,0,0,0,0,-4.00328,-3.82808,2.96435,1.30773,-0.929884,-0.354948
205,0.1025,4,2,4,0,0,0,0,0,0,-40.8432,-20.6272,20.1726,1.72626,-12.5288,13.8042,0,0,0,0,0,0,-3.97001,-3.84988,2.94782,1.30363,-0.919865,-0.381989
206,0.103,4,2,4,0,0,0,0,0,0,-40.8077,-20.8857,20.1123,1.72698,-12.4745,13.5485,0,0,0,0,0,0,-3.93794,-3.87815,2.92819,1.29299,-0.908198,-0.408062
207,0.1035,4,2,4,0,0,0,0,0,0,-40.7649,-21.1393,20.0404,1.71792,-12.4162,13.2858,0,0,0,0,0,0,-3.90359,-3.89777,2.90114,1.2726,-0.896293,-0.43691
208,0.104,4,2,4,0,0,0,0,0,0,-40.7207,-21.3961,19.9691,1.71104,-12.3567,13.0219,0,0,0,0,0,0,-3.86634,-3.90698,2.86935,1.24866,-0.886262,-0.471078
209,0.1045,4,2,4,0,0,0,0,0,0,-40.6731,-21.6529,19.9001,1.70916,-12.2977,12.7551,0,0,0,0,0,0,-3.83232,-3.91786,2.84702,1.2395,-0.876997,-0.501619
210,0.105,4,2,4,0,0,0,0,0,0,-40.6249,-21.9094,19.8356,1.71629,-12.2389,12.4926,0,0,0,0,0,0,-3.81769,-3.94565,2.84361,1.24532,-0.870046,-0.52053
211,0.1055,4,2,4,0,0,0,0,0,0,-40.5861,-22.1675,19.7784,1.73697,-12.1787,12.2504,0,0,0,0,0,0,-3.79617,-3.96947,2.83472,1.24236,-0.865011,-0.548757
212,0.106,4,2,4,0,0,0,0,0,0,-40.5496,-22.4169,19.7225,1.7617,-12.119,12.0185,0,0,0,0,0,0,-3.77766,-3.99902,2.8251,1.24301,-0.855385,-0.563449
213,0.1065,4,2,4,0,0,0,0,0,0,-40.5088,-22.6583,19.6618,1.77937,-12.0603,11.7834,0,0,0,0,0,0,-3.74988,-4.01672,2.80554,1.23193,-0.845509,-0.590994
214,0.107,4,2,4,0,0,0,0,0,0,-40.4622,-22.8996,19.5947,1.78547,-12.0019,11.5399,0,0,0,0,0,0,-3.72271,-4.03049,2.7834,1.21824,-0.834047,-0.614243
215,0.1075,4,2,4,0,0,0,0,0,0,-40.4169,-23.1441,19.528,1.78765,-11.9449,11.2934,0,0,0,0,0,0,-3.71331,-4.05039,2.77619,1.21554,-0.82625,-0.629367
216,0.108,4,2,4,0,0,0,0,0,0,-40.3775,-23.389,19.4674,1.7923,-11.8901,11.0479,0,0,0,0,0,0,-3.70845,-4.06922,2.76504,1.20561,-0.819003,-0.643294
217,0.1085,4,2,4,0,0,0,0,0,0,-40.3488,-23.6369,19.4187,1.80826,-11.8375,10.8153,0,0,0,0,0,0,-3.70469,-4.09023,2.75771,1.19985,-0.81305,-0.652206
218,0.109,4,2,4,0,0,0,0,0,0,-40.3277,-23.8853,19.3783,1.83323,-11.7877,10.5962,0,0,0,0,0,0,-3.70136,-4.11427,2.75825,1.20554,-0.807538,-0.656922
219,0.1095,4,2,4,0,0,0,0,0,0,-40.3046,-24.127,19.3397,1.86022,-11.7409,10.3774,0,0,0,0,0,0,-3.68767,-4.13584,2.75225,1.20391,-0.803627,-0.678154
220,0.11,4,2,4,0,0,0,0,0,0,-40.2779,-24.3671,19.3008,1.88799,-11.6951,10.1552,0,0,0,0,0,0,-3.66414,-4.15035,2.74181,1.19829,-0.800439,-0.708391
221,0.1105,4,2,4,0,0,0,0,0,0,-40.2392,-24.6124,19.2583,1.91104,-11.6497,9.92164,0,0,0,0,0,0,-3.6431,-4.16647,2.7289,1.18818,-0.795232,-0.732297
222,0.111,4,2,4,0,0,0,0,0,0,-40.1878,-24.8553,19.2082,1.92601,-11.6028,9.67764,0,0,0,0,0,0,-3.62301,-4.1812,2.70817,1.17303,-0.785312,-0.748862
223,0.1115,4,2,4,0,0,0,0,0,0,-40.1354,-25.0966,19.1488,1.93349,-11.5507,9.43871,0,0,0,0,0,0,-3.60285,-4.20169,2.68682,1.15757,-0.774201,-0.766356
224,0.112,4,2,4,0,0,0,0,0,0,-40.0914,-25.338,19.0929,1.94812,-11.4949,9.21871,0,0,0,0,0,0,-3.59291,-4.228,2.67789,1.15768,-0.764116,-0.772135
225,0.1125,4,2,4,0,0,0,0,0,0,-40.0472,-25.573,19.0393,1.96649,-11.4395,9.00355,0,0,0,0,0,0,-3.57132,-4.24338,2.66384,1.15319,-0.755295,-0.791081
226,0.113,4,2,4,0,0,0,0,0,0,-39.999,-25.8011,18.9864,1.98655,-11.3863,8.78678,0,0,0,0,0,0,-3.54236,-4.25775,2.64392,1.14088,-0.747449,-0.817294
227,0.1135,4,2,4,0,0,0,0,0,0,-39.9497,-26.0318,18.9365,2.01133,-11.3352,8.57162,0,0,0,0,0,0,-3.516,-4.27418,2.62818,1.13339,-0.740717,-0.837587
228,0.114,4,2,4,0,0,0,0,0,0,-39.8955,-26.2636,18.8843,2.03416,-11.2863,8.35246,0,0,0,0,0,0,-3.50432,-4.29002,2.61841,1.13346,-0.732461,-0.840694
229,0.1145,4,2,4,0,0,0,0,0,0,-39.8405,-26.4923,18.8327,2.05699,-11.2394,8.1329,0,0,0,0,0,0,-3.48436,-4.30107,2.60418,1.12592,-0.726357,-0.861134
230,0.115,4,2,4,0,0,0,0,0,0,-39.79,-26.7219,18.7799,2.07817,-11.1904,7.92216,0,0,0,0,0,0,-3.4593,-4.31506,2.58723,1.11517,-0.719045,-0.888952
231,0.1155,4,2,4,0,0,0,0,0,0,-39.7451,-26.949,18.7279,2.09928,-11.1391,7.71973,0,0,0,0,0,0,-3.43621,-4.32953,2.56784,1.10304,-0.709099,-0.909692
232,0.116,4,2,4,0,0,0,0,0,0,-39.7027,-27.1717,18.6761,2.11734,-11.088,7.51556,0,0,0,0,0,0,-3.42117,-4.34856,2.55646,1.09677,-0.700788,-0.924764
233,0.1165,4,2,4,0,0,0,0,0,0,-39.6611,-27.3942,18.6255,2.13495,-11.037,7.30922,0,0,0,0,0,0,-3.40651,-4.36757,2.55019,1.09611,-0.693595,-0.93887
234,0.117,4,2,4,0,0,0,0,0,0,-39.6121,-27.6217,18.5742,2.15073,-10.9879,7.09468,0,0,0,0,0,0,-3.39028,-4.38232,2.54111,1.09216,-0.68905,-0.956628
235,0.1175,4,2,4,0,0,0,0,0,0,-39.5598,-27.8498,18.5262,2.17053,-10.9417,6.87765,0,0,0,0,0,0,-3.37245,-4.39173,2.52655,1.08317,-0.6854,-0.976405
236,0.118,4,2,4,0,0,0,0,0,0,-39.505,-28.0738,18.4803,2.19603,-10.8973,6.66465,0,0,0,0,0,0,-3.3589,-4.40808,2.51824,1.08425,-0.679748,-0.985005
237,0.1185,4,2,4,0,0,0,0,0,0,-39.4523,-28.2978,18.4365,2.22771,-10.8518,6.46275,0,0,0,0,0,0,-3.34166,-4.42685,2.50853,1.0841,-0.673352,-0.998262
238,0.119,4,2,4,0,0,0,0,0,0,-39.3966,-28.516,18.3878,2.25736,-10.8042,6.25972,0,0,0,0,0,0,-3.31476,-4.44032,2.49891,1.08492,-0.666107,-1.01927
239,0.1195,4,2,4,0,0,0,0,0,0,-39.3372,-28.7288,18.3264,2.27648,-10.7528,6.05301,0,0,0,0,0,0,-3.27982,-4.44712,2.47385,1.06695,-0.658365,-1.05426
240,0.12,4,2,4,0,0,0,0,0,0,-39.2764,-28.9451,18.2576,2.29011,-10.6962,5.85025,0,0,0,0,0,0,-3.25475,-4.45984,2.45043,1.0503,-0.648311,-1.07644
241,0.1205,4,2,4,0,0,0,0,0,0,-39.2071,-29.1601,18.1812,2.29698,-10.6379,5.63925,0,0,0,0,0,0,-3.23578,-4.47248,2.43303,1.04304,-0.637787,-1.09031
242,0.121,4,2,4,0,0,0,0,0,0,-39.1361,-29.3723,18.1008,2.30228,-10.5783,5.43022,0,0,0,0,0,0,-3.21817,-4.48493,2.4168,1.03793,-0.629671,-1.09951
243,0.1215,4,2,4,0,0,0,0,0,0,-39.0703,-29.5833,18.0254,2.31591,-10.5197,5.23271,0,0,0,0,0,0,-3.20647,-4.50088,2.40586,1.03721,-0.621229,-1.10363
244,0.122,4,2,4,0,0,0,0,0,0,-39.0116,-29.7944,17.9585,2.33959,-10.4637,5.0482,0,0,0,0,0,0,-3.18632,-4.51475,2.39713,1.0363,-0.61632,-1.12352
245,0.1225,4,2,4,0,0,0,0,0,0,-38.9536,-29.9982,17.8978,2.36951,-10.4111,4.86485,0,0,0,0,0,0,-3.16414,-4.52686,2.38648,1.03242,-0.611932,-1.14857
246,0.123,4,2,4,0,0,0,0,0,0,-38.9003,-30.2007,17.8431,2.40277,-10.362,4.68514,0,0,0,0,0,0,-3.15221,-4.54266,2.37194,1.02363,-0.604688,-1.15785
247,0.1235,4,2,4,0,0,0,0,0,0,-38.8513,-30.4109,17.7903,2.43328,-10.3147,4.50889,0,0,0,0,0,0,-3.15203,-4.56376,2.36085,1.01783,-0.595969,-1.15263
248,0.124,4,2,4,0,0,0,0,0,0,-38.8003,-30.6207,17.7339,2.45705,-10.2667,4.32608,0,0,0,0,0,0,-3.14784,-4.57842,2.343,1.00567,-0.586148,-1.14753
249,0.1245,4,2,4,0,0,0,0,0,0,-38.7473,-30.8293,17.6747,2.47656,-10.2161,4.14312,0,0,0,0,0,0,-3.1291,-4.58784,2.32401,0.992886,-0.57857,-1.16455
250,0.125,4,2,4,0,0,0,0,0,0,-38.6944,-31.0384,17.6141,2.49488,-10.1626,3.96442,0,0,0,0,0,0,-3.10507,-4.59817,2.31085,0.985806,-0.573801,-1.1918
251,0.1255,4,2,4,0,0,0,0,0,0,-38.6423,-31.248,17.5532,2.51367,-10.1082,3.7909,0,0,0,0,0,0,-3.08502,-4.60884,2.30348,0.988099,-0.567595,-1.21112
252,0.126,4,2,4,0,0,0,0,0,0,-38.5867,-31.446,17.4928,2.53583,-10.0542,3.61535,0,0,0,0,0,0,-3.05826,-4.61405,2.291,0.987805,-0.561546,-1.22497
253,0.1265,4,2,4,0,0,0,0,0,0,-38.5239,-31.6426,17.4347,2.56296,-10.0021,3.43945,0,0,0,0,0,0,-3.03769,-4.62707,2.27606,0.981966,-0.555638,-1.2318
254,0.127,4,2,4,0,0,0,0,0,0,-38.4541,-31.8404,17.3752,2.58979,-9.95228,3.26129,0,0,0,0,0,0,-3.01104,-4.63822,2.25762,0.970199,-0.550845,-1.25162
255,0.1275,4,2,4,0,0,0,0,0,0,-38.3807,-32.0352,17.3181,2.6206,-9.9038,3.08336,0,0,0,0,0,0,-2.99167,-4.64728,2.24104,0.961968,-0.544477,-1.26439
256,0.128,4,2,4,0,0,0,0,0,0,-38.3037,-32.2263,17.26,2.65275,-9.854,2.90833,0,0,0,0,0,0,-2.96549,-4.6545,2.22341,0.956384,-0.535576,-1.28309
257,0.1285,4,2,4,0,0,0,0,0,0,-38.2207,-32.4141,17.196,2.68028,-9.80215,2.73084,0,0,0,0,0,0,-2.93672,-4.66221,2.2052,0.947019,-0.527491,-1.30886
258,0.129,4,2,4,0,0,0,0,0,0,-38.136,-32.5968,17.1265,2.70298,-9.74865,2.55381,0,0,0,0,0,0,-2.91723,-4.67352,2.191,0.944352,-0.516279,-1.31942
259,0.1295,4,2,4,0,0,0,0,0,0,-38.0532,-32.7714,17.0547,2.72353,-9.69453,2.38046,0,0,0,0,0,0,-2.89621,-4.68309,2.17381,0.940502,-0.504834,-1.32551
260,0.13,4,2,4,0,0,0,0,0,0,-37.9709,-32.9489,16.9837,2.74305,-9.64187,2.20945,0,0,0,0,0,0,-2.87226,-4.68968,2.15523,0.931533,-0.49745,-1.34625
261,0.1305,4,2,4,0,0,0,0,0,0,-37.8878,-33.1293,16.9154,2.76177,-9.59321,2.0346,0,0,0,0,0,0,-2.85268,-4.69872,2.13743,0.917515,-0.492867,-1.36544
262,0.131,4,2,4,0,0,0,0,0,0,-37.8139,-33.3113,16.8573,2.78867,-9.54876,1.86747,0,0,0,0,0,0,-2.83218,-4.70578,2.12143,0.906263,-0.488684,-1.38393
263,0.1315,4,2,4,0,0,0,0,0,0,-37.7435,-33.4926,16.8054,2.82153,-9.50644,1.70254,0,0,0,0,0,0,-2.8122,-4.71361,2.10957,0.90098,-0.485549,-1.40149
264,0.132,4,2,4,0,0,0,0,0,0,-37.6745,-33.6742,16.7566,2.85662,-9.46457,1.53749,0,0,0,0,0,0,-2.80452,-4.73193,2.11243,0.9128,-0.480335,-1.40005
265,0.1325,4,2,4,0,0,0,0,0,0,-37.6051,-33.8523,16.7063,2.88913,-9.42284,1.37091,0,0,0,0,0,0,-2.7898,-4.74513,2.10393,0.911154,-0.475626,-1.40746
266,0.133,4,2,4,0,0,0,0,0,0,-37.5362,-34.028,16.6513,2.9172,-9.37832,1.20859,0,0,0,0,0,0,-2.76808,-4.75151,2.08391,0.898111,-0.469538,-1.42056
267,0.1335,4,2,4,0,0,0,0,0,0,-37.4636,-34.2048,16.592,2.94074,-9.33082,1.04676,0,0,0,0,0,0,-2.75025,-4.75922,2.06891,0.892177,-0.46148,-1.42832
268,0.134,4,2,4,0,0,0,0,0,0,-37.3879,-34.3837,16.5267,2.95823,-9.281,0.887565,0,0,0,0,0,0,-2.72971,-4.76572,2.04815,0.8806,-0.452307,-1.43775
269,0.1345,4,2,4,0,0,0,0,0,0,-37.3124,-34.5597,16.4606,2.97614,-9.22958,0.734087,0,0,0,0,0,0,-2.7104,-4.77295,2.0271,0.868168,-0.443656,-1.44851
270,0.135,4,2,4,0,0,0,0,0,0,-37.2358,-34.7308,16.3953,2.99766,-9.17777,0.58449,0,0,0,0,0,0,-2.69753,-4.78808,2.01694,0.866223,-0.43748,-1.45531
271,0.1355,4,2,4,0,0,0,0,0,0,-37.1587,-34.8983,16.3318,3.02396,-9.12685,0.44188,0,0,0,0,0,0,-2.67203,-4.7883,1.99872,0.859012,-0.432048,-1.47201
272,0.136,4,2,4,0,0,0,0,0,0,-37.0848,-35.0586,16.2712,3.05453,-9.078,0.30283,0,0,0,0,0,0,-2.64859,-4.78688,1.99197,0.865151,-0.426279,-1.48582
273,0.1365,4,2,4,0,0,0,0,0,0,-37.0117,-35.2222,16.2137,3.08824,-9.03147,0.168156,0,0,0,0,0,0,-2.62797,-4.79064,1.97915,0.86157,-0.420592,-1.4954
274,0.137,4,2,4,0,0,0,0,0,0,-36.9361,-35.3859,16.1566,3.1222,-8.98783,0.0338115,0,0,0,0,0,0,-2.5992,-4.79304,1.95789,0.850517,-0.414899,-1.51135
275,0.1375,4,2,4,0,0,0,0,0,0,-36.8573,-35.5477,16.0989,3.15507,-8.94514,-0.1004,0,0,0,0,0,0,-2.57752,-4.79455,1.93627,0.838315,-0.406427,-1.52502
276,0.138,4,2,4,0,0,0,0,0,0,-36.7758,-35.7078,16.0386,3.18431,-8.9022,-0.236997,0,0,0,0,0,0,-2.55962,-4.80204,1.92509,0.836985,-0.396556,-1.52962
277,0.1385,4,2,4,0,0,0,0,0,0,-36.6958,-35.8656,15.9782,3.21171,-8.85883,-0.38043,0,0,0,0,0,0,-2.54254,-4.81311,1.91078,0.834837,-0.386647,-1.52755
278,0.139,4,2,4,0,0,0,0,0,0,-36.6198,-36.0256,15.9171,3.23705,-8.81236,-0.523949,0,0,0,0,0,0,-2.52182,-4.8201,1.89668,0.82949,-0.379897,-1.54525
279,0.1395,4,2,4,0,0,0,0,0,0,-36.5449,-36.1792,15.8523,3.25983,-8.76385,-0.669289,0,0,0,0,0,0,-2.50542,-4.82185,1.88094,0.82168,-0.373605,-1.55867
280,0.14,4,2,4,0,0,0,0,0,0,-36.4655,-36.3377,15.7846,3.28143,-8.71464,-0.815558,0,0,0,0,0,0,-2.49281,-4.83145,1.87171,0.82171,-0.369957,-1.56305
281,0.1405,4,2,4,0,0,0,0,0,0,-36.388,-36.4988,15.7183,3.30405,-8.6675,-0.960145,0,0,0,0,0,0,-2.47715,-4.84054,1.85811,0.817337,-0.367231,-1.56646
282,0.141,4,2,4,0,0,0,0,0,0,-36.3191,-36.6601,15.6582,3.33318,-8.6219,-1.09562,0,0,0,0,0,0,-2.47037,-4.85251,1.8497,0.817185,-0.362279,-1.56217
283,0.1415,4,2,4,0,0,0,0,0,0,-36.245,-36.8157,15.5977,3.36456,-8.57728,-1.22897,0,0,0,0,0,0,-2.45216,-4.8573,1.8385,0.812955,-0.358579,-1.5776
284,0.142,4,2,4,0,0,0,0,0,0,-36.1564,-36.9605,15.5322,3.39497,-8.53322,-1.37121,0,0,0,0,0,0,-2.42267,-4.8534,1.8184,0.803212,-0.354849,-1.60137
285,0.1425,4,2,4,0,0,0,0,0,0,-36.0664,-37.1059,15.4647,3.42529,-8.48759,-1.50729,0,0,0,0,0,0,-2.40029,-4.85722,1.79978,0.794804,-0.34856,-1.61744
286,0.143,4,2,4,0,0,0,0,0,0,-35.9758,-37.2429,15.3917,3.4503,-8.44111,-1.64394,0,0,0,0,0,0,-2.3833,-4.85895,1.78522,0.789847,-0.341544,-1.62554
287,0.1435,4,2,4,0,0,0,0,0,0,-35.8848,-37.3779,15.3163,3.47473,-8.39203,-1.77455,0,0,0,0,0,0,-2.35829,-4.85645,1.76907,0.786526,-0.332413,-1.63746
288,0.144,4,2,4,0,0,0,0,0,0,-35.7954,-37.5164,15.2368,3.49522,-8.3421,-1.89573,0,0,0,0,0,0,-2.33533,-4.85192,1.74906,0.77983,-0.322273,-1.64645
289,0.1445,4,2,4,0,0,0,0,0,0,-35.7141,-37.6553,15.1611,3.52014,-8.29165,-2.00562,0,0,0,0,0,0,-2.31657,-4.85524,1.72739,0.76682,-0.316579,-1.65655
290,0.145,4,2,4,0,0,0,0,0,0,-35.6388,-37.795,15.0907,3.54971,-8.2429,-2.11204,0,0,0,0,0,0,-2.30172,-4.86209,1.70853,0.757927,-0.309426,-1.66181
291,0.1455,4,2,4,0,0,0,0,0,0,-35.5676,-37.9345,15.0276,3.58304,-8.19839,-2.22417,0,0,0,0,0,0,-2.28926,-4.86432,1.69467,0.752016,-0.30497,-1.66652
292,0.146,4,2,4,0,0,0,0,0,0,-35.5004,-38.0782,14.97,3.62021,-8.15566,-2.33431,0,0,0,0,0,0,-2.2821,-4.87546,1.69372,0.759918,-0.300078,-1.66755
293,0.1465,4,2,4,0,0,0,0,0,0,-35.4331,-38.2187,14.9085,3.65332,-8.1127,-2.44659,0,0,0,0,0,0,-2.27384,-4.88237,1.69018,0.765272,-0.295215,-1.67293
294,0.147,4,2,4,0,0,0,0,0,0,-35.3656,-38.3575,14.8448,3.68256,-8.0692,-2.56337,0,0,0,0,0,0,-2.26293,-4.88767,1.67708,0.759944,-0.291715,-1.67521
295,0.1475,4,2,4,0,0,0,0,0,0,-35.2951,-38.5007,14.7763,3.70628,-8.02338,-2.67946,0,0,0,0,0,0,-2.24211,-4.88899,1.65893,0.747976,-0.289734,-1.68882
296,0.148,4,2,4,0,0,0,0,0,0,-35.2226,-38.6413,14.7012,3.72492,-7.97439,-2.79159,0,0,0,0,0,0,-2.22369,-4.88987,1.63826,0.733403,-0.285526,-1.69778
297,0.1485,4,2,4,0,0,0,0,0,0,-35.1491,-38.7772,14.6229,3.74167,-7.92374,-2.90089,0,0,0,0,0,0,-2.20905,-4.89335,1.62027,0.726093,-0.277968,-1.69784
298,0.149,4,2,4,0,0,0,0,0,0,-35.0653,-38.9011,14.5425,3.75752,-7.87308,-3.01999,0,0,0,0,0,0,-2.18966,-4.8969,1.6079,0.726711,-0.269152,-1.70665
299,0.1495,4,2,4,0,0,0,0,0,0,-34.9758,-39.0231,14.4617,3.77598,-7.82199,-3.13552,0,0,0,0,0,0,-2.16097,-4.88887,1.58612,0.717784,-0.262061,-1.72208
300,0.15,4,2,4,0,0,0,0,0,0,-34.8842,-39.138,14.3811,3.79588,-7.77206,-3.24664,0,0,0,0,0,0,-2.1412,-4.88085,1.56458,0.709977,-0.253345,-1.72384
301,0.1505,4,2,4,0,0,0,0,0,0,-34.7919,-39.2466,14.3024,3.8174,-7.72531,-3.3549,0,0,0,0,0,0,-2.12023,-4.87911,1.54647,0.704183,-0.248613,-1.73523
302,0.151,4,2,4,0,0,0,0,0,0,-34.7011,-39.3614,14.2297,3.84227,-7.68206,-3.45673,0,0,0,0,0,0,-2.09927,-4.88161,1.5328,0.698215,-0.246602,-1.75542
303,0.1515,4,2,4,0,0,0,0,0,0,-34.6135,-39.4742,14.161,3.86953,-7.64199,-3.55178,0,0,0,0,0,0,-2.08777,-4.88966,1.52899,0.702213,-0.240924,-1.75832
304,0.152,4,2,4,0,0,0,0,0,0,-34.533,-39.5885,14.0974,3.90067,-7.60417,-3.64084,0,0,0,0,0,0,-2.06699,-4.88157,1.51351,0.696737,-0.23605,-1.77024
305,0.1525,4,2,4,0,0,0,0,0,0,-34.4539,-39.6992,14.0362,3.93283,-7.56853,-3.73418,0,0,0,0,0,0,-2.05881,-4.87448,1.50026,0.695631,-0.227366,-1.76297
306,0.153,4,2,4,0,0,0,0,0,0,-34.3753,-39.811,13.9752,3.96422,-7.53202,-3.83034,0,0,0,0,0,0,-2.05206,-4.87552,1.48646,0.69286,-0.219671,-1.75659
307,0.1535,4,2,4,0,0,0,0,0,0,-34.2966,-39.9244,13.9097,3.99096,-7.49294,-3.92755,0,0,0,0,0,0,-2.03759,-4.88125,1.47636,0.690094,-0.215463,-1.76984
308,0.154,4,2,4,0,0,0,0,0,0,-34.2189,-40.0356,13.8393,4.01215,-7.45051,-4.02836,0,0,0,0,0,0,-2.02308,-4.89031,1.46606,0.687247,-0.211919,-1.77886
309,0.1545,4,2,4,0,0,0,0,0,0,-34.1429,-40.1503,13.7673,4.03148,-7.40462,-4.12683,0,0,0,0,0,0,-2.00778,-4.88943,1.44797,0.679664,-0.207078,-1.77796
310,0.155,4,2,4,0,0,0,0,0,0,-34.0697,-40.2691,13.6954,4.05047,-7.35762,-4.21804,0,0,0,0,0,0,-1.99334,-4.88551,1.43221,0.675425,-0.200243,-1.77011
311,0.1555,4,2,4,0,0,0,0,0,0,-33.9958,-40.3835,13.626,4.07184,-7.31235,-4.30553,0,0,0,0,0,0,-1.97667,-4.88414,1.41894,0.671876,-0.196743,-1.77127
312,0.156,4,2,4,0,0,0,0,0,0,-33.9156,-40.4911,13.5587,4.09562,-7.27038,-4.39768,0,0,0,0,0,0,-1.95926,-4.88025,1.4043,0.665232,-0.193039,-1.77471
313,0.1565,4,2,4,0,0,0,0,0,0,-33.8285,-40.5901,13.4935,4.12359,-7.23009,-4.49221,0,0,0,0,0,0,-1.9367,-4.87564,1.39054,0.660077,-0.190295,-1.79159
314,0.157,4,2,4,0,0,0,0,0,0,-33.7382,-40.6814,13.4287,4.15327,-7.19084,-4.58409,0,0,0,0,0,0,-1.9149,-4.87401,1.37913,0.657951,-0.187414,-1.80645
315,0.1575,4,2,4,0,0,0,0,0,0,-33.6462,-40.7682,13.3625,4.18032,-7.154,-4.67599,0,0,0,0,0,0,-1.9006,-4.86624,1.36472,0.655786,-0.181302,-1.81109
316,0.158,4,2,4,0,0,0,0,0,0,-33.5565,-40.8548,13.295,4.20509,-7.11807,-4.7642,0,0,0,0,0,0,-1.88554,-4.85774,1.34705,0.648132,-0.17555,-1.81902
317,0.1585,4,2,4,0,0,0,0,0,0,-33.4743,-40.9453,13.2286,4.22964,-7.08177,-4.84189,0,0,0,0,0,0,-1.86687,-4.85293,1.33373,0.644117,-0.168479,-1.82734
318,0.159,4,2,4,0,0,0,0,0,0,-33.395,-41.0336,13.1594,4.25278,-7.04495,-4.91499,0,0,0,0,0,0,-1.85436,-4.85281,1.31491,0.634434,-0.162803,-1.82957
319,0.1595,4,2,4,0,0,0,0,0,0,-33.3134,-41.1198,13.0874,4.27454,-7.00841,-4.98956,0,0,0,0,0,0,-1.8439,-4.84636,1.29643,0.626189,-0.15601,-1.82592
320,0.16,4,2,4,0,0,0,0,0,0,-33.2315,-41.2054,13.0166,4.29807,-6.97142,-5.06526,0,0,0,0,0,0,-1.83124,-4.8457,1.27983,0.620843,-0.149652,-1.82122
321,0.1605,4,2,4,0,0,0,0,0,0,-33.1596,-41.2976,12.9488,4.32339,-6.93266,-5.13601,0,0,0,0,0,0,-1.82078,-4.84593,1.26675,0.619906,-0.142414,-1.81425
322,0.161,4,2,4,0,0,0,0,0,0,-33.0968,-41.3985,12.884,4.34646,-6.89375,-5.21087,0,0,0,0,0,0,-1.81134,-4.84784,1.25866,0.620889,-0.138213,-1.81603
323,0.1615,4,2,4,0,0,0,0,0,0,-33.0413,-41.5049,12.8213,4.36629,-6.85582,-5.28847,0,0,0,0,0,0,-1.80648,-4.85234,1.25362,0.621042,-0.136133,-1.81767
324,0.162,4,2,4,0,0,0,0,0,0,-32.9876,-41.613,12.7579,4.38471,-6.81696,-5.35743,0,0,0,0,0,0,-1.79082,-4.84992,1.24164,0.615539,-0.137063,-1.82746
325,0.1625,4,2,4,0,0,0,0,0,0,-32.9211,-41.7078,12.688,4.40159,-6.77784,-5.42195,0,0,0,0,0,0,-1.77704,-4.84319,1.2291,0.612815,-0.133713,-1.8229
326,0.163,4,2,4,0,0,0,0,0,0,-32.8344,-41.7807,12.6101,4.41723,-6.73913,-5.49147,0,0,0,0,0,0,-1.75508,-4.8302,1.21466,0.608773,-0.12936,-1.83187
327,0.1635,4,2,4,0,0,0,0,0,0,-32.7345,-41.8396,12.5263,4.4315,-6.70064,-5.56885,0,0,0,0,0,0,-1.72569,-4.8114,1.19393,0.599625,-0.124665,-1.84844
328,0.164,4,2,4,0,0,0,0,0,0,-32.637,-41.8996,12.4413,4.44699,-6.66088,-5.64482,0,0,0,0,0,0,-1.70908,-4.80107,1.17713,0.594235,-0.118681,-1.85086
329,0.1645,4,2,4,0,0,0,0,0,0,-32.5485,-41.9618,12.3595,4.46445,-6.62079,-5.72153,0,0,0,0,0,0,-1.69423,-4.79393,1.16231,0.592898,-0.110052,-1.85449
330,0.165,4,2,4,0,0,0,0,0,0,-32.4689,-42.0313,12.2816,4.48331,-6.5822,-5.79571,0,0,0,0,0,0,-1.68305,-4.79409,1.14697,0.588109,-0.103416,-1.85808
331,0.1655,4,2,4,0,0,0,0,0,0,-32.393,-42.0994,12.2055,4.50347,-6.54489,-5.8636,0,0,0,0,0,0,-1.67117,-4.7887,1.13047,0.584487,-0.0984955,-1.85711
332,0.166,4,2,4,0,0,0,0,0,0,-32.3237,-42.1738,12.1348,4.52898,-6.50781,-5.91452,0,0,0,0,0,0,-1.66398,-4.78756,1.12049,0.583036,-0.0939269,-1.85995
333,0.1665,4,2,4,0,0,0,0,0,0,-32.2563,-42.2462,12.0685,4.5564,-6.47392,-5.96224,0,0,0,0,0,0,-1.65556,-4.7868,1.11102,0.582591,-0.0881419,-1.85392
334,0.167,4,2,4,0,0,0,0,0,0,-32.1895,-42.3146,12.0074,4.58469,-6.44469,-6.01607,0,0,0,0,0,0,-1.64508,-4.781,1.09663,0.577326,-0.0854722,-1.844
335,0.1675,4,2,4,0,0,0,0,0,0,-32.1215,-42.3888,11.949,4.61247,-6.41737,-6.07303,0,0,0,0,0,0,-1.63275,-4.77677,1.08655,0.573495,-0.0849435,-1.84484
336,0.168,4,2,4,0,0,0,0,0,0,-32.0531,-42.466,11.8898,4.63835,-6.38912,-6.12795,0,0,0,0,0,0,-1.6176,-4.76758,1.07398,0.570268,-0.0835067,-1.84946
337,0.1685,4,2,4,0,0,0,0,0,0,-31.9832,-42.5348,11.8241,4.65847,-6.35934,-6.18831,0,0,0,0,0,0,-1.60214,-4.75816,1.06352,0.569006,-0.0806933,-1.85936
338,0.169,4,2,4,0,0,0,0,0,0,-31.9129,-42.603,11.7502,4.67254,-6.32559,-6.24693,0,0,0,0,0,0,-1.58867,-4.74864,1.05185,0.5669,-0.0773921,-1.85764
339,0.1695,4,2,4,0,0,0,0,0,0,-31.8452,-42.672,11.6697,4.68215,-6.28759,-6.30265,0,0,0,0,0,0,-1.57404,-4.73126,1.03249,0.557523,-0.0758378,-1.86299
340,0.17,4,2,4,0,0,0,0,0,0,-31.782,-42.7431,11.586,4.69061,-6.24689,-6.35296,0,0,0,0,0,0,-1.56239,-4.7259,1.01867,0.55508,-0.0709898,-1.87002
341,0.1705,4,2,4,0,0,0,0,0,0,-31.7158,-42.8037,11.495,4.69508,-6.2068,-6.40745,0,0,0,0,0,0,-1.55248,-4.71843,0.999359,0.544996,-0.0683773,-1.87792
342,0.171,4,2,4,0,0,0,0,0,0,-31.6449,-42.8528,11.4001,4.69882,-6.16684,-6.46742,0,0,0,0,0,0,-1.54728,-4.70997,0.98395,0.540007,-0.0600099,-1.87775
343,0.1715,4,2,4,0,0,0,0,0,0,-31.5724,-42.9001,11.3057,4.70446,-6.12765,-6.52602,0,0,0,0,0,0,-1.53561,-4.70855,0.96959,0.534636,-0.0559345,-1.87862
344,0.172,4,2,4,0,0,0,0,0,0,-31.5025,-42.9491,11.2131,4.71155,-6.09074,-6.57886,0,0,0,0,0,0,-1.52536,-4.70101,0.957584,0.53345,-0.0510608,-1.8735
345,0.1725,4,2,4,0,0,0,0,0,0,-31.4345,-42.9935,11.1248,4.71901,-6.05882,-6.6332,0,0,0,0,0,0,-1.52041,-4.69642,0.946619,0.53295,-0.0464041,-1.86712
346,0.173,4,2,4,0,0,0,0,0,0,-31.3668,-43.0381,11.043,4.72912,-6.03107,-6.6821,0,0,0,0,0,0,-1.51476,-4.69737,0.935563,0.531411,-0.0431379,-1.86421
347,0.1735,4,2,4,0,0,0,0,0,0,-31.304,-43.0845,10.9686,4.74443,-6.00491,-6.71637,0,0,0,0,0,0,-1.5069,-4.69148,0.923251,0.5288,-0.0406692,-1.85865
348,0.174,4,2,4,0,0,0,0,0,0,-31.2442,-43.1352,10.902,4.76503,-5.98064,-6.74271,0,0,0,0,0,0,-1.49719,-4.67921,0.911632,0.524268,-0.0384112,-1.86254
349,0.1745,4,2,4,0,0,0,0,0,0,-31.1795,-43.1808,10.8354,4.78302,-5.95947,-6.78134,0,0,0,0,0,0,-1.48406,-4.66574,0.900468,0.522109,-0.036575,-1.86841
350,0.175,4,2,4,0,0,0,0,0,0,-31.1112,-43.2231,10.7644,4.79739,-5.9382,-6.82945,0,0,0,0,0,0,-1.47233,-4.6461,0.881934,0.513487,-0.0358134,-1.87011
351,0.1755,4,2,4,0,0,0,0,0,0,-31.0439,-43.2686,10.6884,4.81018,-5.91232,-6.87635,0,0,0,0,0,0,-1.45828,-4.62842,0.87195,0.514073,-0.0323277,-1.86788
352,0.176,4,2,4,0,0,0,0,0,0,-30.9784,-43.315,10.6078,4.82137,-5.88146,-6.92303,0,0,0,0,0,0,-1.44843,-4.61752,0.862833,0.515898,-0.0288641,-1.86249
353,0.1765,4,2,4,0,0,0,0,0,0,-30.9145,-43.3586,10.5212,4.82885,-5.8472,-6.97224,0,0,0,0,0,0,-1.44071,-4.60329,0.848085,0.514606,-0.0235141,-1.85151
354,0.177,4,2,4,0,0,0,0,0,0,-30.8561,-43.4023,10.4292,4.83246,-5.81042,-7.01816,0,0,0,0,0,0,-1.4298,-4.59178,0.833857,0.512733,-0.0195155,-1.85458
355,0.1775,4,2,4,0,0,0,0,0,0,-30.8026,-43.4529,10.3355,4.83545,-5.77246,-7.05451,0,0,0,0,0,0,-1.4227,-4.58299,0.819417,0.505822,-0.0174403,-1.85115
356,0.178,4,2,4,0,0,0,0,0,0,-30.7447,-43.4966,10.2421,4.83907,-5.73651,-7.08742,0,0,0,0,0,0,-1.41259,-4.57712,0.807218,0.502458,-0.0142139,-1.84696
357,0.1785,4,2,4,0,0,0,0,0,0,-30.6812,-43.5258,10.1507,4.84303,-5.70456,-7.12577,0,0,0,0,0,0,-1.40489,-4.5745,0.793812,0.496788,-0.0115146,-1.84096
358,0.179,4,2,4,0,0,0,0,0,0,-30.6119,-43.5443,10.0607,4.84717,-5.67583,-7.16719,0,0,0,0,0,0,-1.39713,-4.56718,0.78128,0.492519,-0.00809325,-1.84513
359,0.1795,4,2,4,0,0,0,0,0,0,-30.5428,-43.5641,9.97472,4.8544,-5.64789,-7.19748,0,0,0,0,0,0,-1.38443,-4.55558,0.764,0.483993,-0.00732879,-1.85474
360,0.18,4,2,4,0,0,0,0,0,0,-30.4791,-43.5826,9.89358,4.86374,-5.62256,-7.22027,0,0,0,0,0,0,-1.37661,-4.54528,0.748341,0.478378,-0.00502919,-1.85737
361,0.1805,4,2,4,0,0,0,0,0,0,-30.4186,-43.5994,9.81545,4.87336,-5.60032,-7.24499,0,0,0,0,0,0,-1.36934,-4.53008,0.737125,0.477712,-0.000606857,-1.85615
362,0.181,4,2,4,0,0,0,0,0,0,-30.361,-43.6177,9.73667,4.882,-5.58025,-7.26975,0,0,0,0,0,0,-1.36385,-4.51716,0.72328,0.473259,0.00177096,-1.86188
363,0.1815,4,2,4,0,0,0,0,0,0,-30.3059,-43.6394,9.6567,4.88975,-5.5612,-7.29347,0,0,0,0,0,0,-1.35875,-4.51152,0.712297,0.473392,0.00732592,-1.8677
364,0.182,4,2,4,0,0,0,0,0,0,-30.2524,-43.6688,9.57517,4.89562,-5.5428,-7.31703,0,0,0,0,0,0,-1.35609,-4.50192,0.697044,0.468648,0.0101892,-1.86309
365,0.1825,4,2,4,0,0,0,0,0,0,-30.1986,-43.6934,9.48929,4.89792,-5.52303,-7.34708,0,0,0,0,0,0,-1.34498,-4.48641,0.68193,0.463487,0.00963748,-1.86118
366,0.183,4,2,4,0,0,0,0,0,0,-30.1437,-43.7101,9.3991,4.89796,-5.50025,-7.38632,0,0,0,0,0,0,-1.33942,-4.47159,0.672929,0.461508,0.0109316,-1.84886
367,0.1835,4,2,4,0,0,0,0,0,0,-30.0908,-43.7343,9.30784,4.89623,-5.47445,-7.42537,0,0,0,0,0,0,-1.3335,-4.46001,0.66706,0.463972,0.0156227,-1.84512
368,0.184,4,2,4,0,0,0,0,0,0,-30.0422,-43.7677,9.21732,4.89308,-5.44719,-7.4605,0,0,0,0,0,0,-1.32877,-4.45096,0.656662,0.463896,0.0170841,-1.84175
369,0.1845,4,2,4,0,0,0,0,0,0,-29.9972,-43.7988,9.12933,4.89008,-5.42006,-7.49627,0,0,0,0,0,0,-1.3269,-4.44092,0.647168,0.462413,0.0188157,-1.83984
370,0.185,4,2,4,0,0,0,0,0,0,-29.9533,-43.8264,9.04329,4.88882,-5.39364,-7.52575,0,0,0,0,0,0,-1.31909,-4.43792,0.638733,0.459379,0.019698,-1.83974
371,0.1855,4,2,4,0,0,0,0,0,0,-29.9072,-43.8436,8.95712,4.88988,-5.36829,-7.54425,0,0,0,0,0,0,-1.3124,-4.43006,0.628262,0.455305,0.0205254,-1.83799
372,0.186,4,2,4,0,0,0,0,0,0,-29.8551,-43.8526,8.8692,4.89191,-5.34507,-7.55516,0,0,0,0,0,0,-1.3038,-4.41076,0.614058,0.450033,0.0228428,-1.84183
373,0.1865,4,2,4,0,0,0,0,0,0,-29.7978,-43.8543,8.77688,4.89104,-5.32566,-7.56856,0,0,0,0,0,0,-1.28616,-4.38697,0.596763,0.443252,0.0223562,-1.8533
374,0.187,4,2,4,0,0,0,0,0,0,-29.7392,-43.8456,8.6842,4.8899,-5.30827,-7.58746,0,0,0,0,0,0,-1.28289,-4.36985,0.578977,0.439043,0.0266159,-1.84352
375,0.1875,4,2,4,0,0,0,0,0,0,-29.6781,-43.8279,8.59078,4.88851,-5.29099,-7.60974,0,0,0,0,0,0,-1.28228,-4.36087,0.560301,0.432393,0.0291971,-1.84059
376,0.188,4,2,4,0,0,0,0,0,0,-29.6162,-43.8122,8.49536,4.88606,-5.27386,-7.62846,0,0,0,0,0,0,-1.27684,-4.34868,0.546504,0.430303,0.0351105,-1.8271
377,0.1885,4,2,4,0,0,0,0,0,0,-29.5572,-43.7976,8.39782,4.88114,-5.25853,-7.64952,0,0,0,0,0,0,-1.26702,-4.32183,0.532014,0.426801,0.040551,-1.81962
378,0.189,4,2,4,0,0,0,0,0,0,-29.5058,-43.7927,8.30473,4.87719,-5.24438,-7.67232,0,0,0,0,0,0,-1.26561,-4.30423,0.520826,0.424603,0.0440072,-1.81903
379,0.1895,4,2,4,0,0,0,0,0,0,-29.4632,-43.7973,8.21729,4.87476,-5.23128,-7.69564,0,0,0,0,0,0,-1.26568,-4.3008,0.513183,0.421803,0.0439501,-1.82752
380,0.19,4,2,4,0,0,0,0,0,0,-29.4232,-43.8083,8.13323,4.87243,-5.21822,-7.71558,0,0,0,0,0,0,-1.26146,-4.28926,0.503414,0.415844,0.0417939,-1.83635
381,0.1905,4,2,4,0,0,0,0,0,0,-29.3807,-43.819,8.04876,4.86782,-5.20463,-7.73484,0,0,0,0,0,0,-1.25378,-4.27496,0.497482,0.417684,0.0417775,-1.83591
382,0.191,4,2,4,0,0,0,0,0,0,-29.3371,-43.8235,7.96215,4.86053,-5.19037,-7.75431,0,0,0,0,0,0,-1.24287,-4.25245,0.484018,0.412519,0.0375126,-1.84729
383,0.1915,4,2,4,0,0,0,0,0,0,-29.2967,-43.8199,7.87402,4.85354,-5.17423,-7.77283,0,0,0,0,0,0,-1.24176,-4.2403,0.473911,0.412399,0.0380855,-1.84727
384,0.192,4,2,4,0,0,0,0,0,0,-29.259,-43.817,7.78218,4.84603,-5.15708,-7.78974,0,0,0,0,0,0,-1.24066,-4.22628,0.459866,0.410457,0.0393898,-1.84293
385,0.1925,4,2,4,0,0,0,0,0,0,-29.2213,-43.8156,7.68527,4.83636,-5.13991,-7.80746,0,0,0,0,0,0,-1.23936,-4.21357,0.447669,0.40951,0.0416981,-1.82622
386,0.193,4,2,4,0,0,0,0,0,0,-29.1859,-43.8098,7.58404,4.82453,-5.12341,-7.82756,0,0,0,0,0,0,-1.24335,-4.20549,0.4375,0.409311,0.0453685,-1.81117
387,0.1935,4,2,4,0,0,0,0,0,0,-29.1559,-43.8023,7.48197,4.81299,-5.10743,-7.8416,0,0,0,0,0,0,-1.24105,-4.19473,0.425981,0.406535,0.0475493,-1.80783
388,0.194,4,2,4,0,0,0,0,0,0,-29.1246,-43.79,7.38104,4.80207,-5.09248,-7.85254,0,0,0,0,0,0,-1.23873,-4.18157,0.415522,0.406003,0.0522716,-1.80461
389,0.1945,4,2,4,0,0,0,0,0,0,-29.0875,-43.7728,7.28081,4.79132,-5.07896,-7.86237,0,0,0,0,0,0,-1.23672,-4.1674,0.399261,0.398506,0.0526246,-1.80184
390,0.195,4,2,4,0,0,0,0,0,0,-29.044,-43.7494,7.18132,4.78012,-5.06797,-7.8737,0,0,0,0,0,0,-1.22925,-4.15456,0.387996,0.392132,0.0543385,-1.79804
391,0.1955,4,2,4,0,0,0,0,0,0,-28.999,-43.7217,7.08458,4.76992,-5.05903,-7.88647,0,0,0,0,0,0,-1.21791,-4.12444,0.375966,0.383998,0.0564422,-1.80774
392,0.196,4,2,4,0,0,0,0,0,0,-28.9537,-43.6876,6.99233,4.76223,-5.05119,-7.90025,0,0,0,0,0,0,-1.2121,-4.10112,0.361771,0.376944,0.056651,-1.81077
393,0.1965,4,2,4,0,0,0,0,0,0,-28.911,-43.6536,6.90483,4.75646,-5.04512,-7.91245,0,0,0,0,0,0,-1.20362,-4.07645,0.353994,0.375071,0.0573592,-1.81932
394,0.197,4,2,4,0,0,0,0,0,0,-28.8727,-43.6283,6.82008,4.74986,-5.04245,-7.92226,0,0,0,0,0,0,-1.20042,-4.05542,0.341294,0.372551,0.0560974,-1.81558
395,0.1975,4,2,4,0,0,0,0,0,0,-28.8388,-43.6089,6.73414,4.74057,-5.04169,-7.9327,0,0,0,0,0,0,-1.20116,-4.04616,0.331779,0.374529,0.0562521,-1.80925
396,0.198,4,2,4,0,0,0,0,0,0,-28.8098,-43.5907,6.64519,4.72866,-5.04082,-7.94392,0,0,0,0,0,0,-1.20759,-4.0412,0.322369,0.376303,0.0561181,-1.79955
397,0.1985,4,2,4,0,0,0,0,0,0,-28.7843,-43.5754,6.55139,4.71427,-5.03855,-7.95504,0,0,0,0,0,0,-1.21291,-4.02557,0.311212,0.377121,0.057081,-1.78562
398,0.199,4,2,4,0,0,0,0,0,0,-28.76,-43.561,6.45096,4.6975,-5.03384,-7.96679,0,0,0,0,0,0,-1.21355,-4.01757,0.302917,0.375886,0.0577307,-1.78573
399,0.1995,4,2,4,0,0,0,0,0,0,-28.7358,-43.5469,6.34481,4.67806,-5.02778,-7.98046,0,0,0,0,0,0,-1.21702,-4.00385,0.293001,0.370572,0.0560678,-1.78562
400,0.2,4,2,4,0,0,0,0,0,0,-28.7097,-43.5263,6.23422,4.65683,-5.02024,-7.99653,0,0,0,0,0,0,-1.21337,-3.97987,0.280942,0.365951,0.0548181,-1.7817
401,0.2005,4,2,4,0,0,0,0,0,0,-28.6816,-43.4976,6.12292,4.63654,-5.01036,-8.01109,0,0,0,0,0,0,-1.20823,-3.95862,0.270722,0.364929,0.0556293,-1.78324
402,0.201,4,2,4,0,0,0,0,0,0,-28.6509,-43.4606,6.01333,4.61736,-4.99821,-8.02582,0,0,0,0,0,0,-1.20207,-3.92839,0.258946,0.362582,0.0577831,-1.78789
403,0.2015,4,2,4,0,0,0,0,0,0,-28.6199,-43.4211,5.9046,4.59789,-4.98662,-8.04067,0,0,0,0,0,0,-1.19248,-3.90719,0.250315,0.360216,0.0584131,-1.79496
404,0.202,4,2,4,0,0,0,0,0,0,-28.5921,-43.383,5.79735,4.5784,-4.97809,-8.04768,0,0,0,0,0,0,-1.18838,-3.88983,0.241292,0.355784,0.0595868,-1.79495
405,0.2025,4,2,4,0,0,0,0,0,0,-28.5664,-43.3409,5.69408,4.56068,-4.97308,-8.04923,0,0,0,0,0,0,-1.18768,-3.8745,0.228697,0.350512,0.060331,-1.79529
406,0.203,4,2,4,0,0,0,0,0,0,-28.5421,-43.2927,5.59354,4.54447,-4.97221,-8.04668,0,0,0,0,0,0,-1.19062,-3.86651,0.218401,0.348258,0.0621468,-1.7849
407,0.2035,4,2,4,0,0,0,0,0,0,-28.5166,-43.2418,5.49496,4.52817,-4.97596,-8.04434,0,0,0,0,0,0,-1.19189,-3.85665,0.206689,0.346064,0.0623952,-1.77236
408,0.204,4,2,4,0,0,0,0,0,0,-28.4895,-43.192,5.39928,4.51045,-4.98464,-8.04668,0,0,0,0,0,0,-1.19653,-3.84714,0.191023,0.342635,0.0606033,-1.76592
409,0.2045,4,2,4,0,0,0,0,0,0,-28.4652,-43.1436,5.30659,4.4919,-4.99649,-8.055,0,0,0,0,0,0,-1.20503,-3.83571,0.178056,0.337678,0.0591591,-1.76387
410,0.205,4,2,4,0,0,0,0,0,0,-28.4433,-43.0969,5.21333,4.47379,-5.00914,-8.06724,0,0,0,0,0,0,-1.2055,-3.81364,0.163838,0.331264,0.0568088,-1.7698
411,0.2055,4,2,4,0,0,0,0,0,0,-28.4207,-43.0512,5.11733,4.45555,-5.0202,-8.08393,0,0,0,0,0,0,-1.20508,-3.7893,0.156875,0.328551,0.0575397,-1.77094
412,0.206,4,2,4,0,0,0,0,0,0,-28.3964,-43.0033,5.01811,4.43641,-5.02744,-8.10668,0,0,0,0,0,0,-1.20586,-3.762,0.150309,0.328911,0.0610572,-1.77221
413,0.2065,4,2,4,0,0,0,0,0,0,-28.3733,-42.9603,4.91464,4.4149,-5.03152,-8.12559,0,0,0,0,0,0,-1.20276,-3.73502,0.138197,0.328875,0.061752,-1.77903
414,0.207,4,2,4,0,0,0,0,0,0,-28.3539,-42.9196,4.80737,4.391,-5.03313,-8.138,0,0,0,0,0,0,-1.20142,-3.70656,0.125753,0.32756,0.0599059,-1.78042
415,0.2075,4,2,4,0,0,0,0,0,0,-28.3395,-42.8752,4.7007,4.36691,-5.03188,-8.14702,0,0,0,0,0,0,-1.19992,-3.68602,0.117504,0.326438,0.0561595,-1.79242
416,0.208,4,2,4,0,0,0,0,0,0,-28.3262,-42.8275,4.59225,4.34278,-5.02947,-8.15417,0,0,0,0,0,0,-1.198,-3.66471,0.112805,0.326647,0.0541542,-1.7911
417,0.2085,4,2,4,0,0,0,0,0,0,-28.3128,-42.7797,4.47912,4.3172,-5.02919,-8.16004,0,0,0,0,0,0,-1.20042,-3.65094,0.109705,0.325769,0.0530461,-1.77715
418,0.209,4,2,4,0,0,0,0,0,0,-28.2973,-42.7267,4.36327,4.28978,-5.03146,-8.16714,0,0,0,0,0,0,-1.20437,-3.64022,0.101646,0.322705,0.0530691,-1.76454
419,0.2095,4,2,4,0,0,0,0,0,0,-28.2823,-42.667,4.24734,4.26174,-5.03582,-8.17384,0,0,0,0,0,0,-1.20506,-3.62183,0.0850699,0.317429,0.0507909,-1.75172
420,0.21,4,2,4,0,0,0,0,0,0,-28.2662,-42.603,4.13105,4.23309,-5.04232,-8.1787,0,0,0,0,0,0,-1.20293,-3.60243,0.0673275,0.313843,0.0498403,-1.74889
421,0.2105,4,2,4,0,0,0,0,0,0,-28.2476,-42.5363,4.01547,4.20228,-5.05207,-8.18745,0,0,0,0,0,0,-1.20313,-3.57966,0.0512337,0.310448,0.0483499,-1.74411
422,0.211,4,2,4,0,0,0,0,0,0,-28.2281,-42.4689,3.90446,4.17111,-5.06402,-8.19983,0,0,0,0,0,0,-1.20439,-3.56589,0.0445006,0.308055,0.0495244,-1.74432
423,0.2115,4,2,4,0,0,0,0,0,0,-28.2098,-42.3996,3.79621,4.14157,-5.07724,-8.20608,0,0,0,0,0,0,-1.21003,-3.55368,0.042093,0.303405,0.0509563,-1.74741
424,0.212,4,2,4,0,0,0,0,0,0,-28.1919,-42.3248,3.68852,4.11426,-5.09144,-8.20791,0,0,0,0,0,0,-1.21473,-3.53847,0.0330427,0.295152,0.0500364,-1.75914
425,0.2125,4,2,4,0,0,0,0,0,0,-28.1757,-42.2438,3.58308,4.08914,-5.10573,-8.212,0,0,0,0,0,0,-1.21642,-3.50454,0.0163011,0.289463,0.0509075,-1.77208
426,0.213,4,2,4,0,0,0,0,0,0,-28.161,-42.1609,3.48122,4.06545,-5.12073,-8.22323,0,0,0,0,0,0,-1.21808,-3.47384,0.000156124,0.288614,0.0519254,-1.78565
427,0.2135,4,2,4,0,0,0,0,0,0,-28.1495,-42.0863,3.38033,4.04229,-5.13737,-8.23447,0,0,0,0,0,0,-1.22549,-3.45787,-0.0137388,0.290494,0.0515058,-1.78215
428,0.214,4,2,4,0,0,0,0,0,0,-28.1427,-42.0169,3.27969,4.01887,-5.15558,-8.24902,0,0,0,0,0,0,-1.23606,-3.4417,-0.0214515,0.291479,0.0495001,-1.77191
429,0.2145,4,2,4,0,0,0,0,0,0,-28.1388,-41.9506,3.17834,3.99537,-5.17333,-8.2645,0,0,0,0,0,0,-1.24568,-3.42896,-0.0257922,0.290135,0.0460802,-1.75996
430,0.215,4,2,4,0,0,0,0,0,0,-28.1318,-41.8827,3.07363,3.97051,-5.1907,-8.28074,0,0,0,0,0,0,-1.25002,-3.40386,-0.0326542,0.285459,0.0416957,-1.7533
431,0.2155,4,2,4,0,0,0,0,0,0,-28.1191,-41.8123,2.96282,3.94243,-5.20862,-8.29622,0,0,0,0,0,0,-1.25057,-3.38162,-0.0404378,0.282389,0.0386602,-1.75125
432,0.216,4,2,4,0,0,0,0,0,0,-28.1057,-41.7414,2.847,3.91078,-5.22657,-8.31147,0,0,0,0,0,0,-1.24429,-3.35294,-0.0515104,0.281622,0.037713,-1.74423
433,0.2165,4,2,4,0,0,0,0,0,0,-28.0954,-41.6687,2.72987,3.87649,-5.24347,-8.32521,0,0,0,0,0,0,-1.24018,-3.3257,-0.0609103,0.282931,0.0381607,-1.74658
434,0.217,4,2,4,0,0,0,0,0,0,-28.089,-41.5952,2.611,3.83917,-5.2598,-8.33306,0,0,0,0,0,0,-1.23844,-3.29828,-0.0673822,0.28096,0.0363527,-1.74875
435,0.2175,4,2,4,0,0,0,0,0,0,-28.0818,-41.5151,2.49178,3.80022,-5.27535,-8.34172,0,0,0,0,0,0,-1.23505,-3.26576,-0.0752339,0.276354,0.0324536,-1.75478
436,0.218,4,2,4,0,0,0,0,0,0,-28.0745,-41.4293,2.37228,3.76066,-5.2907,-8.3553,0,0,0,0,0,0,-1.23306,-3.23534,-0.0823387,0.272209,0.0308427,-1.76691
437,0.2185,4,2,4,0,0,0,0,0,0,-28.0661,-41.3411,2.24963,3.72118,-5.30646,-8.36905,0,0,0,0,0,0,-1.23615,-3.21681,-0.0864136,0.269802,0.0314294,-1.76623
438,0.219,4,2,4,0,0,0,0,0,0,-28.0604,-41.2484,2.12471,3.68278,-5.32244,-8.38017,0,0,0,0,0,0,-1.24553,-3.1964,-0.0978972,0.267502,0.0313148,-1.7627
439,0.2195,4,2,4,0,0,0,0,0,0,-28.0595,-41.1543,1.99902,3.64604,-5.33954,-8.38957,0,0,0,0,0,0,-1.25814,-3.18505,-0.1138,0.265552,0.0293745,-1.75271
440,0.22,4,2,4,0,0,0,0,0,0,-28.0623,-41.0602,1.87461,3.61081,-5.35881,-8.4027,0,0,0,0,0,0,-1.27299,-3.17661,-0.128361,0.263081,0.02669,-1.74573
441,0.2205,4,2,4,0,0,0,0,0,0,-28.065,-40.9684,1.75458,3.57738,-5.38063,-8.41911,0,0,0,0,0,0,-1.28779,-3.17257,-0.136934,0.260365,0.0254037,-1.75212
442,0.221,4,2,4,0,0,0,0,0,0,-28.0665,-40.881,1.63993,3.54564,-5.40644,-8.43515,0,0,0,0,0,0,-1.29584,-3.17003,-0.143098,0.257256,0.0245242,-1.7571
443,0.2215,4,2,4,0,0,0,0,0,0,-28.0678,-40.7912,1.52942,3.51551,-5.43645,-8.45401,0,0,0,0,0,0,-1.29743,-3.14753,-0.148263,0.254094,0.0252463,-1.76333
444,0.222,4,2,4,0,0,0,0,0,0,-28.0698,-40.6984,1.42408,3.48686,-5.46905,-8.46928,0,0,0,0,0,0,-1.29827,-3.11699,-0.157661,0.250066,0.0240118,-1.77149
445,0.2225,4,2,4,0,0,0,0,0,0,-28.0714,-40.6038,1.32387,3.45821,-5.50364,-8.48342,0,0,0,0,0,0,-1.29572,-3.08081,-0.169676,0.244796,0.0194432,-1.78503
446,0.223,4,2,4,0,0,0,0,0,0,-28.0721,-40.5044,1.22766,3.42905,-5.53823,-8.50086,0,0,0,0,0,0,-1.29192,-3.03963,-0.176552,0.242124,0.0164074,-1.79826
447,0.2235,4,2,4,0,0,0,0,0,0,-28.0705,-40.4037,1.13135,3.39744,-5.57122,-8.51932,0,0,0,0,0,0,-1.29224,-3.01062,-0.182602,0.241693,0.0143242,-1.80188
448,0.224,4,2,4,0,0,0,0,0,0,-28.0671,-40.3015,1.03161,3.36277,-5.60159,-8.53969,0,0,0,0,0,0,-1.29583,-2.98188,-0.187998,0.241647,0.0132523,-1.79923
449,0.2245,4,2,4,0,0,0,0,0,0,-28.0667,-40.2013,0.925336,3.3258,-5.62939,-8.55887,0,0,0,0,0,0,-1.29649,-2.9456,-0.194481,0.24003,0.0121828,-1.78386
450,0.225,4,2,4,0,0,0,0,0,0,-28.072,-40.1013,0.811398,3.28676,-5.65564,-8.57992,0,0,0,0,0,0,-1.29437,-2.91263,-0.205735,0.237207,0.0102967,-1.75761
451,0.2255,4,2,4,0,0,0,0,0,0,-28.0847,-40.0024,0.689532,3.24634,-5.68116,-8.60393,0,0,0,0,0,0,-1.29397,-2.87523,-0.221518,0.236528,0.00843298,-1.7437
452,0.226,4,2,4,0,0,0,0,0,0,-28.1001,-39.9094,0.559158,3.20433,-5.70727,-8.62593,0,0,0,0,0,0,-1.29996,-2.85374,-0.231418,0.236782,0.00576235,-1.73124
453,0.2265,4,2,4,0,0,0,0,0,0,-28.1174,-39.8215,0.422355,3.16155,-5.7347,-8.64899,0,0,0,0,0,0,-1.305,-2.83426,-0.237207,0.237232,0.00291049,-1.73169
454,0.227,4,2,4,0,0,0,0,0,0,-28.1379,-39.7343,0.282139,3.11862,-5.76384,-8.67244,0,0,0,0,0,0,-1.30671,-2.81181,-0.237793,0.235953,0.000397004,-1.74787
455,0.2275,4,2,4,0,0,0,0,0,0,-28.1584,-39.6458,0.142732,3.0758,-5.79528,-8.69397,0,0,0,0,0,0,-1.30852,-2.78857,-0.241196,0.232098,-0.00395012,-1.76898
456,0.228,4,2,4,0,0,0,0,0,0,-28.1779,-39.5521,0.00593942,3.03395,-5.82826,-8.71769,0,0,0,0,0,0,-1.30458,-2.75616,-0.249807,0.227429,-0.00902314,-1.79485
457,0.2285,4,2,4,0,0,0,0,0,0,-28.1968,-39.4536,-0.127416,2.99279,-5.86247,-8.74612,0,0,0,0,0,0,-1.29821,-2.72053,-0.260086,0.224668,-0.0107318,-1.81212
458,0.229,4,2,4,0,0,0,0,0,0,-28.2161,-39.3517,-0.255907,2.95174,-5.89817,-8.77279,0,0,0,0,0,0,-1.30701,-2.70081,-0.265754,0.222639,-0.010652,-1.82318
459,0.2295,4,2,4,0,0,0,0,0,0,-28.2342,-39.2416,-0.380132,2.91119,-5.9348,-8.79722,0,0,0,0,0,0,-1.32151,-2.68374,-0.270858,0.220965,-0.0106832,-1.82735
460,0.23,4,2,4,0,0,0,0,0,0,-28.2541,-39.1253,-0.50143,2.87151,-5.97234,-8.8204,0,0,0,0,0,0,-1.33226,-2.669,-0.277645,0.21711,-0.0123947,-1.81909
461,0.2305,4,2,4,0,0,0,0,0,0,-28.2756,-39.003,-0.621408,2.83395,-6.01015,-8.84549,0,0,0,0,0,0,-1.34437,-2.65627,-0.290694,0.213054,-0.0149673,-1.80984
462,0.231,4,2,4,0,0,0,0,0,0,-28.3009,-38.8841,-0.740873,2.79716,-6.05001,-8.87103,0,0,0,0,0,0,-1.34996,-2.63333,-0.310276,0.211829,-0.0174147,-1.80439
463,0.2315,4,2,4,0,0,0,0,0,0,-28.3268,-38.7717,-0.858259,2.7608,-6.09268,-8.89603,0,0,0,0,0,0,-1.35524,-2.61537,-0.33008,0.210791,-0.020417,-1.78672
464,0.232,4,2,4,0,0,0,0,0,0,-28.354,-38.6602,-0.973726,2.72506,-6.13794,-8.92357,0,0,0,0,0,0,-1.3634,-2.59212,-0.343371,0.211111,-0.0217148,-1.77648
465,0.2325,4,2,4,0,0,0,0,0,0,-28.3835,-38.5489,-1.09007,2.69085,-6.18492,-8.95268,0,0,0,0,0,0,-1.36963,-2.55993,-0.347341,0.209679,-0.023188,-1.77998
466,0.233,4,2,4,0,0,0,0,0,0,-28.4123,-38.4395,-1.20679,2.65731,-6.23317,-8.9845,0,0,0,0,0,0,-1.3755,-2.52978,-0.349562,0.205433,-0.0280768,-1.78923
467,0.2335,4,2,4,0,0,0,0,0,0,-28.4357,-38.3267,-1.32349,2.6234,-6.28093,-9.02095,0,0,0,0,0,0,-1.37617,-2.49373,-0.35401,0.201117,-0.0340034,-1.81288
468,0.234,4,2,4,0,0,0,0,0,0,-28.4531,-38.2099,-1.43951,2.58747,-6.32748,-9.05991,0,0,0,0,0,0,-1.37157,-2.45327,-0.361326,0.200226,-0.0367633,-1.83219
469,0.2345,4,2,4,0,0,0,0,0,0,-28.4649,-38.0889,-1.55402,2.54876,-6.37197,-9.09699,0,0,0,0,0,0,-1.37133,-2.42054,-0.368085,0.200295,-0.038345,-1.84441
470,0.235,4,2,4,0,0,0,0,0,0,-28.4737,-37.9646,-1.66824,2.50678,-6.41477,-9.13627,0,0,0,0,0,0,-1.37567,-2.38822,-0.37102,0.199615,-0.0399638,-1.84709
471,0.2355,4,2,4,0,0,0,0,0,0,-28.4836,-37.8351,-1.78285,2.46206,-6.45581,-9.17708,0,0,0,0,0,0,-1.38673,-2.36112,-0.372696,0.198253,-0.042075,-1.8419
472,0.236,4,2,4,0,0,0,0,0,0,-28.4931,-37.6953,-1.90079,2.41562,-6.49561,-9.21668,0,0,0,0,0,0,-1.39624,-2.33347,-0.377152,0.197072,-0.0450224,-1.84291
473,0.2365,4,2,4,0,0,0,0,0,0,-28.506,-37.5535,-2.02472,2.36901,-6.53436,-9.25415,0,0,0,0,0,0,-1.40796,-2.30583,-0.387312,0.195735,-0.0500849,-1.8459
474,0.237,4,2,4,0,0,0,0,0,0,-28.5182,-37.4137,-2.15578,2.32115,-6.57462,-9.28946,0,0,0,0,0,0,-1.4193,-2.28857,-0.400892,0.195973,-0.0559156,-1.83954
475,0.2375,4,2,4,0,0,0,0,0,0,-28.5307,-37.2731,-2.28948,2.27216,-6.61522,-9.32542,0,0,0,0,0,0,-1.42859,-2.26256,-0.416367,0.197266,-0.060071,-1.83483
476,0.238,4,2,4,0,0,0,0,0,0,-28.5466,-37.1314,-2.42606,2.2228,-6.65695,-9.36217,0,0,0,0,0,0,-1.44252,-2.2375,-0.426683,0.197488,-0.0615273,-1.83673
477,0.2385,4,2,4,0,0,0,0,0,0,-28.5629,-36.9885,-2.56594,2.17334,-6.70102,-9.39845,0,0,0,0,0,0,-1.45327,-2.21188,-0.431129,0.194928,-0.0635521,-1.83488
478,0.239,4,2,4,0,0,0,0,0,0,-28.58,-36.8415,-2.70729,2.12525,-6.74661,-9.43805,0,0,0,0,0,0,-1.46302,-2.19139,-0.432066,0.191748,-0.065985,-1.84624
479,0.2395,4,2,4,0,0,0,0,0,0,-28.5956,-36.6926,-2.84665,2.07803,-6.7945,-9.48118,0,0,0,0,0,0,-1.47374,-2.17907,-0.431846,0.18792,-0.0685588,-1.86427
480,0.24,4,2,4,0,0,0,0,0,0,-28.609,-36.5432,-2.98032,2.03172,-6.84402,-9.52538,0,0,0,0,0,0,-1.48994,-2.17652,-0.432257,0.185773,-0.0701536,-1.88601
481,0.2405,4,2,4,0,0,0,0,0,0,-28.623,-36.3918,-3.10718,1.98578,-6.89503,-9.57129,0,0,0,0,0,0,-1.51557,-2.17287,-0.436328,0.183945,-0.0710252,-1.89684
482,0.241,4,2,4,0,0,0,0,0,0,-28.636,-36.2394,-3.22506,1.93988,-6.94709,-9.61669,0,0,0,0,0,0,-1.54507,-2.17735,-0.444021,0.181602,-0.0740884,-1.9077
483,0.2415,4,2,4,0,0,0,0,0,0,-28.6502,-36.0856,-3.33458,1.89403,-7.0002,-9.66753,0,0,0,0,0,0,-1.57858,-2.18658,-0.452783,0.17976,-0.0771796,-1.9089
484,0.242,4,2,4,0,0,0,0,0,0,-28.6732,-35.9311,-3.43865,1.84881,-7.05402,-9.72025,0,0,0,0,0,0,-1.61117,-2.18779,-0.458228,0.177475,-0.0791957,-1.91535
485,0.2425,4,2,4,0,0,0,0,0,0,-28.703,-35.7827,-3.54424,1.80596,-7.10976,-9.7698,0,0,0,0,0,0,-1.63926,-2.18436,-0.466672,0.174915,-0.0819172,-1.91694
486,0.243,4,2,4,0,0,0,0,0,0,-28.7369,-35.6398,-3.64952,1.76425,-7.1676,-9.82406,0,0,0,0,0,0,-1.66614,-2.18026,-0.480163,0.173524,-0.086216,-1.91975
487,0.2435,4,2,4,0,0,0,0,0,0,-28.7744,-35.501,-3.7516,1.7238,-7.22636,-9.88006,0,0,0,0,0,0,-1.67965,-2.15565,-0.49455,0.172925,-0.089545,-1.92572
488,0.244,4,2,4,0,0,0,0,0,0,-28.8161,-35.3658,-3.85514,1.68602,-7.28797,-9.9393,0,0,0,0,0,0,-1.69072,-2.13079,-0.50236,0.170742,-0.0922036,-1.92906
489,0.2445,4,2,4,0,0,0,0,0,0,-28.8564,-35.2308,-3.9623,1.65067,-7.35233,-10.0004,0,0,0,0,0,0,-1.68435,-2.0844,-0.506299,0.168077,-0.0938831,-1.92379
490,0.245,4,2,4,0,0,0,0,0,0,-28.8943,-35.0946,-4.07469,1.61695,-7.41727,-10.0652,0,0,0,0,0,0,-1.66506,-2.02753,-0.500553,0.164882,-0.0945681,-1.91973
491,0.2455,4,2,4,0,0,0,0,0,0,-28.9297,-34.9584,-4.1938,1.58358,-7.48127,-10.1329,0,0,0,0,0,0,-1.64568,-1.96983,-0.498944,0.163629,-0.0978847,-1.91729
492,0.246,4,2,4,0,0,0,0,0,0,-28.9639,-34.8228,-4.31819,1.54908,-7.54369,-10.2025,0,0,0,0,0,0,-1.6311,-1.91836,-0.497643,0.162278,-0.10151,-1.9204
493,0.2465,4,2,4,0,0,0,0,0,0,-29.0003,-34.6866,-4.44624,1.51233,-7.60375,-10.2738,0,0,0,0,0,0,-1.61757,-1.86361,-0.500987,0.160993,-0.104994,-1.92373
494,0.247,4,2,4,0,0,0,0,0,0,-29.0363,-34.5497,-4.57581,1.47325,-7.66157,-10.346,0,0,0,0,0,0,-1.61369,-1.81745,-0.501738,0.158608,-0.107605,-1.92527
495,0.2475,4,2,4,0,0,0,0,0,0,-29.0727,-34.412,-4.70657,1.43242,-7.71752,-10.4202,0,0,0,0,0,0,-1.60295,-1.76506,-0.49984,0.155752,-0.109211,-1.92514
496,0.248,4,2,4,0,0,0,0,0,0,-29.1173,-34.2784,-4.84001,1.39021,-7.77196,-10.4955,0,0,0,0,0,0,-1.59073,-1.71332,-0.501342,0.153829,-0.112197,-1.92289
497,0.2485,4,2,4,0,0,0,0,0,0,-29.1666,-34.1453,-4.98256,1.34797,-7.82712,-10.5695,0,0,0,0,0,0,-1.58178,-1.65797,-0.515059,0.154818,-0.118117,-1.92193
498,0.249,4,2,4,0,0,0,0,0,0,-29.2183,-34.0119,-5.12974,1.30516,-7.88196,-10.6443,0,0,0,0,0,0,-1.56535,-1.59725,-0.528773,0.156522,-0.124709,-1.9224
499,0.2495,4,2,4,0,0,0,0,0,0,-29.272,-33.8765,-5.27811,1.26083,-7.93671,-10.7198,0,0,0,0,0,0,-1.54304,-1.52945,-0.543658,0.159014,-0.130805,-1.92682
500,0.25,4,2,4,0,0,0,0,0,0,-29.3272,-33.7388,-5.42972,1.21622,-7.99212,-10.7951,0,0,0,0,0,0,-1.53157,-1.47001,-0.556674,0.160799,-0.136334,-1.92914
501,0.2505,4,2,4,0,0,0,0,0,0,-29.3783,-33.5948,-5.58282,1.17129,-8.0485,-10.8705,0,0,0,0,0,0,-1.51068,-1.4058,-0.562352,0.160902,-0.139984,-1.92887
502,0.251,4,2,4,0,0,0,0,0,0,-29.4242,-33.444,-5.73377,1.12557,-8.10583,-10.9466,0,0,0,0,0,0,-1.48538,-1.34251,-0.564076,0.160407,-0.14282,-1.92658
503,0.2515,4,2,4,0,0,0,0,0,0,-29.4634,-33.2852,-5.88136,1.0794,-8.16409,-11.0238,0,0,0,0,0,0,-1.46662,-1.28996,-0.566362,0.1601,-0.145725,-1.93229
504,0.252,4,2,4,0,0,0,0,0,0,-29.4949,-33.1182,-6.02121,1.03207,-8.22287,-11.1021,0,0,0,0,0,0,-1.45649,-1.2507,-0.56792,0.159141,-0.148512,-1.94504
505,0.2525,4,2,4,0,0,0,0,0,0,-29.5186,-32.9402,-6.14996,0.983124,-8.2806,-11.18,0,0,0,0,0,0,-1.45507,-1.21536,-0.577845,0.159505,-0.153043,-1.96344
506,0.253,4,2,4,0,0,0,0,0,0,-29.5319,-32.7509,-6.26744,0.932694,-8.3378,-11.2572,0,0,0,0,0,0,-1.46791,-1.19386,-0.585002,0.158163,-0.156463,-1.98141
507,0.2535,4,2,4,0,0,0,0,0,0,-29.5349,-32.55,-6.37266,0.880512,-8.39426,-11.3329,0,0,0,0,0,0,-1.48148,-1.17514,-0.588287,0.155895,-0.158421,-1.99984
508,0.254,4,2,4,0,0,0,0,0,0,-29.5359,-32.3417,-6.47187,0.827492,-8.45114,-11.4072,0,0,0,0,0,0,-1.49926,-1.15978,-0.592601,0.154479,-0.160614,-2.0168
509,0.2545,4,2,4,0,0,0,0,0,0,-29.5327,-32.1233,-6.57452,0.77645,-8.51042,-11.478,0,0,0,0,0,0,-1.5224,-1.14406,-0.601541,0.154444,-0.163778,-2.03553
510,0.255,4,2,4,0,0,0,0,0,0,-29.5265,-31.8984,-6.67773,0.726047,-8.57129,-11.5486,0,0,0,0,0,0,-1.54184,-1.12764,-0.614089,0.154756,-0.168538,-2.05521
511,0.2555,4,2,4,0,0,0,0,0,0,-29.5185,-31.6682,-6.77991,0.67616,-8.63311,-11.6193,0,0,0,0,0,0,-1.56156,-1.1095,-0.627787,0.155288,-0.172559,-2.07618
512,0.256,4,2,4,0,0,0,0,0,0,-29.5132,-31.4376,-6.88568,0.627824,-8.69801,-11.6913,0,0,0,0,0,0,-1.58508,-1.09923,-0.633353,0.153294,-0.174185,-2.09118
513,0.2565,4,2,4,0,0,0,0,0,0,-29.5095,-31.2082,-6.99305,0.580304,-8.76638,-11.7643,0,0,0,0,0,0,-1.59713,-1.08063,-0.633977,0.150999,-0.174198,-2.09709
514,0.257,4,2,4,0,0,0,0,0,0,-29.5125,-30.9857,-7.10084,0.533743,-8.83716,-11.84,0,0,0,0,0,0,-1.60991,-1.0624,-0.629165,0.148572,-0.17183,-2.10397
515,0.2575,4,2,4,0,0,0,0,0,0,-29.5239,-30.774,-7.21169,0.489003,-8.91147,-11.9195,0,0,0,0,0,0,-1.63295,-1.05811,-0.627289,0.146372,-0.170905,-2.12034
516,0.258,4,2,4,0,0,0,0,0,0,-29.5431,-30.5727,-7.32652,0.446468,-8.99027,-12.0015,0,0,0,0,0,0,-1.66585,-1.06069,-0.630503,0.144619,-0.172106,-2.14704
517,0.2585,4,2,4,0,0,0,0,0,0,-29.5665,-30.3763,-7.44355,0.40531,-9.07153,-12.0868,0,0,0,0,0,0,-1.69866,-1.05747,-0.636085,0.144052,-0.174425,-2.17472
518,0.259,4,2,4,0,0,0,0,0,0,-29.589,-30.1843,-7.56035,0.364717,-9.15403,-12.1729,0,0,0,0,0,0,-1.73501,-1.05784,-0.638346,0.141004,-0.177809,-2.19846
519,0.2595,4,2,4,0,0,0,0,0,0,-29.6121,-29.994,-7.67511,0.32414,-9.23604,-12.2641,0,0,0,0,0,0,-1.75932,-1.04795,-0.637695,0.138287,-0.179639,-2.21301
520,0.26,4,2,4,0,0,0,0,0,0,-29.6442,-29.8029,-7.79173,0.284711,-9.31676,-12.3565,0,0,0,0,0,0,-1.78034,-1.02673,-0.63533,0.136648,-0.179157,-2.22912
521,0.2605,4,2,4,0,0,0,0,0,0,-29.6817,-29.6138,-7.91698,0.24802,-9.39757,-12.4474,0,0,0,0,0,0,-1.79715,-1.00469,-0.639203,0.135995,-0.183148,-2.24162
522,0.261,4,2,4,0,0,0,0,0,0,-29.723,-29.4279,-8.04865,0.21255,-9.47794,-12.5423,0,0,0,0,0,0,-1.80492,-0.979961,-0.6472,0.136063,-0.190089,-2.24505
523,0.2615,4,2,4,0,0,0,0,0,0,-29.7692,-29.2443,-8.18228,0.176611,-9.55622,-12.639,0,0,0,0,0,0,-1.80299,-0.941249,-0.65659,0.137327,-0.197854,-2.24832
524,0.262,4,2,4,0,0,0,0,0,0,-29.8207,-29.0637,-8.32124,0.141194,-9.63385,-12.7391,0,0,0,0,0,0,-1.80095,-0.897601,-0.664051,0.137844,-0.203652,-2.25176
525,0.2625,4,2,4,0,0,0,0,0,0,-29.8735,-28.8846,-8.4623,0.104797,-9.71096,-12.8396,0,0,0,0,0,0,-1.79464,-0.854035,-0.663394,0.13768,-0.205351,-2.24744
526,0.263,4,2,4,0,0,0,0,0,0,-29.9276,-28.7047,-8.60342,0.0683399,-9.78648,-12.9457,0,0,0,0,0,0,-1.78528,-0.808745,-0.659067,0.13895,-0.204385,-2.25753
527,0.2635,4,2,4,0,0,0,0,0,0,-29.9805,-28.5251,-8.7415,0.0306708,-9.86059,-13.0571,0,0,0,0,0,0,-1.77948,-0.770405,-0.658122,0.141056,-0.20514,-2.28368
528,0.264,4,2,4,0,0,0,0,0,0,-30.0305,-28.3449,-8.87324,-0.00927732,-9.93302,-13.1716,0,0,0,0,0,0,-1.7731,-0.733025,-0.655452,0.139959,-0.207423,-2.31105
529,0.2645,4,2,4,0,0,0,0,0,0,-30.0754,-28.1608,-8.99584,-0.0520606,-10.0032,-13.2864,0,0,0,0,0,0,-1.76526,-0.690345,-0.658274,0.140035,-0.211967,-2.33057
530,0.265,4,2,4,0,0,0,0,0,0,-30.1127,-27.9732,-9.1059,-0.0988296,-10.0712,-13.4023,0,0,0,0,0,0,-1.76061,-0.649742,-0.665144,0.142041,-0.216731,-2.3441
531,0.2655,4,2,4,0,0,0,0,0,0,-30.1494,-27.7779,-9.20335,-0.149424,-10.1359,-13.5227,0,0,0,0,0,0,-1.76444,-0.614912,-0.669875,0.143058,-0.220317,-2.35498
532,0.266,4,2,4,0,0,0,0,0,0,-30.1848,-27.5718,-9.29155,-0.201294,-10.197,-13.6434,0,0,0,0,0,0,-1.77014,-0.5818,-0.673715,0.141634,-0.224872,-2.36145
533,0.2665,4,2,4,0,0,0,0,0,0,-30.2198,-27.3619,-9.37818,-0.251725,-10.2572,-13.7635,0,0,0,0,0,0,-1.77427,-0.543746,-0.675769,0.141124,-0.227804,-2.36401
534,0.267,4,2,4,0,0,0,0,0,0,-30.2513,-27.1519,-9.46512,-0.301771,-10.3189,-13.8816,0,0,0,0,0,0,-1.77383,-0.504137,-0.675752,0.138929,-0.231878,-2.36023
535,0.2675,4,2,4,0,0,0,0,0,0,-30.2794,-26.941,-9.5523,-0.350218,-10.3807,-14.0022,0,0,0,0,0,0,-1.77644,-0.461209,-0.683809,0.138231,-0.239043,-2.35494
536,0.268,4,2,4,0,0,0,0,0,0,-30.3069,-26.7287,-9.64086,-0.397875,-10.4444,-14.1228,0,0,0,0,0,0,-1.78084,-0.417469,-0.69209,0.139721,-0.243098,-2.35323
537,0.2685,4,2,4,0,0,0,0,0,0,-30.3363,-26.5168,-9.73155,-0.44526,-10.5105,-14.2447,0,0,0,0,0,0,-1.78931,-0.382502,-0.694228,0.141041,-0.242998,-2.36414
538,0.269,4,2,4,0,0,0,0,0,0,-30.3681,-26.3074,-9.82793,-0.490072,-10.5797,-14.3713,0,0,0,0,0,0,-1.80207,-0.358336,-0.688962,0.140627,-0.239681,-2.39552
539,0.2695,4,2,4,0,0,0,0,0,0,-30.3981,-26.0978,-9.93001,-0.531476,-10.652,-14.5018,0,0,0,0,0,0,-1.81672,-0.3367,-0.682293,0.140309,-0.235716,-2.42763
540,0.27,4,2,4,0,0,0,0,0,0,-30.4254,-25.8897,-10.0393,-0.570195,-10.7294,-14.6324,0,0,0,0,0,0,-1.83244,-0.320713,-0.672345,0.135587,-0.233379,-2.45914
541,0.2705,4,2,4,0,0,0,0,0,0,-30.4506,-25.6817,-10.1542,-0.607325,-10.8117,-14.7623,0,0,0,0,0,0,-1.84081,-0.296906,-0.670554,0.133003,-0.234915,-2.48182
542,0.271,4,2,4,0,0,0,0,0,0,-30.4767,-25.4688,-10.2702,-0.644485,-10.8957,-14.8929,0,0,0,0,0,0,-1.85271,-0.269637,-0.67156,0.132966,-0.235874,-2.49595
543,0.2715,4,2,4,0,0,0,0,0,0,-30.5047,-25.2496,-10.3848,-0.682775,-10.9792,-15.0247,0,0,0,0,0,0,-1.86416,-0.243131,-0.670028,0.132244,-0.234917,-2.51208
544,0.272,4,2,4,0,0,0,0,0,0,-30.5357,-25.0286,-10.5001,-0.720767,-11.0621,-15.1572,0,0,0,0,0,0,-1.86433,-0.203661,-0.663819,0.129276,-0.235042,-2.52192
545,0.2725,4,2,4,0,0,0,0,0,0,-30.571,-24.809,-10.6181,-0.756906,-11.144,-15.2918,0,0,0,0,0,0,-1.86004,-0.160322,-0.661911,0.125523,-0.24057,-2.51939
546,0.273,4,2,4,0,0,0,0,0,0,-30.6092,-24.5926,-10.739,-0.790951,-11.2255,-15.4272,0,0,0,0,0,0,-1.85445,-0.114347,-0.666191,0.124614,-0.247631,-2.5121
547,0.2735,4,2,4,0,0,0,0,0,0,-30.6497,-24.3786,-10.8603,-0.824573,-11.3063,-15.5603,0,0,0,0,0,0,-1.84934,-0.0718769,-0.674211,0.125489,-0.25544,-2.5091
548,0.274,4,2,4,0,0,0,0,0,0,-30.6941,-24.1663,-10.9798,-0.859522,-11.3868,-15.6971,0,0,0,0,0,0,-1.85695,-0.0397945,-0.688629,0.131754,-0.262729,-2.52421
549,0.2745,4,2,4,0,0,0,0,0,0,-30.7425,-23.9555,-11.0986,-0.894589,-11.4672,-15.8402,0,0,0,0,0,0,-1.87424,-0.0199609,-0.701522,0.139885,-0.266727,-2.55695
550,0.275,4,2,4,0,0,0,0,0,0,-30.7896,-23.7454,-11.2148,-0.929664,-11.5462,-15.9875,0,0,0,0,0,0,-1.88204,0.00638389,-0.706106,0.145119,-0.267628,-2.58866
551,0.2755,4,2,4,0,0,0,0,0,0,-30.8304,-23.5351,-11.3246,-0.966476,-11.6238,-16.1365,0,0,0,0,0,0,-1.88064,0.0365866,-0.700641,0.143814,-0.267555,-2.61954
552,0.276,4,2,4,0,0,0,0,0,0,-30.862,-23.3196,-11.4242,-1.00651,-11.6999,-16.2839,0,0,0,0,0,0,-1.87448,0.0721574,-0.69074,0.139698,-0.266344,-2.63584
553,0.2765,4,2,4,0,0,0,0,0,0,-30.8913,-23.0954,-11.5136,-1.04908,-11.7727,-16.4332,0,0,0,0,0,0,-1.86815,0.10721,-0.686359,0.138711,-0.265531,-2.64553
554,0.277,4,2,4,0,0,0,0,0,0,-30.9174,-22.8645,-11.5932,-1.09488,-11.8424,-16.5842,0,0,0,0,0,0,-1.86673,0.143859,-0.689232,0.141057,-0.26688,-2.66025
555,0.2775,4,2,4,0,0,0,0,0,0,-30.9391,-22.6289,-11.6622,-1.14525,-11.9092,-16.7365,0,0,0,0,0,0,-1.86716,0.179718,-0.693553,0.141987,-0.27038,-2.66941
556,0.278,4,2,4,0,0,0,0,0,0,-30.9551,-22.3902,-11.7211,-1.20039,-11.9732,-16.8861,0,0,0,0,0,0,-1.8747,0.212235,-0.692824,0.140527,-0.273125,-2.67335
557,0.2785,4,2,4,0,0,0,0,0,0,-30.9716,-22.1523,-11.774,-1.2575,-12.0345,-17.0367,0,0,0,0,0,0,-1.88136,0.247115,-0.689405,0.138096,-0.273467,-2.6802
558,0.279,4,2,4,0,0,0,0,0,0,-30.9878,-21.9142,-11.828,-1.313,-12.0973,-17.1867,0,0,0,0,0,0,-1.89392,0.277762,-0.686275,0.136304,-0.271607,-2.69258
559,0.2795,4,2,4,0,0,0,0,0,0,-31.0053,-21.676,-11.8882,-1.36442,-12.1637,-17.3402,0,0,0,0,0,0,-1.91731,0.296574,-0.690085,0.138022,-0.271478,-2.72192
560,0.28,4,2,4,0,0,0,0,0,0,-31.0272,-21.4392,-11.959,-1.41106,-12.2355,-17.4981,0,0,0,0,0,0,-1.94008,0.315423,-0.69464,0.139621,-0.273587,-2.75084
561,0.2805,4,2,4,0,0,0,0,0,0,-31.0521,-21.2072,-12.0429,-1.45227,-12.3134,-17.6567,0,0,0,0,0,0,-1.95257,0.337899,-0.699789,0.142069,-0.278484,-2.7747
562,0.281,4,2,4,0,0,0,0,0,0,-31.0822,-20.9794,-12.1423,-1.48667,-12.3981,-17.8191,0,0,0,0,0,0,-1.96072,0.358927,-0.698271,0.142496,-0.280299,-2.79516
563,0.2815,4,2,4,0,0,0,0,0,0,-31.1107,-20.7482,-12.2516,-1.51728,-12.4875,-17.978,0,0,0,0,0,0,-1.96355,0.389495,-0.690979,0.139878,-0.279557,-2.81133
564,0.282,4,2,4,0,0,0,0,0,0,-31.1394,-20.5138,-12.3649,-1.5471,-12.5787,-18.1386,0,0,0,0,0,0,-1.96024,0.424908,-0.686091,0.139768,-0.278066,-2.82261
565,0.2825,4,2,4,0,0,0,0,0,0,-31.1718,-20.2774,-12.4799,-1.57476,-12.6673,-18.3071,0,0,0,0,0,0,-1.94947,0.464545,-0.677784,0.136579,-0.277981,-2.82543
566,0.283,4,2,4,0,0,0,0,0,0,-31.2051,-20.0398,-12.5921,-1.60114,-12.7504,-18.4814,0,0,0,0,0,0,-1.93209,0.512415,-0.670928,0.133371,-0.281206,-2.82735
567,0.2835,4,2,4,0,0,0,0,0,0,-31.234,-19.8032,-12.6958,-1.63197,-12.8293,-18.6517,0,0,0,0,0,0,-1.92143,0.551075,-0.671207,0.134582,-0.285234,-2.8317
568,0.284,4,2,4,0,0,0,0,0,0,-31.2627,-19.566,-12.7915,-1.66769,-12.9041,-18.821,0,0,0,0,0,0,-1.91705,0.586758,-0.673461,0.138575,-0.287359,-2.84446
569,0.2845,4,2,4,0,0,0,0,0,0,-31.2907,-19.3274,-12.8777,-1.70862,-12.9751,-18.9927,0,0,0,0,0,0,-1.91981,0.622938,-0.673383,0.142097,-0.287502,-2.87396
570,0.285,4,2,4,0,0,0,0,0,0,-31.3169,-19.0906,-12.9561,-1.75501,-13.045,-19.1652,0,0,0,0,0,0,-1.92522,0.653435,-0.672091,0.143548,-0.288238,-2.90361
571,0.2855,4,2,4,0,0,0,0,0,0,-31.3425,-18.8544,-13.0307,-1.80378,-13.1146,-19.3389,0,0,0,0,0,0,-1.92936,0.688593,-0.669504,0.143788,-0.289542,-2.93005
572,0.286,4,2,4,0,0,0,0,0,0,-31.3673,-18.615,-13.1015,-1.85291,-13.1837,-19.5135,0,0,0,0,0,0,-1.93426,0.717242,-0.670524,0.14557,-0.291856,-2.95299
573,0.2865,4,2,4,0,0,0,0,0,0,-31.3918,-18.3719,-13.1684,-1.90208,-13.2523,-19.6872,0,0,0,0,0,0,-1.94371,0.747048,-0.675561,0.149938,-0.29522,-2.97243
574,0.287,4,2,4,0,0,0,0,0,0,-31.4178,-18.1292,-13.2326,-1.95143,-13.3209,-19.8626,0,0,0,0,0,0,-1.95005,0.776177,-0.68057,0.154501,-0.298486,-2.98762
575,0.2875,4,2,4,0,0,0,0,0,0,-31.4483,-17.8893,-13.295,-1.99993,-13.3882,-20.0439,0,0,0,0,0,0,-1.95512,0.80794,-0.68071,0.157735,-0.29769,-2.99534
576,0.288,4,2,4,0,0,0,0,0,0,-31.4797,-17.651,-13.3553,-2.04658,-13.4531,-20.2292,0,0,0,0,0,0,-1.95714,0.842704,-0.670479,0.153786,-0.29341,-2.99886
577,0.2885,4,2,4,0,0,0,0,0,0,-31.5064,-17.4122,-13.4156,-2.09101,-13.5178,-20.4185,0,0,0,0,0,0,-1.96715,0.870112,-0.658582,0.146883,-0.289636,-3.00982
578,0.289,4,2,4,0,0,0,0,0,0,-31.5248,-17.1677,-13.4789,-2.13306,-13.5853,-20.6044,0,0,0,0,0,0,-1.97802,0.898457,-0.651145,0.141627,-0.286725,-3.02947
579,0.2895,4,2,4,0,0,0,0,0,0,-31.5366,-16.9188,-13.5445,-2.17222,-13.6544,-20.7889,0,0,0,0,0,0,-1.98635,0.924149,-0.648476,0.140483,-0.285892,-3.05148
580,0.29,4,2,4,0,0,0,0,0,0,-31.5478,-16.669,-13.6115,-2.20895,-13.7234,-20.9762,0,0,0,0,0,0,-1.99347,0.953484,-0.64962,0.144036,-0.285992,-3.07869
581,0.2905,4,2,4,0,0,0,0,0,0,-31.5594,-16.4211,-13.6816,-2.24508,-13.7949,-21.1639,0,0,0,0,0,0,-1.99561,0.9807,-0.646228,0.14697,-0.284283,-3.09911
582,0.291,4,2,4,0,0,0,0,0,0,-31.5711,-16.171,-13.757,-2.2813,-13.8713,-21.348,0,0,0,0,0,0,-1.98975,1.01177,-0.635362,0.142945,-0.285129,-3.11912
583,0.2915,4,2,4,0,0,0,0,0,0,-31.5809,-15.9158,-13.8329,-2.31923,-13.9502,-21.5295,0,0,0,0,0,0,-1.97904,1.04391,-0.620321,0.135145,-0.285491,-3.12955
584,0.292,4,2,4,0,0,0,0,0,0,-31.5949,-15.6582,-13.9081,-2.35759,-14.0285,-21.7168,0,0,0,0,0,0,-1.9693,1.08382,-0.614259,0.133124,-0.288797,-3.14254
585,0.2925,4,2,4,0,0,0,0,0,0,-31.6123,-15.4007,-13.9835,-2.39614,-14.1064,-21.9066,0,0,0,0,0,0,-1.96064,1.12383,-0.616891,0.137331,-0.293795,-3.15335
586,0.293,4,2,4,0,0,0,0,0,0,-31.635,-15.1458,-14.0613,-2.43219,-14.1838,-22.1028,0,0,0,0,0,0,-1.95635,1.16073,-0.620818,0.14559,-0.29657,-3.16472
587,0.2935,4,2,4,0,0,0,0,0,0,-31.663,-14.8959,-14.1391,-2.46814,-14.2609,-22.3075,0,0,0,0,0,0,-1.95382,1.1977,-0.624158,0.152924,-0.298453,-3.18726
588,0.294,4,2,4,0,0,0,0,0,0,-31.6951,-14.6494,-14.2133,-2.50442,-14.3344,-22.5187,0,0,0,0,0,0,-1.95832,1.22981,-0.624271,0.15823,-0.298407,-3.21492
589,0.2945,4,2,4,0,0,0,0,0,0,-31.7283,-14.4053,-14.2812,-2.54112,-14.4018,-22.7334,0,0,0,0,0,0,-1.97122,1.25876,-0.621888,0.160395,-0.295214,-3.24803
590,0.295,4,2,4,0,0,0,0,0,0,-31.7534,-14.1612,-14.3393,-2.58103,-14.4638,-22.9437,0,0,0,0,0,0,-1.98058,1.28425,-0.618356,0.163411,-0.289329,-3.27732
591,0.2955,4,2,4,0,0,0,0,0,0,-31.7725,-13.9142,-14.3888,-2.62506,-14.5227,-23.1503,0,0,0,0,0,0,-1.9862,1.30947,-0.61249,0.161404,-0.287195,-3.29456
592,0.296,4,2,4,0,0,0,0,0,0,-31.7878,-13.6616,-14.4305,-2.67208,-14.578,-23.353,0,0,0,0,0,0,-1.9889,1.33413,-0.610166,0.162816,-0.285522,-3.30424
593,0.2965,4,2,4,0,0,0,0,0,0,-31.8019,-13.4064,-14.4644,-2.72129,-14.6288,-23.5543,0,0,0,0,0,0,-1.98596,1.36478,-0.60548,0.161063,-0.28768,-3.30706
594,0.297,4,2,4,0,0,0,0,0,0,-31.8145,-13.1491,-14.493,-2.77079,-14.6768,-23.7563,0,0,0,0,0,0,-1.98779,1.39764,-0.601173,0.159985,-0.289108,-3.32233
595,0.2975,4,2,4,0,0,0,0,0,0,-31.8228,-12.893,-14.5213,-2.82081,-14.7277,-23.9554,0,0,0,0,0,0,-1.98429,1.42774,-0.593066,0.156826,-0.288409,-3.32943
596,0.298,4,2,4,0,0,0,0,0,0,-31.8277,-12.6374,-14.5528,-2.86922,-14.7832,-24.1554,0,0,0,0,0,0,-1.98651,1.4581,-0.583638,0.154856,-0.285286,-3.34484
597,0.2985,4,2,4,0,0,0,0,0,0,-31.8301,-12.3819,-14.5889,-2.91672,-14.8454,-24.3578,0,0,0,0,0,0,-1.98671,1.48813,-0.574777,0.154575,-0.280973,-3.36526
598,0.299,4,2,4,0,0,0,0,0,0,-31.8358,-12.127,-14.6339,-2.96034,-14.9143,-24.5694,0,0,0,0,0,0,-1.99173,1.5137,-0.572777,0.158243,-0.278225,-3.39635
599,0.2995,4,2,4,0,0,0,0,0,0,-31.8464,-11.8738,-14.691,-2.99918,-14.9909,-24.7881,0,0,0,0,0,0,-2.00762,1.53836,-0.569982,0.161266,-0.275462,-3.43489
600,0.3,4,2,4,0,0,0,0,0,0,-31.8582,-11.6181,-14.7539,-3.03737,-15.0728,-25.0072,0,0,0,0,0,0,-2.01107,1.56686,-0.567429,0.165759,-0.273988,-3.46663
601,0.3005,4,2,4,0,0,0,0,0,0,-31.8656,-11.3557,-14.8146,-3.07686,-15.154,-25.2215,0,0,0,0,0,0,-2.00556,1.60444,-0.559204,0.164826,-0.274077,-3.48688
602,0.301,4,2,4,0,0,0,0,0,0,-31.8715,-11.0901,-14.8709,-3.11617,-15.2289,-25.4367,0,0,0,0,0,0,-1.9853,1.64274,-0.550744,0.164409,-0.275387,-3.48358
603,0.3015,4,2,4,0,0,0,0,0,0,-31.8824,-10.8234,-14.9236,-3.15201,-15.2941,-25.659,0,0,0,0,0,0,-1.96987,1.67625,-0.542109,0.16238,-0.275869,-3.48215
604,0.302,4,2,4,0,0,0,0,0,0,-31.894,-10.5582,-14.9706,-3.187,-15.3507,-25.8816,0,0,0,0,0,0,-1.96598,1.71011,-0.53643,0.162306,-0.274549,-3.49648
605,0.3025,4,2,4,0,0,0,0,0,0,-31.906,-10.2959,-15.0128,-3.22132,-15.4005,-26.1066,0,0,0,0,0,0,-1.96423,1.73522,-0.53359,0.163351,-0.275619,-3.5172
606,0.303,4,2,4,0,0,0,0,0,0,-31.9173,-10.0356,-15.0504,-3.25626,-15.4469,-26.3345,0,0,0,0,0,0,-1.97414,1.75816,-0.536456,0.170001,-0.275889,-3.55047
607,0.3035,4,2,4,0,0,0,0,0,0,-31.9293,-9.77902,-15.0839,-3.29401,-15.4926,-26.5634,0,0,0,0,0,0,-1.98124,1.78582,-0.541534,0.179056,-0.276994,-3.57998
608,0.304,4,2,4,0,0,0,0,0,0,-31.9437,-9.52558,-15.1103,-3.33656,-15.5367,-26.7937,0,0,0,0,0,0,-1.98457,1.81389,-0.5462,0.186095,-0.278208,-3.60459
609,0.3045,4,2,4,0,0,0,0,0,0,-31.963,-9.27427,-15.1276,-3.38545,-15.5784,-27.0271,0,0,0,0,0,0,-1.98734,1.83877,-0.539749,0.184821,-0.27568,-3.62307
610,0.305,4,2,4,0,0,0,0,0,0,-31.98,-9.02133,-15.1404,-3.43735,-15.6212,-27.2588,0,0,0,0,0,0,-1.99061,1.86683,-0.528047,0.177981,-0.272754,-3.63915
611,0.3055,4,2,4,0,0,0,0,0,0,-31.9879,-8.76463,-15.1513,-3.49155,-15.6679,-27.4844,0,0,0,0,0,0,-1.98852,1.89784,-0.516122,0.171614,-0.269145,-3.65587
612,0.306,4,2,4,0,0,0,0,0,0,-31.9866,-8.50278,-15.1649,-3.54455,-15.7197,-27.7044,0,0,0,0,0,0,-1.98671,1.93261,-0.502098,0.167464,-0.263907,-3.6711
613,0.3065,4,2,4,0,0,0,0,0,0,-31.9785,-8.23779,-15.1824,-3.59586,-15.7755,-27.9219,0,0,0,0,0,0,-1.98449,1.96323,-0.493724,0.169726,-0.257708,-3.68526
614,0.307,4,2,4,0,0,0,0,0,0,-31.9645,-7.97191,-15.2037,-3.64435,-15.8334,-28.1403,0,0,0,0,0,0,-1.97807,1.99316,-0.483358,0.171596,-0.252276,-3.70041
615,0.3075,4,2,4,0,0,0,0,0,0,-31.9486,-7.70624,-15.2279,-3.69011,-15.8919,-28.3615,0,0,0,0,0,0,-1.98001,2.01934,-0.473022,0.172799,-0.246278,-3.73111
616,0.308,4,2,4,0,0,0,0,0,0,-31.9357,-7.44304,-15.256,-3.73339,-15.9509,-28.5874,0,0,0,0,0,0,-1.9772,2.04349,-0.462278,0.173004,-0.240633,-3.76308
617,0.3085,4,2,4,0,0,0,0,0,0,-31.9305,-7.18054,-15.2851,-3.77431,-16.0077,-28.8214,0,0,0,0,0,0,-1.97273,2.065,-0.452284,0.173099,-0.237021,-3.78225
618,0.309,4,2,4,0,0,0,0,0,0,-31.9288,-6.91503,-15.3116,-3.81376,-16.0603,-29.0583,0,0,0,0,0,0,-1.96766,2.0927,-0.448315,0.177616,-0.234859,-3.796
619,0.3095,4,2,4,0,0,0,0,0,0,-31.929,-6.64767,-15.3349,-3.85246,-16.1093,-29.2971,0,0,0,0,0,0,-1.95844,2.12563,-0.443412,0.179323,-0.237091,-3.80932
620,0.31,4,2,4,0,0,0,0,0,0,-31.9352,-6.38078,-15.3573,-3.88948,-16.1554,-29.5438,0,0,0,0,0,0,-1.94729,2.16298,-0.441186,0.183438,-0.239826,-3.82063
621,0.3105,4,2,4,0,0,0,0,0,0,-31.9459,-6.11373,-15.3775,-3.92543,-16.1962,-29.7972,0,0,0,0,0,0,-1.94587,2.19421,-0.441783,0.187618,-0.242384,-3.83689
622,0.311,4,2,4,0,0,0,0,0,0,-31.9544,-5.84821,-15.3966,-3.96231,-16.2353,-30.0474,0,0,0,0,0,0,-1.9475,2.22045,-0.443296,0.194741,-0.242168,-3.85579
623,0.3115,4,2,4,0,0,0,0,0,0,-31.9611,-5.58644,-15.4138,-4.00183,-16.2735,-30.2945,0,0,0,0,0,0,-1.9479,2.24826,-0.441162,0.199336,-0.238708,-3.87512
624,0.312,4,2,4,0,0,0,0,0,0,-31.9719,-5.33239,-15.4283,-4.04546,-16.3112,-30.5409,0,0,0,0,0,0,-1.95731,2.27151,-0.435983,0.200341,-0.233028,-3.90789
625,0.3125,4,2,4,0,0,0,0,0,0,-31.9853,-5.08256,-15.4398,-4.09126,-16.3475,-30.7875,0,0,0,0,0,0,-1.96783,2.28644,-0.425385,0.19735,-0.224255,-3.93312
626,0.313,4,2,4,0,0,0,0,0,0,-31.989,-4.82894,-15.4436,-4.14089,-16.3831,-31.029,0,0,0,0,0,0,-1.98793,2.29896,-0.414449,0.194191,-0.216232,-3.96572
627,0.3135,4,2,4,0,0,0,0,0,0,-31.976,-4.56712,-15.4372,-4.19505,-16.4176,-31.2608,0,0,0,0,0,0,-1.98698,2.32715,-0.40336,0.193422,-0.210308,-3.98393
628,0.314,4,2,4,0,0,0,0,0,0,-31.9505,-4.30165,-15.423,-4.25162,-16.4503,-31.4892,0,0,0,0,0,0,-1.96659,2.36194,-0.391576,0.191391,-0.208535,-3.98249
629,0.3145,4,2,4,0,0,0,0,0,0,-31.9198,-4.03337,-15.4048,-4.30935,-16.4814,-31.7176,0,0,0,0,0,0,-1.94993,2.39833,-0.375557,0.186877,-0.204337,-3.98394
630,0.315,4,2,4,0,0,0,0,0,0,-31.891,-3.76448,-15.3891,-4.36384,-16.5124,-31.9523,0,0,0,0,0,0,-1.92588,2.43018,-0.358786,0.181007,-0.201116,-3.98547
631,0.3155,4,2,4,0,0,0,0,0,0,-31.8629,-3.49458,-15.3791,-4.41499,-16.5472,-32.1907,0,0,0,0,0,0,-1.91149,2.45727,-0.346277,0.178873,-0.197917,-4.0053
632,0.316,4,2,4,0,0,0,0,0,0,-31.8415,-3.22601,-15.3787,-4.46075,-16.5871,-32.4399,0,0,0,0,0,0,-1.90794,2.48574,-0.340915,0.185553,-0.192939,-4.03486
633,0.3165,4,2,4,0,0,0,0,0,0,-31.832,-2.96232,-15.3873,-4.50141,-16.6302,-32.6994,0,0,0,0,0,0,-1.90917,2.51045,-0.341062,0.196101,-0.190126,-4.06811
634,0.317,4,2,4,0,0,0,0,0,0,-31.8359,-2.70223,-15.4005,-4.53909,-16.6726,-32.9664,0,0,0,0,0,0,-1.91481,2.53269,-0.341469,0.203901,-0.188565,-4.09916
635,0.3175,4,2,4,0,0,0,0,0,0,-31.8442,-2.44141,-15.4139,-4.57617,-16.7134,-33.2321,0,0,0,0,0,0,-1.91282,2.56154,-0.340542,0.208886,-0.189154,-4.12416
636,0.318,4,2,4,0,0,0,0,0,0,-31.8485,-2.17921,-15.4216,-4.6153,-16.7496,-33.4946,0,0,0,0,0,0,-1.91322,2.58846,-0.33367,0.20856,-0.188267,-4.14492
637,0.3185,4,2,4,0,0,0,0,0,0,-31.8444,-1.91526,-15.4225,-4.65693,-16.7802,-33.7525,0,0,0,0,0,0,-1.91139,2.61335,-0.322656,0.206606,-0.183924,-4.15828
638,0.319,4,2,4,0,0,0,0,0,0,-31.8338,-1.64811,-15.4162,-4.70135,-16.8049,-34.0077,0,0,0,0,0,0,-1.89993,2.63503,-0.312958,0.206222,-0.178,-4.15847
639,0.3195,4,2,4,0,0,0,0,0,0,-31.8196,-1.383,-15.4035,-4.74815,-16.8239,-34.2599,0,0,0,0,0,0,-1.90579,2.6574,-0.30492,0.206892,-0.17137,-4.1842
640,0.32,4,2,4,0,0,0,0,0,0,-31.8058,-1.12294,-15.3843,-4.79763,-16.8376,-34.5133,0,0,0,0,0,0,-1.91048,2.68096,-0.299481,0.210724,-0.164058,-4.21309
641,0.3205,4,2,4,0,0,0,0,0,0,-31.7892,-0.867731,-15.359,-4.84935,-16.8482,-34.7663,0,0,0,0,0,0,-1.91484,2.70086,-0.292219,0.212724,-0.157292,-4.24071
642,0.321,4,2,4,0,0,0,0,0,0,-31.771,-0.613577,-15.3291,-4.90234,-16.8578,-35.0192,0,0,0,0,0,0,-1.91745,2.72142,-0.284409,0.21255,-0.153407,-4.26135
643,0.3215,4,2,4,0,0,0,0,0,0,-31.7523,-0.356378,-15.2981,-4.95655,-16.8703,-35.2725,0,0,0,0,0,0,-1.91108,2.74479,-0.280049,0.216192,-0.151074,-4.27243
644,0.322,4,2,4,0,0,0,0,0,0,-31.7356,-0.0967464,-15.2688,-5.00916,-16.8855,-35.5322,0,0,0,0,0,0,-1.90381,2.76871,-0.26983,0.214935,-0.148818,-4.2896
645,0.3225,4,2,4,0,0,0,0,0,0,-31.7147,0.163437,-15.2386,-5.06109,-16.901,-35.7927,0,0,0,0,0,0,-1.88851,2.79795,-0.257359,0.21334,-0.144353,-4.30364
646,0.323,4,2,4,0,0,0,0,0,0,-31.6874,0.426393,-15.2094,-5.11259,-16.9188,-36.0458,0,0,0,0,0,0,-1.88077,2.82845,-0.243815,0.210135,-0.140454,-4.32682
647,0.3235,4,2,4,0,0,0,0,0,0,-31.6558,0.691864,-15.1876,-5.16125,-16.9434,-36.2947,0,0,0,0,0,0,-1.86152,2.85184,-0.231999,0.209133,-0.137432,-4.32899
648,0.324,4,2,4,0,0,0,0,0,0,-31.6237,0.957079,-15.1755,-5.20563,-16.9743,-36.5458,0,0,0,0,0,0,-1.86159,2.87402,-0.221489,0.213141,-0.129874,-4.36
649,0.3245,4,2,4,0,0,0,0,0,0,-31.5942,1.21877,-15.167,-5.24952,-17.006,-36.7996,0,0,0,0,0,0,-1.85693,2.89305,-0.214896,0.220618,-0.122948,-4.3855
650,0.325,4,2,4,0,0,0,0,0,0,-31.5659,1.47972,-15.1519,-5.2979,-17.0322,-37.0538,0,0,0,0,0,0,-1.85079,2.91476,-0.206351,0.222836,-0.116726,-4.41053
651,0.3255,4,2,4,0,0,0,0,0,0,-31.5403,1.74287,-15.1277,-5.34951,-17.05,-37.3111,0,0,0,0,0,0,-1.84802,2.9381,-0.194086,0.220549,-0.110599,-4.43278
652,0.326,4,2,4,0,0,0,0,0,0,-31.5179,2.00637,-15.0943,-5.40236,-17.0574,-37.573,0,0,0,0,0,0,-1.84089,2.96155,-0.185372,0.220369,-0.107247,-4.44456
653,0.3265,4,2,4,0,0,0,0,0,0,-31.4974,2.26857,-15.0526,-5.45613,-17.0549,-37.8378,0,0,0,0,0,0,-1.83656,2.98792,-0.178409,0.220752,-0.104123,-4.45679
654,0.327,4,2,4,0,0,0,0,0,0,-31.479,2.5301,-15.007,-5.50889,-17.0459,-38.1025,0,0,0,0,0,0,-1.82947,3.0161,-0.171353,0.2219,-0.100074,-4.47136
655,0.3275,4,2,4,0,0,0,0,0,0,-31.464,2.78884,-14.9631,-5.55823,-17.0349,-38.3712,0,0,0,0,0,0,-1.8311,3.04248,-0.168598,0.228609,-0.0958798,-4.49462
656,0.328,4,2,4,0,0,0,0,0,0,-31.4528,3.04218,-14.9234,-5.60239,-17.0238,-38.6512,0,0,0,0,0,0,-1.84128,3.06763,-0.168716,0.241098,-0.0881091,-4.53738
657,0.3285,4,2,4,0,0,0,0,0,0,-31.4392,3.29037,-14.8843,-5.64682,-17.0151,-38.9352,0,0,0,0,0,0,-1.85224,3.09093,-0.168451,0.25621,-0.078583,-4.5858
658,0.329,4,2,4,0,0,0,0,0,0,-31.4178,3.53996,-14.8462,-5.69428,-17.0136,-39.2094,0,0,0,0,0,0,-1.84865,3.11028,-0.163698,0.262551,-0.0733318,-4.61146
659,0.3295,4,2,4,0,0,0,0,0,0,-31.3868,3.79365,-14.8114,-5.74417,-17.0219,-39.4709,0,0,0,0,0,0,-1.8496,3.12779,-0.147951,0.257007,-0.0635544,-4.63378
660,0.33,4,2,4,0,0,0,0,0,0,-31.3495,4.05006,-14.779,-5.79364,-17.035,-39.7296,0,0,0,0,0,0,-1.83814,3.1467,-0.128913,0.247754,-0.0569793,-4.6409
661,0.3305,4,2,4,0,0,0,0,0,0,-31.3069,4.30917,-14.7473,-5.84053,-17.0477,-39.9874,0,0,0,0,0,0,-1.81765,3.16711,-0.112464,0.242496,-0.0507816,-4.63644
662,0.331,4,2,4,0,0,0,0,0,0,-31.2566,4.57102,-14.7122,-5.88703,-17.057,-40.2398,0,0,0,0,0,0,-1.8002,3.19291,-0.0963447,0.236939,-0.0474327,-4.64443
663,0.3315,4,2,4,0,0,0,0,0,0,-31.2039,4.83353,-14.6743,-5.93233,-17.0613,-40.4911,0,0,0,0,0,0,-1.77781,3.21424,-0.0865305,0.236758,-0.0457379,-4.65072
664,0.332,4,2,4,0,0,0,0,0,0,-31.1562,5.0939,-14.633,-5.97886,-17.06,-40.7477,0,0,0,0,0,0,-1.7605,3.23125,-0.0780734,0.238154,-0.0432673,-4.65658
665,0.3325,4,2,4,0,0,0,0,0,0,-31.1115,5.35195,-14.5819,-6.03265,-17.0518,-41.0062,0,0,0,0,0,0,-1.75281,3.2529,-0.0712364,0.242855,-0.0385776,-4.67739
666,0.333,4,2,4,0,0,0,0,0,0,-31.0705,5.60826,-14.5223,-6.09227,-17.0376,-41.2667,0,0,0,0,0,0,-1.74509,3.27429,-0.0638597,0.244745,-0.0350952,-4.69881
667,0.3335,4,2,4,0,0,0,0,0,0,-31.0374,5.86457,-14.4583,-6.15419,-17.0191,-41.5333,0,0,0,0,0,0,-1.73926,3.29849,-0.0556307,0.245401,-0.0329854,-4.71939
668,0.334,4,2,4,0,0,0,0,0,0,-31.0126,6.11807,-14.3918,-6.21763,-16.9972,-41.8084,0,0,0,0,0,0,-1.74143,3.31839,-0.0506368,0.250278,-0.0283759,-4.74368
669,0.3345,4,2,4,0,0,0,0,0,0,-30.9971,6.36731,-14.3264,-6.27929,-16.9716,-42.0931,0,0,0,0,0,0,-1.74615,3.34055,-0.044711,0.255827,-0.0208107,-4.76982
670,0.335,4,2,4,0,0,0,0,0,0,-30.9833,6.61483,-14.2656,-6.33636,-16.947,-42.3833,0,0,0,0,0,0,-1.74524,3.36528,-0.0375791,0.263525,-0.010437,-4.79596
671,0.3355,4,2,4,0,0,0,0,0,0,-30.9607,6.86085,-14.209,-6.38967,-16.9267,-42.6704,0,0,0,0,0,0,-1.75002,3.37939,-0.0278112,0.268727,0.00235291,-4.82573
672,0.336,4,2,4,0,0,0,0,0,0,-30.9282,7.10563,-14.1551,-6.4399,-16.9093,-42.9514,0,0,0,0,0,0,-1.75337,3.39106,-0.0171902,0.274164,0.0178085,-4.85466
673,0.3365,4,2,4,0,0,0,0,0,0,-30.8858,7.35241,-14.1013,-6.48997,-16.8948,-43.223,0,0,0,0,0,0,-1.76398,3.40739,-0.007992,0.27982,0.0326079,-4.89475
674,0.337,4,2,4,0,0,0,0,0,0,-30.8428,7.60019,-14.0484,-6.53853,-16.8808,-43.4936,0,0,0,0,0,0,-1.76306,3.42217,0.00460192,0.278469,0.0427269,-4.91712
675,0.3375,4,2,4,0,0,0,0,0,0,-30.7938,7.85068,-13.9917,-6.5881,-16.8654,-43.759,0,0,0,0,0,0,-1.74265,3.43955,0.0197065,0.273851,0.0486848,-4.91527
676,0.338,4,2,4,0,0,0,0,0,0,-30.7353,8.10485,-13.9287,-6.63901,-16.8458,-44.0181,0,0,0,0,0,0,-1.72939,3.46346,0.0342429,0.272681,0.054894,-4.93071
677,0.3385,4,2,4,0,0,0,0,0,0,-30.6643,8.36208,-13.862,-6.69043,-16.8244,-44.2654,0,0,0,0,0,0,-1.70388,3.48847,0.0472056,0.273321,0.0560393,-4.9315
678,0.339,4,2,4,0,0,0,0,0,0,-30.5891,8.62154,-13.7986,-6.7373,-16.8039,-44.5114,0,0,0,0,0,0,-1.6886,3.51323,0.05379,0.281533,0.0586557,-4.94866
679,0.3395,4,2,4,0,0,0,0,0,0,-30.5233,8.87806,-13.7423,-6.77926,-16.7843,-44.7664,0,0,0,0,0,0,-1.66742,3.53121,0.0613864,0.288126,0.0625181,-4.95814
680,0.34,4,2,4,0,0,0,0,0,0,-30.4767,9.13028,-13.6908,-6.81914,-16.7622,-45.0359,0,0,0,0,0,0,-1.6578,3.54617,0.0704832,0.291049,0.0690448,-4.97379
681,0.3405,4,2,4,0,0,0,0,0,0,-30.4424,9.37865,-13.6374,-6.86329,-16.7373,-45.3109,0,0,0,0,0,0,-1.65568,3.5608,0.0773079,0.294275,0.0761579,-4.99541
682,0.341,4,2,4,0,0,0,0,0,0,-30.4137,9.62325,-13.5772,-6.9133,-16.7073,-45.5911,0,0,0,0,0,0,-1.65799,3.58179,0.084594,0.297548,0.0843812,-5.02141
683,0.3415,4,2,4,0,0,0,0,0,0,-30.3866,9.8651,-13.5077,-6.96831,-16.67,-45.8793,0,0,0,0,0,0,-1.65083,3.59806,0.0960473,0.294619,0.0904682,-5.03097
684,0.342,4,2,4,0,0,0,0,0,0,-30.3521,10.1064,-13.4292,-7.02728,-16.6265,-46.1633,0,0,0,0,0,0,-1.64134,3.61477,0.106954,0.292672,0.0979157,-5.03894
685,0.3425,4,2,4,0,0,0,0,0,0,-30.3051,10.3457,-13.3438,-7.08864,-16.579,-46.4356,0,0,0,0,0,0,-1.63762,3.63392,0.120462,0.291617,0.109611,-5.05723
686,0.343,4,2,4,0,0,0,0,0,0,-30.2508,10.5837,-13.2539,-7.15039,-16.5279,-46.7027,0,0,0,0,0,0,-1.64152,3.65435,0.130449,0.296413,0.122652,-5.08736
687,0.3435,4,2,4,0,0,0,0,0,0,-30.1918,10.8202,-13.1617,-7.21381,-16.4766,-46.9667,0,0,0,0,0,0,-1.64126,3.66603,0.135995,0.303795,0.130923,-5.11375
688,0.344,4,2,4,0,0,0,0,0,0,-30.1253,11.059,-13.0685,-7.27921,-16.4297,-47.2229,0,0,0,0,0,0,-1.63501,3.67815,0.146713,0.304786,0.138587,-5.13732
689,0.3445,4,2,4,0,0,0,0,0,0,-30.0537,11.3016,-12.9762,-7.34526,-16.3882,-47.4746,0,0,0,0,0,0,-1.61301,3.69603,0.16189,0.301822,0.144921,-5.14749
690,0.345,4,2,4,0,0,0,0,0,0,-29.9827,11.544,-12.8873,-7.40864,-16.3496,-47.7289,0,0,0,0,0,0,-1.58954,3.71718,0.175608,0.301929,0.150198,-5.15498
691,0.3455,4,2,4,0,0,0,0,0,0,-29.9164,11.7863,-12.8053,-7.46347,-16.3107,-47.9889,0,0,0,0,0,0,-1.57452,3.74522,0.189206,0.30258,0.154707,-5.17092
692,0.346,4,2,4,0,0,0,0,0,0,-29.8545,12.0271,-12.7326,-7.50897,-16.2728,-48.2534,0,0,0,0,0,0,-1.56283,3.76441,0.201624,0.304892,0.161914,-5.18719
693,0.3465,4,2,4,0,0,0,0,0,0,-29.7958,12.2663,-12.6709,-7.54372,-16.2367,-48.5236,0,0,0,0,0,0,-1.55606,3.77003,0.208275,0.310342,0.169071,-5.20261
694,0.347,4,2,4,0,0,0,0,0,0,-29.7372,12.5034,-12.6118,-7.5765,-16.2,-48.795,0,0,0,0,0,0,-1.54907,3.77368,0.212638,0.317842,0.17723,-5.21835
695,0.3475,4,2,4,0,0,0,0,0,0,-29.677,12.7412,-12.5464,-7.61492,-16.1591,-49.0632,0,0,0,0,0,0,-1.54168,3.78593,0.221535,0.321818,0.188258,-5.23472
696,0.348,4,2,4,0,0,0,0,0,0,-29.6161,12.9805,-12.4694,-7.663,-16.1106,-49.3279,0,0,0,0,0,0,-1.54604,3.80565,0.232002,0.323538,0.200135,-5.26693
697,0.3485,4,2,4,0,0,0,0,0,0,-29.5603,13.2182,-12.3808,-7.71939,-16.0517,-49.5978,0,0,0,0,0,0,-1.54841,3.82342,0.239971,0.327852,0.20965,-5.29239
698,0.349,4,2,4,0,0,0,0,0,0,-29.5094,13.4529,-12.2846,-7.78058,-15.9847,-49.8734,0,0,0,0,0,0,-1.54957,3.84029,0.243716,0.338538,0.219487,-5.31798
699,0.3495,4,2,4,0,0,0,0,0,0,-29.461,13.6877,-12.1876,-7.84008,-15.9153,-50.1557,0,0,0,0,0,0,-1.54928,3.8597,0.249634,0.346363,0.226845,-5.33927
700,0.35,4,2,4,0,0,0,0,0,0,-29.4134,13.9207,-12.0934,-7.89592,-15.8468,-50.4436,0,0,0,0,0,0,-1.54304,3.88024,0.256773,0.355064,0.236011,-5.35748
701,0.3505,4,2,4,0,0,0,0,0,0,-29.3574,14.151,-12.0011,-7.94913,-15.7813,-50.7238,0,0,0,0,0,0,-1.53739,3.89857,0.269007,0.358364,0.248554,-5.38557
702,0.351,4,2,4,0,0,0,0,0,0,-29.2967,14.3801,-11.9111,-8.00056,-15.72,-50.9985,0,0,0,0,0,0,-1.53042,3.91213,0.281111,0.36146,0.259409,-5.4124
703,0.3515,4,2,4,0,0,0,0,0,0,-29.2263,14.6108,-11.8195,-8.05427,-15.6635,-51.2632,0,0,0,0,0,0,-1.5204,3.91614,0.288809,0.368155,0.268732,-5.43127
704,0.352,4,2,4,0,0,0,0,0,0,-29.1493,14.8431,-11.7273,-8.10847,-15.6096,-51.5227,0,0,0,0,0,0,-1.49945,3.9271,0.30476,0.365329,0.275848,-5.43421
705,0.3525,4,2,4,0,0,0,0,0,0,-29.0679,15.0764,-11.6346,-8.16211,-15.5559,-51.7781,0,0,0,0,0,0,-1.48032,3.93998,0.324412,0.356843,0.284423,-5.43751
706,0.353,4,2,4,0,0,0,0,0,0,-28.9805,15.3104,-11.5408,-8.2162,-15.5012,-52.0244,0,0,0,0,0,0,-1.45233,3.95353,0.342337,0.350534,0.290862,-5.42991
707,0.3535,4,2,4,0,0,0,0,0,0,-28.8913,15.5405,-11.4459,-8.27036,-15.4427,-52.2676,0,0,0,0,0,0,-1.43382,3.96958,0.353709,0.351432,0.294847,-5.43366
708,0.354,4,2,4,0,0,0,0,0,0,-28.7978,15.7664,-11.3476,-8.32688,-15.38,-52.505,0,0,0,0,0,0,-1.41914,3.98466,0.360317,0.357198,0.29841,-5.44307
709,0.3545,4,2,4,0,0,0,0,0,0,-28.7066,15.991,-11.2478,-8.38336,-15.3133,-52.7433,0,0,0,0,0,0,-1.40858,3.99693,0.365257,0.364998,0.304466,-5.4577
710,0.355,4,2,4,0,0,0,0,0,0,-28.6255,16.2184,-11.1473,-8.43894,-15.243,-52.9896,0,0,0,0,0,0,-1.40068,4.01206,0.37379,0.369377,0.311645,-5.47684
711,0.3555,4,2,4,0,0,0,0,0,0,-28.5552,16.4449,-11.0432,-8.49685,-15.1675,-53.2468,0,0,0,0,0,0,-1.39457,4.0235,0.383032,0.371553,0.319369,-5.49084
712,0.356,4,2,4,0,0,0,0,0,0,-28.4973,16.672,-10.9398,-8.55055,-15.0858,-53.5167,0,0,0,0,0,0,-1.39241,4.03872,0.392548,0.374401,0.327643,-5.51102
713,0.3565,4,2,4,0,0,0,0,0,0,-28.4431,16.896,-10.8388,-8.59934,-15.0019,-53.7895,0,0,0,0,0,0,-1.38734,4.05819,0.403101,0.378803,0.338285,-5.5329
714,0.357,4,2,4,0,0,0,0,0,0,-28.385,17.1119,-10.74,-8.64434,-14.9176,-54.062,0,0,0,0,0,0,-1.38074,4.072,0.411259,0.385665,0.349696,-5.55287
715,0.3575,4,2,4,0,0,0,0,0,0,-28.321,17.3234,-10.64,-8.68819,-14.8323,-54.3331,0,0,0,0,0,0,-1.38499,4.08376,0.417093,0.396096,0.364806,-5.59006
716,0.358,4,2,4,0,0,0,0,0,0,-28.2447,17.534,-10.5333,-8.73726,-14.7464,-54.592,0,0,0,0,0,0,-1.37731,4.08812,0.431535,0.395943,0.379845,-5.60501
717,0.3585,4,2,4,0,0,0,0,0,0,-28.1592,17.7459,-10.4203,-8.79179,-14.6605,-54.8426,0,0,0,0,0,0,-1.37082,4.09372,0.445833,0.395049,0.392624,-5.6274
718,0.359,4,2,4,0,0,0,0,0,0,-28.0718,17.9599,-10.3027,-8.85226,-14.5748,-55.0931,0,0,0,0,0,0,-1.35359,4.10049,0.456989,0.396203,0.399661,-5.6372
719,0.3595,4,2,4,0,0,0,0,0,0,-27.9869,18.1764,-10.1853,-8.91274,-14.4892,-55.35,0,0,0,0,0,0,-1.34121,4.11192,0.4682,0.398649,0.406267,-5.65365
720,0.36,4,2,4,0,0,0,0,0,0,-27.8988,18.3957,-10.0713,-8.96977,-14.4062,-55.6054,0,0,0,0,0,0,-1.32151,4.1293,0.480188,0.402984,0.411845,-5.664
721,0.3605,4,2,4,0,0,0,0,0,0,-27.8148,18.615,-9.96375,-9.0196,-14.3238,-55.8671,0,0,0,0,0,0,-1.30656,4.14773,0.485053,0.415262,0.417414,-5.67851
722,0.361,4,2,4,0,0,0,0,0,0,-27.7375,18.8338,-9.86521,-9.06024,-14.2419,-56.1324,0,0,0,0,0,0,-1.30912,4.16362,0.491349,0.424323,0.428802,-5.71087
723,0.3615,4,2,4,0,0,0,0,0,0,-27.6568,19.0501,-9.77161,-9.09774,-14.1637,-56.3883,0,0,0,0,0,0,-1.3037,4.17105,0.497216,0.431828,0.437899,-5.7239
724,0.362,4,2,4,0,0,0,0,0,0,-27.5706,19.2645,-9.67756,-9.13644,-14.0866,-56.6348,0,0,0,0,0,0,-1.29279,4.17465,0.502578,0.439969,0.446197,-5.7359
725,0.3625,4,2,4,0,0,0,0,0,0,-27.4843,19.4782,-9.5768,-9.18123,-14.0048,-56.8792,0,0,0,0,0,0,-1.28179,4.18034,0.512098,0.441207,0.454693,-5.74497
726,0.363,4,2,4,0,0,0,0,0,0,-27.4005,19.6933,-9.46665,-9.23278,-13.9144,-57.1249,0,0,0,0,0,0,-1.27187,4.19023,0.528145,0.436521,0.465999,-5.75343
727,0.3635,4,2,4,0,0,0,0,0,0,-27.317,19.9088,-9.34773,-9.28922,-13.8148,-57.3695,0,0,0,0,0,0,-1.26224,4.20248,0.539442,0.439937,0.477018,-5.7676
728,0.364,4,2,4,0,0,0,0,0,0,-27.2261,20.1174,-9.22159,-9.34988,-13.7088,-57.6066,0,0,0,0,0,0,-1.25518,4.21717,0.547192,0.447556,0.487228,-5.78451
729,0.3645,4,2,4,0,0,0,0,0,0,-27.1285,20.3215,-9.09312,-9.40996,-13.6004,-57.8368,0,0,0,0,0,0,-1.2501,4.2335,0.552777,0.460473,0.498239,-5.80876
730,0.365,4,2,4,0,0,0,0,0,0,-27.0266,20.5253,-8.968,-9.46613,-13.4959,-58.0633,0,0,0,0,0,0,-1.23843,4.24965,0.565304,0.463867,0.506999,-5.82515
731,0.3655,4,2,4,0,0,0,0,0,0,-26.9293,20.728,-8.84727,-9.51799,-13.3938,-58.2995,0,0,0,0,0,0,-1.22181,4.25958,0.57853,0.465659,0.517028,-5.83346
732,0.366,4,2,4,0,0,0,0,0,0,-26.8375,20.9309,-8.73022,-9.56585,-13.2936,-58.5466,0,0,0,0,0,0,-1.21902,4.26538,0.590504,0.468342,0.530672,-5.85721
733,0.3665,4,2,4,0,0,0,0,0,0,-26.747,21.1337,-8.61534,-9.61046,-13.1947,-58.7977,0,0,0,0,0,0,-1.20517,4.26929,0.605424,0.467532,0.543471,-5.86762
734,0.367,4,2,4,0,0,0,0,0,0,-26.6521,21.3347,-8.50242,-9.6519,-13.0966,-59.0436,0,0,0,0,0,0,-1.18191,4.27399,0.618461,0.467952,0.551659,-5.8638
735,0.3675,4,2,4,0,0,0,0,0,0,-26.5558,21.5343,-8.39029,-9.69073,-12.9965,-59.289,0,0,0,0,0,0,-1.16901,4.28409,0.63004,0.471486,0.561911,-5.8805
736,0.368,4,2,4,0,0,0,0,0,0,-26.4518,21.7341,-8.27386,-9.73398,-12.8948,-59.5259,0,0,0,0,0,0,-1.15609,4.2894,0.637917,0.477559,0.570755,-5.89595
737,0.3685,4,2,4,0,0,0,0,0,0,-26.342,21.9328,-8.15222,-9.78337,-12.7912,-59.7554,0,0,0,0,0,0,-1.14608,4.30004,0.641945,0.48972,0.578765,-5.91696
738,0.369,4,2,4,0,0,0,0,0,0,-26.2334,22.1306,-8.02633,-9.83858,-12.6855,-59.9856,0,0,0,0,0,0,-1.12872,4.30696,0.648573,0.494696,0.582364,-5.92032
739,0.3695,4,2,4,0,0,0,0,0,0,-26.1354,22.3305,-7.90316,-9.89,-12.5776,-60.229,0,0,0,0,0,0,-1.10565,4.31453,0.658981,0.496462,0.587012,-5.91773
740,0.37,4,2,4,0,0,0,0,0,0,-26.0486,22.5308,-7.78134,-9.93684,-12.4638,-60.4838,0,0,0,0,0,0,-1.10174,4.33017,0.666347,0.503559,0.594288,-5.9371
741,0.3705,4,2,4,0,0,0,0,0,0,-25.9694,22.7296,-7.66151,-9.97985,-12.3455,-60.7419,0,0,0,0,0,0,-1.09992,4.34589,0.673137,0.513006,0.603923,-5.96156
742,0.371,4,2,4,0,0,0,0,0,0,-25.8958,22.9281,-7.54632,-10.0159,-12.2251,-61.0037,0,0,0,0,0,0,-1.09035,4.35476,0.680702,0.522963,0.616172,-5.9807
743,0.3715,4,2,4,0,0,0,0,0,0,-25.8101,23.1231,-7.43038,-10.0533,-12.1075,-61.2493,0,0,0,0,0,0,-1.08867,4.36348,0.687914,0.53181,0.630354,-6.00696
744,0.372,4,2,4,0,0,0,0,0,0,-25.7061,23.3124,-7.30869,-10.0985,-11.9933,-61.4721,0,0,0,0,0,0,-1.08481,4.3681,0.697931,0.536306,0.644476,-6.02519
745,0.3725,4,2,4,0,0,0,0,0,0,-25.5884,23.4984,-7.18054,-10.1513,-11.8811,-61.6797,0,0,0,0,0,0,-1.07651,4.3718,0.710517,0.539547,0.658646,-6.03838
746,0.373,4,2,4,0,0,0,0,0,0,-25.461,23.6834,-7.04665,-10.2093,-11.7686,-61.8787,0,0,0,0,0,0,-1.05889,4.37702,0.726306,0.538664,0.670423,-6.04222
747,0.3735,4,2,4,0,0,0,0,0,0,-25.3306,23.8681,-6.91002,-10.269,-11.6546,-62.0779,0,0,0,0,0,0,-1.02856,4.37623,0.74479,0.530368,0.6769,-6.02535
748,0.374,4,2,4,0,0,0,0,0,0,-25.2036,24.0533,-6.77557,-10.3238,-11.5381,-62.2865,0,0,0,0,0,0,-1.0153,4.38347,0.755962,0.534593,0.685281,-6.03896
749,0.3745,4,2,4,0,0,0,0,0,0,-25.0854,24.2409,-6.6471,-10.3691,-11.4194,-62.5094,0,0,0,0,0,0,-1.00095,4.39212,0.761589,0.546641,0.693023,-6.05278
750,0.375,4,2,4,0,0,0,0,0,0,-24.9669,24.4292,-6.52091,-10.4122,-11.3019,-62.7278,0,0,0,0,0,0,-0.981809,4.39586,0.767051,0.557625,0.700498,-6.05428
751,0.3755,4,2,4,0,0,0,0,0,0,-24.8484,24.6177,-6.39912,-10.4495,-11.1865,-62.9438,0,0,0,0,0,0,-0.964697,4.40219,0.775488,0.563999,0.707134,-6.05706
752,0.376,4,2,4,0,0,0,0,0,0,-24.7298,24.805,-6.27868,-10.4847,-11.0721,-63.1584,0,0,0,0,0,0,-0.948164,4.40692,0.788642,0.563357,0.715929,-6.06323
753,0.3765,4,2,4,0,0,0,0,0,0,-24.6128,24.9902,-6.15939,-10.5187,-10.9576,-63.3732,0,0,0,0,0,0,-0.941458,4.41382,0.802103,0.562763,0.728126,-6.08465
754,0.377,4,2,4,0,0,0,0,0,0,-24.4948,25.171,-6.0377,-10.5547,-10.8396,-63.5853,0,0,0,0,0,0,-0.929637,4.42108,0.813238,0.563813,0.736972,-6.09427
755,0.3775,4,2,4,0,0,0,0,0,0,-24.3774,25.3489,-5.91232,-10.5946,-10.7169,-63.7961,0,0,0,0,0,0,-0.91812,4.42651,0.822903,0.567496,0.746204,-6.10445
756,0.378,4,2,4,0,0,0,0,0,0,-24.2645,25.5261,-5.7815,-10.6396,-10.5869,-64.0107,0,0,0,0,0,0,-0.906788,4.43619,0.828399,0.577386,0.754101,-6.11827
757,0.3785,4,2,4,0,0,0,0,0,0,-24.1551,25.7036,-5.64912,-10.6851,-10.4532,-64.2302,0,0,0,0,0,0,-0.904048,4.45146,0.830662,0.593541,0.764554,-6.14677
758,0.379,4,2,4,0,0,0,0,0,0,-24.0498,25.8823,-5.51677,-10.7286,-10.3173,-64.4561,0,0,0,0,0,0,-0.903839,4.46788,0.834858,0.609629,0.777373,-6.17891
759,0.3795,4,2,4,0,0,0,0,0,0,-23.9455,26.0574,-5.38426,-10.7704,-10.1803,-64.6839,0,0,0,0,0,0,-0.898388,4.48099,0.842592,0.621887,0.790058,-6.20598
760,0.38,4,2,4,0,0,0,0,0,0,-23.8457,26.231,-5.25643,-10.8049,-10.0445,-64.9207,0,0,0,0,0,0,-0.890449,4.48788,0.852907,0.629191,0.802847,-6.2224
761,0.3805,4,2,4,0,0,0,0,0,0,-23.741,26.4009,-5.13247,-10.8349,-9.91277,-65.1507,0,0,0,0,0,0,-0.875218,4.48958,0.865025,0.630827,0.812933,-6.22802
762,0.381,4,2,4,0,0,0,0,0,0,-23.6248,26.5676,-5.00756,-10.8665,-9.78403,-65.3651,0,0,0,0,0,0,-0.858833,4.48753,0.876487,0.632182,0.822509,-6.22987
763,0.3815,4,2,4,0,0,0,0,0,0,-23.4941,26.7333,-4.87674,-10.9036,-9.65577,-65.5593,0,0,0,0,0,0,-0.836624,4.48448,0.887266,0.634897,0.831178,-6.22858
764,0.382,4,2,4,0,0,0,0,0,0,-23.3533,26.8962,-4.73732,-10.9485,-9.52439,-65.7393,0,0,0,0,0,0,-0.81973,4.48068,0.899656,0.63516,0.841338,-6.22953
765,0.3825,4,2,4,0,0,0,0,0,0,-23.2103,27.061,-4.59062,-10.9992,-9.38862,-65.9167,0,0,0,0,0,0,-0.803374,4.48298,0.908574,0.641741,0.849306,-6.23273
766,0.383,4,2,4,0,0,0,0,0,0,-23.0769,27.229,-4.44325,-11.0475,-9.24798,-66.1117,0,0,0,0,0,0,-0.792987,4.48914,0.919215,0.64799,0.860793,-6.24592
767,0.3835,4,2,4,0,0,0,0,0,0,-22.9539,27.3976,-4.30045,-11.0888,-9.10543,-66.3203,0,0,0,0,0,0,-0.779598,4.49424,0.928328,0.65638,0.870474,-6.25734
768,0.384,4,2,4,0,0,0,0,0,0,-22.8368,27.5677,-4.1652,-11.1212,-8.96496,-66.5344,0,0,0,0,0,0,-0.759348,4.49708,0.936376,0.663543,0.876537,-6.2551
769,0.3845,4,2,4,0,0,0,0,0,0,-22.7205,27.7392,-4.03802,-11.1451,-8.828,-66.7466,0,0,0,0,0,0,-0.748377,4.50365,0.944646,0.670226,0.885457,-6.26433
770,0.385,4,2,4,0,0,0,0,0,0,-22.5996,27.9076,-3.91459,-11.1675,-8.69436,-66.9494,0,0,0,0,0,0,-0.749137,4.50984,0.951078,0.680873,0.899348,-6.29164
771,0.3855,4,2,4,0,0,0,0,0,0,-22.4768,28.0741,-3.78968,-11.1937,-8.56059,-67.145,0,0,0,0,0,0,-0.746051,4.51387,0.955593,0.692346,0.910784,-6.31192
772,0.386,4,2,4,0,0,0,0,0,0,-22.3501,28.2387,-3.65753,-11.2285,-8.42354,-67.3319,0,0,0,0,0,0,-0.745257,4.52272,0.960595,0.702402,0.921253,-6.33331
773,0.3865,4,2,4,0,0,0,0,0,0,-22.2186,28.3969,-3.51832,-11.2714,-8.28247,-67.513,0,0,0,0,0,0,-0.733947,4.533,0.967998,0.711491,0.930186,-6.3478
774,0.387,4,2,4,0,0,0,0,0,0,-22.0809,28.5481,-3.37452,-11.3197,-8.13897,-67.6846,0,0,0,0,0,0,-0.706276,4.53208,0.979548,0.711149,0.933973,-6.33254
775,0.3875,4,2,4,0,0,0,0,0,0,-21.9435,28.6994,-3.23241,-11.3644,-7.99433,-67.8598,0,0,0,0,0,0,-0.684673,4.53569,0.991082,0.713472,0.94063,-6.32891
776,0.388,4,2,4,0,0,0,0,0,0,-21.8038,28.8479,-3.09214,-11.4074,-7.85042,-68.0319,0,0,0,0,0,0,-0.675614,4.5481,1.00134,0.723025,0.953729,-6.34912
777,0.3885,4,2,4,0,0,0,0,0,0,-21.6668,28.9979,-2.95714,-11.4428,-7.7079,-68.2125,0,0,0,0,0,0,-0.656243,4.54853,1.01,0.731601,0.963614,-6.35343
778,0.389,4,2,4,0,0,0,0,0,0,-21.528,29.1491,-2.82507,-11.4743,-7.56797,-68.3938,0,0,0,0,0,0,-0.638849,4.54745,1.02347,0.731235,0.974171,-6.3594
779,0.3895,4,2,4,0,0,0,0,0,0,-21.3865,29.2981,-2.69385,-11.5049,-7.43024,-68.5739,0,0,0,0,0,0,-0.6233,4.5469,1.03559,0.732447,0.983536,-6.36957
780,0.39,4,2,4,0,0,0,0,0,0,-21.2429,29.4463,-2.56136,-11.5361,-7.29281,-68.7524,0,0,0,0,0,0,-0.601224,4.54445,1.04702,0.733354,0.990327,-6.36695
781,0.3905,4,2,4,0,0,0,0,0,0,-21.0884,29.5929,-2.42227,-11.575,-7.15434,-68.9147,0,0,0,0,0,0,-0.583907,4.54893,1.05865,0.738781,1.00025,-6.37117
782,0.391,4,2,4,0,0,0,0,0,0,-20.9287,29.741,-2.27859,-11.6165,-7.01247,-69.0716,0,0,0,0,0,0,-0.569222,4.55495,1.06961,0.746823,1.01154,-6.37928
783,0.3915,4,2,4,0,0,0,0,0,0,-20.7725,29.8909,-2.13526,-11.6526,-6.86555,-69.233,0,0,0,0,0,0,-0.552915,4.56151,1.07811,0.758363,1.02113,-6.3873
784,0.392,4,2,4,0,0,0,0,0,0,-20.6313,30.0479,-1.99645,-11.677,-6.71329,-69.4161,0,0,0,0,0,0,-0.548337,4.57204,1.08529,0.771586,1.03383,-6.40919
785,0.3925,4,2,4,0,0,0,0,0,0,-20.5022,30.2076,-1.86393,-11.6921,-6.56056,-69.6171,0,0,0,0,0,0,-0.545882,4.58134,1.09279,0.781983,1.04705,-6.42748
786,0.393,4,2,4,0,0,0,0,0,0,-20.3876,30.3701,-1.74002,-11.6948,-6.40794,-69.839,0,0,0,0,0,0,-0.537836,4.58571,1.0953,0.795634,1.05472,-6.44077
787,0.3935,4,2,4,0,0,0,0,0,0,-20.2748,30.5283,-1.62023,-11.6946,-6.2578,-70.0581,0,0,0,0,0,0,-0.526423,4.59132,1.10278,0.805688,1.0648,-6.4588
788,0.394,4,2,4,0,0,0,0,0,0,-20.1473,30.6797,-1.49587,-11.7044,-6.11084,-70.2482,0,0,0,0,0,0,-0.522395,4.59874,1.10712,0.820866,1.07584,-6.48632
789,0.3945,4,2,4,0,0,0,0,0,0,-20.0035,30.8225,-1.36379,-11.7274,-5.96465,-70.4116,0,0,0,0,0,0,-0.519121,4.60402,1.10931,0.837614,1.08603,-6.50591
790,0.395,4,2,4,0,0,0,0,0,0,-19.8449,30.955,-1.22216,-11.7641,-5.81745,-70.5514,0,0,0,0,0,0,-0.510912,4.60838,1.11365,0.848907,1.09414,-6.51633
791,0.3955,4,2,4,0,0,0,0,0,0,-19.6833,31.0822,-1.07508,-11.8059,-5.66664,-70.6865,0,0,0,0,0,0,-0.500301,4.60644,1.11673,0.860945,1.10105,-6.52482
792,0.396,4,2,4,0,0,0,0,0,0,-19.5278,31.207,-0.928603,-11.8431,-5.51278,-70.831,0,0,0,0,0,0,-0.468019,4.60297,1.13191,0.861164,1.10756,-6.50878
793,0.3965,4,2,4,0,0,0,0,0,0,-19.3831,31.3317,-0.786885,-11.8698,-5.35539,-70.9941,0,0,0,0,0,0,-0.448424,4.60237,1.14771,0.860939,1.11864,-6.51136
794,0.397,4,2,4,0,0,0,0,0,0,-19.2352,31.4545,-0.649193,-11.8888,-5.19883,-71.1561,0,0,0,0,0,0,-0.430298,4.59323,1.15903,0.86109,1.12727,-6.51471
795,0.3975,4,2,4,0,0,0,0,0,0,-19.0789,31.5737,-0.514729,-11.9042,-5.0467,-71.3053,0,0,0,0,0,0,-0.398477,4.57822,1.17086,0.860092,1.13264,-6.49769
796,0.398,4,2,4,0,0,0,0,0,0,-18.9108,31.688,-0.380302,-11.9225,-4.89919,-71.4372,0,0,0,0,0,0,-0.375378,4.56841,1.18094,0.865085,1.14206,-6.49081
797,0.3985,4,2,4,0,0,0,0,0,0,-18.7276,31.7948,-0.240279,-11.9545,-4.75568,-71.5431,0,0,0,0,0,0,-0.350453,4.56257,1.19073,0.872319,1.15065,-6.48692
798,0.399,4,2,4,0,0,0,0,0,0,-18.5338,31.8947,-0.0938962,-12.0006,-4.61385,-71.6306,0,0,0,0,0,0,-0.313662,4.5521,1.20652,0.869626,1.15629,-6.45951
799,0.3995,4,2,4,0,0,0,0,0,0,-18.342,31.992,0.0549808,-12.0515,-4.46988,-71.7218,0,0,0,0,0,0,-0.294457,4.54504,1.22073,0.868007,1.16568,-6.45635
800,0.4,4,2,4,0,0,0,0,0,0,-18.1632,32.0944,0.200666,-12.0958,-4.32242,-71.8327,0,0,0,0,0,0,-0.277271,4.54178,1.23424,0.866988,1.17435,-6.45495
801,0.4005,4,2,4,0,0,0,0,0,0,-17.992,32.2042,0.342929,-12.1334,-4.17421,-71.9534,0,0,0,0,0,0,-0.249205,4.54318,1.25278,0.864649,1.184,-6.44587
802,0.401,4,2,4,0,0,0,0,0,0,-17.8309,32.3256,0.47882,-12.1573,-4.02496,-72.0913,0,0,0,0,0,0,-0.231586,4.55235,1.26415,0.872272,1.19371,-6.45707
803,0.4015,4,2,4,0,0,0,0,0,0,-17.6767,32.458,0.609026,-12.1695,-3.87598,-72.2406,0,0,0,0,0,0,-0.216879,4.56942,1.27117,0.888744,1.20312,-6.48004
804,0.402,4,2,4,0,0,0,0,0,0,-17.5339,32.6081,0.732911,-12.1675,-3.72662,-72.4139,0,0,0,0,0,0,-0.210995,4.58476,1.27377,0.907463,1.21238,-6.50552
805,0.4025,4,2,4,0,0,0,0,0,0,-17.4076,32.7747,0.853601,-12.1556,-3.5729,-72.6171,0,0,0,0,0,0,-0.228069,4.61428,1.27212,0.937483,1.2269,-6.56448
806,0.403,4,2,4,0,0,0,0,0,0,-17.2865,32.939,0.977377,-12.1467,-3.41506,-72.8257,0,0,0,0,0,0,-0.242231,4.64583,1.2738,0.967073,1.24324,-6.6181
807,0.4035,4,2,4,0,0,0,0,0,0,-17.1593,33.0968,1.10752,-12.1442,-3.25389,-73.0216,0,0,0,0,0,0,-0.250462,4.6688,1.27818,0.989496,1.25843,-6.65667
808,0.404,4,2,4,0,0,0,0,0,0,-17.0246,33.2431,1.2427,-12.1463,-3.08962,-73.2014,0,0,0,0,0,0,-0.255781,4.68079,1.28152,1.00793,1.27144,-6.68401
809,0.4045,4,2,4,0,0,0,0,0,0,-16.8827,33.3767,1.38003,-12.1502,-2.92405,-73.363,0,0,0,0,0,0,-0.248506,4.6775,1.28584,1.01927,1.27992,-6.68878
810,0.405,4,2,4,0,0,0,0,0,0,-16.7337,33.5012,1.51606,-12.1543,-2.76057,-73.5089,0,0,0,0,0,0,-0.236729,4.6713,1.29081,1.02801,1.28696,-6.69106
811,0.4055,4,2,4,0,0,0,0,0,0,-16.5701,33.6107,1.65194,-12.163,-2.602,-73.6279,0,0,0,0,0,0,-0.218724,4.65748,1.29734,1.03048,1.29168,-6.67924
812,0.406,4,2,4,0,0,0,0,0,0,-16.3915,33.7026,1.79073,-12.1827,-2.4488,-73.7227,0,0,0,0,0,0,-0.184081,4.62926,1.30858,1.02179,1.2933,-6.63903
813,0.4065,4,2,4,0,0,0,0,0,0,-16.1978,33.7853,1.93485,-12.2145,-2.29939,-73.7952,0,0,0,0,0,0,-0.147927,4.60096,1.32173,1.01002,1.29425,-6.59747
814,0.407,4,2,4,0,0,0,0,0,0,-15.9948,33.8644,2.08666,-12.2575,-2.14918,-73.8553,0,0,0,0,0,0,-0.115052,4.58403,1.33625,1.00479,1.2983,-6.57253
815,0.4075,4,2,4,0,0,0,0,0,0,-15.7969,33.9522,2.23761,-12.2958,-1.99612,-73.9314,0,0,0,0,0,0,-0.086219,4.56949,1.35045,1.00339,1.30592,-6.55638
816,0.408,4,2,4,0,0,0,0,0,0,-15.6117,34.0515,2.38168,-12.3201,-1.84062,-74.0348,0,0,0,0,0,0,-0.0663719,4.56175,1.35984,1.01034,1.31468,-6.55565
817,0.4085,4,2,4,0,0,0,0,0,0,-15.4378,34.1561,2.51587,-12.3278,-1.68471,-74.1591,0,0,0,0,0,0,-0.0515639,4.55937,1.36334,1.02647,1.3215,-6.56678
818,0.409,4,2,4,0,0,0,0,0,0,-15.2694,34.2631,2.6416,-12.3243,-1.53181,-74.2936,0,0,0,0,0,0,-0.0368537,4.55952,1.3718,1.03607,1.33133,-6.57975
819,0.4095,4,2,4,0,0,0,0,0,0,-15.0926,34.3599,2.76657,-12.3256,-1.38385,-74.4128,0,0,0,0,0,0,-0.0210766,4.55867,1.38359,1.03974,1.34195,-6.58744
820,0.41,4,2,4,0,0,0,0,0,0,-14.9029,34.4443,2.89751,-12.3416,-1.23959,-74.5055,0,0,0,0,0,0,0.0021534,4.5598,1.3964,1.04533,1.35037,-6.59478
821,0.4105,4,2,4,0,0,0,0,0,0,-14.6999,34.513,3.03673,-12.3721,-1.09545,-74.5673,0,0,0,0,0,0,0.0396804,4.55271,1.41473,1.04328,1.35794,-6.57946
822,0.411,4,2,4,0,0,0,0,0,0,-14.4956,34.5818,3.18079,-12.4061,-0.948479,-74.621,0,0,0,0,0,0,0.0630896,4.55067,1.42555,1.05057,1.36494,-6.57427
823,0.4115,4,2,4,0,0,0,0,0,0,-14.3063,34.6641,3.31996,-12.4243,-0.796185,-74.6975,0,0,0,0,0,0,0.079738,4.55206,1.43178,1.06458,1.37216,-6.58103
824,0.412,4,2,4,0,0,0,0,0,0,-14.1291,34.7544,3.45101,-12.4262,-0.641801,-74.7913,0,0,0,0,0,0,0.0860095,4.56035,1.43934,1.08186,1.38521,-6.60773
825,0.4125,4,2,4,0,0,0,0,0,0,-13.962,34.8532,3.57424,-12.4139,-0.487037,-74.9057,0,0,0,0,0,0,0.100513,4.57082,1.44967,1.0979,1.39683,-6.62233
826,0.413,4,2,4,0,0,0,0,0,0,-13.7964,34.9536,3.69486,-12.3993,-0.334313,-75.0252,0,0,0,0,0,0,0.108564,4.58474,1.45783,1.11445,1.40811,-6.64456
827,0.4135,4,2,4,0,0,0,0,0,0,-13.6249,35.0492,3.81695,-12.3901,-0.183935,-75.136,0,0,0,0,0,0,0.117208,4.59213,1.46213,1.13609,1.41854,-6.6711
828,0.414,4,2,4,0,0,0,0,0,0,-13.4428,35.1398,3.94657,-12.3944,-0.0339501,-75.2296,0,0,0,0,0,0,0.147396,4.59049,1.47582,1.14221,1.42558,-6.65727
829,0.4145,4,2,4,0,0,0,0,0,0,-13.2604,35.2334,4.08007,-12.4009,0.119204,-75.3271,0,0,0,0,0,0,0.157224,4.59887,1.48712,1.1538,1.4379,-6.67493
830,0.415,4,2,4,0,0,0,0,0,0,-13.086,35.3343,4.21207,-12.4015,0.275685,-75.4429,0,0,0,0,0,0,0.170937,4.60517,1.49286,1.17141,1.44625,-6.68565
831,0.4155,4,2,4,0,0,0,0,0,0,-12.9144,35.4375,4.33975,-12.3951,0.431532,-75.5657,0,0,0,0,0,0,0.1851,4.6073,1.49977,1.18445,1.4547,-6.69353
832,0.416,4,2,4,0,0,0,0,0,0,-12.741,35.5386,4.4666,-12.389,0.585409,-75.686,0,0,0,0,0,0,0.193099,4.60919,1.50255,1.20165,1.46243,-6.71114
833,0.4165,4,2,4,0,0,0,0,0,0,-12.5627,35.6361,4.59416,-12.3867,0.736189,-75.7962,0,0,0,0,0,0,0.214592,4.60205,1.50971,1.207,1.46627,-6.70148
834,0.417,4,2,4,0,0,0,0,0,0,-12.3722,35.7227,4.72688,-12.392,0.88526,-75.881,0,0,0,0,0,0,0.238994,4.5894,1.52251,1.20398,1.47308,-6.68928
835,0.4175,4,2,4,0,0,0,0,0,0,-12.1685,35.7956,4.86577,-12.4054,1.03419,-75.9348,0,0,0,0,0,0,0.25577,4.57709,1.5318,1.20225,1.4782,-6.67885
836,0.418,4,2,4,0,0,0,0,0,0,-11.9627,35.8607,5.00651,-12.4175,1.18581,-75.9785,0,0,0,0,0,0,0.282773,4.5601,1.54093,1.19806,1.47957,-6.64453
837,0.4185,4,2,4,0,0,0,0,0,0,-11.7589,35.9231,5.14747,-12.4255,1.34067,-76.0208,0,0,0,0,0,0,0.307406,4.55049,1.55112,1.19889,1.48395,-6.62647
838,0.419,4,2,4,0,0,0,0,0,0,-11.5632,35.9911,5.28432,-12.4237,1.49775,-76.0798,0,0,0,0,0,0,0.328507,4.54738,1.56066,1.2069,1.49127,-6.62526
839,0.4195,4,2,4,0,0,0,0,0,0,-11.3732,36.0623,5.4174,-12.4169,1.65434,-76.1511,0,0,0,0,0,0,0.347203,4.54744,1.57089,1.21995,1.50145,-6.63215
840,0.42,4,2,4,0,0,0,0,0,0,-11.1868,36.138,5.54906,-12.4094,1.80991,-76.2319,0,0,0,0,0,0,0.369788,4.53617,1.57955,1.23286,1.50878,-6.62734
841,0.4205,4,2,4,0,0,0,0,0,0,-10.996,36.2103,5.68242,-12.4093,1.96272,-76.3045,0,0,0,0,0,0,0.396281,4.52521,1.59191,1.23829,1.5157,-6.6186
842,0.421,4,2,4,0,0,0,0,0,0,-10.8004,36.2757,5.8126,-12.4116,2.10999,-76.3677,0,0,0,0,0,0,0.406133,4.52962,1.6046,1.2495,1.52929,-6.6434
843,0.4215,4,2,4,0,0,0,0,0,0,-10.5973,36.3345,5.93793,-12.4138,2.25005,-76.4162,0,0,0,0,0,0,0.414971,4.53111,1.61378,1.26123,1.54011,-6.65794
844,0.422,4,2,4,0,0,0,0,0,0,-10.3881,36.392,6.05957,-12.4166,2.38432,-76.4567,0,0,0,0,0,0,0.432499,4.53092,1.62392,1.26824,1.54745,-6.65521
845,0.4225,4,2,4,0,0,0,0,0,0,-10.1809,36.4523,6.17873,-12.4176,2.51768,-76.506,0,0,0,0,0,0,0.451566,4.52854,1.63111,1.27735,1.553,-6.64947
846,0.423,4,2,4,0,0,0,0,0,0,-9.97823,36.5152,6.29582,-12.4141,2.65174,-76.5679,0,0,0,0,0,0,0.471612,4.52412,1.63574,1.28723,1.55518,-6.6398
847,0.4235,4,2,4,0,0,0,0,0,0,-9.78211,36.583,6.41637,-12.4075,2.79155,-76.6392,0,0,0,0,0,0,0.497411,4.52367,1.64941,1.29428,1.56336,-6.64255
848,0.424,4,2,4,0,0,0,0,0,0,-9.5901,36.65,6.54068,-12.3988,2.93763,-76.7108,0,0,0,0,0,0,0.510836,4.52994,1.65858,1.31083,1.57316,-6.67135
849,0.4245,4,2,4,0,0,0,0,0,0,-9.4004,36.7141,6.66667,-12.3861,3.088,-76.7791,0,0,0,0,0,0,0.52723,4.52972,1.66753,1.3233,1.5806,-6.68891
850,0.425,4,2,4,0,0,0,0,0,0,-9.20345,36.7751,6.79371,-12.3708,3.23818,-76.8342,0,0,0,0,0,0,0.546794,4.52907,1.67601,1.33518,1.58625,-6.69807
851,0.4255,4,2,4,0,0,0,0,0,0,-8.99711,36.8335,6.92012,-12.3574,3.38402,-76.8741,0,0,0,0,0,0,0.561972,4.52925,1.68292,1.34699,1.59249,-6.7035
852,0.426,4,2,4,0,0,0,0,0,0,-8.78619,36.8862,7.04543,-12.3472,3.52664,-76.9072,0,0,0,0,0,0,0.586431,4.52076,1.69317,1.35509,1.59968,-6.69218
853,0.4265,4,2,4,0,0,0,0,0,0,-8.57723,36.9389,7.17052,-12.3391,3.66859,-76.9469,0,0,0,0,0,0,0.608431,4.50952,1.70117,1.36334,1.60485,-6.67651
854,0.427,4,2,4,0,0,0,0,0,0,-8.37289,36.992,7.29573,-12.3319,3.81117,-76.9944,0,0,0,0,0,0,0.620248,4.50472,1.7135,1.37154,1.61707,-6.68191
855,0.4275,4,2,4,0,0,0,0,0,0,-8.17394,37.0447,7.41936,-12.323,3.95451,-77.0511,0,0,0,0,0,0,0.641239,4.49353,1.72677,1.37783,1.62722,-6.67285
856,0.428,4,2,4,0,0,0,0,0,0,-7.97281,37.0965,7.54063,-12.3141,4.09512,-77.1065,0,0,0,0,0,0,0.661765,4.4831,1.73677,1.38448,1.63312,-6.66193
857,0.4285,4,2,4,0,0,0,0,0,0,-7.75958,37.143,7.65929,-12.308,4.22819,-77.1453,0,0,0,0,0,0,0.674114,4.47969,1.74258,1.39709,1.6399,-6.66437
858,0.429,4,2,4,0,0,0,0,0,0,-7.53709,37.1896,7.77731,-12.302,4.35703,-77.1721,0,0,0,0,0,0,0.692779,4.4699,1.74709,1.4056,1.64263,-6.64807
859,0.4295,4,2,4,0,0,0,0,0,0,-7.31039,37.232,7.89808,-12.2978,4.48659,-77.184,0,0,0,0,0,0,0.713745,4.46425,1.75512,1.41032,1.6466,-6.64385
860,0.43,4,2,4,0,0,0,0,0,0,-7.0879,37.2709,8.02249,-12.2921,4.6222,-77.1937,0,0,0,0,0,0,0.738855,4.46043,1.76763,1.412,1.65246,-6.64653
861,0.4305,4,2,4,0,0,0,0,0,0,-6.87818,37.3116,8.14739,-12.2785,4.7653,-77.2172,0,0,0,0,0,0,0.759658,4.45337,1.7783,1.41713,1.65897,-6.64896
862,0.431,4,2,4,0,0,0,0,0,0,-6.67822,37.3533,8.2705,-12.2578,4.9123,-77.255,0,0,0,0,0,0,0.783775,4.44542,1.78997,1.42588,1.66613,-6.64597
863,0.4315,4,2,4,0,0,0,0,0,0,-6.47689,37.3905,8.39119,-12.2378,5.05665,-77.2914,0,0,0,0,0,0,0.802509,4.44581,1.79739,1.4423,1.672,-6.65242
864,0.432,4,2,4,0,0,0,0,0,0,-6.27034,37.4266,8.50926,-12.2189,5.19521,-77.3229,0,0,0,0,0,0,0.822425,4.4456,1.80495,1.4579,1.67784,-6.65587
865,0.4325,4,2,4,0,0,0,0,0,0,-6.05371,37.46,8.62786,-12.2044,5.32869,-77.3369,0,0,0,0,0,0,0.838283,4.44017,1.81127,1.4679,1.68296,-6.64954
866,0.433,4,2,4,0,0,0,0,0,0,-5.82665,37.4888,8.74807,-12.1963,5.45739,-77.333,0,0,0,0,0,0,0.857459,4.43354,1.81982,1.47443,1.68821,-6.63906
867,0.4335,4,2,4,0,0,0,0,0,0,-5.60286,37.5181,8.86986,-12.1897,5.58802,-77.3365,0,0,0,0,0,0,0.87858,4.42802,1.83217,1.48348,1.69672,-6.6395
868,0.434,4,2,4,0,0,0,0,0,0,-5.38663,37.5525,8.98884,-12.1766,5.72025,-77.3595,0,0,0,0,0,0,0.898933,4.42523,1.84744,1.48981,1.70744,-6.6395
869,0.4345,4,2,4,0,0,0,0,0,0,-5.17384,37.5889,9.10251,-12.1571,5.85037,-77.3956,0,0,0,0,0,0,0.909031,4.42356,1.8599,1.49915,1.72019,-6.65076
870,0.435,4,2,4,0,0,0,0,0,0,-4.96004,37.6197,9.21317,-12.1369,5.97846,-77.4283,0,0,0,0,0,0,0.928043,4.41665,1.86818,1.50943,1.72503,-6.65081
871,0.4355,4,2,4,0,0,0,0,0,0,-4.74635,37.6504,9.32608,-12.1152,6.10947,-77.4528,0,0,0,0,0,0,0.950199,4.41343,1.87399,1.52283,1.72715,-6.65212
872,0.436,4,2,4,0,0,0,0,0,0,-4.527,37.6775,9.44325,-12.0958,6.24182,-77.4586,0,0,0,0,0,0,0.977639,4.41255,1.88276,1.53549,1.72992,-6.65327
873,0.4365,4,2,4,0,0,0,0,0,0,-4.29853,37.6958,9.56319,-12.0826,6.37153,-77.4425,0,0,0,0,0,0,1.007,4.4067,1.89264,1.5418,1.73197,-6.64091
874,0.437,4,2,4,0,0,0,0,0,0,-4.07407,37.7148,9.68526,-12.0704,6.50372,-77.4327,0,0,0,0,0,0,1.03289,4.39323,1.90487,1.54581,1.73796,-6.63155
875,0.4375,4,2,4,0,0,0,0,0,0,-3.85565,37.739,9.80521,-12.054,6.63629,-77.4395,0,0,0,0,0,0,1.04596,4.38656,1.91803,1.55516,1.75048,-6.6412
876,0.438,4,2,4,0,0,0,0,0,0,-3.64029,37.7646,9.92169,-12.0322,6.76795,-77.4557,0,0,0,0,0,0,1.06292,4.37887,1.93092,1.56398,1.76066,-6.64267
877,0.4385,4,2,4,0,0,0,0,0,0,-3.42632,37.7845,10.0337,-12.0059,6.89759,-77.4711,0,0,0,0,0,0,1.08775,4.36004,1.9415,1.56637,1.76471,-6.61412
878,0.439,4,2,4,0,0,0,0,0,0,-3.20898,37.8005,10.1452,-11.9813,7.02513,-77.4776,0,0,0,0,0,0,1.10846,4.35121,1.94923,1.57703,1.76856,-6.60373
879,0.4395,4,2,4,0,0,0,0,0,0,-2.9816,37.8121,10.2577,-11.9623,7.1482,-77.4666,0,0,0,0,0,0,1.12865,4.34585,1.95834,1.58731,1.77311,-6.59447
880,0.44,4,2,4,0,0,0,0,0,0,-2.74804,37.8185,10.37,-11.9504,7.26682,-77.4457,0,0,0,0,0,0,1.148,4.35011,1.96967,1.60232,1.78077,-6.60433
881,0.4405,4,2,4,0,0,0,0,0,0,-2.51679,37.8257,10.4818,-11.9412,7.38477,-77.4285,0,0,0,0,0,0,1.1705,4.35016,1.98273,1.616,1.78955,-6.61744
882,0.441,4,2,4,0,0,0,0,0,0,-2.29103,37.835,10.5943,-11.9308,7.50573,-77.4174,0,0,0,0,0,0,1.19432,4.34478,1.99559,1.62713,1.79782,-6.63002
883,0.4415,4,2,4,0,0,0,0,0,0,-2.06709,37.8448,10.706,-11.9124,7.62774,-77.4058,0,0,0,0,0,0,1.22524,4.32293,2.01001,1.62702,1.80329,-6.61195
884,0.442,4,2,4,0,0,0,0,0,0,-1.84525,37.8565,10.8164,-11.8864,7.75089,-77.3984,0,0,0,0,0,0,1.24806,4.31204,2.02009,1.63461,1.80796,-6.60535
885,0.4425,4,2,4,0,0,0,0,0,0,-1.61982,37.8647,10.9263,-11.8608,7.87209,-77.3858,0,0,0,0,0,0,1.26716,4.30941,2.02862,1.64688,1.81239,-6.60309
886,0.443,4,2,4,0,0,0,0,0,0,-1.38697,37.8643,11.034,-11.838,7.98741,-77.3599,0,0,0,0,0,0,1.28231,4.30902,2.03722,1.65643,1.81821,-6.60159
887,0.4435,4,2,4,0,0,0,0,0,0,-1.15223,37.862,11.1417,-11.8168,8.1006,-77.3309,0,0,0,0,0,0,1.3067,4.29711,2.04579,1.65869,1.81937,-6.57893
888,0.444,4,2,4,0,0,0,0,0,0,-0.917389,37.8588,11.2487,-11.7947,8.21264,-77.2987,0,0,0,0,0,0,1.32368,4.28787,2.05402,1.66426,1.82381,-6.5717
889,0.4445,4,2,4,0,0,0,0,0,0,-0.685335,37.8548,11.3567,-11.7737,8.32666,-77.2691,0,0,0,0,0,0,1.34044,4.27897,2.0626,1.67509,1.82924,-6.57397
890,0.445,4,2,4,0,0,0,0,0,0,-0.455638,37.8545,11.4642,-11.7496,8.44085,-77.2448,0,0,0,0,0,0,1.35918,4.26792,2.07328,1.68627,1.83669,-6.57073
891,0.4455,4,2,4,0,0,0,0,0,0,-0.227829,37.8568,11.572,-11.7232,8.55711,-77.2223,0,0,0,0,0,0,1.38416,4.2638,2.08595,1.69933,1.84337,-6.57516
892,0.446,4,2,4,0,0,0,0,0,0,-3.44907e-05,37.8544,11.6785,-11.6977,8.67314,-77.1966,0,0,0,0,0,0,1.41015,4.25414,2.09976,1.70741,1.84995,-6.56613
893,0.4465,4,2,4,0,0,0,0,0,0,0.233122,37.8449,11.7825,-11.6738,8.7842,-77.1599,0,0,0,0,0,0,1.43399,4.24651,2.11106,1.71712,1.85521,-6.55894
894,0.447,4,2,4,0,0,0,0,0,0,0.465632,37.8361,11.885,-11.6491,8.89372,-77.1284,0,0,0,0,0,0,1.45206,4.24822,2.12112,1.73173,1.86146,-6.56674
895,0.4475,4,2,4,0,0,0,0,0,0,0.701493,37.8219,11.9872,-11.6255,9.00129,-77.0891,0,0,0,0,0,0,1.46975,4.24992,2.12944,1.74438,1.86599,-6.57353
896,0.448,4,2,4,0,0,0,0,0,0,0.938433,37.8075,12.0896,-11.6022,9.10746,-77.0501,0,0,0,0,0,0,1.49642,4.24212,2.14023,1.75265,1.87023,-6.56809
897,0.4485,4,2,4,0,0,0,0,0,0,1.17351,37.7938,12.1925,-11.5768,9.21445,-77.0155,0,0,0,0,0,0,1.51948,4.23458,2.14978,1.76483,1.87483,-6.5718
898,0.449,4,2,4,0,0,0,0,0,0,1.40633,37.7885,12.2977,-11.549,9.32387,-76.9888,0,0,0,0,0,0,1.53813,4.21897,2.15866,1.76978,1.87871,-6.56448
899,0.4495,4,2,4,0,0,0,0,0,0,1.64071,37.7799,12.4026,-11.5206,9.43241,-76.9568,0,0,0,0,0,0,1.55809,4.19799,2.16549,1.77139,1.87893,-6.54484
900,0.45,4,2,4,0,0,0,0,0,0,1.87688,37.7674,12.508,-11.4929,9.54118,-76.9209,0,0,0,0,0,0,1.58163,4.18108,2.17677,1.77087,1.88213,-6.52203
901,0.4505,4,2,4,0,0,0,0,0,0,2.11316,37.7471,12.613,-11.4655,9.65038,-76.875,0,0,0,0,0,0,1.60582,4.17122,2.18441,1.77663,1.88186,-6.50759
902,0.451,4,2,4,0,0,0,0,0,0,2.35186,37.7212,12.7159,-11.4393,9.75658,-76.8188,0,0,0,0,0,0,1.63089,4.16491,2.19547,1.78551,1.88567,-6.5042
903,0.4515,4,2,4,0,0,0,0,0,0,2.59272,37.692,12.8168,-11.4159,9.85963,-76.7576,0,0,0,0,0,0,1.64937,4.16355,2.20491,1.8028,1.89262,-6.50989
904,0.452,4,2,4,0,0,0,0,0,0,2.83152,37.6681,12.9163,-11.3893,9.96239,-76.7062,0,0,0,0,0,0,1.66776,4.15504,2.21571,1.81658,1.90004,-6.50463
905,0.4525,4,2,4,0,0,0,0,0,0,3.06991,37.6468,13.0146,-11.3612,10.0629,-76.6625,0,0,0,0,0,0,1.68979,4.13869,2.22522,1.82237,1.9032,-6.48541
906,0.453,4,2,4,0,0,0,0,0,0,3.30542,37.6285,13.1141,-11.334,10.1639,-76.6263,0,0,0,0,0,0,1.71303,4.12229,2.23941,1.82822,1.91085,-6.46959
907,0.4535,4,2,4,0,0,0,0,0,0,3.54244,37.6062,13.2163,-11.3086,10.2665,-76.5872,0,0,0,0,0,0,1.73376,4.10647,2.24878,1.83312,1.91314,-6.45733
908,0.454,4,2,4,0,0,0,0,0,0,3.78092,37.5766,13.3187,-11.2818,10.3689,-76.5376,0,0,0,0,0,0,1.7581,4.09274,2.26284,1.83837,1.91919,-6.45227
909,0.4545,4,2,4,0,0,0,0,0,0,4.02521,37.5363,13.4188,-11.2551,10.4669,-76.4667,0,0,0,0,0,0,1.78564,4.0802,2.2758,1.84647,1.92336,-6.44689
910,0.455,4,2,4,0,0,0,0,0,0,4.27109,37.4934,13.5177,-11.229,10.5636,-76.3888,0,0,0,0,0,0,1.80863,4.07534,2.28801,1.85521,1.92862,-6.44944
911,0.4555,4,2,4,0,0,0,0,0,0,4.51288,37.4524,13.616,-11.2026,10.6619,-76.3078,0,0,0,0,0,0,1.83954,4.06711,2.29993,1.86604,1.93134,-6.44503
912,0.456,4,2,4,0,0,0,0,0,0,4.74848,37.4154,13.7136,-11.1732,10.7622,-76.2314,0,0,0,0,0,0,1.86652,4.06517,2.31199,1.88316,1.93609,-6.45662
913,0.4565,4,2,4,0,0,0,0,0,0,4.97816,37.3795,13.8105,-11.1421,10.8643,-76.1648,0,0,0,0,0,0,1.88576,4.05616,2.32027,1.89622,1.93932,-6.44961
914,0.457,4,2,4,0,0,0,0,0,0,5.20558,37.3442,13.9058,-11.1121,10.9642,-76.1085,0,0,0,0,0,0,1.90694,4.0531,2.33487,1.91127,1.94851,-6.45177
915,0.4575,4,2,4,0,0,0,0,0,0,5.44031,37.307,14.0014,-11.0847,11.0597,-76.0516,0,0,0,0,0,0,1.93024,4.03208,2.3488,1.91734,1.95489,-6.4321
916,0.458,4,2,4,0,0,0,0,0,0,5.68443,37.2627,14.0976,-11.062,11.1508,-75.9847,0,0,0,0,0,0,1.95083,4.01323,2.36432,1.91954,1.96365,-6.41333
917,0.4585,4,2,4,0,0,0,0,0,0,5.93673,37.2118,14.1909,-11.0435,11.2348,-75.9081,0,0,0,0,0,0,1.97249,3.99703,2.37464,1.92033,1.96641,-6.40128
918,0.459,4,2,4,0,0,0,0,0,0,6.19467,37.1583,14.282,-11.0263,11.3137,-75.8279,0,0,0,0,0,0,2.00114,3.98542,2.38094,1.92462,1.96258,-6.39057
919,0.4595,4,2,4,0,0,0,0,0,0,6.4464,37.1117,14.3702,-11.001,11.3937,-75.7583,0,0,0,0,0,0,2.02736,3.99271,2.39126,1.94507,1.96529,-6.41359
920,0.46,4,2,4,0,0,0,0,0,0,6.69032,37.0681,14.4571,-10.9677,11.4764,-75.6938,0,0,0,0,0,0,2.05215,3.99239,2.39783,1.95936,1.96381,-6.42544
921,0.4605,4,2,4,0,0,0,0,0,0,6.92649,37.0261,14.5438,-10.9273,11.5626,-75.6325,0,0,0,0,0,0,2.07295,3.98352,2.40731,1.9668,1.96647,-6.42497
922,0.461,4,2,4,0,0,0,0,0,0,7.15892,36.983,14.6351,-10.8877,11.6547,-75.5634,0,0,0,0,0,0,2.09393,3.96744,2.41831,1.97402,1.97062,-6.40617
923,0.4615,4,2,4,0,0,0,0,0,0,7.39541,36.9348,14.729,-10.8538,11.7463,-75.4819,0,0,0,0,0,0,2.10985,3.94549,2.42933,1.9793,1.9771,-6.3777
924,0.462,4,2,4,0,0,0,0,0,0,7.63926,36.8769,14.8251,-10.8287,11.8354,-75.3846,0,0,0,0,0,0,2.13247,3.92599,2.44653,1.98756,1.98741,-6.35468
925,0.4625,4,2,4,0,0,0,0,0,0,7.89018,36.8122,14.9193,-10.8088,11.9192,-75.2806,0,0,0,0,0,0,2.15449,3.90805,2.46036,1.99847,1.9944,-6.34296
926,0.463,4,2,4,0,0,0,0,0,0,8.14231,36.7428,15.0073,-10.7891,11.9963,-75.1796,0,0,0,0,0,0,2.16714,3.89643,2.46635,2.00515,1.99642,-6.33454
927,0.4635,4,2,4,0,0,0,0,0,0,8.3935,36.6733,15.0904,-10.7668,12.0685,-75.0864,0,0,0,0,0,0,2.1904,3.88887,2.47688,2.01355,1.9991,-6.34037
928,0.464,4,2,4,0,0,0,0,0,0,8.64142,36.6105,15.17,-10.7382,12.1389,-75.0093,0,0,0,0,0,0,2.21064,3.87539,2.48546,2.0192,2.00118,-6.32918
929,0.4645,4,2,4,0,0,0,0,0,0,8.88654,36.551,15.2507,-10.7061,12.212,-74.9358,0,0,0,0,0,0,2.23686,3.8575,2.49379,2.01867,1.99956,-6.30399
930,0.465,4,2,4,0,0,0,0,0,0,9.12993,36.4948,15.3342,-10.6706,12.289,-74.8577,0,0,0,0,0,0,2.26591,3.84212,2.50101,2.02142,1.99544,-6.2924
931,0.4655,4,2,4,0,0,0,0,0,0,9.37151,36.4355,15.4225,-10.6372,12.3712,-74.7677,0,0,0,0,0,0,2.29562,3.82918,2.50974,2.0269,1.9925,-6.28594
932,0.466,4,2,4,0,0,0,0,0,0,9.61426,36.3667,15.5132,-10.6073,12.4542,-74.6589,0,0,0,0,0,0,2.31999,3.80475,2.51497,2.02884,1.98711,-6.26067
933,0.4665,4,2,4,0,0,0,0,0,0,9.85398,36.2976,15.6084,-10.5777,12.5428,-74.5474,0,0,0,0,0,0,2.3412,3.78302,2.52723,2.03003,1.99148,-6.24243
934,0.467,4,2,4,0,0,0,0,0,0,10.0909,36.2248,15.7051,-10.5488,12.6346,-74.4373,0,0,0,0,0,0,2.36174,3.77292,2.54648,2.04193,2.00476,-6.2379
935,0.4675,4,2,4,0,0,0,0,0,0,10.3258,36.149,15.7979,-10.5164,12.7237,-74.333,0,0,0,0,0,0,2.38252,3.76588,2.56459,2.05885,2.01741,-6.23789
936,0.468,4,2,4,0,0,0,0,0,0,10.5665,36.0707,15.884,-10.4849,12.803,-74.2361,0,0,0,0,0,0,2.40652,3.75292,2.57772,2.0732,2.0229,-6.22664
937,0.4685,4,2,4,0,0,0,0,0,0,10.8128,35.9958,15.9646,-10.4536,12.8736,-74.1462,0,0,0,0,0,0,2.42804,3.737,2.58746,2.08093,2.02483,-6.20782
938,0.469,4,2,4,0,0,0,0,0,0,11.0672,35.9163,16.042,-10.427,12.9365,-74.0487,0,0,0,0,0,0,2.44921,3.72465,2.59308,2.09096,2.02275,-6.20213
939,0.4695,4,2,4,0,0,0,0,0,0,11.3261,35.8314,16.1192,-10.4069,12.9963,-73.9404,0,0,0,0,0,0,2.47509,3.71082,2.60184,2.09927,2.02087,-6.1953
940,0.47,4,2,4,0,0,0,0,0,0,11.5828,35.7476,16.1972,-10.3871,13.0571,-73.8277,0,0,0,0,0,0,2.49541,3.69686,2.61262,2.09808,2.02321,-6.18274
941,0.4705,4,2,4,0,0,0,0,0,0,11.8329,35.667,16.2775,-10.3615,13.1232,-73.7154,0,0,0,0,0,0,2.51337,3.68561,2.61932,2.09538,2.02216,-6.17484
942,0.471,4,2,4,0,0,0,0,0,0,12.0731,35.5851,16.3577,-10.327,13.1941,-73.6019,0,0,0,0,0,0,2.54211,3.67735,2.63139,2.10312,2.02361,-6.18201
943,0.4715,4,2,4,0,0,0,0,0,0,12.306,35.5028,16.4377,-10.2877,13.2684,-73.488,0,0,0,0,0,0,2.57435,3.66079,2.6434,2.11246,2.0231,-6.17216
944,0.472,4,2,4,0,0,0,0,0,0,12.5357,35.4157,16.5192,-10.2508,13.3453,-73.3666,0,0,0,0,0,0,2.61097,3.64557,2.66204,2.13513,2.02869,-6.16893
945,0.4725,4,2,4,0,0,0,0,0,0,12.7716,35.3248,16.6018,-10.2207,13.4195,-73.2421,0,0,0,0,0,0,2.63665,3.62707,2.67774,2.15208,2.03542,-6.15526
946,0.473,4,2,4,0,0,0,0,0,0,13.0161,35.2326,16.6866,-10.1954,13.4914,-73.1212,0,0,0,0,0,0,2.65932,3.60676,2.69352,2.1604,2.04262,-6.13664
947,0.4735,4,2,4,0,0,0,0,0,0,13.27,35.1355,16.7686,-10.1725,13.555,-72.9998,0,0,0,0,0,0,2.67543,3.58553,2.70546,2.1599,2.04864,-6.113
948,0.474,4,2,4,0,0,0,0,0,0,13.5288,35.0387,16.8462,-10.1513,13.6108,-72.887,0,0,0,0,0,0,2.68803,3.57091,2.71063,2.16188,2.04906,-6.09432
949,0.4745,4,2,4,0,0,0,0,0,0,13.7858,34.9472,16.9205,-10.1274,13.6637,-72.7882,0,0,0,0,0,0,2.70855,3.5575,2.71627,2.16758,2.04545,-6.08528
950,0.475,4,2,4,0,0,0,0,0,0,14.038,34.8567,16.9917,-10.0985,13.7162,-72.6915,0,0,0,0,0,0,2.73645,3.54874,2.72717,2.17845,2.04445,-6.0898
951,0.4755,4,2,4,0,0,0,0,0,0,14.2842,34.7631,17.061,-10.0696,13.7696,-72.5862,0,0,0,0,0,0,2.76391,3.53467,2.73598,2.18236,2.04144,-6.07777
952,0.476,4,2,4,0,0,0,0,0,0,14.5243,34.6678,17.1329,-10.0401,13.8283,-72.4715,0,0,0,0,0,0,2.7904,3.52059,2.74272,2.1844,2.03711,-6.06517
953,0.4765,4,2,4,0,0,0,0,0,0,14.7601,34.5664,17.2081,-10.0112,13.8911,-72.3381,0,0,0,0,0,0,2.81702,3.50939,2.75309,2.1938,2.03654,-6.06512
954,0.477,4,2,4,0,0,0,0,0,0,14.9961,34.4621,17.2866,-9.98506,13.9567,-72.1914,0,0,0,0,0,0,2.83841,3.49541,2.76564,2.20321,2.04112,-6.05971
955,0.4775,4,2,4,0,0,0,0,0,0,15.2347,34.3543,17.3657,-9.95897,14.0212,-72.0394,0,0,0,0,0,0,2.85971,3.47178,2.77926,2.20891,2.0465,-6.03932
956,0.478,4,2,4,0,0,0,0,0,0,15.4753,34.2463,17.4428,-9.93303,14.0825,-71.8943,0,0,0,0,0,0,2.8769,3.44567,2.7879,2.21584,2.04784,-6.0129
957,0.4785,4,2,4,0,0,0,0,0,0,15.7201,34.1395,17.517,-9.90446,14.1393,-71.7619,0,0,0,0,0,0,2.8959,3.41439,2.80018,2.21273,2.05212,-5.97448
958,0.479,4,2,4,0,0,0,0,0,0,15.9713,34.033,17.5859,-9.87055,14.1876,-71.6413,0,0,0,0,0,0,2.9147,3.38686,2.81325,2.20834,2.05728,-5.94262
959,0.4795,4,2,4,0,0,0,0,0,0,16.2258,33.9261,17.6521,-9.83595,14.2315,-71.5284,0,0,0,0,0,0,2.93415,3.373,2.82208,2.22147,2.05842,-5.93979
960,0.48,4,2,4,0,0,0,0,0,0,16.4793,33.8182,17.7197,-9.80816,14.2772,-71.4169,0,0,0,0,0,0,2.96172,3.36596,2.83186,2.24116,2.05667,-5.95268
961,0.4805,4,2,4,0,0,0,0,0,0,16.7293,33.7068,17.7887,-9.78501,14.3257,-71.2965,0,0,0,0,0,0,2.9944,3.34925,2.84129,2.24699,2.05159,-5.94982
962,0.481,4,2,4,0,0,0,0,0,0,16.9755,33.5909,17.8584,-9.76391,14.3763,-71.1627,0,0,0,0,0,0,3.02353,3.32352,2.85153,2.24755,2.0484,-5.92591
963,0.4815,4,2,4,0,0,0,0,0,0,17.215,33.4712,17.9271,-9.74323,14.4284,-71.0163,0,0,0,0,0,0,3.05186,3.3009,2.86354,2.2494,2.04824,-5.90613
964,0.482,4,2,4,0,0,0,0,0,0,17.4482,33.3473,17.9963,-9.71937,14.4837,-70.8572,0,0,0,0,0,0,3.07923,3.28393,2.88361,2.25965,2.0573,-5.89673
965,0.4825,4,2,4,0,0,0,0,0,0,17.6786,33.2254,18.0667,-9.69254,14.5413,-70.7017,0,0,0,0,0,0,3.10061,3.27449,2.9,2.27139,2.06611,-5.89572
966,0.483,4,2,4,0,0,0,0,0,0,17.9096,33.1031,18.1367,-9.66526,14.5975,-70.55,0,0,0,0,0,0,3.11686,3.25867,2.90514,2.27817,2.06489,-5.88284
967,0.4835,4,2,4,0,0,0,0,0,0,18.1427,32.9818,18.2086,-9.63581,14.6542,-70.4063,0,0,0,0,0,0,3.13352,3.24269,2.90981,2.27831,2.06221,-5.8638
968,0.484,4,2,4,0,0,0,0,0,0,18.3834,32.8557,18.2795,-9.60625,14.7055,-70.2637,0,0,0,0,0,0,3.15671,3.22213,2.92056,2.28083,2.06241,-5.83831
969,0.4845,4,2,4,0,0,0,0,0,0,18.6323,32.7342,18.3507,-9.57904,14.7528,-70.1334,0,0,0,0,0,0,3.18541,3.2043,2.93769,2.28999,2.06705,-5.82217
970,0.485,4,2,4,0,0,0,0,0,0,18.8858,32.6093,18.4183,-9.55897,14.7941,-69.9999,0,0,0,0,0,0,3.20927,3.18734,2.9475,2.29596,2.06578,-5.81082
971,0.4855,4,2,4,0,0,0,0,0,0,19.1378,32.4811,18.4819,-9.54292,14.8317,-69.8583,0,0,0,0,0,0,3.23539,3.16693,2.95795,2.30072,2.06358,-5.80386
972,0.486,4,2,4,0,0,0,0,0,0,19.3852,32.354,18.5456,-9.52458,14.8712,-69.7163,0,0,0,0,0,0,3.25974,3.14564,2.96521,2.30351,2.05866,-5.79765
973,0.4865,4,2,4,0,0,0,0,0,0,19.6263,32.2288,18.6093,-9.50004,14.9134,-69.5752,0,0,0,0,0,0,3.28562,3.12597,2.97504,2.30292,2.05673,-5.78763
974,0.487,4,2,4,0,0,0,0,0,0,19.8589,32.0994,18.6706,-9.47237,14.9565,-69.4201,0,0,0,0,0,0,3.30952,3.1103,2.98974,2.31009,2.06146,-5.78564
975,0.4875,4,2,4,0,0,0,0,0,0,20.0871,31.9666,18.732,-9.44597,15.0018,-69.2581,0,0,0,0,0,0,3.3291,3.09375,3.00609,2.32096,2.07004,-5.77201
976,0.488,4,2,4,0,0,0,0,0,0,20.3149,31.8273,18.7954,-9.42272,15.0489,-69.0911,0,0,0,0,0,0,3.34922,3.07904,3.01924,2.33772,2.07379,-5.7561
977,0.4885,4,2,4,0,0,0,0,0,0,20.5437,31.6829,18.8608,-9.40289,15.0976,-68.9231,0,0,0,0,0,0,3.37501,3.05317,3.03176,2.34617,2.07425,-5.72653
978,0.489,4,2,4,0,0,0,0,0,0,20.777,31.5385,18.9264,-9.38389,15.1448,-68.7637,0,0,0,0,0,0,3.40093,3.02602,3.04425,2.34706,2.07476,-5.69743
979,0.4895,4,2,4,0,0,0,0,0,0,21.0189,31.3985,18.9915,-9.35999,15.1872,-68.62,0,0,0,0,0,0,3.42605,2.99828,3.05468,2.35035,2.07427,-5.67809
980,0.49,4,2,4,0,0,0,0,0,0,21.2647,31.2571,19.0567,-9.33366,15.2267,-68.475,0,0,0,0,0,0,3.448,2.97254,3.06345,2.34942,2.07339,-5.66072
981,0.4905,4,2,4,0,0,0,0,0,0,21.51,31.1148,19.1197,-9.30918,15.2635,-68.3273,0,0,0,0,0,0,3.4717,2.95805,3.07381,2.35684,2.0732,-5.66295
982,0.491,4,2,4,0,0,0,0,0,0,21.7546,30.9762,19.1775,-9.28726,15.2954,-68.1831,0,0,0,0,0,0,3.48755,2.94656,3.08115,2.36772,2.07183,-5.66162
983,0.4915,4,2,4,0,0,0,0,0,0,21.9976,30.8347,19.2296,-9.26644,15.3219,-68.0324,0,0,0,0,0,0,3.5137,2.92781,3.09312,2.3702,2.07112,-5.65038
984,0.492,4,2,4,0,0,0,0,0,0,22.2352,30.6882,19.2771,-9.24877,15.3458,-67.8713,0,0,0,0,0,0,3.53214,2.90385,3.0973,2.36356,2.06582,-5.61969
985,0.4925,4,2,4,0,0,0,0,0,0,22.4656,30.5366,19.3266,-9.23237,15.3744,-67.7002,0,0,0,0,0,0,3.5513,2.88082,3.10262,2.36204,2.06231,-5.59692
986,0.493,4,2,4,0,0,0,0,0,0,22.6938,30.3808,19.3828,-9.21568,15.4101,-67.5235,0,0,0,0,0,0,3.57733,2.85338,3.1148,2.36528,2.06241,-5.57171
987,0.4935,4,2,4,0,0,0,0,0,0,22.9197,30.2233,19.4465,-9.19583,15.4541,-67.345,0,0,0,0,0,0,3.60965,2.82776,3.1306,2.37498,2.06345,-5.5563
988,0.494,4,2,4,0,0,0,0,0,0,23.1451,30.0669,19.5132,-9.16971,15.5014,-67.1666,0,0,0,0,0,0,3.63806,2.80823,3.14815,2.38677,2.06815,-5.55259
989,0.4945,4,2,4,0,0,0,0,0,0,23.3727,29.9132,19.577,-9.14207,15.5448,-66.995,0,0,0,0,0,0,3.66783,2.78677,3.16243,2.39616,2.06831,-5.54887
990,0.495,4,2,4,0,0,0,0,0,0,23.6045,29.764,19.639,-9.11405,15.5844,-66.8413,0,0,0,0,0,0,3.68748,2.77266,3.17656,2.40431,2.07303,-5.54548
991,0.4955,4,2,4,0,0,0,0,0,0,23.839,29.6139,19.6978,-9.08957,15.6193,-66.6948,0,0,0,0,0,0,3.69811,2.75818,3.1839,2.4136,2.07439,-5.54
992,0.496,4,2,4,0,0,0,0,0,0,24.074,29.4607,19.7517,-9.07263,15.6482,-66.5442,0,0,0,0,0,0,3.70843,2.73485,3.18706,2.41703,2.07084,-5.50959
993,0.4965,4,2,4,0,0,0,0,0,0,24.3098,29.3049,19.8001,-9.06469,15.6706,-66.3901,0,0,0,0,0,0,3.7221,2.71109,3.1926,2.41826,2.06805,-5.47187
994,0.497,4,2,4,0,0,0,0,0,0,24.5465,29.1452,19.8458,-9.05959,15.6888,-66.23,0,0,0,0,0,0,3.74388,2.67916,3.19646,2.40941,2.06079,-5.43271
995,0.4975,4,2,4,0,0,0,0,0,0,24.7809,28.9823,19.8899,-9.05407,15.7058,-66.0617,0,0,0,0,0,0,3.7673,2.63293,3.20137,2.38776,2.05496,-5.37713
996,0.498,4,2,4,0,0,0,0,0,0,25.0129,28.8175,19.9385,-9.04038,15.7289,-65.8892,0,0,0,0,0,0,3.80624,2.59101,3.21501,2.3773,2.05096,-5.34655
997,0.4985,4,2,4,0,0,0,0,0,0,25.2413,28.6566,19.9936,-9.01419,15.7602,-65.7186,0,0,0,0,0,0,3.84161,2.55058,3.22831,2.36492,2.04784,-5.31792
998,0.499,4,2,4,0,0,0,0,0,0,25.4609,28.4974,20.0555,-8.97749,15.8022,-65.5452,0,0,0,0,0,0,3.88954,2.54081,3.25759,2.39079,2.05577,-5.35229
999,0.4995,4,2,4,0,0,0,0,0,0,25.672,28.3299,20.1127,-8.94216,15.8433,-65.3561,0,0,0,0,0,0,3.94,2.54681,3.30474,2.43775,2.08084,-5.40061
1000,0.5,4,2,4,0,0,0,0,0,0,25.8824,28.1552,20.1673,-8.9114,15.8818,-65.1614,0,0,0,0,0,0,3.95221,2.55846,3.31816,2.4701,2.08687,-5.43202
1001,0.5005,4,2,4,0,0,0,0,0,0,26.0949,27.9736,20.2135,-8.89176,15.9096,-64.968,0,0,0,0,0,0,3.9921,2.57154,3.3573,2.49252,2.10945,-5.44969
1002,0.501,4,2,4,0,0,0,0,0,0,26.3123,27.786,20.2522,-8.89081,15.9272,-64.7758,0,0,0,0,0,0,3.99981,2.56274,3.36692,2.50311,2.11323,-5.42634
1003,0.5015,4,2,4,0,0,0,0,0,0,26.5279,27.5943,20.2863,-8.90639,15.9407,-64.5825,0,0,0,0,0,0,4.00631,2.54596,3.37312,2.4982,2.11473,-5.38335
1004,0.502,4,2,4,0,0,0,0,0,0,26.7468,27.4056,20.321,-8.92422,15.9526,-64.3944,0,0,0,0,0,0,4.01003,2.5143,3.36012,2.47658,2.09821,-5.33029
1005,0.5025,4,2,4,0,0,0,0,0,0,26.9756,27.2251,20.3614,-8.93477,15.9649,-64.2211,0,0,0,0,0,0,4.01171,2.45667,3.34506,2.44064,2.08122,-5.25503
1006,0.503,4,2,4,0,0,0,0,0,0,27.2137,27.0609,20.4105,-8.9223,15.9822,-64.0719,0,0,0,0,0,0,4.02514,2.39313,3.33792,2.41117,2.06619,-5.19325
1007,0.5035,4,2,4,0,0,0,0,0,0,27.4534,26.9109,20.4709,-8.88799,16.0111,-63.9343,0,0,0,0,0,0,4.04352,2.32949,3.32946,2.38826,2.04557,-5.14059
1008,0.504,4,2,4,0,0,0,0,0,0,27.6901,26.7654,20.5459,-8.83385,16.057,-63.7943,0,0,0,0,0,0,4.06889,2.28819,3.33152,2.38539,2.0333,-5.12941
1009,0.5045,4,2,4,0,0,0,0,0,0,27.9236,26.6196,20.6261,-8.76934,16.1097,-63.6529,0,0,0,0,0,0,4.09595,2.26297,3.34154,2.40236,2.02812,-5.13617
1010,0.505,4,2,4,0,0,0,0,0,0,28.1526,26.4626,20.6953,-8.715,16.1525,-63.499,0,0,0,0,0,0,4.10796,2.25458,3.35192,2.42523,2.03058,-5.13727
1011,0.5055,4,2,4,0,0,0,0,0,0,28.3752,26.2859,20.751,-8.6829,16.1837,-63.3212,0,0,0,0,0,0,4.1252,2.26675,3.37098,2.45642,2.04002,-5.15481
1012,0.506,4,2,4,0,0,0,0,0,0,28.5878,26.0872,20.7968,-8.67551,16.2093,-63.113,0,0,0,0,0,0,4.15931,2.27779,3.39722,2.48778,2.04978,-5.18095
1013,0.5065,4,2,4,0,0,0,0,0,0,28.7926,25.8746,20.8352,-8.68653,16.2301,-62.8882,0,0,0,0,0,0,4.18306,2.26921,3.41437,2.50151,2.05445,-5.17611
1014,0.507,4,2,4,0,0,0,0,0,0,28.9938,25.6574,20.8646,-8.71148,16.243,-62.6644,0,0,0,0,0,0,4.21138,2.24317,3.43252,2.50371,2.05827,-5.15376
1015,0.5075,4,2,4,0,0,0,0,0,0,29.1938,25.4414,20.8868,-8.74084,16.2485,-62.4423,0,0,0,0,0,0,4.24347,2.19721,3.4438,2.4952,2.05339,-5.11878
1016,0.508,4,2,4,0,0,0,0,0,0,29.3989,25.2407,20.9092,-8.76015,16.2516,-62.2407,0,0,0,0,0,0,4.26771,2.14816,3.45322,2.48028,2.05045,-5.07505
1017,0.5085,4,2,4,0,0,0,0,0,0,29.612,25.0534,20.9403,-8.761,16.2604,-62.0639,0,0,0,0,0,0,4.28274,2.10382,3.45764,2.46728,2.04588,-5.03074
1018,0.509,4,2,4,0,0,0,0,0,0,29.8306,24.8746,20.984,-8.73918,16.2798,-61.9018,0,0,0,0,0,0,4.3032,2.07198,3.47008,2.46699,2.047,-5.00805
1019,0.5095,4,2,4,0,0,0,0,0,0,30.051,24.7028,21.0339,-8.70466,16.3044,-61.7464,0,0,0,0,0,0,4.31787,2.04948,3.47832,2.46931,2.04628,-4.98927
1020,0.51,4,2,4,0,0,0,0,0,0,30.271,24.5282,21.0816,-8.67265,16.326,-61.5862,0,0,0,0,0,0,4.33061,2.02699,3.48031,2.47136,2.03928,-4.96857
1021,0.5105,4,2,4,0,0,0,0,0,0,30.4858,24.3435,21.124,-8.65166,16.3442,-61.4128,0,0,0,0,0,0,4.34513,2.01166,3.48591,2.47544,2.03603,-4.95615
1022,0.511,4,2,4,0,0,0,0,0,0,30.6942,24.1481,21.1654,-8.63611,16.3634,-61.223,0,0,0,0,0,0,4.36654,1.99892,3.49242,2.48036,2.03133,-4.95509
1023,0.5115,4,2,4,0,0,0,0,0,0,30.895,23.9412,21.2093,-8.62262,16.388,-61.0126,0,0,0,0,0,0,4.38771,1.97823,3.4983,2.48275,2.02625,-4.94645
1024,0.512,4,2,4,0,0,0,0,0,0,31.0848,23.7293,21.2523,-8.61403,16.4165,-60.7877,0,0,0,0,0,0,4.4187,1.94903,3.50903,2.48654,2.0223,-4.93763
1025,0.5125,4,2,4,0,0,0,0,0,0,31.2747,23.5229,21.2947,-8.60755,16.4452,-60.5757,0,0,0,0,0,0,4.44149,1.91379,3.51629,2.48474,2.01751,-4.91024
1026,0.513,4,2,4,0,0,0,0,0,0,31.4703,23.3233,21.3379,-8.60121,16.4722,-60.3802,0,0,0,0,0,0,4.45646,1.8766,3.52887,2.48334,2.02072,-4.86846
1027,0.5135,4,2,4,0,0,0,0,0,0,31.6708,23.126,21.3835,-8.58923,16.4984,-60.1937,0,0,0,0,0,0,4.47118,1.84363,3.53984,2.48225,2.0223,-4.83639
1028,0.514,4,2,4,0,0,0,0,0,0,31.876,22.9295,21.4257,-8.57686,16.5185,-60.0168,0,0,0,0,0,0,4.4947,1.81515,3.55372,2.48627,2.02315,-4.82323
1029,0.5145,4,2,4,0,0,0,0,0,0,32.0851,22.7318,21.4611,-8.56879,16.5299,-59.8447,0,0,0,0,0,0,4.51293,1.78745,3.56575,2.48983,2.02421,-4.80249
1030,0.515,4,2,4,0,0,0,0,0,0,32.2972,22.5306,21.491,-8.56896,16.5346,-59.6703,0,0,0,0,0,0,4.53021,1.7653,3.57405,2.49527,2.02227,-4.78727
1031,0.5155,4,2,4,0,0,0,0,0,0,32.508,22.3265,21.5204,-8.5716,16.5392,-59.4938,0,0,0,0,0,0,4.54898,1.7451,3.57736,2.49318,2.01549,-4.77483
1032,0.516,4,2,4,0,0,0,0,0,0,32.7097,22.1173,21.552,-8.56878,16.5489,-59.3031,0,0,0,0,0,0,4.56633,1.717,3.57638,2.48237,2.00495,-4.7543
1033,0.5165,4,2,4,0,0,0,0,0,0,32.9038,21.9035,21.5842,-8.5637,16.5625,-59.0964,0,0,0,0,0,0,4.58898,1.68819,3.58017,2.47803,1.99681,-4.73627
1034,0.517,4,2,4,0,0,0,0,0,0,33.0916,21.6905,21.6224,-8.552,16.5843,-58.8828,0,0,0,0,0,0,4.60866,1.66377,3.5921,2.48247,1.99713,-4.71488
1035,0.5175,4,2,4,0,0,0,0,0,0,33.2745,21.4826,21.6627,-8.53718,16.6107,-58.6723,0,0,0,0,0,0,4.63097,1.63829,3.60889,2.49486,2.00022,-4.69842
1036,0.518,4,2,4,0,0,0,0,0,0,33.4543,21.2763,21.7053,-8.52199,16.6406,-58.4617,0,0,0,0,0,0,4.65073,1.61384,3.61869,2.50122,1.99771,-4.68126
1037,0.5185,4,2,4,0,0,0,0,0,0,33.6412,21.0711,21.7479,-8.50598,16.6674,-58.2646,0,0,0,0,0,0,4.67179,1.58535,3.62843,2.5068,1.99418,-4.66113
1038,0.519,4,2,4,0,0,0,0,0,0,33.8308,20.8641,21.7839,-8.49965,16.6872,-58.0704,0,0,0,0,0,0,4.68886,1.55247,3.63164,2.49869,1.9869,-4.63862
1039,0.5195,4,2,4,0,0,0,0,0,0,34.0233,20.655,21.8187,-8.4952,16.7044,-57.8797,0,0,0,0,0,0,4.7052,1.52445,3.64014,2.4953,1.9856,-4.61724
1040,0.52,4,2,4,0,0,0,0,0,0,34.2158,20.4391,21.85,-8.49213,16.7177,-57.6812,0,0,0,0,0,0,4.71321,1.49692,3.6462,2.49007,1.98522,-4.58325
1041,0.5205,4,2,4,0,0,0,0,0,0,34.4089,20.2196,21.8809,-8.48714,16.7298,-57.4792,0,0,0,0,0,0,4.72418,1.46778,3.65453,2.4894,1.98534,-4.55479
1042,0.521,4,2,4,0,0,0,0,0,0,34.6037,19.9965,21.9153,-8.479,16.7441,-57.2786,0,0,0,0,0,0,4.73866,1.4357,3.65733,2.47873,1.9799,-4.52725
1043,0.5215,4,2,4,0,0,0,0,0,0,34.7958,19.7738,21.9447,-8.47472,16.7548,-57.0796,0,0,0,0,0,0,4.76161,1.40225,3.66553,2.48033,1.97562,-4.50939
1044,0.522,4,2,4,0,0,0,0,0,0,34.986,19.5518,21.9709,-8.47062,16.7623,-56.8836,0,0,0,0,0,0,4.78565,1.37219,3.67933,2.49512,1.97403,-4.50035
1045,0.5225,4,2,4,0,0,0,0,0,0,35.1733,19.3291,21.9952,-8.46841,16.7682,-56.6896,0,0,0,0,0,0,4.81012,1.3462,3.69604,2.51425,1.97427,-4.49435
1046,0.523,4,2,4,0,0,0,0,0,0,35.3556,19.1059,22.0151,-8.47509,16.772,-56.492,0,0,0,0,0,0,4.82981,1.32026,3.70848,2.52523,1.97345,-4.47775
1047,0.5235,4,2,4,0,0,0,0,0,0,35.5363,18.8841,22.0361,-8.48379,16.7777,-56.2948,0,0,0,0,0,0,4.84101,1.28748,3.70737,2.51141,1.96563,-4.43985
1048,0.524,4,2,4,0,0,0,0,0,0,35.7136,18.6633,22.0652,-8.48453,16.7924,-56.0927,0,0,0,0,0,0,4.85338,1.24874,3.69661,2.48514,1.94971,-4.40011
1049,0.5245,4,2,4,0,0,0,0,0,0,35.8894,18.441,22.1041,-8.4761,16.8167,-55.883,0,0,0,0,0,0,4.8679,1.21409,3.69581,2.46709,1.94155,-4.36943
1050,0.525,4,2,4,0,0,0,0,0,0,36.0577,18.2176,22.1464,-8.46459,16.8482,-55.6591,0,0,0,0,0,0,4.88843,1.18655,3.7056,2.46631,1.93986,-4.35357
1051,0.5255,4,2,4,0,0,0,0,0,0,36.2222,17.9921,22.1875,-8.44975,16.88,-55.4286,0,0,0,0,0,0,4.90932,1.1682,3.72253,2.48003,1.94372,-4.3487
1052,0.526,4,2,4,0,0,0,0,0,0,36.39,17.7681,22.2244,-8.4355,16.9072,-55.2068,0,0,0,0,0,0,4.93286,1.14825,3.7437,2.50184,1.94911,-4.34632
1053,0.5265,4,2,4,0,0,0,0,0,0,36.5593,17.5401,22.253,-8.42903,16.926,-54.9873,0,0,0,0,0,0,4.95156,1.11625,3.75552,2.50872,1.94732,-4.32933
1054,0.527,4,2,4,0,0,0,0,0,0,36.7311,17.3113,22.2784,-8.4239,16.94,-54.7778,0,0,0,0,0,0,4.96258,1.08919,3.76002,2.50687,1.9437,-4.30351
1055,0.5275,4,2,4,0,0,0,0,0,0,36.906,17.0833,22.3002,-8.41992,16.9488,-54.5795,0,0,0,0,0,0,4.9751,1.06178,3.76331,2.50569,1.93872,-4.28048
1056,0.528,4,2,4,0,0,0,0,0,0,37.0821,16.855,22.3213,-8.41734,16.956,-54.3883,0,0,0,0,0,0,4.9879,1.02601,3.76048,2.49143,1.92872,-4.25001
1057,0.5285,4,2,4,0,0,0,0,0,0,37.2524,16.6238,22.3475,-8.41239,16.9689,-54.1902,0,0,0,0,0,0,4.99697,0.984954,3.75782,2.47918,1.91946,-4.21281
1058,0.529,4,2,4,0,0,0,0,0,0,37.4152,16.3901,22.372,-8.41245,16.9838,-53.9816,0,0,0,0,0,0,5.01875,0.953836,3.77584,2.49005,1.92323,-4.1939
1059,0.5295,4,2,4,0,0,0,0,0,0,37.5767,16.1524,22.3952,-8.4177,16.9989,-53.7664,0,0,0,0,0,0,5.04295,0.923907,3.79268,2.50669,1.92333,-4.18576
1060,0.53,4,2,4,0,0,0,0,0,0,37.7436,15.916,22.4197,-8.42206,17.0127,-53.5562,0,0,0,0,0,0,5.05454,0.894712,3.79387,2.50158,1.91719,-4.16426
1061,0.5305,4,2,4,0,0,0,0,0,0,37.9114,15.6825,22.4452,-8.42755,17.0269,-53.3495,0,0,0,0,0,0,5.06602,0.865454,3.79835,2.4965,1.91479,-4.14436
1062,0.531,4,2,4,0,0,0,0,0,0,38.0796,15.4524,22.4757,-8.42768,17.0442,-53.1484,0,0,0,0,0,0,5.08048,0.836112,3.79931,2.48462,1.90805,-4.12435
1063,0.5315,4,2,4,0,0,0,0,0,0,38.2463,15.2223,22.506,-8.42317,17.0614,-52.9496,0,0,0,0,0,0,5.0969,0.810623,3.80501,2.47331,1.90457,-4.10399
1064,0.532,4,2,4,0,0,0,0,0,0,38.4072,14.988,22.5309,-8.41902,17.0772,-52.7425,0,0,0,0,0,0,5.11152,0.784308,3.81024,2.46632,1.90099,-4.0827
1065,0.5325,4,2,4,0,0,0,0,0,0,38.5579,14.7495,22.5557,-8.40845,17.0958,-52.5191,0,0,0,0,0,0,5.12771,0.753564,3.82212,2.47224,1.90054,-4.06118
1066,0.533,4,2,4,0,0,0,0,0,0,38.7001,14.5081,22.5799,-8.39489,17.1163,-52.285,0,0,0,0,0,0,5.1418,0.723818,3.8348,2.48215,1.90123,-4.03723
1067,0.5335,4,2,4,0,0,0,0,0,0,38.8399,14.2693,22.6012,-8.38363,17.1353,-52.0529,0,0,0,0,0,0,5.14869,0.690483,3.83893,2.48646,1.89663,-4.00686
1068,0.534,4,2,4,0,0,0,0,0,0,38.9791,14.0303,22.6225,-8.37689,17.1537,-51.8221,0,0,0,0,0,0,5.15296,0.652635,3.8397,2.48462,1.89053,-3.96765
1069,0.5345,4,2,4,0,0,0,0,0,0,39.1216,13.7894,22.6402,-8.37737,17.1667,-51.5968,0,0,0,0,0,0,5.17175,0.617438,3.84549,2.48675,1.88478,-3.94911
1070,0.535,4,2,4,0,0,0,0,0,0,39.2699,13.5467,22.6571,-8.37928,17.1767,-51.3771,0,0,0,0,0,0,5.199,0.58559,3.85304,2.486,1.87775,-3.94371
1071,0.5355,4,2,4,0,0,0,0,0,0,39.425,13.3032,22.6759,-8.38021,17.1864,-51.163,0,0,0,0,0,0,5.21244,0.553846,3.84734,2.46661,1.86653,-3.91945
1072,0.536,4,2,4,0,0,0,0,0,0,39.5798,13.0592,22.7035,-8.37189,17.2019,-50.9483,0,0,0,0,0,0,5.22248,0.51944,3.84837,2.45502,1.86135,-3.88965
1073,0.5365,4,2,4,0,0,0,0,0,0,39.7346,12.8201,22.734,-8.35566,17.2193,-50.7398,0,0,0,0,0,0,5.23588,0.487632,3.8569,2.45569,1.85986,-3.86368
1074,0.537,4,2,4,0,0,0,0,0,0,39.8897,12.5806,22.7582,-8.3446,17.2325,-50.535,0,0,0,0,0,0,5.2494,0.460982,3.86642,2.46387,1.85708,-3.84591
1075,0.5375,4,2,4,0,0,0,0,0,0,40.041,12.3389,22.7774,-8.33872,17.2435,-50.3278,0,0,0,0,0,0,5.2625,0.423832,3.86707,2.45996,1.8466,-3.82535
1076,0.538,4,2,4,0,0,0,0,0,0,40.1873,12.0969,22.7913,-8.33836,17.2524,-50.1204,0,0,0,0,0,0,5.28899,0.390854,3.87767,2.46807,1.8409,-3.82532
1077,0.5385,4,2,4,0,0,0,0,0,0,40.33,11.8512,22.8001,-8.34523,17.2584,-49.9107,0,0,0,0,0,0,5.30469,0.354008,3.88168,2.46997,1.83405,-3.80801
1078,0.539,4,2,4,0,0,0,0,0,0,40.4704,11.6011,22.8078,-8.35362,17.2634,-49.697,0,0,0,0,0,0,5.30838,0.317282,3.87998,2.46018,1.82799,-3.76771
1079,0.5395,4,2,4,0,0,0,0,0,0,40.6037,11.3496,22.8148,-8.36424,17.2709,-49.4696,0,0,0,0,0,0,5.30804,0.283607,3.87988,2.45214,1.82359,-3.72573
1080,0.54,4,2,4,0,0,0,0,0,0,40.7359,11.0976,22.8257,-8.36915,17.2822,-49.2369,0,0,0,0,0,0,5.30789,0.255192,3.87897,2.44706,1.8183,-3.69112
1081,0.5405,4,2,4,0,0,0,0,0,0,40.8703,10.8454,22.8441,-8.36747,17.2993,-49.0054,0,0,0,0,0,0,5.31825,0.226154,3.88252,2.44782,1.81291,-3.67088
1082,0.541,4,2,4,0,0,0,0,0,0,41.0045,10.5946,22.8744,-8.35396,17.3256,-48.7762,0,0,0,0,0,0,5.33702,0.195634,3.88497,2.44571,1.8038,-3.66207
1083,0.5415,4,2,4,0,0,0,0,0,0,41.1369,10.3487,22.9085,-8.33165,17.3546,-48.5541,0,0,0,0,0,0,5.36811,0.169732,3.89969,2.45416,1.80078,-3.66711
1084,0.542,4,2,4,0,0,0,0,0,0,41.2667,10.1056,22.9338,-8.31443,17.3774,-48.3356,0,0,0,0,0,0,5.38655,0.144073,3.91047,2.46386,1.79773,-3.65597
1085,0.5425,4,2,4,0,0,0,0,0,0,41.3964,9.86039,22.9505,-8.30527,17.3935,-48.1205,0,0,0,0,0,0,5.38691,0.116815,3.9137,2.46157,1.79623,-3.62121
1086,0.543,4,2,4,0,0,0,0,0,0,41.5153,9.61196,22.9641,-8.29981,17.4102,-47.8926,0,0,0,0,0,0,5.38693,0.0862253,3.9131,2.45164,1.79278,-3.58463
1087,0.5435,4,2,4,0,0,0,0,0,0,41.6259,9.36171,22.9782,-8.29386,17.4291,-47.6563,0,0,0,0,0,0,5.39567,0.0551259,3.91368,2.4478,1.78652,-3.56551
1088,0.544,4,2,4,0,0,0,0,0,0,41.7319,9.10989,22.9917,-8.29024,17.4502,-47.4155,0,0,0,0,0,0,5.41039,0.0185059,3.91338,2.43586,1.77865,-3.54695
1089,0.5445,4,2,4,0,0,0,0,0,0,41.8422,8.85834,23.0041,-8.29056,17.4705,-47.1837,0,0,0,0,0,0,5.41557,-0.0184384,3.90809,2.42092,1.76945,-3.51598
1090,0.545,4,2,4,0,0,0,0,0,0,41.9658,8.60846,23.0264,-8.27813,17.4935,-46.9689,0,0,0,0,0,0,5.43469,-0.0488665,3.9204,2.43263,1.76699,-3.51099
1091,0.5455,4,2,4,0,0,0,0,0,0,42.0947,8.35872,23.0595,-8.25508,17.521,-46.7604,0,0,0,0,0,0,5.45126,-0.0757286,3.92693,2.43664,1.76211,-3.50029
1092,0.546,4,2,4,0,0,0,0,0,0,42.2219,8.10927,23.087,-8.23897,17.5441,-46.551,0,0,0,0,0,0,5.46192,-0.105576,3.92973,2.43525,1.75591,-3.48249
1093,0.5465,4,2,4,0,0,0,0,0,0,42.344,7.85907,23.1059,-8.23063,17.562,-46.3341,0,0,0,0,0,0,5.46426,-0.140388,3.92613,2.42238,1.74828,-3.45174
1094,0.547,4,2,4,0,0,0,0,0,0,42.4595,7.60649,23.1173,-8.22865,17.5762,-46.11,0,0,0,0,0,0,5.46783,-0.179044,3.9268,2.4162,1.74238,-3.41999
1095,0.5475,4,2,4,0,0,0,0,0,0,42.5648,7.34984,23.121,-8.23469,17.5875,-45.8734,0,0,0,0,0,0,5.47819,-0.217705,3.92971,2.4142,1.73577,-3.39561
1096,0.548,4,2,4,0,0,0,0,0,0,42.6669,7.09005,23.1241,-8.23768,17.598,-45.6368,0,0,0,0,0,0,5.48235,-0.252315,3.92367,2.40119,1.72577,-3.36383
1097,0.5485,4,2,4,0,0,0,0,0,0,42.7702,6.8299,23.132,-8.23226,17.6107,-45.4043,0,0,0,0,0,0,5.4896,-0.28647,3.92075,2.39657,1.71546,-3.33876
1098,0.549,4,2,4,0,0,0,0,0,0,42.8804,6.57208,23.1424,-8.22187,17.6236,-45.183,0,0,0,0,0,0,5.49636,-0.317423,3.92362,2.39581,1.71044,-3.31525
1099,0.5495,4,2,4,0,0,0,0,0,0,42.9924,6.31425,23.1586,-8.20507,17.6401,-44.9622,0,0,0,0,0,0,5.50514,-0.3494,3.93004,2.39909,1.70685,-3.29485
1100,0.55,4,2,4,0,0,0,0,0,0,43.1025,6.06036,23.1765,-8.18795,17.659,-44.7418,0,0,0,0,0,0,5.51153,-0.383287,3.93466,2.39947,1.70336,-3.26945
1101,0.5505,4,2,4,0,0,0,0,0,0,43.2054,5.80855,23.1917,-8.17558,17.6789,-44.5133,0,0,0,0,0,0,5.51459,-0.417652,3.93748,2.3987,1.69898,-3.24115
1102,0.551,4,2,4,0,0,0,0,0,0,43.3021,5.5541,23.2014,-8.1726,17.6972,-44.2743,0,0,0,0,0,0,5.51688,-0.454406,3.93226,2.38305,1.69064,-3.20162
1103,0.5515,4,2,4,0,0,0,0,0,0,43.3975,5.29348,23.2084,-8.1717,17.7128,-44.0342,0,0,0,0,0,0,5.52151,-0.487465,3.92709,2.36827,1.68191,-3.17178
1104,0.552,4,2,4,0,0,0,0,0,0,43.4885,5.0318,23.2182,-8.16328,17.7302,-43.7923,0,0,0,0,0,0,5.52943,-0.515375,3.9266,2.36719,1.67456,-3.15655
1105,0.5525,4,2,4,0,0,0,0,0,0,43.5765,4.77059,23.2304,-8.15022,17.7496,-43.5502,0,0,0,0,0,0,5.54076,-0.552121,3.93479,2.37319,1.67115,-3.14116
1106,0.553,4,2,4,0,0,0,0,0,0,43.6707,4.51107,23.2434,-8.13429,17.768,-43.3174,0,0,0,0,0,0,5.5438,-0.585493,3.9394,2.37819,1.66789,-3.11439
1107,0.5535,4,2,4,0,0,0,0,0,0,43.7659,4.25367,23.2627,-8.10821,17.7895,-43.0895,0,0,0,0,0,0,5.53875,-0.619734,3.93239,2.36796,1.66025,-3.07544
1108,0.554,4,2,4,0,0,0,0,0,0,43.857,4.0003,23.2827,-8.08199,17.813,-42.8588,0,0,0,0,0,0,5.5333,-0.652924,3.92678,2.35313,1.65453,-3.03118
1109,0.5545,4,2,4,0,0,0,0,0,0,43.9421,3.74597,23.2945,-8.06984,17.8337,-42.6224,0,0,0,0,0,0,5.53809,-0.67846,3.92441,2.34403,1.64661,-3.00537
1110,0.555,4,2,4,0,0,0,0,0,0,44.0281,3.49032,23.304,-8.06075,17.8524,-42.3902,0,0,0,0,0,0,5.56289,-0.707982,3.9349,2.35344,1.63965,-3.01322
1111,0.5555,4,2,4,0,0,0,0,0,0,44.11,3.23335,23.3138,-8.04818,17.8713,-42.1545,0,0,0,0,0,0,5.5805,-0.74342,3.94416,2.36116,1.63428,-3.00828
1112,0.556,4,2,4,0,0,0,0,0,0,44.1903,2.97443,23.3271,-8.02881,17.8918,-41.9157,0,0,0,0,0,0,5.57533,-0.775576,3.93892,2.3484,1.62935,-2.96529
1113,0.5565,4,2,4,0,0,0,0,0,0,44.2717,2.71628,23.3416,-8.00734,17.913,-41.678,0,0,0,0,0,0,5.57135,-0.803396,3.93432,2.33563,1.62547,-2.9255
1114,0.557,4,2,4,0,0,0,0,0,0,44.3546,2.45993,23.3545,-7.98519,17.9331,-41.4441,0,0,0,0,0,0,5.58372,-0.83677,3.94106,2.34315,1.62034,-2.91195
1115,0.5575,4,2,4,0,0,0,0,0,0,44.4364,2.20241,23.3729,-7.95354,17.9563,-41.212,0,0,0,0,0,0,5.59377,-0.871045,3.94057,2.34421,1.6098,-2.89699
1116,0.558,4,2,4,0,0,0,0,0,0,44.5155,1.94457,23.3859,-7.93006,17.9775,-40.9791,0,0,0,0,0,0,5.6005,-0.909035,3.93379,2.33661,1.59669,-2.88135
1117,0.5585,4,2,4,0,0,0,0,0,0,44.5932,1.68792,23.3911,-7.91751,17.995,-40.7475,0,0,0,0,0,0,5.59424,-0.944397,3.92664,2.32318,1.58925,-2.84595
1118,0.559,4,2,4,0,0,0,0,0,0,44.6656,1.43145,23.3979,-7.90343,18.0146,-40.5114,0,0,0,0,0,0,5.58718,-0.979549,3.92094,2.30928,1.58407,-2.80854
1119,0.5595,4,2,4,0,0,0,0,0,0,44.7317,1.17509,23.4072,-7.88489,18.0373,-40.2703,0,0,0,0,0,0,5.58878,-1.01413,3.91877,2.30205,1.57817,-2.78222
1120,0.56,4,2,4,0,0,0,0,0,0,44.795,0.917685,23.4211,-7.85896,18.0627,-40.0266,0,0,0,0,0,0,5.60872,-1.04505,3.92349,2.30734,1.56973,-2.78316
1121,0.5605,4,2,4,0,0,0,0,0,0,44.8564,0.660575,23.4343,-7.83285,18.0874,-39.7813,0,0,0,0,0,0,5.61932,-1.07423,3.92418,2.30682,1.56165,-2.773
1122,0.561,4,2,4,0,0,0,0,0,0,44.922,0.403531,23.4499,-7.80317,18.1117,-39.5449,0,0,0,0,0,0,5.61385,-1.10595,3.91678,2.29491,1.55345,-2.73846
1123,0.5615,4,2,4,0,0,0,0,0,0,44.9916,0.144775,23.4639,-7.77664,18.1342,-39.316,0,0,0,0,0,0,5.60317,-1.14148,3.90748,2.27702,1.54655,-2.69326
1124,0.562,4,2,4,0,0,0,0,0,0,45.0594,-0.112685,23.4714,-7.75826,18.1529,-39.0856,0,0,0,0,0,0,5.6086,-1.17555,3.91096,2.2779,1.54213,-2.67289
1125,0.5625,4,2,4,0,0,0,0,0,0,45.1188,-0.36875,23.4728,-7.74612,18.17,-38.8428,0,0,0,0,0,0,5.61208,-1.2122,3.9057,2.26901,1.53213,-2.65226
1126,0.563,4,2,4,0,0,0,0,0,0,45.1762,-0.627896,23.4754,-7.73005,18.1867,-38.599,0,0,0,0,0,0,5.62019,-1.25084,3.90059,2.2618,1.52151,-2.63913
1127,0.5635,4,2,4,0,0,0,0,0,0,45.2317,-0.887752,23.4827,-7.70547,18.2044,-38.3552,0,0,0,0,0,0,5.62207,-1.28469,3.90011,2.26103,1.51472,-2.61613
1128,0.564,4,2,4,0,0,0,0,0,0,45.2882,-1.14321,23.4917,-7.67588,18.2227,-38.1144,0,0,0,0,0,0,5.60936,-1.31682,3.89154,2.25087,1.50736,-2.5782
1129,0.5645,4,2,4,0,0,0,0,0,0,45.3485,-1.40244,23.5021,-7.64573,18.2409,-37.8785,0,0,0,0,0,0,5.59874,-1.34985,3.88505,2.24167,1.50024,-2.54021
1130,0.565,4,2,4,0,0,0,0,0,0,45.4145,-1.66328,23.5158,-7.6123,18.2598,-37.6525,0,0,0,0,0,0,5.60791,-1.38395,3.89119,2.24852,1.49322,-2.52534
1131,0.5655,4,2,4,0,0,0,0,0,0,45.4706,-1.92111,23.5206,-7.59088,18.2772,-37.4146,0,0,0,0,0,0,5.61484,-1.4203,3.88676,2.23742,1.48357,-2.5036
1132,0.566,4,2,4,0,0,0,0,0,0,45.5182,-2.17715,23.5233,-7.57194,18.296,-37.1672,0,0,0,0,0,0,5.61774,-1.45226,3.87512,2.21493,1.47406,-2.47658
1133,0.5665,4,2,4,0,0,0,0,0,0,45.564,-2.4348,23.5273,-7.5502,18.3146,-36.9218,0,0,0,0,0,0,5.6233,-1.48041,3.87546,2.21401,1.46878,-2.46116
1134,0.567,4,2,4,0,0,0,0,0,0,45.6058,-2.68911,23.5348,-7.52204,18.3348,-36.6758,0,0,0,0,0,0,5.6211,-1.51267,3.87706,2.21646,1.46348,-2.43545
1135,0.5675,4,2,4,0,0,0,0,0,0,45.6487,-2.94116,23.5472,-7.4829,18.3553,-36.4355,0,0,0,0,0,0,5.61584,-1.54196,3.87234,2.21032,1.45586,-2.40402
1136,0.568,4,2,4,0,0,0,0,0,0,45.6986,-3.19804,23.5602,-7.44278,18.374,-36.2062,0,0,0,0,0,0,5.61801,-1.5719,3.86955,2.20928,1.4456,-2.38567
1137,0.5685,4,2,4,0,0,0,0,0,0,45.7516,-3.45195,23.5757,-7.39767,18.3934,-35.9822,0,0,0,0,0,0,5.6235,-1.60557,3.86645,2.20325,1.43575,-2.3709
1138,0.569,4,2,4,0,0,0,0,0,0,45.7963,-3.70523,23.5826,-7.3654,18.4119,-35.7468,0,0,0,0,0,0,5.60725,-1.6406,3.85055,2.17812,1.42692,-2.32581
1139,0.5695,4,2,4,0,0,0,0,0,0,45.8336,-3.96114,23.5852,-7.33918,18.4304,-35.5026,0,0,0,0,0,0,5.60548,-1.67536,3.84622,2.17628,1.41788,-2.30365
1140,0.57,4,2,4,0,0,0,0,0,0,45.8673,-4.21551,23.5909,-7.3107,18.4526,-35.2562,0,0,0,0,0,0,5.61446,-1.70766,3.85046,2.18377,1.41014,-2.29216
1141,0.5705,4,2,4,0,0,0,0,0,0,45.8937,-4.46712,23.5984,-7.27849,18.4776,-35.0049,0,0,0,0,0,0,5.60644,-1.7334,3.84107,2.17328,1.40207,-2.26344
1142,0.571,4,2,4,0,0,0,0,0,0,45.9239,-4.72156,23.6136,-7.23391,18.5043,-34.7626,0,0,0,0,0,0,5.5973,-1.7653,3.83614,2.17056,1.39419,-2.23385
1143,0.5715,4,2,4,0,0,0,0,0,0,45.9568,-4.97737,23.6316,-7.18413,18.5305,-34.5283,0,0,0,0,0,0,5.60109,-1.80188,3.8405,2.17642,1.38814,-2.21791
1144,0.572,4,2,4,0,0,0,0,0,0,45.9861,-5.23021,23.6464,-7.13602,18.5549,-34.2915,0,0,0,0,0,0,5.5863,-1.83368,3.83136,2.15944,1.38403,-2.17561
1145,0.5725,4,2,4,0,0,0,0,0,0,46.0071,-5.48194,23.6496,-7.10101,18.5756,-34.0449,0,0,0,0,0,0,5.57299,-1.86396,3.82198,2.14377,1.37877,-2.13637
1146,0.573,4,2,4,0,0,0,0,0,0,46.025,-5.73736,23.6486,-7.07184,18.5938,-33.7947,0,0,0,0,0,0,5.56135,-1.89763,3.81073,2.13516,1.36762,-2.108
1147,0.5735,4,2,4,0,0,0,0,0,0,46.0368,-5.99111,23.6511,-7.03682,18.613,-33.537,0,0,0,0,0,0,5.55008,-1.93078,3.79422,2.11675,1.35613,-2.07762
1148,0.574,4,2,4,0,0,0,0,0,0,46.0505,-6.24215,23.6573,-6.99407,18.6314,-33.2838,0,0,0,0,0,0,5.55119,-1.96493,3.7983,2.12472,1.35145,-2.06253
1149,0.5745,4,2,4,0,0,0,0,0,0,46.0695,-6.4962,23.6652,-6.94669,18.6472,-33.0391,0,0,0,0,0,0,5.54607,-2.00088,3.79933,2.13293,1.34403,-2.0451
1150,0.575,4,2,4,0,0,0,0,0,0,46.0884,-6.74962,23.672,-6.89966,18.663,-32.7923,0,0,0,0,0,0,5.52954,-2.03182,3.78701,2.11359,1.33894,-1.997
1151,0.5755,4,2,4,0,0,0,0,0,0,46.1069,-7.00221,23.6823,-6.84897,18.6809,-32.5438,0,0,0,0,0,0,5.52395,-2.05944,3.78183,2.10292,1.33532,-1.9594
1152,0.576,4,2,4,0,0,0,0,0,0,46.1262,-7.25557,23.6872,-6.80545,18.6955,-32.2977,0,0,0,0,0,0,5.53069,-2.0909,3.7849,2.10293,1.3309,-1.94248
1153,0.5765,4,2,4,0,0,0,0,0,0,46.1429,-7.51139,23.6848,-6.77279,18.7068,-32.0491,0,0,0,0,0,0,5.52507,-2.12191,3.76918,2.07882,1.32071,-1.91567
1154,0.577,4,2,4,0,0,0,0,0,0,46.1581,-7.76224,23.6869,-6.73103,18.7193,-31.8019,0,0,0,0,0,0,5.52638,-2.15378,3.75997,2.06974,1.30834,-1.90252
1155,0.5775,4,2,4,0,0,0,0,0,0,46.1725,-8.01288,23.6974,-6.6765,18.7341,-31.5589,0,0,0,0,0,0,5.53036,-2.1848,3.76324,2.07726,1.30106,-1.89131
1156,0.578,4,2,4,0,0,0,0,0,0,46.1837,-8.2607,23.7082,-6.62148,18.7506,-31.3147,0,0,0,0,0,0,5.50938,-2.21385,3.7546,2.06721,1.29684,-1.84634
1157,0.5785,4,2,4,0,0,0,0,0,0,46.1931,-8.50826,23.7159,-6.57091,18.7676,-31.0685,0,0,0,0,0,0,5.5033,-2.24408,3.74858,2.05838,1.29046,-1.81606
1158,0.579,4,2,4,0,0,0,0,0,0,46.2036,-8.75352,23.727,-6.51556,18.7857,-30.8267,0,0,0,0,0,0,5.50801,-2.27421,3.75046,2.06406,1.28291,-1.80356
1159,0.5795,4,2,4,0,0,0,0,0,0,46.2165,-9.0008,23.7347,-6.46386,18.8012,-30.5895,0,0,0,0,0,0,5.49933,-2.30473,3.74107,2.05434,1.27397,-1.77538
1160,0.58,4,2,4,0,0,0,0,0,0,46.2258,-9.24803,23.7313,-6.42559,18.8127,-30.3496,0,0,0,0,0,0,5.48615,-2.34012,3.72623,2.03457,1.2624,-1.74042
1161,0.5805,4,2,4,0,0,0,0,0,0,46.2314,-9.49319,23.7378,-6.37239,18.8277,-30.1102,0,0,0,0,0,0,5.48095,-2.37186,3.71721,2.02649,1.25071,-1.71729
1162,0.581,4,2,4,0,0,0,0,0,0,46.2298,-9.73729,23.7487,-6.31225,18.8469,-29.8666,0,0,0,0,0,0,5.4635,-2.39636,3.70107,2.01441,1.23899,-1.68376
1163,0.5815,4,2,4,0,0,0,0,0,0,46.2223,-9.97916,23.7563,-6.2566,18.8681,-29.6165,0,0,0,0,0,0,5.44746,-2.42388,3.68821,2.01094,1.22748,-1.66039
1164,0.582,4,2,4,0,0,0,0,0,0,46.2133,-10.2229,23.7638,-6.2007,18.8895,-29.3638,0,0,0,0,0,0,5.43221,-2.45298,3.68121,2.0094,1.22146,-1.63096
1165,0.5825,4,2,4,0,0,0,0,0,0,46.2037,-10.4644,23.7645,-6.14852,18.9057,-29.1142,0,0,0,0,0,0,5.43193,-2.48962,3.67829,2.01161,1.21298,-1.62072
1166,0.583,4,2,4,0,0,0,0,0,0,46.1964,-10.7087,23.7605,-6.09974,18.9166,-28.8706,0,0,0,0,0,0,5.41212,-2.5237,3.66004,1.99299,1.20296,-1.58437
1167,0.5835,4,2,4,0,0,0,0,0,0,46.1861,-10.9532,23.7515,-6.05444,18.9228,-28.6268,0,0,0,0,0,0,5.38288,-2.55079,3.64125,1.97084,1.19534,-1.5325
1168,0.584,4,2,4,0,0,0,0,0,0,46.1714,-11.198,23.7437,-6.00332,18.9261,-28.3823,0,0,0,0,0,0,5.36624,-2.57771,3.62685,1.95529,1.18682,-1.49666
1169,0.5845,4,2,4,0,0,0,0,0,0,46.1466,-11.4378,23.7332,-5.95357,18.9293,-28.1257,0,0,0,0,0,0,5.3455,-2.60474,3.6082,1.93712,1.17822,-1.46141
1170,0.585,4,2,4,0,0,0,0,0,0,46.1206,-11.6797,23.7224,-5.90528,18.9338,-27.8658,0,0,0,0,0,0,5.32859,-2.63748,3.59655,1.92423,1.17319,-1.42522
1171,0.5855,4,2,4,0,0,0,0,0,0,46.103,-11.922,23.7148,-5.85534,18.9391,-27.6113,0,0,0,0,0,0,5.32954,-2.67535,3.60006,1.93185,1.16825,-1.41524
1172,0.586,4,2,4,0,0,0,0,0,0,46.0984,-12.1601,23.716,-5.79625,18.9448,-27.3706,0,0,0,0,0,0,5.31576,-2.70777,3.58896,1.91756,1.162,-1.38143
1173,0.5865,4,2,4,0,0,0,0,0,0,46.1057,-12.3982,23.7192,-5.73752,18.9482,-27.143,0,0,0,0,0,0,5.30413,-2.73927,3.58397,1.90899,1.15709,-1.34586
1174,0.587,4,2,4,0,0,0,0,0,0,46.1222,-12.6378,23.7336,-5.66925,18.9535,-26.9215,0,0,0,0,0,0,5.30465,-2.7651,3.58591,1.90759,1.15329,-1.32713
1175,0.5875,4,2,4,0,0,0,0,0,0,46.1327,-12.8725,23.7511,-5.59875,18.961,-26.69,0,0,0,0,0,0,5.30713,-2.78791,3.58055,1.89508,1.14799,-1.30829
1176,0.588,4,2,4,0,0,0,0,0,0,46.135,-13.1098,23.7641,-5.53562,18.9695,-26.4459,0,0,0,0,0,0,5.30529,-2.8115,3.56649,1.87553,1.13776,-1.28735
1177,0.5885,4,2,4,0,0,0,0,0,0,46.1332,-13.3531,23.7803,-5.47174,18.9808,-26.1984,0,0,0,0,0,0,5.31385,-2.83893,3.56903,1.87359,1.13282,-1.27139
1178,0.589,4,2,4,0,0,0,0,0,0,46.1316,-13.5944,23.8009,-5.4038,18.9955,-25.9563,0,0,0,0,0,0,5.31956,-2.87217,3.57643,1.88,1.12897,-1.25687
1179,0.5895,4,2,4,0,0,0,0,0,0,46.1328,-13.8324,23.8265,-5.32539,19.0112,-25.7266,0,0,0,0,0,0,5.30849,-2.90171,3.57044,1.87278,1.12319,-1.22523
1180,0.59,4,2,4,0,0,0,0,0,0,46.1285,-14.0714,23.846,-5.25031,19.0248,-25.5001,0,0,0,0,0,0,5.29737,-2.9282,3.56658,1.87252,1.11563,-1.20131
1181,0.5905,4,2,4,0,0,0,0,0,0,46.1075,-14.3066,23.8597,-5.17436,19.0388,-25.2629,0,0,0,0,0,0,5.28395,-2.95369,3.55047,1.86235,1.10156,-1.18597
1182,0.591,4,2,4,0,0,0,0,0,0,46.0603,-14.5382,23.8627,-5.10519,19.0535,-25.0004,0,0,0,0,0,0,5.25095,-2.97109,3.51705,1.83295,1.08668,-1.14823
1183,0.5915,4,2,4,0,0,0,0,0,0,45.9976,-14.773,23.8577,-5.04261,19.0661,-24.7245,0,0,0,0,0,0,5.22006,-2.99565,3.49127,1.81298,1.07391,-1.11514
1184,0.592,4,2,4,0,0,0,0,0,0,45.9389,-15.0083,23.8453,-4.98648,19.0727,-24.4564,0,0,0,0,0,0,5.19206,-3.02389,3.47968,1.81346,1.06264,-1.08701
1185,0.5925,4,2,4,0,0,0,0,0,0,45.8935,-15.241,23.8366,-4.92328,19.074,-24.2066,0,0,0,0,0,0,5.15766,-3.05193,3.45844,1.80416,1.05057,-1.05381
1186,0.593,4,2,4,0,0,0,0,0,0,45.8692,-15.4728,23.8341,-4.85129,19.0717,-23.982,0,0,0,0,0,0,5.14563,-3.0884,3.45227,1.81142,1.03922,-1.04447
1187,0.5935,4,2,4,0,0,0,0,0,0,45.8487,-15.7035,23.8364,-4.77158,19.0679,-23.7643,0,0,0,0,0,0,5.13243,-3.11767,3.43856,1.80381,1.02947,-1.02588
1188,0.594,4,2,4,0,0,0,0,0,0,45.8146,-15.9269,23.8348,-4.69386,19.0644,-23.5327,0,0,0,0,0,0,5.11698,-3.14396,3.42418,1.7903,1.02131,-0.998481
1189,0.5945,4,2,4,0,0,0,0,0,0,45.7604,-16.151,23.82,-4.62777,19.059,-23.2825,0,0,0,0,0,0,5.10099,-3.1704,3.41108,1.782,1.01241,-0.974756
1190,0.595,4,2,4,0,0,0,0,0,0,45.6876,-16.3767,23.7887,-4.57624,19.0483,-23.0148,0,0,0,0,0,0,5.07188,-3.19578,3.38709,1.76282,1.00132,-0.941773
1191,0.5955,4,2,4,0,0,0,0,0,0,45.6084,-16.6019,23.7494,-4.52912,19.0322,-22.7489,0,0,0,0,0,0,5.03867,-3.22615,3.36416,1.74406,0.990953,-0.904176
1192,0.596,4,2,4,0,0,0,0,0,0,45.5331,-16.8251,23.7106,-4.47711,19.0115,-22.4952,0,0,0,0,0,0,5.00042,-3.26028,3.34252,1.72784,0.981117,-0.85765
1193,0.5965,4,2,4,0,0,0,0,0,0,45.4655,-17.0459,23.6718,-4.42367,18.9878,-22.2528,0,0,0,0,0,0,4.96245,-3.2937,3.3213,1.7087,0.973537,-0.805848
1194,0.597,4,2,4,0,0,0,0,0,0,45.4044,-17.2603,23.6377,-4.36473,18.966,-22.0133,0,0,0,0,0,0,4.9331,-3.31602,3.30426,1.69546,0.967742,-0.758862
1195,0.5975,4,2,4,0,0,0,0,0,0,45.3481,-17.4783,23.6129,-4.2986,18.9473,-21.7674,0,0,0,0,0,0,4.92932,-3.34331,3.29335,1.68541,0.961225,-0.738236
1196,0.598,4,2,4,0,0,0,0,0,0,45.3022,-17.7042,23.6005,-4.22782,18.9337,-21.5176,0,0,0,0,0,0,4.92784,-3.37358,3.28763,1.67518,0.95759,-0.716096
1197,0.5985,4,2,4,0,0,0,0,0,0,45.2732,-17.9335,23.6061,-4.15098,18.9283,-21.2678,0,0,0,0,0,0,4.92646,-3.39829,3.2892,1.67184,0.95523,-0.691071
1198,0.599,4,2,4,0,0,0,0,0,0,45.2792,-18.1637,23.6331,-4.06324,18.9273,-21.0423,0,0,0,0,0,0,4.94308,-3.42422,3.30124,1.68198,0.949073,-0.689863
1199,0.5995,4,2,4,0,0,0,0,0,0,45.3206,-18.3949,23.6758,-3.96938,18.9296,-20.847,0,0,0,0,0,0,4.95613,-3.44758,3.30951,1.684,0.945997,-0.676221
1200,0.6,4,2,4,0,0,0,0,0,0,45.3542,-18.6224,23.7194,-3.87554,18.9356,-20.6515,0,0,0,0,0,0,4.9732,-3.47805,3.31601,1.68495,0.942179,-0.670827
1201,0.6005,4,2,4,0,0,0,0,0,0,45.362,-18.8462,23.7523,-3.78565,18.9416,-20.4412,0,0,0,0,0,0,4.99082,-3.50926,3.31662,1.67738,0.937662,-0.663742
1202,0.601,4,2,4,0,0,0,0,0,0,45.3404,-19.0689,23.7739,-3.697,18.9462,-20.2131,0,0,0,0,0,0,4.97822,-3.52596,3.30054,1.65688,0.93484,-0.631
1203,0.6015,4,2,4,0,0,0,0,0,0,45.2966,-19.2922,23.7857,-3.61226,18.9497,-19.9706,0,0,0,0,0,0,4.94292,-3.53718,3.27571,1.637,0.928341,-0.58912
1204,0.602,4,2,4,0,0,0,0,0,0,45.2469,-19.5166,23.7915,-3.52679,18.9476,-19.7332,0,0,0,0,0,0,4.91012,-3.55052,3.25912,1.63678,0.917592,-0.563967
1205,0.6025,4,2,4,0,0,0,0,0,0,45.192,-19.7355,23.788,-3.44415,18.9372,-19.5002,0,0,0,0,0,0,4.87486,-3.57098,3.24088,1.63282,0.906209,-0.536693
1206,0.603,4,2,4,0,0,0,0,0,0,45.1291,-19.9459,23.7635,-3.37988,18.9182,-19.2645,0,0,0,0,0,0,4.84034,-3.59911,3.22059,1.62341,0.893447,-0.510288
1207,0.6035,4,2,4,0,0,0,0,0,0,45.0606,-20.1513,23.7261,-3.32716,18.8942,-19.022,0,0,0,0,0,0,4.80215,-3.61983,3.1918,1.60127,0.880932,-0.47693
1208,0.604,4,2,4,0,0,0,0,0,0,44.9907,-20.3616,23.6892,-3.27249,18.868,-18.7764,0,0,0,0,0,0,4.75994,-3.63005,3.15647,1.57327,0.870417,-0.435673
1209,0.6045,4,2,4,0,0,0,0,0,0,44.9182,-20.5732,23.6553,-3.21246,18.841,-18.5268,0,0,0,0,0,0,4.72027,-3.64305,3.13036,1.56043,0.860778,-0.397869
1210,0.605,4,2,4,0,0,0,0,0,0,44.8445,-20.7862,23.6241,-3.14589,18.813,-18.2792,0,0,0,0,0,0,4.70469,-3.67235,3.12546,1.56425,0.8533,-0.375711
1211,0.6055,4,2,4,0,0,0,0,0,0,44.7814,-21.0009,23.5994,-3.06658,18.7818,-18.0533,0,0,0,0,0,0,4.68143,-3.69818,3.11557,1.55915,0.847979,-0.341181
1212,0.606,4,2,4,0,0,0,0,0,0,44.7209,-21.2071,23.5751,-2.98341,18.7495,-17.8358,0,0,0,0,0,0,4.66147,-3.73037,3.10539,1.55839,0.837513,-0.322365
1213,0.6065,4,2,4,0,0,0,0,0,0,44.657,-21.4061,23.5466,-2.90599,18.717,-17.6136,0,0,0,0,0,0,4.63274,-3.75198,3.08508,1.54509,0.826774,-0.289944
1214,0.607,4,2,4,0,0,0,0,0,0,44.5873,-21.606,23.513,-2.83816,18.6843,-17.3802,0,0,0,0,0,0,4.604,-3.77014,3.06149,1.52829,0.814487,-0.261128
1215,0.6075,4,2,4,0,0,0,0,0,0,44.5213,-21.8118,23.4798,-2.7757,18.653,-17.1429,0,0,0,0,0,0,4.59466,-3.79275,3.05398,1.5235,0.80647,-0.241684
1216,0.608,4,2,4,0,0,0,0,0,0,44.4626,-22.02,23.4535,-2.71109,18.6242,-16.9055,0,0,0,0,0,0,4.58816,-3.81564,3.042,1.51041,0.799855,-0.220116
1217,0.6085,4,2,4,0,0,0,0,0,0,44.4142,-22.2337,23.4393,-2.63506,18.597,-16.6799,0,0,0,0,0,0,4.58154,-3.84161,3.03386,1.50064,0.795161,-0.202863
1218,0.609,4,2,4,0,0,0,0,0,0,44.3718,-22.4479,23.4325,-2.55039,18.5719,-16.4661,0,0,0,0,0,0,4.57501,-3.87095,3.03496,1.50448,0.790782,-0.189812
1219,0.6095,4,2,4,0,0,0,0,0,0,44.3265,-22.6538,23.4271,-2.46341,18.5497,-16.2507,0,0,0,0,0,0,4.55527,-3.89785,3.0272,1.4988,0.787806,-0.158677
1220,0.61,4,2,4,0,0,0,0,0,0,44.2782,-22.8578,23.42,-2.37709,18.5276,-16.0326,0,0,0,0,0,0,4.52534,-3.9154,3.01468,1.48935,0.785472,-0.119006
1221,0.6105,4,2,4,0,0,0,0,0,0,44.2169,-23.0668,23.4097,-2.29405,18.504,-15.8017,0,0,0,0,0,0,4.49874,-3.93487,3.00003,1.47629,0.780987,-0.087708
1222,0.611,4,2,4,0,0,0,0,0,0,44.1432,-23.2731,23.3914,-2.21848,18.4771,-15.5606,0,0,0,0,0,0,4.47308,-3.9519,2.97659,1.45778,0.771265,-0.0636252
1223,0.6115,4,2,4,0,0,0,0,0,0,44.0694,-23.4772,23.363,-2.15194,18.4446,-15.3255,0,0,0,0,0,0,4.44983,-3.9726,2.95266,1.44037,0.75949,-0.0423921
1224,0.612,4,2,4,0,0,0,0,0,0,44.0072,-23.6808,23.338,-2.07745,18.4065,-15.1116,0,0,0,0,0,0,4.43742,-4.00031,2.94234,1.43864,0.74933,-0.0332217
1225,0.6125,4,2,4,0,0,0,0,0,0,43.9447,-23.8776,23.3155,-1.99838,18.3676,-14.9015,0,0,0,0,0,0,4.41243,-4.0172,2.92709,1.43176,0.74067,-0.00760347
1226,0.613,4,2,4,0,0,0,0,0,0,43.8792,-24.0662,23.2907,-1.92068,18.3295,-14.6893,0,0,0,0,0,0,4.37915,-4.03445,2.90558,1.41669,0.732674,0.0256593
1227,0.6135,4,2,4,0,0,0,0,0,0,43.8129,-24.2582,23.2695,-1.83804,18.2928,-14.4787,0,0,0,0,0,0,4.34949,-4.05429,2.88699,1.40526,0.724883,0.0521933
1228,0.614,4,2,4,0,0,0,0,0,0,43.7418,-24.4526,23.2464,-1.75736,18.2575,-14.2629,0,0,0,0,0,0,4.33649,-4.07267,2.87532,1.40197,0.715961,0.0597304
1229,0.6145,4,2,4,0,0,0,0,0,0,43.6716,-24.6446,23.224,-1.67728,18.2234,-14.0459,0,0,0,0,0,0,4.31371,-4.08546,2.85898,1.3905,0.709946,0.0870644
1230,0.615,4,2,4,0,0,0,0,0,0,43.6071,-24.8385,23.201,-1.59921,18.1872,-13.8375,0,0,0,0,0,0,4.28712,-4.10106,2.84098,1.37705,0.70269,0.121638
1231,0.6155,4,2,4,0,0,0,0,0,0,43.551,-25.0313,23.1774,-1.52382,18.1476,-13.6375,0,0,0,0,0,0,4.26058,-4.11877,2.82128,1.36289,0.693052,0.149596
1232,0.616,4,2,4,0,0,0,0,0,0,43.497,-25.2189,23.1549,-1.45093,18.1082,-13.4349,0,0,0,0,0,0,4.24478,-4.14028,2.80942,1.35421,0.684853,0.170896
1233,0.6165,4,2,4,0,0,0,0,0,0,43.4433,-25.4068,23.133,-1.37938,18.0684,-13.2288,0,0,0,0,0,0,4.2271,-4.16248,2.80326,1.35216,0.6783,0.19167
1234,0.617,4,2,4,0,0,0,0,0,0,43.3806,-25.6009,23.1106,-1.30925,18.0303,-13.0129,0,0,0,0,0,0,4.20742,-4.18085,2.79289,1.34497,0.674625,0.216888
1235,0.6175,4,2,4,0,0,0,0,0,0,43.3138,-25.7966,23.0911,-1.23516,17.9946,-12.7931,0,0,0,0,0,0,4.18561,-4.19328,2.77534,1.33112,0.671606,0.244199
1236,0.618,4,2,4,0,0,0,0,0,0,43.2452,-25.989,23.0732,-1.15534,17.96,-12.5767,0,0,0,0,0,0,4.16754,-4.21193,2.76527,1.32995,0.666609,0.259272
1237,0.6185,4,2,4,0,0,0,0,0,0,43.1772,-26.1819,23.0567,-1.06873,17.9229,-12.3699,0,0,0,0,0,0,4.14665,-4.23333,2.75414,1.32733,0.660512,0.279303
1238,0.619,4,2,4,0,0,0,0,0,0,43.107,-26.3675,23.0321,-0.98624,17.8813,-12.1623,0,0,0,0,0,0,4.11399,-4.24909,2.74404,1.32697,0.653915,0.308602
1239,0.6195,4,2,4,0,0,0,0,0,0,43.0352,-26.5473,22.9922,-0.916518,17.8337,-11.9516,0,0,0,0,0,0,4.07245,-4.25696,2.71669,1.30585,0.646972,0.352865
1240,0.62,4,2,4,0,0,0,0,0,0,42.9635,-26.7323,22.9437,-0.851681,17.7788,-11.7454,0,0,0,0,0,0,4.04405,-4.27185,2.69076,1.28575,0.63688,0.38101
1241,0.6205,4,2,4,0,0,0,0,0,0,42.8842,-26.9182,22.8865,-0.793842,17.7198,-11.5306,0,0,0,0,0,0,4.02231,-4.28611,2.67075,1.27503,0.626241,0.400097
1242,0.621,4,2,4,0,0,0,0,0,0,42.8019,-27.1019,22.8237,-0.738326,17.6585,-11.3157,0,0,0,0,0,0,4.00174,-4.30113,2.65298,1.26725,0.618158,0.415734
1243,0.6215,4,2,4,0,0,0,0,0,0,42.7263,-27.2857,22.7654,-0.675685,17.5972,-11.112,0,0,0,0,0,0,3.98717,-4.31983,2.64089,1.26442,0.609652,0.426039
1244,0.622,4,2,4,0,0,0,0,0,0,42.6601,-27.4702,22.7163,-0.602809,17.5377,-10.9206,0,0,0,0,0,0,3.96438,-4.33711,2.63133,1.26092,0.604924,0.453222
1245,0.6225,4,2,4,0,0,0,0,0,0,42.5961,-27.6463,22.672,-0.525099,17.4808,-10.7297,0,0,0,0,0,0,3.93876,-4.35287,2.62011,1.25433,0.600859,0.486784
1246,0.623,4,2,4,0,0,0,0,0,0,42.5378,-27.8219,22.6338,-0.445105,17.4274,-10.5423,0,0,0,0,0,0,3.92521,-4.3714,2.60476,1.24251,0.593861,0.503368
1247,0.6235,4,2,4,0,0,0,0,0,0,42.4847,-28.0079,22.5978,-0.367954,17.3751,-10.3582,0,0,0,0,0,0,3.92539,-4.39529,2.59338,1.23409,0.585649,0.502492
1248,0.624,4,2,4,0,0,0,0,0,0,42.4304,-28.1939,22.558,-0.297566,17.3207,-10.1671,0,0,0,0,0,0,3.9193,-4.41242,2.57388,1.21822,0.576545,0.503199
1249,0.6245,4,2,4,0,0,0,0,0,0,42.3735,-28.3793,22.5151,-0.231114,17.263,-9.97473,0,0,0,0,0,0,3.89833,-4.42469,2.55281,1.20173,0.569287,0.526961
1250,0.625,4,2,4,0,0,0,0,0,0,42.3154,-28.5648,22.4701,-0.166872,17.2026,-9.78601,0,0,0,0,0,0,3.87015,-4.43647,2.53814,1.1917,0.565238,0.562113
1251,0.6255,4,2,4,0,0,0,0,0,0,42.2593,-28.7488,22.4237,-0.103011,17.14,-9.60354,0,0,0,0,0,0,3.84531,-4.44961,2.5304,1.1927,0.560012,0.58908
1252,0.626,4,2,4,0,0,0,0,0,0,42.1991,-28.9219,22.3772,-0.0373195,17.0778,-9.41872,0,0,0,0,0,0,3.81242,-4.4571,2.51646,1.19045,0.554421,0.611262
1253,0.6265,4,2,4,0,0,0,0,0,0,42.131,-29.0949,22.332,0.0322562,17.017,-9.23297,0,0,0,0,0,0,3.78736,-4.47238,2.49905,1.18193,0.548761,0.624526
1254,0.627,4,2,4,0,0,0,0,0,0,42.0556,-29.2699,22.2847,0.101063,16.9578,-9.0443,0,0,0,0,0,0,3.75582,-4.48576,2.47879,1.167,0.544904,0.65141
1255,0.6275,4,2,4,0,0,0,0,0,0,41.9766,-29.4427,22.2407,0.175249,16.899,-8.85465,0,0,0,0,0,0,3.73198,-4.49838,2.45983,1.15546,0.538922,0.670934
1256,0.628,4,2,4,0,0,0,0,0,0,41.8947,-29.613,22.1954,0.250616,16.8372,-8.66747,0,0,0,0,0,0,3.70066,-4.50813,2.43991,1.14734,0.52991,0.69673
1257,0.6285,4,2,4,0,0,0,0,0,0,41.8068,-29.7796,22.1421,0.318689,16.7732,-8.4774,0,0,0,0,0,0,3.66712,-4.51859,2.41964,1.13527,0.521649,0.730176
1258,0.629,4,2,4,0,0,0,0,0,0,41.7176,-29.9408,22.0823,0.38136,16.7062,-8.2887,0,0,0,0,0,0,3.64428,-4.53228,2.40458,1.1308,0.510361,0.747458
1259,0.6295,4,2,4,0,0,0,0,0,0,41.6315,-30.0943,22.0183,0.439484,16.6375,-8.10319,0,0,0,0,0,0,3.61824,-4.54542,2.38577,1.12504,0.498479,0.759974
1260,0.63,4,2,4,0,0,0,0,0,0,41.5471,-30.2523,21.9559,0.496559,16.5698,-7.91935,0,0,0,0,0,0,3.58956,-4.55478,2.36466,1.1122,0.491341,0.788237
1261,0.6305,4,2,4,0,0,0,0,0,0,41.4625,-30.4154,21.895,0.551532,16.5054,-7.73174,0,0,0,0,0,0,3.56803,-4.56635,2.34592,1.09505,0.487488,0.814724
1262,0.631,4,2,4,0,0,0,0,0,0,41.3886,-30.5801,21.8459,0.615874,16.4452,-7.55136,0,0,0,0,0,0,3.54369,-4.57657,2.32849,1.0801,0.484268,0.840844
1263,0.6315,4,2,4,0,0,0,0,0,0,41.3193,-30.7437,21.8034,0.686109,16.3875,-7.37305,0,0,0,0,0,0,3.51994,-4.58655,2.31525,1.07188,0.482012,0.865208
1264,0.632,4,2,4,0,0,0,0,0,0,41.2507,-30.9074,21.7632,0.758562,16.3294,-7.19361,0,0,0,0,0,0,3.51056,-4.60755,2.31901,1.08302,0.477478,0.869074
1265,0.6325,4,2,4,0,0,0,0,0,0,41.1817,-31.0661,21.7188,0.826763,16.2706,-7.01336,0,0,0,0,0,0,3.49297,-4.62269,2.31021,1.08001,0.473258,0.883438
1266,0.633,4,2,4,0,0,0,0,0,0,41.1148,-31.2225,21.6688,0.889009,16.2083,-6.83708,0,0,0,0,0,0,3.46528,-4.63085,2.28832,1.06365,0.468166,0.904417
1267,0.6335,4,2,4,0,0,0,0,0,0,41.0451,-31.3798,21.6138,0.946071,16.1421,-6.66211,0,0,0,0,0,0,3.44304,-4.64074,2.27126,1.05451,0.460882,0.918497
1268,0.634,4,2,4,0,0,0,0,0,0,40.972,-31.5407,21.5514,0.996723,16.0717,-6.48993,0,0,0,0,0,0,3.41798,-4.6489,2.24843,1.04023,0.452132,0.934364
1269,0.6345,4,2,4,0,0,0,0,0,0,40.8982,-31.7,21.4873,1.04761,15.9983,-6.32258,0,0,0,0,0,0,3.39487,-4.65853,2.22515,1.02497,0.443639,0.951557
1270,0.635,4,2,4,0,0,0,0,0,0,40.8239,-31.8551,21.4235,1.10034,15.9246,-6.15819,0,0,0,0,0,0,3.37875,-4.67673,2.21466,1.02239,0.4376,0.962643
1271,0.6355,4,2,4,0,0,0,0,0,0,40.7507,-32.007,21.3615,1.15829,15.851,-5.9999,0,0,0,0,0,0,3.34619,-4.67883,2.19395,1.01254,0.432579,0.987241
1272,0.636,4,2,4,0,0,0,0,0,0,40.6802,-32.1519,21.3014,1.21929,15.7798,-5.84497,0,0,0,0,0,0,3.31941,-4.679,2.18585,1.0165,0.426912,1.0084
1273,0.6365,4,2,4,0,0,0,0,0,0,40.6114,-32.3011,21.2422,1.28153,15.71,-5.69556,0,0,0,0,0,0,3.29488,-4.686,2.17223,1.01068,0.421906,1.02509
1274,0.637,4,2,4,0,0,0,0,0,0,40.5405,-32.4521,21.1846,1.34546,15.6422,-5.54682,0,0,0,0,0,0,3.26027,-4.69177,2.1479,0.995072,0.417129,1.04926
1275,0.6375,4,2,4,0,0,0,0,0,0,40.4666,-32.6031,21.125,1.40709,15.5742,-5.39727,0,0,0,0,0,0,3.23507,-4.69603,2.12449,0.979645,0.408971,1.0691
1276,0.638,4,2,4,0,0,0,0,0,0,40.3913,-32.7531,21.0626,1.46524,15.505,-5.24453,0,0,0,0,0,0,3.21371,-4.70702,2.11162,0.975865,0.398914,1.07901
1277,0.6385,4,2,4,0,0,0,0,0,0,40.3174,-32.8996,20.9992,1.52005,15.4355,-5.08431,0,0,0,0,0,0,3.19378,-4.72053,2.09637,0.972596,0.388511,1.08232
1278,0.639,4,2,4,0,0,0,0,0,0,40.2473,-33.0481,20.9354,1.57275,15.3629,-4.92332,0,0,0,0,0,0,3.16948,-4.72825,2.08164,0.965841,0.38185,1.10677
1279,0.6395,4,2,4,0,0,0,0,0,0,40.1794,-33.19,20.8638,1.61926,15.2871,-4.76012,0,0,0,0,0,0,3.15,-4.73048,2.06465,0.955862,0.376389,1.12626
1280,0.64,4,2,4,0,0,0,0,0,0,40.1075,-33.3374,20.7877,1.66392,15.2099,-4.59656,0,0,0,0,0,0,3.1351,-4.74102,2.05383,0.953457,0.373623,1.13549
1281,0.6405,4,2,4,0,0,0,0,0,0,40.0382,-33.4883,20.7125,1.70952,15.1341,-4.43543,0,0,0,0,0,0,3.1175,-4.75086,2.03912,0.946942,0.371517,1.14414
1282,0.641,4,2,4,0,0,0,0,0,0,39.9788,-33.6402,20.644,1.76324,15.059,-4.28441,0,0,0,0,0,0,3.10928,-4.76384,2.03054,0.944942,0.367518,1.14424
1283,0.6415,4,2,4,0,0,0,0,0,0,39.9147,-33.7868,20.5746,1.81976,14.9842,-4.13473,0,0,0,0,0,0,3.08708,-4.7704,2.01843,0.938588,0.365202,1.16523
1284,0.642,4,2,4,0,0,0,0,0,0,39.8343,-33.923,20.4986,1.87359,14.9099,-3.97457,0,0,0,0,0,0,3.05169,-4.76874,1.99631,0.92578,0.362678,1.1974
1285,0.6425,4,2,4,0,0,0,0,0,0,39.7524,-34.0612,20.4193,1.9263,14.8332,-3.81967,0,0,0,0,0,0,3.02578,-4.77497,1.97698,0.915877,0.356701,1.21962
1286,0.643,4,2,4,0,0,0,0,0,0,39.6692,-34.1907,20.3325,1.9711,14.7552,-3.66355,0,0,0,0,0,0,3.00544,-4.77873,1.96121,0.908878,0.34989,1.23401
1287,0.6435,4,2,4,0,0,0,0,0,0,39.5862,-34.3202,20.2407,2.01271,14.6737,-3.51421,0,0,0,0,0,0,2.97594,-4.7786,1.94314,0.903073,0.340966,1.25218
1288,0.644,4,2,4,0,0,0,0,0,0,39.506,-34.4545,20.145,2.05068,14.59,-3.37414,0,0,0,0,0,0,2.94799,-4.77694,1.9202,0.892567,0.33136,1.26782
1289,0.6445,4,2,4,0,0,0,0,0,0,39.4349,-34.5899,20.0535,2.09357,14.5055,-3.24638,0,0,0,0,0,0,2.9256,-4.78402,1.89664,0.876861,0.325985,1.28454
1290,0.645,4,2,4,0,0,0,0,0,0,39.3704,-34.7265,19.9676,2.14147,14.4223,-3.12206,0,0,0,0,0,0,2.90854,-4.79332,1.87571,0.865622,0.318936,1.29527
1291,0.6455,4,2,4,0,0,0,0,0,0,39.311,-34.862,19.8889,2.19263,14.3441,-2.99115,0,0,0,0,0,0,2.89422,-4.79768,1.86057,0.857903,0.31478,1.30509
1292,0.646,4,2,4,0,0,0,0,0,0,39.2558,-35.0015,19.8154,2.24802,14.2674,-2.86244,0,0,0,0,0,0,2.8864,-4.80946,1.86012,0.865692,0.310081,1.31035
1293,0.6465,4,2,4,0,0,0,0,0,0,39.2011,-35.1375,19.7364,2.29805,14.1905,-2.73146,0,0,0,0,0,0,2.87604,-4.81705,1.856,0.869848,0.306115,1.32066
1294,0.647,4,2,4,0,0,0,0,0,0,39.1463,-35.2726,19.6536,2.34257,14.113,-2.59574,0,0,0,0,0,0,2.8629,-4.82317,1.84157,0.862384,0.303506,1.3285
1295,0.6475,4,2,4,0,0,0,0,0,0,39.088,-35.4123,19.5652,2.38095,14.0329,-2.46076,0,0,0,0,0,0,2.83943,-4.82579,1.82159,0.847703,0.302305,1.3477
1296,0.648,4,2,4,0,0,0,0,0,0,39.0278,-35.55,19.4686,2.41387,13.9483,-2.3294,0,0,0,0,0,0,2.81754,-4.8279,1.79926,0.830553,0.298867,1.36112
1297,0.6485,4,2,4,0,0,0,0,0,0,38.9676,-35.6835,19.3688,2.4453,13.8606,-2.20135,0,0,0,0,0,0,2.79803,-4.83375,1.77921,0.820561,0.292125,1.36638
1298,0.649,4,2,4,0,0,0,0,0,0,38.8962,-35.8047,19.2654,2.47433,13.7725,-2.0624,0,0,0,0,0,0,2.77495,-4.84008,1.76573,0.819553,0.283377,1.38047
1299,0.6495,4,2,4,0,0,0,0,0,0,38.8181,-35.925,19.1599,2.50424,13.6836,-1.9262,0,0,0,0,0,0,2.74229,-4.83383,1.74253,0.809019,0.276443,1.40196
1300,0.65,4,2,4,0,0,0,0,0,0,38.7374,-36.0391,19.0545,2.53428,13.5966,-1.79476,0,0,0,0,0,0,2.71876,-4.82775,1.7199,0.799677,0.268173,1.4092
1301,0.6505,4,2,4,0,0,0,0,0,0,38.6564,-36.1476,18.9504,2.5648,13.513,-1.66621,0,0,0,0,0,0,2.69335,-4.82773,1.70024,0.791683,0.264194,1.42686
1302,0.651,4,2,4,0,0,0,0,0,0,38.5776,-36.2634,18.8523,2.59885,13.4328,-1.54449,0,0,0,0,0,0,2.66875,-4.83241,1.68504,0.783151,0.262993,1.45307
1303,0.6515,4,2,4,0,0,0,0,0,0,38.5019,-36.3776,18.7589,2.63662,13.3555,-1.4299,0,0,0,0,0,0,2.65578,-4.84243,1.67923,0.784558,0.257657,1.46042
1304,0.652,4,2,4,0,0,0,0,0,0,38.4352,-36.4924,18.6715,2.67931,13.2808,-1.32245,0,0,0,0,0,0,2.63188,-4.83568,1.66133,0.776023,0.253611,1.47866
1305,0.6525,4,2,4,0,0,0,0,0,0,38.3708,-36.6027,18.5859,2.72278,13.2085,-1.20982,0,0,0,0,0,0,2.6216,-4.82954,1.64713,0.773401,0.245327,1.47548
1306,0.653,4,2,4,0,0,0,0,0,0,38.3061,-36.7149,18.4976,2.76326,13.1349,-1.09337,0,0,0,0,0,0,2.61415,-4.83084,1.63349,0.770296,0.237675,1.47221
1307,0.6535,4,2,4,0,0,0,0,0,0,38.2416,-36.8286,18.4038,2.79792,13.0583,-0.975127,0,0,0,0,0,0,2.59746,-4.83647,1.6224,0.766288,0.23398,1.49039
1308,0.654,4,2,4,0,0,0,0,0,0,38.1787,-36.9397,18.3031,2.82494,12.9784,-0.85409,0,0,0,0,0,0,2.58098,-4.84585,1.60996,0.760882,0.230828,1.50442
1309,0.6545,4,2,4,0,0,0,0,0,0,38.1174,-37.055,18.1989,2.84853,12.8945,-0.735674,0,0,0,0,0,0,2.56264,-4.8467,1.5911,0.751763,0.226324,1.50812
1310,0.655,4,2,4,0,0,0,0,0,0,38.0592,-37.1759,18.0953,2.87245,12.8088,-0.624634,0,0,0,0,0,0,2.54406,-4.84482,1.57389,0.745595,0.219961,1.50433
1311,0.6555,4,2,4,0,0,0,0,0,0,38.0008,-37.2937,17.9946,2.89922,12.7248,-0.517195,0,0,0,0,0,0,2.52294,-4.84653,1.5589,0.739621,0.21737,1.50985
1312,0.656,4,2,4,0,0,0,0,0,0,37.9355,-37.4048,17.8961,2.92827,12.6444,-0.404595,0,0,0,0,0,0,2.50215,-4.84586,1.54344,0.731298,0.214532,1.51782
1313,0.6565,4,2,4,0,0,0,0,0,0,37.8616,-37.5078,17.7989,2.96084,12.5656,-0.289202,0,0,0,0,0,0,2.47698,-4.84267,1.52912,0.724887,0.212374,1.54019
1314,0.657,4,2,4,0,0,0,0,0,0,37.7838,-37.6033,17.7019,2.99501,12.4883,-0.175483,0,0,0,0,0,0,2.45034,-4.84285,1.51662,0.721505,0.21009,1.56043
1315,0.6575,4,2,4,0,0,0,0,0,0,37.7055,-37.6932,17.6021,3.02488,12.4139,-0.0623699,0,0,0,0,0,0,2.43245,-4.83616,1.50126,0.718054,0.20461,1.56977
1316,0.658,4,2,4,0,0,0,0,0,0,37.6317,-37.783,17.4998,3.05199,12.3396,0.0466736,0,0,0,0,0,0,2.41511,-4.82742,1.48141,0.708033,0.199663,1.58236
1317,0.6585,4,2,4,0,0,0,0,0,0,37.5661,-37.8773,17.3986,3.07953,12.2641,0.144333,0,0,0,0,0,0,2.39449,-4.82283,1.46571,0.701317,0.19309,1.59567
1318,0.659,4,2,4,0,0,0,0,0,0,37.5024,-37.9694,17.2931,3.10459,12.1882,0.237109,0,0,0,0,0,0,2.38134,-4.82364,1.44495,0.68899,0.187775,1.60239
1319,0.6595,4,2,4,0,0,0,0,0,0,37.4364,-38.0598,17.1837,3.12797,12.1124,0.331709,0,0,0,0,0,0,2.36949,-4.81751,1.42433,0.678351,0.181443,1.60204
1320,0.66,4,2,4,0,0,0,0,0,0,37.3701,-38.1495,17.0751,3.15345,12.0356,0.428346,0,0,0,0,0,0,2.35358,-4.81799,1.40643,0.671524,0.175464,1.60149
1321,0.6605,4,2,4,0,0,0,0,0,0,37.3146,-38.2455,16.9684,3.18049,11.9571,0.520094,0,0,0,0,0,0,2.3401,-4.81997,1.39357,0.670553,0.168165,1.59849
1322,0.661,4,2,4,0,0,0,0,0,0,37.2696,-38.3501,16.863,3.20355,11.8791,0.61602,0,0,0,0,0,0,2.3284,-4.82367,1.38556,0.67126,0.164255,1.60355
1323,0.6615,4,2,4,0,0,0,0,0,0,37.2324,-38.4614,16.7607,3.22369,11.8021,0.713349,0,0,0,0,0,0,2.32173,-4.82917,1.37971,0.670063,0.162953,1.60935
1324,0.662,4,2,4,0,0,0,0,0,0,37.1971,-38.5758,16.6574,3.24287,11.7239,0.80099,0,0,0,0,0,0,2.30262,-4.82858,1.36649,0.662489,0.164701,1.62332
1325,0.6625,4,2,4,0,0,0,0,0,0,37.1473,-38.6781,16.5475,3.26055,11.6455,0.885024,0,0,0,0,0,0,2.28616,-4.82301,1.35298,0.658798,0.161754,1.62066
1326,0.663,4,2,4,0,0,0,0,0,0,37.0758,-38.7596,16.4284,3.27655,11.5672,0.975902,0,0,0,0,0,0,2.25983,-4.81202,1.33728,0.653249,0.158393,1.63361
1327,0.6635,4,2,4,0,0,0,0,0,0,36.9897,-38.8279,16.3025,3.29034,11.4887,1.07683,0,0,0,0,0,0,2.22618,-4.79354,1.31423,0.642,0.154415,1.65597
1328,0.664,4,2,4,0,0,0,0,0,0,36.9056,-38.8966,16.1735,3.30456,11.4087,1.17711,0,0,0,0,0,0,2.20837,-4.78423,1.29569,0.635371,0.148375,1.66295
1329,0.6645,4,2,4,0,0,0,0,0,0,36.8316,-38.966,16.046,3.31905,11.3288,1.27751,0,0,0,0,0,0,2.1913,-4.77771,1.27855,0.632789,0.139476,1.67108
1330,0.665,4,2,4,0,0,0,0,0,0,36.7681,-39.0423,15.9218,3.33414,11.2504,1.37375,0,0,0,0,0,0,2.1768,-4.77791,1.2605,0.626525,0.132871,1.6789
1331,0.6655,4,2,4,0,0,0,0,0,0,36.7097,-39.1167,15.7972,3.34912,11.173,1.4622,0,0,0,0,0,0,2.16238,-4.77387,1.2419,0.621555,0.127846,1.6813
1332,0.666,4,2,4,0,0,0,0,0,0,36.6592,-39.1981,15.6786,3.37136,11.0951,1.53298,0,0,0,0,0,0,2.15412,-4.77407,1.23003,0.618123,0.123494,1.68676
1333,0.6665,4,2,4,0,0,0,0,0,0,36.6099,-39.278,15.5631,3.39534,11.021,1.60109,0,0,0,0,0,0,2.14409,-4.77493,1.22015,0.616536,0.117734,1.68391
1334,0.667,4,2,4,0,0,0,0,0,0,36.5599,-39.3546,15.4527,3.42082,10.9524,1.67505,0,0,0,0,0,0,2.13081,-4.77092,1.20467,0.609623,0.115613,1.67814
1335,0.6675,4,2,4,0,0,0,0,0,0,36.508,-39.4371,15.3457,3.4463,10.8862,1.7529,0,0,0,0,0,0,2.11531,-4.76852,1.19395,0.604365,0.116195,1.68209
1336,0.668,4,2,4,0,0,0,0,0,0,36.4555,-39.5234,15.2389,3.47028,10.8194,1.82881,0,0,0,0,0,0,2.09657,-4.76024,1.18082,0.600419,0.115356,1.69002
1337,0.6685,4,2,4,0,0,0,0,0,0,36.4015,-39.602,15.1248,3.48674,10.7521,1.91044,0,0,0,0,0,0,2.07793,-4.75112,1.16968,0.598502,0.113107,1.70328
1338,0.669,4,2,4,0,0,0,0,0,0,36.3476,-39.6804,15.0019,3.49642,10.6806,1.99032,0,0,0,0,0,0,2.06138,-4.74315,1.15717,0.595579,0.11055,1.70433
1339,0.6695,4,2,4,0,0,0,0,0,0,36.2959,-39.76,14.8708,3.50083,10.6041,2.06718,0,0,0,0,0,0,2.04528,-4.72524,1.1354,0.583804,0.110076,1.71375
1340,0.67,4,2,4,0,0,0,0,0,0,36.2494,-39.8416,14.7344,3.50399,10.5241,2.13796,0,0,0,0,0,0,2.03386,-4.71895,1.11976,0.57922,0.105885,1.72445
1341,0.6705,4,2,4,0,0,0,0,0,0,36.1999,-39.9121,14.5897,3.50272,10.4448,2.21395,0,0,0,0,0,0,2.02309,-4.71008,1.09739,0.56627,0.104732,1.73598
1342,0.671,4,2,4,0,0,0,0,0,0,36.146,-39.9705,14.4404,3.50031,10.3656,2.29649,0,0,0,0,0,0,2.01653,-4.70141,1.08072,0.560306,0.0968299,1.73869
1343,0.6715,4,2,4,0,0,0,0,0,0,36.0916,-40.0272,14.2906,3.49973,10.2868,2.37783,0,0,0,0,0,0,2.00263,-4.70024,1.06499,0.553933,0.0930616,1.74277
1344,0.672,4,2,4,0,0,0,0,0,0,36.0399,-40.0859,14.1414,3.49962,10.2107,2.45345,0,0,0,0,0,0,1.9908,-4.69274,1.05171,0.552028,0.0881705,1.74064
1345,0.6725,4,2,4,0,0,0,0,0,0,35.9892,-40.1398,13.9952,3.49845,10.1408,2.53056,0,0,0,0,0,0,1.98496,-4.68961,1.04091,0.5514,0.0835214,1.73694
1346,0.673,4,2,4,0,0,0,0,0,0,35.9381,-40.195,13.8558,3.49991,10.0759,2.60152,0,0,0,0,0,0,1.97793,-4.69172,1.03062,0.54956,0.0806605,1.73684
1347,0.6735,4,2,4,0,0,0,0,0,0,35.8914,-40.2535,13.725,3.50855,10.0124,2.65654,0,0,0,0,0,0,1.96904,-4.68739,1.01764,0.54525,0.0790555,1.73434
1348,0.674,4,2,4,0,0,0,0,0,0,35.8476,-40.3162,13.6034,3.52408,9.95105,2.70304,0,0,0,0,0,0,1.95749,-4.67684,1.00491,0.53869,0.0779078,1.74091
1349,0.6745,4,2,4,0,0,0,0,0,0,35.7981,-40.3731,13.4817,3.53687,9.89386,2.76296,0,0,0,0,0,0,1.94245,-4.66302,0.991589,0.534781,0.0767563,1.74967
1350,0.675,4,2,4,0,0,0,0,0,0,35.7448,-40.4256,13.3551,3.54572,9.8368,2.83316,0,0,0,0,0,0,1.9287,-4.64216,0.969335,0.524179,0.0767885,1.75421
1351,0.6755,4,2,4,0,0,0,0,0,0,35.6935,-40.4815,13.2224,3.5522,9.77537,2.90197,0,0,0,0,0,0,1.91279,-4.6238,0.956344,0.523912,0.0733036,1.7543
1352,0.676,4,2,4,0,0,0,0,0,0,35.6435,-40.5384,13.0834,3.55641,9.70842,2.9705,0,0,0,0,0,0,1.90237,-4.61263,0.944928,0.525215,0.0696048,1.75193
1353,0.6765,4,2,4,0,0,0,0,0,0,35.5945,-40.593,12.9362,3.55532,9.63827,3.04188,0,0,0,0,0,0,1.89256,-4.59887,0.928429,0.523659,0.0636755,1.74395
1354,0.677,4,2,4,0,0,0,0,0,0,35.5523,-40.6479,12.7813,3.54908,9.56562,3.10997,0,0,0,0,0,0,1.87978,-4.58667,0.911964,0.520879,0.0600225,1.74953
1355,0.6775,4,2,4,0,0,0,0,0,0,35.5158,-40.7106,12.6238,3.54271,9.49131,3.16699,0,0,0,0,0,0,1.8702,-4.57811,0.89604,0.512933,0.0585907,1.74876
1356,0.678,4,2,4,0,0,0,0,0,0,35.4746,-40.7677,12.4666,3.5379,9.41872,3.22079,0,0,0,0,0,0,1.85837,-4.57387,0.883047,0.50862,0.0558121,1.74635
1357,0.6785,4,2,4,0,0,0,0,0,0,35.4256,-40.81,12.3116,3.53353,9.35089,3.28207,0,0,0,0,0,0,1.8489,-4.57306,0.868614,0.501731,0.0536032,1.7426
1358,0.679,4,2,4,0,0,0,0,0,0,35.3697,-40.8415,12.1576,3.52922,9.287,3.34625,0,0,0,0,0,0,1.83923,-4.56715,0.855665,0.496718,0.0508766,1.74903
1359,0.6795,4,2,4,0,0,0,0,0,0,35.3136,-40.8752,12.0082,3.52924,9.22385,3.3989,0,0,0,0,0,0,1.82341,-4.55602,0.837574,0.487018,0.0511286,1.76221
1360,0.68,4,2,4,0,0,0,0,0,0,35.2627,-40.9077,11.8642,3.53192,9.16348,3.44396,0,0,0,0,0,0,1.81388,-4.54653,0.820346,0.480148,0.0498206,1.76777
1361,0.6805,4,2,4,0,0,0,0,0,0,35.2149,-40.9373,11.7213,3.53346,9.10707,3.49053,0,0,0,0,0,0,1.80575,-4.53212,0.807327,0.478201,0.046028,1.76909
1362,0.681,4,2,4,0,0,0,0,0,0,35.1708,-40.9674,11.5768,3.53358,9.05341,3.53668,0,0,0,0,0,0,1.79982,-4.518,0.791122,0.472316,0.0444233,1.77838
1363,0.6815,4,2,4,0,0,0,0,0,0,35.1301,-41.0003,11.4313,3.53347,9.00087,3.58139,0,0,0,0,0,0,1.79518,-4.51134,0.7772,0.470405,0.0398464,1.78655
1364,0.682,4,2,4,0,0,0,0,0,0,35.0918,-41.0406,11.2842,3.53243,8.94849,3.62613,0,0,0,0,0,0,1.79204,-4.50103,0.759146,0.464035,0.0377404,1.78381
1365,0.6825,4,2,4,0,0,0,0,0,0,35.0533,-41.0751,11.1311,3.5281,8.89462,3.67799,0,0,0,0,0,0,1.78021,-4.48384,0.742329,0.457388,0.0389055,1.7844
1366,0.683,4,2,4,0,0,0,0,0,0,35.013,-41.101,10.9724,3.52082,8.83825,3.73961,0,0,0,0,0,0,1.77422,-4.4696,0.73331,0.455196,0.0375673,1.77376
1367,0.6835,4,2,4,0,0,0,0,0,0,34.9747,-41.1353,10.8119,3.5115,8.77901,3.80062,0,0,0,0,0,0,1.76645,-4.45806,0.727632,0.45826,0.0323464,1.77188
1368,0.684,4,2,4,0,0,0,0,0,0,34.9413,-41.1797,10.652,3.50067,8.71807,3.85831,0,0,0,0,0,0,1.75895,-4.44842,0.716085,0.458379,0.0308573,1.76982
1369,0.6845,4,2,4,0,0,0,0,0,0,34.9116,-41.2226,10.494,3.48878,8.65801,3.91603,0,0,0,0,0,0,1.75574,-4.43825,0.705406,0.456672,0.0291759,1.76961
1370,0.685,4,2,4,0,0,0,0,0,0,34.8818,-41.2626,10.3382,3.47851,8.59926,3.96758,0,0,0,0,0,0,1.74638,-4.43595,0.695687,0.453434,0.0282751,1.77151
1371,0.6855,4,2,4,0,0,0,0,0,0,34.8489,-41.293,10.1827,3.47105,8.54234,4.00812,0,0,0,0,0,0,1.73942,-4.42795,0.683211,0.448442,0.0278292,1.77149
1372,0.686,4,2,4,0,0,0,0,0,0,34.8093,-41.3155,10.0256,3.46546,8.48805,4.04078,0,0,0,0,0,0,1.72942,-4.40771,0.666213,0.441726,0.0265704,1.77759
1373,0.6865,4,2,4,0,0,0,0,0,0,34.7645,-41.3298,9.86326,3.45784,8.43755,4.07659,0,0,0,0,0,0,1.70951,-4.38397,0.645185,0.432654,0.0288497,1.79214
1374,0.687,4,2,4,0,0,0,0,0,0,34.7178,-41.3336,9.69933,3.44973,8.38915,4.11867,0,0,0,0,0,0,1.70539,-4.36772,0.625152,0.427525,0.0253203,1.78387
1375,0.6875,4,2,4,0,0,0,0,0,0,34.6666,-41.3285,9.53441,3.44098,8.34153,4.16423,0,0,0,0,0,0,1.70455,-4.35925,0.604282,0.420136,0.0228038,1.78309
1376,0.688,4,2,4,0,0,0,0,0,0,34.6135,-41.3258,9.36645,3.43054,8.29478,4.20665,0,0,0,0,0,0,1.69767,-4.34851,0.588935,0.418331,0.0160222,1.77159
1377,0.6885,4,2,4,0,0,0,0,0,0,34.5631,-41.3239,9.19548,3.41689,8.25053,4.25159,0,0,0,0,0,0,1.68413,-4.32279,0.572893,0.41438,0.0105326,1.76748
1378,0.689,4,2,4,0,0,0,0,0,0,34.5223,-41.3311,9.02783,3.40433,8.20807,4.29683,0,0,0,0,0,0,1.68004,-4.30512,0.561503,0.411377,0.00754909,1.76883
1379,0.6895,4,2,4,0,0,0,0,0,0,34.4907,-41.347,8.86567,3.39383,8.16688,4.34206,0,0,0,0,0,0,1.67894,-4.30133,0.55311,0.407323,0.00866049,1.77881
1380,0.69,4,2,4,0,0,0,0,0,0,34.4618,-41.3685,8.70643,3.38443,8.12555,4.3829,0,0,0,0,0,0,1.67418,-4.2893,0.542431,0.399955,0.0119129,1.78961
1381,0.6905,4,2,4,0,0,0,0,0,0,34.4297,-41.3895,8.54749,3.37409,8.08353,4.42283,0,0,0,0,0,0,1.66605,-4.27464,0.534851,0.400801,0.0126711,1.79052
1382,0.691,4,2,4,0,0,0,0,0,0,34.3964,-41.4046,8.38813,3.36183,8.0411,4.46298,0,0,0,0,0,0,1.65471,-4.24994,0.518544,0.393765,0.0184624,1.80485
1383,0.6915,4,2,4,0,0,0,0,0,0,34.3673,-41.4111,8.22737,3.34977,7.99729,4.50342,0,0,0,0,0,0,1.65379,-4.23501,0.506234,0.392934,0.0191031,1.80569
1384,0.692,4,2,4,0,0,0,0,0,0,34.3422,-41.4177,8.06187,3.33754,7.95241,4.5427,0,0,0,0,0,0,1.65234,-4.21959,0.489486,0.390464,0.0186236,1.80305
1385,0.6925,4,2,4,0,0,0,0,0,0,34.3167,-41.4266,7.89033,3.32262,7.90778,4.58336,0,0,0,0,0,0,1.65142,-4.20543,0.475016,0.389943,0.0160359,1.78808
1386,0.693,4,2,4,0,0,0,0,0,0,34.2926,-41.4314,7.71278,3.30462,7.86422,4.62713,0,0,0,0,0,0,1.65698,-4.19569,0.463321,0.390119,0.0120861,1.77414
1387,0.6935,4,2,4,0,0,0,0,0,0,34.2734,-41.4343,7.53227,3.28657,7.82164,4.66459,0,0,0,0,0,0,1.65278,-4.18516,0.44985,0.387704,0.00926678,1.77225
1388,0.694,4,2,4,0,0,0,0,0,0,34.2519,-41.4329,7.3515,3.26923,7.78072,4.69779,0,0,0,0,0,0,1.64869,-4.17339,0.437992,0.387312,0.00402617,1.77065
1389,0.6945,4,2,4,0,0,0,0,0,0,34.2236,-41.427,7.17162,3.25208,7.74153,4.72982,0,0,0,0,0,0,1.64465,-4.15976,0.419082,0.378886,0.00404317,1.76935
1390,0.695,4,2,4,0,0,0,0,0,0,34.1875,-41.4152,6.99284,3.23488,7.70498,4.76454,0,0,0,0,0,0,1.63364,-4.1486,0.406276,0.371721,0.0025543,1.76614
1391,0.6955,4,2,4,0,0,0,0,0,0,34.1489,-41.3985,6.81722,3.21982,7.67054,4.79995,0,0,0,0,0,0,1.61897,-4.12005,0.392786,0.362539,0.000577144,1.77885
1392,0.696,4,2,4,0,0,0,0,0,0,34.1094,-41.3754,6.64686,3.20795,7.63796,4.83656,0,0,0,0,0,0,1.61041,-4.09657,0.376904,0.354525,0.000874128,1.78445
1393,0.6965,4,2,4,0,0,0,0,0,0,34.0721,-41.3522,6.48168,3.19856,7.60777,4.87106,0,0,0,0,0,0,1.60064,-4.07136,0.367304,0.351348,0.00112338,1.79569
1394,0.697,4,2,4,0,0,0,0,0,0,34.0395,-41.3369,6.31916,3.18881,7.58189,4.90249,0,0,0,0,0,0,1.59573,-4.0505,0.352197,0.348059,0.00322615,1.79371
1395,0.6975,4,2,4,0,0,0,0,0,0,34.0125,-41.3273,6.15526,3.17664,7.55893,4.93422,0,0,0,0,0,0,1.59677,-4.03986,0.340515,0.350087,0.0038349,1.78821
1396,0.698,4,2,4,0,0,0,0,0,0,33.9902,-41.3176,5.98861,3.16189,7.53649,4.96709,0,0,0,0,0,0,1.60497,-4.03232,0.329157,0.351782,0.00504405,1.77963
1397,0.6985,4,2,4,0,0,0,0,0,0,33.9727,-41.3096,5.81628,3.14441,7.51345,4.99951,0,0,0,0,0,0,1.61164,-4.0151,0.315689,0.352628,0.00468699,1.76657
1398,0.699,4,2,4,0,0,0,0,0,0,33.9568,-41.3018,5.63687,3.1251,7.48781,5.03297,0,0,0,0,0,0,1.61243,-4.00505,0.305918,0.351107,0.00455519,1.76782
1399,0.6995,4,2,4,0,0,0,0,0,0,33.941,-41.2951,5.45022,3.10338,7.46039,5.06913,0,0,0,0,0,0,1.61617,-3.9894,0.295186,0.345022,0.00691638,1.76883
1400,0.7,4,2,4,0,0,0,0,0,0,33.923,-41.2827,5.25758,3.07982,7.43115,5.10883,0,0,0,0,0,0,1.6105,-3.96472,0.282249,0.339899,0.00865213,1.76587
1401,0.7005,4,2,4,0,0,0,0,0,0,33.9017,-41.2631,5.06348,3.05788,7.39922,5.14658,0,0,0,0,0,0,1.60385,-3.94322,0.270815,0.338393,0.00817228,1.77001
1402,0.701,4,2,4,0,0,0,0,0,0,33.876,-41.2356,4.87049,3.03685,7.36526,5.18516,0,0,0,0,0,0,1.59522,-3.9133,0.257326,0.335945,0.0059975,1.77685
1403,0.7015,4,2,4,0,0,0,0,0,0,33.8497,-41.2055,4.6787,3.01553,7.33188,5.22372,0,0,0,0,0,0,1.58263,-3.89182,0.246581,0.333526,0.00530149,1.7856
1404,0.702,4,2,4,0,0,0,0,0,0,33.8267,-41.1776,4.48853,2.9948,7.3017,5.25388,0,0,0,0,0,0,1.5754,-3.87415,0.234253,0.329097,0.00407416,1.78629
1405,0.7025,4,2,4,0,0,0,0,0,0,33.8052,-41.1446,4.30251,2.97689,7.27562,5.27735,0,0,0,0,0,0,1.5725,-3.85893,0.219343,0.323703,0.00354161,1.78837
1406,0.703,4,2,4,0,0,0,0,0,0,33.7848,-41.1051,4.11877,2.96124,7.25437,5.29689,0,0,0,0,0,0,1.57468,-3.85054,0.207248,0.321121,0.00211811,1.77898
1407,0.7035,4,2,4,0,0,0,0,0,0,33.7627,-41.0638,3.93715,2.94531,7.23919,5.31753,0,0,0,0,0,0,1.57559,-3.84067,0.19312,0.31901,0.00230547,1.7665
1408,0.704,4,2,4,0,0,0,0,0,0,33.7377,-41.0227,3.75835,2.92901,7.22933,5.34239,0,0,0,0,0,0,1.5815,-3.83097,0.173772,0.315285,0.00469722,1.76127
1409,0.7045,4,2,4,0,0,0,0,0,0,33.715,-40.9816,3.58302,2.9124,7.22371,5.37304,0,0,0,0,0,0,1.59069,-3.81872,0.158045,0.309961,0.0070131,1.76056
1410,0.705,4,2,4,0,0,0,0,0,0,33.6955,-40.9407,3.40724,2.89608,7.22,5.40813,0,0,0,0,0,0,1.58971,-3.79545,0.141805,0.303103,0.0101396,1.76801
1411,0.7055,4,2,4,0,0,0,0,0,0,33.6749,-40.8998,3.22803,2.87955,7.21546,5.44752,0,0,0,0,0,0,1.58818,-3.77031,0.133971,0.299871,0.00993919,1.77129
1412,0.706,4,2,4,0,0,0,0,0,0,33.6528,-40.8567,3.04526,2.86207,7.20755,5.49304,0,0,0,0,0,0,1.58758,-3.74187,0.127952,0.299919,0.00666144,1.77481
1413,0.7065,4,2,4,0,0,0,0,0,0,33.6326,-40.8189,2.85777,2.84271,7.19628,5.53492,0,0,0,0,0,0,1.58277,-3.71365,0.115895,0.299508,0.00642474,1.78413
1414,0.707,4,2,4,0,0,0,0,0,0,33.6158,-40.785,2.66649,2.82153,7.18212,5.56933,0,0,0,0,0,0,1.58083,-3.68391,0.102126,0.298029,0.00883275,1.78752
1415,0.7075,4,2,4,0,0,0,0,0,0,33.6034,-40.7477,2.47526,2.80092,7.16467,5.60017,0,0,0,0,0,0,1.5797,-3.66024,0.0906614,0.296359,0.0137196,1.80077
1416,0.708,4,2,4,0,0,0,0,0,0,33.5925,-40.7054,2.28244,2.78043,7.14636,5.6293,0,0,0,0,0,0,1.5768,-3.63808,0.0828735,0.296391,0.0165694,1.80071
1417,0.7085,4,2,4,0,0,0,0,0,0,33.5809,-40.6624,2.08525,2.75949,7.13006,5.65746,0,0,0,0,0,0,1.57786,-3.62415,0.0762948,0.295064,0.0185743,1.78728
1418,0.709,4,2,4,0,0,0,0,0,0,33.5671,-40.6156,1.88471,2.73748,7.11657,5.68728,0,0,0,0,0,0,1.57917,-3.61347,0.0656651,0.292596,0.0186554,1.77446
1419,0.7095,4,2,4,0,0,0,0,0,0,33.5527,-40.5634,1.68365,2.7154,7.10574,5.71669,0,0,0,0,0,0,1.57778,-3.59536,0.0466421,0.288092,0.0207011,1.76145
1420,0.71,4,2,4,0,0,0,0,0,0,33.5369,-40.5069,1.48161,2.69269,7.09824,5.74476,0,0,0,0,0,0,1.57362,-3.57592,0.0261203,0.285278,0.021321,1.75945
1421,0.7105,4,2,4,0,0,0,0,0,0,33.5172,-40.4473,1.27887,2.66763,7.09503,5.77622,0,0,0,0,0,0,1.57303,-3.55223,0.00712749,0.282708,0.0226083,1.75625
1422,0.711,4,2,4,0,0,0,0,0,0,33.4966,-40.3868,1.08053,2.64182,7.09499,5.81138,0,0,0,0,0,0,1.57348,-3.53686,-0.00188247,0.281054,0.021164,1.7573
1423,0.7115,4,2,4,0,0,0,0,0,0,33.4761,-40.3235,0.886264,2.61807,7.09657,5.83998,0,0,0,0,0,0,1.57766,-3.52344,-0.00559589,0.276864,0.0196792,1.76135
1424,0.712,4,2,4,0,0,0,0,0,0,33.4564,-40.2548,0.692522,2.59772,7.09921,5.86371,0,0,0,0,0,0,1.58116,-3.50756,-0.0160863,0.267721,0.0215254,1.7746
1425,0.7125,4,2,4,0,0,0,0,0,0,33.4386,-40.1791,0.501928,2.58044,7.10186,5.88999,0,0,0,0,0,0,1.58061,-3.47432,-0.0341417,0.260819,0.0218507,1.78986
1426,0.713,4,2,4,0,0,0,0,0,0,33.4224,-40.1011,0.315345,2.56557,7.10537,5.92405,0,0,0,0,0,0,1.58217,-3.44175,-0.0519151,0.258678,0.0222019,1.80653
1427,0.7135,4,2,4,0,0,0,0,0,0,33.4088,-40.0303,0.13013,2.55233,7.11073,5.95852,0,0,0,0,0,0,1.5924,-3.42343,-0.0687267,0.259917,0.0241586,1.80478
1428,0.714,4,2,4,0,0,0,0,0,0,33.4,-39.9644,-0.0551018,2.53952,7.11818,5.99575,0,0,0,0,0,0,1.60565,-3.404,-0.0796774,0.260786,0.027488,1.7946
1429,0.7145,4,2,4,0,0,0,0,0,0,33.3942,-39.9002,-0.240648,2.52681,7.12585,6.03264,0,0,0,0,0,0,1.61539,-3.39045,-0.0867964,0.259744,0.0319123,1.78334
1430,0.715,4,2,4,0,0,0,0,0,0,33.3852,-39.8343,-0.429595,2.51312,7.13353,6.07018,0,0,0,0,0,0,1.61713,-3.36528,-0.0961904,0.255587,0.0368328,1.7776
1431,0.7155,4,2,4,0,0,0,0,0,0,33.3706,-39.7671,-0.62686,2.49626,7.14246,6.10768,0,0,0,0,0,0,1.61451,-3.34327,-0.105898,0.253321,0.0399601,1.77642
1432,0.716,4,2,4,0,0,0,0,0,0,33.3543,-39.7002,-0.82972,2.47588,7.15182,6.14513,0,0,0,0,0,0,1.60601,-3.31575,-0.118744,0.253375,0.0407963,1.77028
1433,0.7165,4,2,4,0,0,0,0,0,0,33.3403,-39.6325,-1.03529,2.45259,7.16131,6.18114,0,0,0,0,0,0,1.60035,-3.28786,-0.128612,0.255667,0.0395944,1.77306
1434,0.717,4,2,4,0,0,0,0,0,0,33.3294,-39.5639,-1.24136,2.42714,7.16991,6.21071,0,0,0,0,0,0,1.59702,-3.25971,-0.138808,0.254398,0.0414269,1.77657
1435,0.7175,4,2,4,0,0,0,0,0,0,33.3174,-39.4887,-1.447,2.40043,7.1777,6.24095,0,0,0,0,0,0,1.59147,-3.22622,-0.150813,0.250458,0.0453301,1.78504
1436,0.718,4,2,4,0,0,0,0,0,0,33.3054,-39.407,-1.65114,2.37373,7.18521,6.2762,0,0,0,0,0,0,1.58653,-3.19414,-0.161966,0.246511,0.0473683,1.80007
1437,0.7185,4,2,4,0,0,0,0,0,0,33.2923,-39.3228,-1.85833,2.34791,7.19337,6.31264,0,0,0,0,0,0,1.58846,-3.17489,-0.168237,0.244687,0.046873,1.80071
1438,0.719,4,2,4,0,0,0,0,0,0,33.282,-39.2345,-2.06736,2.32371,7.20223,6.34612,0,0,0,0,0,0,1.59944,-3.15314,-0.182378,0.243059,0.0476204,1.7989
1439,0.7195,4,2,4,0,0,0,0,0,0,33.2771,-39.1434,-2.27716,2.30199,7.21255,6.37771,0,0,0,0,0,0,1.61347,-3.14082,-0.200561,0.241516,0.0505733,1.78966
1440,0.72,4,2,4,0,0,0,0,0,0,33.2759,-39.0502,-2.48666,2.28224,7.22567,6.41306,0,0,0,0,0,0,1.62985,-3.12993,-0.217424,0.23941,0.0546138,1.78312
1441,0.7205,4,2,4,0,0,0,0,0,0,33.2745,-38.9588,-2.69273,2.26458,7.24198,6.45201,0,0,0,0,0,0,1.64655,-3.12305,-0.228473,0.236807,0.0572974,1.78941
1442,0.721,4,2,4,0,0,0,0,0,0,33.2709,-38.8718,-2.89378,2.24869,7.26325,6.49018,0,0,0,0,0,0,1.65463,-3.11891,-0.235621,0.233589,0.0591527,1.79438
1443,0.7215,4,2,4,0,0,0,0,0,0,33.2665,-38.7824,-3.08974,2.23461,7.2897,6.53059,0,0,0,0,0,0,1.65349,-3.09749,-0.241644,0.230307,0.0590362,1.80066
1444,0.722,4,2,4,0,0,0,0,0,0,33.2615,-38.69,-3.28114,2.22253,7.31972,6.56703,0,0,0,0,0,0,1.65309,-3.06898,-0.251704,0.225793,0.0609156,1.80913
1445,0.7225,4,2,4,0,0,0,0,0,0,33.2548,-38.5956,-3.46659,2.21155,7.3519,6.60262,0,0,0,0,0,0,1.64928,-3.03341,-0.265793,0.220088,0.0662096,1.8242
1446,0.723,4,2,4,0,0,0,0,0,0,33.2462,-38.4965,-3.64656,2.20085,7.38384,6.64226,0,0,0,0,0,0,1.64354,-2.98988,-0.275771,0.217803,0.0695358,1.83995
1447,0.7235,4,2,4,0,0,0,0,0,0,33.235,-38.3961,-3.82519,2.18846,7.41404,6.68214,0,0,0,0,0,0,1.64279,-2.95961,-0.285872,0.218672,0.0714808,1.84621
1448,0.724,4,2,4,0,0,0,0,0,0,33.2223,-38.2941,-4.00634,2.1734,7.44177,6.72418,0,0,0,0,0,0,1.64491,-2.93016,-0.295048,0.220311,0.0723313,1.84559
1449,0.7245,4,2,4,0,0,0,0,0,0,33.2134,-38.1935,-4.19356,2.15683,7.46683,6.76449,0,0,0,0,0,0,1.64223,-2.89416,-0.30371,0.220448,0.0727937,1.83155
1450,0.725,4,2,4,0,0,0,0,0,0,33.2112,-38.0925,-4.38933,2.13857,7.49097,6.80724,0,0,0,0,0,0,1.63767,-2.86265,-0.317411,0.219747,0.0736665,1.80573
1451,0.7255,4,2,4,0,0,0,0,0,0,33.2177,-37.991,-4.59357,2.11906,7.51527,6.85391,0,0,0,0,0,0,1.63732,-2.82523,-0.337303,0.220772,0.075745,1.79416
1452,0.726,4,2,4,0,0,0,0,0,0,33.226,-37.8947,-4.80618,2.09799,7.54066,6.89865,0,0,0,0,0,0,1.64416,-2.80223,-0.351493,0.22243,0.0793583,1.78384
1453,0.7265,4,2,4,0,0,0,0,0,0,33.236,-37.8036,-5.02548,2.07643,7.56804,6.94411,0,0,0,0,0,0,1.64866,-2.78123,-0.359729,0.222972,0.0838429,1.78524
1454,0.727,4,2,4,0,0,0,0,0,0,33.2494,-37.714,-5.24831,2.05521,7.59758,6.99016,0,0,0,0,0,0,1.64883,-2.75769,-0.360549,0.221337,0.0873116,1.8008
1455,0.7275,4,2,4,0,0,0,0,0,0,33.2616,-37.6235,-5.47144,2.03469,7.62999,7.03362,0,0,0,0,0,0,1.64921,-2.73465,-0.362963,0.2163,0.0926295,1.82141
1456,0.728,4,2,4,0,0,0,0,0,0,33.2717,-37.5277,-5.69265,2.01569,7.66456,7.07885,0,0,0,0,0,0,1.64252,-2.70191,-0.371585,0.210991,0.0985773,1.84833
1457,0.7285,4,2,4,0,0,0,0,0,0,33.2808,-37.427,-5.90878,1.99779,7.70069,7.12868,0,0,0,0,0,0,1.63305,-2.66698,-0.382612,0.208321,0.100955,1.86666
1458,0.729,4,2,4,0,0,0,0,0,0,33.2889,-37.3219,-6.11817,1.9802,7.73825,7.17658,0,0,0,0,0,0,1.64172,-2.64569,-0.390518,0.207315,0.101454,1.87972
1459,0.7295,4,2,4,0,0,0,0,0,0,33.2944,-37.209,-6.32085,1.96371,7.77602,7.22209,0,0,0,0,0,0,1.6558,-2.62654,-0.397198,0.206464,0.101903,1.88488
1460,0.73,4,2,4,0,0,0,0,0,0,33.3011,-37.0897,-6.52,1.9489,7.81457,7.26683,0,0,0,0,0,0,1.6666,-2.61124,-0.405297,0.20392,0.103191,1.87635
1461,0.7305,4,2,4,0,0,0,0,0,0,33.3089,-36.9631,-6.71769,1.93729,7.85359,7.31414,0,0,0,0,0,0,1.67935,-2.59838,-0.420385,0.201453,0.104916,1.86694
1462,0.731,4,2,4,0,0,0,0,0,0,33.3206,-36.8374,-6.91604,1.92745,7.8955,7.36194,0,0,0,0,0,0,1.68472,-2.57548,-0.443079,0.202069,0.106952,1.86292
1463,0.7315,4,2,4,0,0,0,0,0,0,33.3337,-36.7172,-7.11283,1.91856,7.94102,7.40877,0,0,0,0,0,0,1.6893,-2.5571,-0.467361,0.203035,0.110113,1.84587
1464,0.732,4,2,4,0,0,0,0,0,0,33.3475,-36.5966,-7.30757,1.91052,7.99011,7.4589,0,0,0,0,0,0,1.69781,-2.53275,-0.485448,0.205548,0.111309,1.83671
1465,0.7325,4,2,4,0,0,0,0,0,0,33.3629,-36.4764,-7.50197,1.90328,8.04237,7.51044,0,0,0,0,0,0,1.70327,-2.49927,-0.49361,0.205503,0.113212,1.84108
1466,0.733,4,2,4,0,0,0,0,0,0,33.3772,-36.3585,-7.69606,1.89689,8.09704,7.56484,0,0,0,0,0,0,1.70743,-2.46867,-0.497103,0.201511,0.118436,1.85028
1467,0.7335,4,2,4,0,0,0,0,0,0,33.3853,-36.2375,-7.89041,1.89035,8.15211,7.6233,0,0,0,0,0,0,1.70463,-2.43137,-0.501472,0.196604,0.125367,1.87583
1468,0.734,4,2,4,0,0,0,0,0,0,33.386,-36.1129,-8.08451,1.8826,8.20612,7.6828,0,0,0,0,0,0,1.69598,-2.39043,-0.507469,0.194895,0.128959,1.8975
1469,0.7345,4,2,4,0,0,0,0,0,0,33.3812,-35.9848,-8.27754,1.87289,8.25806,7.74051,0,0,0,0,0,0,1.69309,-2.35685,-0.513954,0.195027,0.131297,1.91077
1470,0.735,4,2,4,0,0,0,0,0,0,33.3729,-35.8542,-8.46866,1.86048,8.30791,7.79948,0,0,0,0,0,0,1.69371,-2.32325,-0.518864,0.195351,0.133872,1.91432
1471,0.7355,4,2,4,0,0,0,0,0,0,33.3654,-35.7188,-8.65711,1.84496,8.3555,7.86029,0,0,0,0,0,0,1.70228,-2.29589,-0.522281,0.195361,0.13639,1.90964
1472,0.736,4,2,4,0,0,0,0,0,0,33.3574,-35.5745,-8.8473,1.82843,8.40091,7.92026,0,0,0,0,0,0,1.70984,-2.26788,-0.527709,0.194625,0.139856,1.91189
1473,0.7365,4,2,4,0,0,0,0,0,0,33.3544,-35.4287,-9.04448,1.81263,8.44574,7.9783,0,0,0,0,0,0,1.72109,-2.23847,-0.540722,0.194511,0.14559,1.91769
1474,0.737,4,2,4,0,0,0,0,0,0,33.3509,-35.2854,-9.25015,1.79646,8.49276,8.03463,0,0,0,0,0,0,1.73273,-2.21896,-0.55883,0.196642,0.152076,1.91351
1475,0.7375,4,2,4,0,0,0,0,0,0,33.3479,-35.1417,-9.46027,1.78007,8.54116,8.09152,0,0,0,0,0,0,1.74232,-2.19061,-0.578415,0.199727,0.156712,1.91102
1476,0.738,4,2,4,0,0,0,0,0,0,33.349,-34.996,-9.67449,1.76417,8.59122,8.14948,0,0,0,0,0,0,1.75511,-2.16189,-0.593886,0.20221,0.158854,1.91591
1477,0.7385,4,2,4,0,0,0,0,0,0,33.3512,-34.8499,-9.89242,1.74821,8.64455,8.20649,0,0,0,0,0,0,1.76392,-2.13413,-0.603168,0.201843,0.161142,1.91611
1478,0.739,4,2,4,0,0,0,0,0,0,33.3542,-34.7004,-10.1101,1.73332,8.69979,8.26653,0,0,0,0,0,0,1.77136,-2.1105,-0.606808,0.199622,0.164015,1.92943
1479,0.7395,4,2,4,0,0,0,0,0,0,33.3559,-34.55,-10.3255,1.71967,8.75799,8.32923,0,0,0,0,0,0,1.78095,-2.09549,-0.607092,0.196207,0.166674,1.94856
1480,0.74,4,2,4,0,0,0,0,0,0,33.3555,-34.3999,-10.5343,1.70715,8.81841,8.39166,0,0,0,0,0,0,1.79602,-2.08985,-0.607639,0.194293,0.168659,1.97009
1481,0.7405,4,2,4,0,0,0,0,0,0,33.3548,-34.2469,-10.7344,1.69558,8.88015,8.45486,0,0,0,0,0,0,1.82139,-2.08357,-0.612701,0.193481,0.170053,1.98088
1482,0.741,4,2,4,0,0,0,0,0,0,33.352,-34.0919,-10.9247,1.68433,8.94353,8.51676,0,0,0,0,0,0,1.85308,-2.08557,-0.622605,0.192509,0.173957,1.99207
1483,0.7415,4,2,4,0,0,0,0,0,0,33.3492,-33.9345,-11.1038,1.67273,9.00811,8.58378,0,0,0,0,0,0,1.88967,-2.09228,-0.63539,0.192688,0.178025,1.99311
1484,0.742,4,2,4,0,0,0,0,0,0,33.3556,-33.7751,-11.2756,1.66182,9.07351,8.65344,0,0,0,0,0,0,1.92645,-2.0917,-0.643612,0.191656,0.180923,2.00102
1485,0.7425,4,2,4,0,0,0,0,0,0,33.3688,-33.6202,-11.4502,1.65446,9.1416,8.72119,0,0,0,0,0,0,1.95955,-2.08756,-0.652968,0.189738,0.183989,2.00385
1486,0.743,4,2,4,0,0,0,0,0,0,33.3865,-33.4686,-11.6259,1.64912,9.213,8.79424,0,0,0,0,0,0,1.99065,-2.0821,-0.670446,0.190101,0.189418,2.00831
1487,0.7435,4,2,4,0,0,0,0,0,0,33.4076,-33.32,-11.7982,1.64591,9.2854,8.86875,0,0,0,0,0,0,2.00597,-2.05696,-0.689669,0.191828,0.193734,2.01571
1488,0.744,4,2,4,0,0,0,0,0,0,33.4332,-33.1724,-11.9723,1.64591,9.36113,8.9474,0,0,0,0,0,0,2.01757,-2.03158,-0.702473,0.192058,0.197183,2.02013
1489,0.7445,4,2,4,0,0,0,0,0,0,33.457,-33.0244,-12.1498,1.64881,9.44012,9.0273,0,0,0,0,0,0,2.00797,-1.98599,-0.7094,0.191294,0.198801,2.01546
1490,0.745,4,2,4,0,0,0,0,0,0,33.4776,-32.8763,-12.3315,1.65326,9.52013,9.11047,0,0,0,0,0,0,1.98267,-1.93074,-0.703956,0.189387,0.198115,2.0117
1491,0.7455,4,2,4,0,0,0,0,0,0,33.4954,-32.7285,-12.5184,1.65776,9.59968,9.19553,0,0,0,0,0,0,1.95831,-1.87556,-0.70205,0.18892,0.200526,2.00965
1492,0.746,4,2,4,0,0,0,0,0,0,33.5119,-32.5816,-12.7101,1.66167,9.67803,9.28278,0,0,0,0,0,0,1.93945,-1.82678,-0.699476,0.187977,0.203847,2.01125
1493,0.7465,4,2,4,0,0,0,0,0,0,33.5285,-32.4324,-12.9035,1.66297,9.75397,9.3714,0,0,0,0,0,0,1.92283,-1.77441,-0.703723,0.187883,0.208082,2.01396
1494,0.747,4,2,4,0,0,0,0,0,0,33.5431,-32.2811,-13.0961,1.66191,9.82686,9.46112,0,0,0,0,0,0,1.91551,-1.73041,-0.706014,0.18685,0.211624,2.01572
1495,0.7475,4,2,4,0,0,0,0,0,0,33.5562,-32.1277,-13.2867,1.65871,9.89682,9.55232,0,0,0,0,0,0,1.89961,-1.68095,-0.704634,0.185126,0.213601,2.01546
1496,0.748,4,2,4,0,0,0,0,0,0,33.5778,-31.9774,-13.4773,1.65401,9.96522,9.6457,0,0,0,0,0,0,1.88252,-1.63157,-0.706137,0.18382,0.216459,2.01342
1497,0.7485,4,2,4,0,0,0,0,0,0,33.6047,-31.8271,-13.6766,1.64994,10.0346,9.73969,0,0,0,0,0,0,1.87116,-1.5773,-0.722493,0.186023,0.22352,2.01488
1498,0.749,4,2,4,0,0,0,0,0,0,33.6337,-31.6759,-13.8824,1.64647,10.1049,9.83521,0,0,0,0,0,0,1.85143,-1.5181,-0.738468,0.188882,0.23095,2.01728
1499,0.7495,4,2,4,0,0,0,0,0,0,33.663,-31.5225,-14.09,1.64269,10.1752,9.93122,0,0,0,0,0,0,1.82402,-1.45251,-0.75688,0.193111,0.238082,2.0239
1500,0.75,4,2,4,0,0,0,0,0,0,33.6938,-31.3656,-14.3021,1.63918,10.247,10.0287,0,0,0,0,0,0,1.80768,-1.39548,-0.774023,0.197155,0.24477,2.02799
1501,0.7505,4,2,4,0,0,0,0,0,0,33.7197,-31.2026,-14.5147,1.6356,10.3197,10.1268,0,0,0,0,0,0,1.77962,-1.33432,-0.782446,0.199151,0.248715,2.02834
1502,0.751,4,2,4,0,0,0,0,0,0,33.7381,-31.0338,-14.7249,1.63121,10.3943,10.2245,0,0,0,0,0,0,1.74751,-1.27472,-0.785472,0.200234,0.250984,2.02695
1503,0.7515,4,2,4,0,0,0,0,0,0,33.7491,-30.8589,-14.9302,1.62624,10.4701,10.3226,0,0,0,0,0,0,1.72303,-1.22425,-0.788046,0.20076,0.253669,2.03282
1504,0.752,4,2,4,0,0,0,0,0,0,33.7532,-30.6785,-15.1272,1.62035,10.5465,10.4215,0,0,0,0,0,0,1.70771,-1.18488,-0.788932,0.200186,0.256483,2.04344
1505,0.7525,4,2,4,0,0,0,0,0,0,33.7488,-30.4889,-15.3136,1.61319,10.6226,10.5195,0,0,0,0,0,0,1.70232,-1.14785,-0.798799,0.201344,0.261664,2.06072
1506,0.753,4,2,4,0,0,0,0,0,0,33.7343,-30.2903,-15.4868,1.60465,10.6976,10.6163,0,0,0,0,0,0,1.7117,-1.12405,-0.809208,0.201666,0.267055,2.07812
1507,0.7535,4,2,4,0,0,0,0,0,0,33.709,-30.0822,-15.6445,1.59402,10.7707,10.7108,0,0,0,0,0,0,1.72225,-1.1031,-0.8149,0.201036,0.27029,2.09592
1508,0.754,4,2,4,0,0,0,0,0,0,33.6817,-29.8684,-15.7939,1.58272,10.8437,10.8037,0,0,0,0,0,0,1.73872,-1.08518,-0.821647,0.201251,0.273275,2.11419
1509,0.7545,4,2,4,0,0,0,0,0,0,33.6508,-29.6452,-15.9482,1.57403,10.9205,10.8937,0,0,0,0,0,0,1.76265,-1.06691,-0.833128,0.203006,0.277292,2.13621
1510,0.755,4,2,4,0,0,0,0,0,0,33.6174,-29.4155,-16.103,1.56593,11.0003,10.9837,0,0,0,0,0,0,1.78313,-1.04952,-0.849305,0.205983,0.282796,2.15867
1511,0.7555,4,2,4,0,0,0,0,0,0,33.5823,-29.1817,-16.2574,1.55879,11.0823,11.0735,0,0,0,0,0,0,1.80275,-1.03002,-0.868389,0.209798,0.288218,2.18268
1512,0.756,4,2,4,0,0,0,0,0,0,33.5519,-28.9481,-16.4165,1.55371,11.1686,11.1651,0,0,0,0,0,0,1.82552,-1.01748,-0.878355,0.210559,0.290701,2.19978
1513,0.7565,4,2,4,0,0,0,0,0,0,33.5232,-28.7158,-16.5765,1.54961,11.2585,11.2571,0,0,0,0,0,0,1.83623,-0.997732,-0.881552,0.21053,0.290456,2.20722
1514,0.757,4,2,4,0,0,0,0,0,0,33.5025,-28.4909,-16.7352,1.54611,11.3511,11.3515,0,0,0,0,0,0,1.84784,-0.97938,-0.877422,0.209295,0.287115,2.21547
1515,0.7575,4,2,4,0,0,0,0,0,0,33.4915,-28.2763,-16.8956,1.54424,11.448,11.4487,0,0,0,0,0,0,1.8716,-0.974508,-0.875158,0.207708,0.28526,2.23213
1516,0.758,4,2,4,0,0,0,0,0,0,33.4892,-28.0717,-17.0595,1.54484,11.5498,11.5478,0,0,0,0,0,0,1.90652,-0.975355,-0.877924,0.206211,0.286592,2.25896
1517,0.7585,4,2,4,0,0,0,0,0,0,33.4903,-27.8699,-17.2243,1.54677,11.6542,11.6494,0,0,0,0,0,0,1.94271,-0.971429,-0.884324,0.206683,0.289517,2.2869
1518,0.759,4,2,4,0,0,0,0,0,0,33.4903,-27.6715,-17.387,1.54904,11.7592,11.7504,0,0,0,0,0,0,1.98112,-0.969353,-0.889211,0.205419,0.294371,2.31128
1519,0.7595,4,2,4,0,0,0,0,0,0,33.4914,-27.4737,-17.5447,1.55052,11.8628,11.856,0,0,0,0,0,0,2.00451,-0.957882,-0.890072,0.204655,0.296668,2.32514
1520,0.76,4,2,4,0,0,0,0,0,0,33.502,-27.2753,-17.7022,1.5528,11.9646,11.9639,0,0,0,0,0,0,2.02728,-0.93543,-0.887266,0.204057,0.295713,2.34284
1521,0.7605,4,2,4,0,0,0,0,0,0,33.5176,-27.0773,-17.8688,1.55789,12.0676,12.0716,0,0,0,0,0,0,2.04656,-0.91225,-0.892853,0.205144,0.300054,2.35756
1522,0.761,4,2,4,0,0,0,0,0,0,33.5359,-26.8814,-18.0416,1.56406,12.1712,12.1836,0,0,0,0,0,0,2.05557,-0.886747,-0.903061,0.20677,0.307861,2.36189
1523,0.7615,4,2,4,0,0,0,0,0,0,33.5581,-26.6865,-18.2169,1.57025,12.2736,12.2977,0,0,0,0,0,0,2.05332,-0.848734,-0.915636,0.210411,0.316255,2.36568
1524,0.762,4,2,4,0,0,0,0,0,0,33.5846,-26.4914,-18.3978,1.57739,12.3762,12.416,0,0,0,0,0,0,2.0503,-0.805838,-0.926838,0.213929,0.322627,2.3702
1525,0.7625,4,2,4,0,0,0,0,0,0,33.6098,-26.2965,-18.5785,1.58296,12.4785,12.534,0,0,0,0,0,0,2.04194,-0.764232,-0.92824,0.215517,0.324654,2.36618
1526,0.763,4,2,4,0,0,0,0,0,0,33.6356,-26.0996,-18.7573,1.58786,12.5793,12.657,0,0,0,0,0,0,2.03047,-0.720394,-0.923819,0.217668,0.323357,2.3767
1527,0.7635,4,2,4,0,0,0,0,0,0,33.6602,-25.9026,-18.9317,1.59127,12.6791,12.7848,0,0,0,0,0,0,2.02282,-0.682469,-0.921497,0.21986,0.323807,2.40251
1528,0.764,4,2,4,0,0,0,0,0,0,33.6816,-25.7051,-19.0987,1.59231,12.777,12.9144,0,0,0,0,0,0,2.01363,-0.645097,-0.917232,0.219029,0.325534,2.42835
1529,0.7645,4,2,4,0,0,0,0,0,0,33.6975,-25.5042,-19.2563,1.591,12.8728,13.0437,0,0,0,0,0,0,2.00239,-0.60333,-0.919402,0.219826,0.330282,2.44648
1530,0.765,4,2,4,0,0,0,0,0,0,33.7058,-25.301,-19.3996,1.58562,12.9659,13.1728,0,0,0,0,0,0,1.99462,-0.562687,-0.927599,0.223543,0.335731,2.45911
1531,0.7655,4,2,4,0,0,0,0,0,0,33.7142,-25.0918,-19.5268,1.57561,13.0545,13.3074,0,0,0,0,0,0,1.99486,-0.527438,-0.935312,0.226651,0.340801,2.46956
1532,0.766,4,2,4,0,0,0,0,0,0,33.7216,-24.8731,-19.6426,1.56435,13.1383,13.4427,0,0,0,0,0,0,1.99722,-0.493421,-0.942328,0.227369,0.34698,2.47616
1533,0.7665,4,2,4,0,0,0,0,0,0,33.7301,-24.6524,-19.7556,1.55446,13.2217,13.578,0,0,0,0,0,0,1.99663,-0.455061,-0.946343,0.229049,0.350627,2.4789
1534,0.767,4,2,4,0,0,0,0,0,0,33.7361,-24.4333,-19.8703,1.54634,13.307,13.7113,0,0,0,0,0,0,1.99155,-0.415135,-0.948022,0.229268,0.355113,2.47526
1535,0.7675,4,2,4,0,0,0,0,0,0,33.7397,-24.2144,-19.9859,1.53994,13.394,13.847,0,0,0,0,0,0,1.99019,-0.372578,-0.959871,0.231997,0.363563,2.47171
1536,0.768,4,2,4,0,0,0,0,0,0,33.7442,-23.9952,-20.1041,1.53511,13.4834,13.9828,0,0,0,0,0,0,1.99121,-0.329423,-0.97136,0.236338,0.369066,2.47219
1537,0.7685,4,2,4,0,0,0,0,0,0,33.7517,-23.7772,-20.2247,1.53017,13.5764,14.1199,0,0,0,0,0,0,1.99701,-0.294923,-0.976292,0.239762,0.370213,2.4842
1538,0.769,4,2,4,0,0,0,0,0,0,33.7615,-23.5618,-20.3498,1.52723,13.6726,14.261,0,0,0,0,0,0,2.00991,-0.269891,-0.971415,0.240038,0.367032,2.51623
1539,0.7695,4,2,4,0,0,0,0,0,0,33.7694,-23.347,-20.4793,1.52708,13.772,14.4059,0,0,0,0,0,0,2.02434,-0.246827,-0.964911,0.240664,0.36283,2.54831
1540,0.77,4,2,4,0,0,0,0,0,0,33.7744,-23.1337,-20.6148,1.52939,13.8762,14.5502,0,0,0,0,0,0,2.03892,-0.229665,-0.954159,0.236668,0.359982,2.57944
1541,0.7705,4,2,4,0,0,0,0,0,0,33.7767,-22.9197,-20.7547,1.53304,13.9853,14.6935,0,0,0,0,0,0,2.04672,-0.206692,-0.951286,0.23461,0.360959,2.60216
1542,0.771,4,2,4,0,0,0,0,0,0,33.7781,-22.7003,-20.8931,1.5359,14.0951,14.8378,0,0,0,0,0,0,2.05868,-0.18202,-0.953221,0.23591,0.362255,2.61604
1543,0.7715,4,2,4,0,0,0,0,0,0,33.7796,-22.4746,-21.0275,1.53721,14.2034,14.9848,0,0,0,0,0,0,2.07111,-0.15737,-0.953369,0.236716,0.361869,2.63132
1544,0.772,4,2,4,0,0,0,0,0,0,33.7821,-22.2465,-21.1583,1.53729,14.3098,15.1326,0,0,0,0,0,0,2.07189,-0.120818,-0.947675,0.235024,0.361823,2.64044
1545,0.7725,4,2,4,0,0,0,0,0,0,33.7882,-22.0171,-21.2903,1.53883,14.4156,15.2833,0,0,0,0,0,0,2.06641,-0.0818858,-0.946497,0.23223,0.36763,2.63675
1546,0.773,4,2,4,0,0,0,0,0,0,33.797,-21.7889,-21.4253,1.54327,14.5213,15.4356,0,0,0,0,0,0,2.05798,-0.0400718,-0.952909,0.233377,0.375557,2.62873
1547,0.7735,4,2,4,0,0,0,0,0,0,33.808,-21.5626,-21.5612,1.54825,14.6277,15.5857,0,0,0,0,0,0,2.05122,-0.000927787,-0.963012,0.236491,0.384019,2.62617
1548,0.774,4,2,4,0,0,0,0,0,0,33.8222,-21.3364,-21.6958,1.55226,14.7351,15.7398,0,0,0,0,0,0,2.06012,0.0295268,-0.980071,0.244717,0.392604,2.64253
1549,0.7745,4,2,4,0,0,0,0,0,0,33.8396,-21.1108,-21.8298,1.55622,14.843,15.8997,0,0,0,0,0,0,2.08016,0.0513285,-0.995838,0.254915,0.397823,2.67623
1550,0.775,4,2,4,0,0,0,0,0,0,33.8558,-20.8861,-21.9601,1.55892,14.9502,16.0633,0,0,0,0,0,0,2.08639,0.0793245,-1.00195,0.262087,0.399199,2.70683
1551,0.7755,4,2,4,0,0,0,0,0,0,33.8653,-20.6617,-22.0815,1.55846,15.0553,16.2278,0,0,0,0,0,0,2.08122,0.111091,-0.995685,0.261782,0.398757,2.73544
1552,0.776,4,2,4,0,0,0,0,0,0,33.8662,-20.4338,-22.1928,1.55505,15.1586,16.3899,0,0,0,0,0,0,2.07033,0.146505,-0.984308,0.258201,0.396994,2.74958
1553,0.7765,4,2,4,0,0,0,0,0,0,33.866,-20.1994,-22.2932,1.54955,15.2579,16.5544,0,0,0,0,0,0,2.05972,0.181789,-0.978371,0.25727,0.396038,2.75842
1554,0.777,4,2,4,0,0,0,0,0,0,33.8647,-19.9607,-22.3823,1.54011,15.3537,16.7209,0,0,0,0,0,0,2.05409,0.218525,-0.980987,0.26021,0.397925,2.77345
1555,0.7775,4,2,4,0,0,0,0,0,0,33.8595,-19.7195,-22.4596,1.52546,15.4463,16.8876,0,0,0,0,0,0,2.05004,0.254392,-0.987448,0.263137,0.402994,2.78285
1556,0.778,4,2,4,0,0,0,0,0,0,33.8488,-19.4767,-22.5239,1.50483,15.535,17.0506,0,0,0,0,0,0,2.05252,0.288019,-0.990257,0.264739,0.407839,2.78748
1557,0.7785,4,2,4,0,0,0,0,0,0,33.8393,-19.2354,-22.5805,1.48077,15.6213,17.2141,0,0,0,0,0,0,2.05479,0.323469,-0.988565,0.26486,0.408865,2.79542
1558,0.779,4,2,4,0,0,0,0,0,0,33.8305,-18.9944,-22.6373,1.45772,15.7096,17.3771,0,0,0,0,0,0,2.06397,0.353799,-0.985966,0.264706,0.407398,2.8084
1559,0.7795,4,2,4,0,0,0,0,0,0,33.8235,-18.754,-22.7006,1.43887,15.8027,17.5429,0,0,0,0,0,0,2.08812,0.37473,-0.991243,0.268281,0.40824,2.83921
1560,0.78,4,2,4,0,0,0,0,0,0,33.822,-18.5154,-22.7759,1.42585,15.902,17.7132,0,0,0,0,0,0,2.1128,0.394497,-0.997056,0.271501,0.411205,2.8688
1561,0.7805,4,2,4,0,0,0,0,0,0,33.8256,-18.2819,-22.8648,1.41833,16.0081,17.8845,0,0,0,0,0,0,2.12574,0.415903,-1.00416,0.275598,0.41708,2.89107
1562,0.781,4,2,4,0,0,0,0,0,0,33.8351,-18.0517,-22.969,1.4174,16.1209,18.0602,0,0,0,0,0,0,2.13423,0.435677,-1.00367,0.277077,0.419305,2.9095
1563,0.7815,4,2,4,0,0,0,0,0,0,33.8414,-17.8167,-23.0816,1.41974,16.2378,18.2329,0,0,0,0,0,0,2.13804,0.464622,-0.996428,0.275473,0.418147,2.92511
1564,0.782,4,2,4,0,0,0,0,0,0,33.8458,-17.5781,-23.1972,1.42241,16.3562,18.4078,0,0,0,0,0,0,2.13412,0.498348,-0.990929,0.275941,0.416371,2.936
1565,0.7825,4,2,4,0,0,0,0,0,0,33.8523,-17.3356,-23.3121,1.42634,16.4712,18.5914,0,0,0,0,0,0,2.12136,0.534621,-0.981539,0.272944,0.415899,2.93752
1566,0.783,4,2,4,0,0,0,0,0,0,33.8587,-17.0904,-23.4216,1.43103,16.5797,18.781,0,0,0,0,0,0,2.10106,0.577991,-0.973317,0.269723,0.418787,2.93794
1567,0.7835,4,2,4,0,0,0,0,0,0,33.8593,-16.8463,-23.5215,1.43112,16.6838,18.9656,0,0,0,0,0,0,2.08788,0.613082,-0.972363,0.270889,0.422596,2.94078
1568,0.784,4,2,4,0,0,0,0,0,0,33.8585,-16.6014,-23.6109,1.42506,16.7833,19.1488,0,0,0,0,0,0,2.08171,0.645997,-0.975255,0.275683,0.425375,2.95306
1569,0.7845,4,2,4,0,0,0,0,0,0,33.8565,-16.3549,-23.6884,1.41241,16.8785,19.334,0,0,0,0,0,0,2.0831,0.680967,-0.976324,0.280447,0.426525,2.98246
1570,0.785,4,2,4,0,0,0,0,0,0,33.8527,-16.1099,-23.7553,1.39235,16.9724,19.5191,0,0,0,0,0,0,2.08602,0.711684,-0.976328,0.282786,0.42893,3.01111
1571,0.7855,4,2,4,0,0,0,0,0,0,33.8494,-15.8657,-23.8173,1.36878,17.0667,19.7057,0,0,0,0,0,0,2.08733,0.747124,-0.975437,0.284614,0.431923,3.03666
1572,0.786,4,2,4,0,0,0,0,0,0,33.847,-15.6201,-23.8761,1.34517,17.161,19.894,0,0,0,0,0,0,2.08956,0.778059,-0.978193,0.28856,0.435487,3.05793
1573,0.7865,4,2,4,0,0,0,0,0,0,33.846,-15.373,-23.9321,1.32197,17.2554,20.0823,0,0,0,0,0,0,2.09636,0.809402,-0.984723,0.295176,0.439631,3.07667
1574,0.787,4,2,4,0,0,0,0,0,0,33.8491,-15.1276,-23.9868,1.29864,17.3509,20.2733,0,0,0,0,0,0,2.10011,0.839438,-0.991381,0.302331,0.443404,3.09105
1575,0.7875,4,2,4,0,0,0,0,0,0,33.858,-14.8855,-24.0407,1.27705,17.4451,20.4702,0,0,0,0,0,0,2.1027,0.870056,-0.991449,0.306773,0.443027,3.09818
1576,0.788,4,2,4,0,0,0,0,0,0,33.8679,-14.6453,-24.0915,1.25672,17.5362,20.6703,0,0,0,0,0,0,2.1017,0.903603,-0.979329,0.303099,0.438346,3.1019
1577,0.7885,4,2,4,0,0,0,0,0,0,33.8736,-14.407,-24.1408,1.23719,17.6267,20.8731,0,0,0,0,0,0,2.1099,0.931566,-0.966492,0.297052,0.434217,3.11383
1578,0.789,4,2,4,0,0,0,0,0,0,33.8714,-14.1649,-24.1924,1.22002,17.7193,21.0716,0,0,0,0,0,0,2.11884,0.959823,-0.958219,0.291863,0.431671,3.13342
1579,0.7895,4,2,4,0,0,0,0,0,0,33.8614,-13.919,-24.2441,1.20482,17.8127,21.2671,0,0,0,0,0,0,2.1266,0.985056,-0.955332,0.291165,0.430961,3.15501
1580,0.79,4,2,4,0,0,0,0,0,0,33.8515,-13.672,-24.2957,1.19189,17.9052,21.4653,0,0,0,0,0,0,2.13335,1.01274,-0.955854,0.294501,0.431577,3.18001
1581,0.7905,4,2,4,0,0,0,0,0,0,33.8429,-13.427,-24.3476,1.17802,17.9989,21.6645,0,0,0,0,0,0,2.13329,1.03834,-0.952382,0.297719,0.430701,3.19806
1582,0.791,4,2,4,0,0,0,0,0,0,33.8334,-13.1801,-24.4027,1.16236,18.0973,21.8605,0,0,0,0,0,0,2.12573,1.06687,-0.941725,0.294313,0.431907,3.2153
1583,0.7915,4,2,4,0,0,0,0,0,0,33.8198,-12.9277,-24.4564,1.14348,18.1988,22.0547,0,0,0,0,0,0,2.11233,1.09701,-0.926301,0.286548,0.432658,3.22271
1584,0.792,4,2,4,0,0,0,0,0,0,33.8083,-12.6715,-24.5075,1.12299,18.2994,22.2547,0,0,0,0,0,0,2.10178,1.13399,-0.9205,0.284489,0.436944,3.23421
1585,0.7925,4,2,4,0,0,0,0,0,0,33.7994,-12.4146,-24.559,1.10206,18.4005,22.4572,0,0,0,0,0,0,2.09345,1.17243,-0.925212,0.290429,0.443246,3.24532
1586,0.793,4,2,4,0,0,0,0,0,0,33.795,-12.1586,-24.6138,1.08419,18.5018,22.6657,0,0,0,0,0,0,2.08912,1.20762,-0.930463,0.299817,0.447251,3.25738
1587,0.7935,4,2,4,0,0,0,0,0,0,33.796,-11.906,-24.6703,1.06717,18.6039,22.8825,0,0,0,0,0,0,2.0864,1.24269,-0.934333,0.308181,0.449696,3.28021
1588,0.794,4,2,4,0,0,0,0,0,0,33.803,-11.6564,-24.7226,1.04911,18.7022,23.1072,0,0,0,0,0,0,2.09008,1.27318,-0.934556,0.315333,0.449037,3.30746
1589,0.7945,4,2,4,0,0,0,0,0,0,33.8133,-11.4086,-24.7666,1.0301,18.7925,23.3368,0,0,0,0,0,0,2.10101,1.30186,-0.932037,0.319171,0.445577,3.3393
1590,0.795,4,2,4,0,0,0,0,0,0,33.8166,-11.1616,-24.7983,1.00667,18.8757,23.5617,0,0,0,0,0,0,2.10744,1.32828,-0.927227,0.322498,0.439886,3.3671
1591,0.7955,4,2,4,0,0,0,0,0,0,33.8142,-10.9132,-24.8205,0.978545,18.9551,23.7821,0,0,0,0,0,0,2.10981,1.35365,-0.920076,0.32038,0.438093,3.38229
1592,0.796,4,2,4,0,0,0,0,0,0,33.8085,-10.6619,-24.8344,0.946746,19.0308,23.9992,0,0,0,0,0,0,2.10879,1.37871,-0.917013,0.321958,0.436982,3.39034
1593,0.7965,4,2,4,0,0,0,0,0,0,33.8019,-10.4102,-24.8403,0.912744,19.1022,24.2139,0,0,0,0,0,0,2.10241,1.40882,-0.91177,0.320177,0.440098,3.39098
1594,0.797,4,2,4,0,0,0,0,0,0,33.7948,-10.1586,-24.8405,0.877838,19.1706,24.429,0,0,0,0,0,0,2.10202,1.44217,-0.908046,0.320314,0.442696,3.40587
1595,0.7975,4,2,4,0,0,0,0,0,0,33.7838,-9.91004,-24.8394,0.841335,19.2415,24.6398,0,0,0,0,0,0,2.09539,1.4712,-0.900555,0.317708,0.443786,3.41173
1596,0.798,4,2,4,0,0,0,0,0,0,33.7697,-9.66186,-24.84,0.804467,19.317,24.8504,0,0,0,0,0,0,2.09594,1.49986,-0.892045,0.316262,0.442216,3.42603
1597,0.7985,4,2,4,0,0,0,0,0,0,33.754,-9.4142,-24.8434,0.766685,19.3988,25.0635,0,0,0,0,0,0,2.09361,1.52918,-0.882712,0.315915,0.438578,3.44448
1598,0.799,4,2,4,0,0,0,0,0,0,33.7433,-9.16749,-24.8545,0.731654,19.487,25.2865,0,0,0,0,0,0,2.09758,1.5546,-0.880596,0.319879,0.436325,3.474
1599,0.7995,4,2,4,0,0,0,0,0,0,33.7387,-8.92244,-24.8781,0.701526,19.5832,25.5179,0,0,0,0,0,0,2.11255,1.5781,-0.877556,0.323242,0.433855,3.51051
1600,0.8,4,2,4,0,0,0,0,0,0,33.7328,-8.6744,-24.9084,0.672533,19.6855,25.7495,0,0,0,0,0,0,2.11787,1.60505,-0.873601,0.327835,0.431252,3.54259
1601,0.8005,4,2,4,0,0,0,0,0,0,33.7195,-8.41884,-24.9364,0.642145,19.7876,25.9756,0,0,0,0,0,0,2.11344,1.64004,-0.864131,0.327254,0.430177,3.56297
1602,0.801,4,2,4,0,0,0,0,0,0,33.7026,-8.15893,-24.9577,0.610973,19.8821,26.2024,0,0,0,0,0,0,2.09184,1.67508,-0.854786,0.32664,0.431502,3.5578
1603,0.8015,4,2,4,0,0,0,0,0,0,33.6916,-7.89771,-24.9727,0.582267,19.9651,26.4379,0,0,0,0,0,0,2.07557,1.70599,-0.845642,0.324651,0.43233,3.55475
1604,0.802,4,2,4,0,0,0,0,0,0,33.6815,-7.63772,-24.9808,0.553694,20.0386,26.6736,0,0,0,0,0,0,2.07161,1.73849,-0.839247,0.324766,0.430844,3.56839
1605,0.8025,4,2,4,0,0,0,0,0,0,33.6724,-7.37984,-24.9824,0.525066,20.1041,26.9115,0,0,0,0,0,0,2.06914,1.76477,-0.836811,0.326242,0.433132,3.58783
1606,0.803,4,2,4,0,0,0,0,0,0,33.6627,-7.12303,-24.9791,0.495368,20.1657,27.1514,0,0,0,0,0,0,2.07828,1.78855,-0.841245,0.334484,0.434928,3.62086
1607,0.8035,4,2,4,0,0,0,0,0,0,33.6552,-6.86989,-24.973,0.463256,20.2273,27.3923,0,0,0,0,0,0,2.08346,1.81629,-0.847022,0.344055,0.437854,3.6488
1608,0.804,4,2,4,0,0,0,0,0,0,33.6518,-6.62063,-24.9589,0.425343,20.2866,27.6351,0,0,0,0,0,0,2.08403,1.84387,-0.852208,0.351232,0.441179,3.67077
1609,0.8045,4,2,4,0,0,0,0,0,0,33.6544,-6.37556,-24.935,0.379702,20.3436,27.8814,0,0,0,0,0,0,2.08307,1.8676,-0.844657,0.349375,0.439583,3.6854
1610,0.805,4,2,4,0,0,0,0,0,0,33.6553,-6.13133,-24.9075,0.330468,20.4024,28.1258,0,0,0,0,0,0,2.08211,1.89404,-0.831139,0.341478,0.437084,3.69859
1611,0.8055,4,2,4,0,0,0,0,0,0,33.648,-5.88586,-24.8784,0.278276,20.4655,28.3639,0,0,0,0,0,0,2.07565,1.92375,-0.817641,0.334448,0.434079,3.71195
1612,0.806,4,2,4,0,0,0,0,0,0,33.6321,-5.6365,-24.8526,0.226937,20.5342,28.5964,0,0,0,0,0,0,2.07146,1.95661,-0.801438,0.329389,0.428607,3.72597
1613,0.8065,4,2,4,0,0,0,0,0,0,33.6097,-5.38471,-24.8305,0.17701,20.6068,28.8255,0,0,0,0,0,0,2.06806,1.98538,-0.791501,0.330955,0.422532,3.74024
1614,0.807,4,2,4,0,0,0,0,0,0,33.5821,-5.13278,-24.8113,0.129016,20.6807,29.0556,0,0,0,0,0,0,2.0602,2.0138,-0.778841,0.331714,0.416478,3.7535
1615,0.8075,4,2,4,0,0,0,0,0,0,33.5521,-4.88087,-24.7923,0.0820973,20.7531,29.2876,0,0,0,0,0,0,2.06291,2.03956,-0.767515,0.332871,0.409909,3.78292
1616,0.808,4,2,4,0,0,0,0,0,0,33.5244,-4.63022,-24.7732,0.0351804,20.8241,29.5235,0,0,0,0,0,0,2.06174,2.06341,-0.756253,0.333599,0.403383,3.81446
1617,0.8085,4,2,4,0,0,0,0,0,0,33.5034,-4.37872,-24.7531,-0.010355,20.8915,29.7676,0,0,0,0,0,0,2.05734,2.08435,-0.745085,0.333027,0.399573,3.832
1618,0.809,4,2,4,0,0,0,0,0,0,33.4846,-4.12342,-24.7292,-0.0544918,20.9536,30.015,0,0,0,0,0,0,2.05292,2.1125,-0.74101,0.337685,0.397876,3.84514
1619,0.8095,4,2,4,0,0,0,0,0,0,33.4678,-3.86632,-24.7029,-0.0971962,21.0123,30.2654,0,0,0,0,0,0,2.04243,2.14417,-0.736155,0.339341,0.401331,3.85714
1620,0.81,4,2,4,0,0,0,0,0,0,33.4573,-3.6097,-24.6769,-0.137751,21.0688,30.5238,0,0,0,0,0,0,2.03019,2.1795,-0.734499,0.34393,0.405295,3.86744
1621,0.8105,4,2,4,0,0,0,0,0,0,33.4522,-3.35315,-24.6507,-0.176043,21.1208,30.7898,0,0,0,0,0,0,2.02796,2.20984,-0.736048,0.349072,0.409438,3.88349
1622,0.811,4,2,4,0,0,0,0,0,0,33.4456,-3.09867,-24.6234,-0.216242,21.1714,31.0523,0,0,0,0,0,0,2.02789,2.23475,-0.738268,0.357163,0.410601,3.90168
1623,0.8115,4,2,4,0,0,0,0,0,0,33.4384,-2.8483,-24.5937,-0.26059,21.2213,31.3111,0,0,0,0,0,0,2.02687,2.26043,-0.735429,0.360946,0.408267,3.91837
1624,0.812,4,2,4,0,0,0,0,0,0,33.4367,-2.60561,-24.5619,-0.30966,21.2707,31.5685,0,0,0,0,0,0,2.03381,2.28282,-0.727998,0.360485,0.402573,3.94775
1625,0.8125,4,2,4,0,0,0,0,0,0,33.4379,-2.36752,-24.5268,-0.361306,21.3185,31.8261,0,0,0,0,0,0,2.04172,2.29734,-0.714181,0.355457,0.393374,3.96969
1626,0.813,4,2,4,0,0,0,0,0,0,33.429,-2.12716,-24.4838,-0.417353,21.3649,32.0785,0,0,0,0,0,0,2.05885,2.31056,-0.701543,0.351718,0.385257,3.9991
1627,0.8135,4,2,4,0,0,0,0,0,0,33.4029,-1.88017,-24.4297,-0.478658,21.4099,32.3208,0,0,0,0,0,0,2.05518,2.33767,-0.688134,0.349664,0.378816,4.01463
1628,0.814,4,2,4,0,0,0,0,0,0,33.365,-1.63011,-24.366,-0.543965,21.4515,32.5597,0,0,0,0,0,0,2.03161,2.37012,-0.674138,0.345945,0.37724,4.01022
1629,0.8145,4,2,4,0,0,0,0,0,0,33.3232,-1.37858,-24.296,-0.611975,21.4893,32.7988,0,0,0,0,0,0,2.01237,2.40383,-0.65748,0.340476,0.37425,4.00908
1630,0.815,4,2,4,0,0,0,0,0,0,33.2846,-1.12633,-24.2265,-0.678594,21.5255,33.0447,0,0,0,0,0,0,1.98697,2.433,-0.63949,0.333402,0.37124,4.00826
1631,0.8155,4,2,4,0,0,0,0,0,0,33.2461,-0.87285,-24.1617,-0.742835,21.5651,33.2941,0,0,0,0,0,0,1.97313,2.45994,-0.625673,0.330247,0.36791,4.02783
1632,0.816,4,2,4,0,0,0,0,0,0,33.2143,-0.620566,-24.1067,-0.801967,21.6099,33.5532,0,0,0,0,0,0,1.97057,2.48728,-0.62033,0.336981,0.36326,4.05755
1633,0.8165,4,2,4,0,0,0,0,0,0,33.1941,-0.373178,-24.0612,-0.855617,21.6579,33.8216,0,0,0,0,0,0,1.9727,2.51167,-0.621374,0.348041,0.361807,4.09132
1634,0.817,4,2,4,0,0,0,0,0,0,33.187,-0.129005,-24.0215,-0.905357,21.7061,34.0977,0,0,0,0,0,0,1.97882,2.53377,-0.621307,0.355762,0.360605,4.12266
1635,0.8175,4,2,4,0,0,0,0,0,0,33.1841,0.115063,-23.9835,-0.953832,21.7534,34.3731,0,0,0,0,0,0,1.97669,2.56216,-0.620062,0.360793,0.36177,4.14673
1636,0.818,4,2,4,0,0,0,0,0,0,33.1761,0.361732,-23.9403,-1.00409,21.7963,34.6455,0,0,0,0,0,0,1.97687,2.58717,-0.612464,0.359958,0.361117,4.16548
1637,0.8185,4,2,4,0,0,0,0,0,0,33.1596,0.611156,-23.889,-1.0578,21.8325,34.9135,0,0,0,0,0,0,1.97356,2.61011,-0.599487,0.35668,0.356511,4.17635
1638,0.819,4,2,4,0,0,0,0,0,0,33.1382,0.862783,-23.83,-1.11516,21.8618,35.1801,0,0,0,0,0,0,1.95967,2.63115,-0.587416,0.354862,0.350365,4.17373
1639,0.8195,4,2,4,0,0,0,0,0,0,33.1135,1.11258,-23.7642,-1.17573,21.8851,35.4436,0,0,0,0,0,0,1.96352,2.65314,-0.578052,0.354537,0.344191,4.19711
1640,0.82,4,2,4,0,0,0,0,0,0,33.09,1.35803,-23.6914,-1.23926,21.9019,35.7078,0,0,0,0,0,0,1.96636,2.67595,-0.571617,0.357363,0.337721,4.2233
1641,0.8205,4,2,4,0,0,0,0,0,0,33.0645,1.59779,-23.6122,-1.30569,21.9146,35.9704,0,0,0,0,0,0,1.9689,2.69659,-0.56261,0.358192,0.331329,4.24842
1642,0.821,4,2,4,0,0,0,0,0,0,33.0388,1.83475,-23.5287,-1.3733,21.9252,36.2327,0,0,0,0,0,0,1.969,2.7173,-0.554308,0.357649,0.328599,4.26639
1643,0.8215,4,2,4,0,0,0,0,0,0,33.0138,2.07271,-23.4443,-1.44276,21.9387,36.496,0,0,0,0,0,0,1.96057,2.7396,-0.549314,0.360547,0.327338,4.27521
1644,0.822,4,2,4,0,0,0,0,0,0,32.9911,2.31234,-23.3599,-1.5127,21.9542,36.7658,0,0,0,0,0,0,1.95183,2.76154,-0.538532,0.35804,0.326392,4.28937
1645,0.8225,4,2,4,0,0,0,0,0,0,32.9648,2.55183,-23.2734,-1.58323,21.9694,37.0363,0,0,0,0,0,0,1.93609,2.78822,-0.524201,0.354542,0.321797,4.30207
1646,0.823,4,2,4,0,0,0,0,0,0,32.9319,2.79289,-23.1876,-1.654,21.9868,37.2991,0,0,0,0,0,0,1.92745,2.81704,-0.509091,0.349758,0.317953,4.3235
1647,0.8235,4,2,4,0,0,0,0,0,0,32.8935,3.03625,-23.1103,-1.72176,22.0119,37.5563,0,0,0,0,0,0,1.90782,2.83788,-0.495485,0.3471,0.314688,4.32378
1648,0.824,4,2,4,0,0,0,0,0,0,32.8536,3.28028,-23.0441,-1.7849,22.0444,37.8145,0,0,0,0,0,0,1.90963,2.85887,-0.483104,0.349386,0.306517,4.35425
1649,0.8245,4,2,4,0,0,0,0,0,0,32.8158,3.5223,-22.9822,-1.84718,22.0776,38.0743,0,0,0,0,0,0,1.90657,2.87736,-0.4746,0.355523,0.298419,4.37927
1650,0.825,4,2,4,0,0,0,0,0,0,32.7777,3.76426,-22.9123,-1.91438,22.1039,38.3346,0,0,0,0,0,0,1.90066,2.89959,-0.464665,0.356607,0.292066,4.40302
1651,0.8255,4,2,4,0,0,0,0,0,0,32.7424,4.00809,-22.832,-1.98556,22.12,38.5986,0,0,0,0,0,0,1.89662,2.92307,-0.451804,0.354056,0.28624,4.42338
1652,0.826,4,2,4,0,0,0,0,0,0,32.7114,4.25289,-22.7411,-2.05891,22.124,38.8687,0,0,0,0,0,0,1.88752,2.94509,-0.442615,0.353185,0.283729,4.43266
1653,0.8265,4,2,4,0,0,0,0,0,0,32.6835,4.49586,-22.6413,-2.13373,22.1169,39.142,0,0,0,0,0,0,1.88163,2.96962,-0.435437,0.353068,0.281741,4.44355
1654,0.827,4,2,4,0,0,0,0,0,0,32.6587,4.73727,-22.538,-2.20755,22.1028,39.416,0,0,0,0,0,0,1.87182,2.99636,-0.426929,0.352402,0.27886,4.45609
1655,0.8275,4,2,4,0,0,0,0,0,0,32.6381,4.97601,-22.438,-2.27681,22.0872,39.6946,0,0,0,0,0,0,1.87091,3.02234,-0.42407,0.358667,0.276432,4.47719
1656,0.828,4,2,4,0,0,0,0,0,0,32.6232,5.20993,-22.3442,-2.33981,22.0722,39.9844,0,0,0,0,0,0,1.88023,3.04673,-0.424841,0.371879,0.269985,4.5189
1657,0.8285,4,2,4,0,0,0,0,0,0,32.607,5.4384,-22.2517,-2.40341,22.0597,40.2781,0,0,0,0,0,0,1.89205,3.06969,-0.424121,0.38714,0.260345,4.5667
1658,0.829,4,2,4,0,0,0,0,0,0,32.5833,5.66689,-22.1601,-2.47093,22.0544,40.5609,0,0,0,0,0,0,1.88774,3.08893,-0.418746,0.392818,0.25564,4.58995
1659,0.8295,4,2,4,0,0,0,0,0,0,32.5494,5.8989,-22.0724,-2.54167,22.0595,40.8299,0,0,0,0,0,0,1.88852,3.10481,-0.40081,0.38497,0.245384,4.61006
1660,0.83,4,2,4,0,0,0,0,0,0,32.5094,6.13403,-21.9876,-2.61211,22.0697,41.0963,0,0,0,0,0,0,1.87619,3.12175,-0.378789,0.372839,0.237838,4.6139
1661,0.8305,4,2,4,0,0,0,0,0,0,32.4636,6.37155,-21.903,-2.6805,22.0788,41.3614,0,0,0,0,0,0,1.85548,3.13921,-0.358989,0.364257,0.23043,4.60713
1662,0.831,4,2,4,0,0,0,0,0,0,32.4088,6.60997,-21.8141,-2.74906,22.083,41.6193,0,0,0,0,0,0,1.83857,3.16335,-0.340213,0.355615,0.226501,4.61376
1663,0.8315,4,2,4,0,0,0,0,0,0,32.3513,6.84802,-21.7212,-2.81728,22.0808,41.8742,0,0,0,0,0,0,1.8165,3.18362,-0.328168,0.353013,0.224372,4.61857
1664,0.832,4,2,4,0,0,0,0,0,0,32.2987,7.08481,-21.6233,-2.88753,22.0712,42.1335,0,0,0,0,0,0,1.79852,3.20001,-0.318631,0.352952,0.222418,4.62213
1665,0.8325,4,2,4,0,0,0,0,0,0,32.248,7.32004,-21.5137,-2.96659,22.0533,42.3936,0,0,0,0,0,0,1.78999,3.22065,-0.311822,0.357437,0.218469,4.64065
1666,0.833,4,2,4,0,0,0,0,0,0,32.2008,7.55365,-21.3949,-3.05237,22.0287,42.6558,0,0,0,0,0,0,1.78121,3.24102,-0.305145,0.359315,0.216481,4.65934
1667,0.8335,4,2,4,0,0,0,0,0,0,32.1625,7.78704,-21.2719,-3.1404,21.9996,42.9255,0,0,0,0,0,0,1.77286,3.26384,-0.29747,0.359599,0.216444,4.67663
1668,0.834,4,2,4,0,0,0,0,0,0,32.1334,8.01717,-21.1475,-3.2294,21.9673,43.2039,0,0,0,0,0,0,1.77362,3.28297,-0.292464,0.363946,0.213309,4.69905
1669,0.8345,4,2,4,0,0,0,0,0,0,32.1147,8.24344,-21.026,-3.31549,21.9321,43.4941,0,0,0,0,0,0,1.77704,3.30399,-0.285166,0.368072,0.20628,4.72383
1670,0.835,4,2,4,0,0,0,0,0,0,32.099,8.46801,-20.9119,-3.39508,21.8993,43.7912,0,0,0,0,0,0,1.77506,3.32704,-0.275921,0.373802,0.195512,4.74839
1671,0.8355,4,2,4,0,0,0,0,0,0,32.0756,8.6924,-20.8041,-3.46952,21.8712,44.0858,0,0,0,0,0,0,1.77937,3.33989,-0.26344,0.376461,0.1819,4.7764
1672,0.836,4,2,4,0,0,0,0,0,0,32.0431,8.91585,-20.7001,-3.54055,21.8461,44.3741,0,0,0,0,0,0,1.78303,3.3513,-0.25079,0.380219,0.165603,4.80385
1673,0.8365,4,2,4,0,0,0,0,0,0,32.0015,9.13995,-20.5964,-3.61212,21.8228,44.6515,0,0,0,0,0,0,1.79523,3.36827,-0.240781,0.385646,0.150132,4.84437
1674,0.837,4,2,4,0,0,0,0,0,0,31.9599,9.3652,-20.4929,-3.68308,21.799,44.9276,0,0,0,0,0,0,1.79444,3.38175,-0.22642,0.381844,0.139869,4.86464
1675,0.8375,4,2,4,0,0,0,0,0,0,31.9113,9.59333,-20.3837,-3.75557,21.7714,45.1982,0,0,0,0,0,0,1.77286,3.39758,-0.208927,0.374338,0.133513,4.85996
1676,0.838,4,2,4,0,0,0,0,0,0,31.8516,9.82384,-20.2672,-3.83019,21.7387,45.4611,0,0,0,0,0,0,1.76086,3.41998,-0.192662,0.371536,0.12621,4.8752
1677,0.8385,4,2,4,0,0,0,0,0,0,31.7777,10.0564,-20.1456,-3.90666,21.7035,45.7115,0,0,0,0,0,0,1.73497,3.44277,-0.178697,0.371123,0.124914,4.87485
1678,0.839,4,2,4,0,0,0,0,0,0,31.6991,10.2905,-20.0272,-3.97912,21.6689,45.9593,0,0,0,0,0,0,1.7191,3.46716,-0.172958,0.379836,0.123694,4.89162
1679,0.8395,4,2,4,0,0,0,0,0,0,31.6308,10.5219,-19.9163,-4.0471,21.6353,46.216,0,0,0,0,0,0,1.69761,3.48409,-0.165506,0.38616,0.120586,4.89951
1680,0.84,4,2,4,0,0,0,0,0,0,31.5819,10.7501,-19.8105,-4.11306,21.5993,46.4869,0,0,0,0,0,0,1.68812,3.49867,-0.155621,0.387867,0.11423,4.91316
1681,0.8405,4,2,4,0,0,0,0,0,0,31.5457,10.976,-19.7042,-4.18201,21.5608,46.7637,0,0,0,0,0,0,1.68552,3.51159,-0.147302,0.388991,0.107116,4.93224
1682,0.841,4,2,4,0,0,0,0,0,0,31.515,11.2,-19.5917,-4.25635,21.5177,47.0473,0,0,0,0,0,0,1.68784,3.53082,-0.13848,0.39014,0.0987971,4.95583
1683,0.8415,4,2,4,0,0,0,0,0,0,31.4861,11.4217,-19.4713,-4.33439,21.4673,47.3399,0,0,0,0,0,0,1.67842,3.54617,-0.124517,0.38441,0.0927752,4.96223
1684,0.842,4,2,4,0,0,0,0,0,0,31.4498,11.6422,-19.3426,-4.41584,21.4108,47.6284,0,0,0,0,0,0,1.66676,3.56169,-0.111098,0.379557,0.0854241,4.96721
1685,0.8425,4,2,4,0,0,0,0,0,0,31.4023,11.8602,-19.207,-4.50011,21.3494,47.9053,0,0,0,0,0,0,1.66162,3.57917,-0.0954093,0.376133,0.0733226,4.9829
1686,0.843,4,2,4,0,0,0,0,0,0,31.3486,12.076,-19.0666,-4.58564,21.2833,48.1772,0,0,0,0,0,0,1.66507,3.59917,-0.0845208,0.379928,0.060504,5.01166
1687,0.8435,4,2,4,0,0,0,0,0,0,31.2909,12.2905,-18.9233,-4.67388,21.2162,48.4454,0,0,0,0,0,0,1.66413,3.61096,-0.0790925,0.387213,0.0531467,5.03668
1688,0.844,4,2,4,0,0,0,0,0,0,31.2263,12.5076,-18.7787,-4.76486,21.1527,48.7056,0,0,0,0,0,0,1.65747,3.62367,-0.0676376,0.387703,0.0455753,5.05971
1689,0.8445,4,2,4,0,0,0,0,0,0,31.1557,12.7279,-18.6363,-4.85564,21.0952,48.9595,0,0,0,0,0,0,1.63471,3.64099,-0.0503752,0.382652,0.0387576,5.06906
1690,0.845,4,2,4,0,0,0,0,0,0,31.0856,12.9483,-18.4976,-4.94334,21.0403,49.2154,0,0,0,0,0,0,1.61118,3.65963,-0.0352122,0.380924,0.0330788,5.07522
1691,0.8455,4,2,4,0,0,0,0,0,0,31.0204,13.1682,-18.366,-5.02228,20.9846,49.477,0,0,0,0,0,0,1.59595,3.68562,-0.0214047,0.380573,0.0292711,5.0891
1692,0.846,4,2,4,0,0,0,0,0,0,30.9595,13.3867,-18.2449,-5.09073,20.9301,49.7434,0,0,0,0,0,0,1.58581,3.70311,-0.00841665,0.381734,0.0219155,5.10554
1693,0.8465,4,2,4,0,0,0,0,0,0,30.9015,13.6037,-18.1357,-5.14721,20.8771,50.0156,0,0,0,0,0,0,1.58138,3.70851,-6.31554e-05,0.385474,0.0135239,5.12162
1694,0.847,4,2,4,0,0,0,0,0,0,30.8432,13.8185,-18.0286,-5.20218,20.8229,50.2881,0,0,0,0,0,0,1.57583,3.71275,0.00575278,0.391876,0.00412491,5.13725
1695,0.8475,4,2,4,0,0,0,0,0,0,30.7826,14.0346,-17.9146,-5.26343,20.7637,50.5574,0,0,0,0,0,0,1.56819,3.72567,0.0159544,0.394708,-0.00742092,5.1518
1696,0.848,4,2,4,0,0,0,0,0,0,30.7213,14.2524,-17.7881,-5.33579,20.6962,50.8233,0,0,0,0,0,0,1.57269,3.74594,0.027019,0.395812,-0.0191555,5.18354
1697,0.8485,4,2,4,0,0,0,0,0,0,30.6647,14.4697,-17.65,-5.41613,20.6178,51.0945,0,0,0,0,0,0,1.57397,3.76295,0.0356808,0.399255,-0.0282241,5.20743
1698,0.849,4,2,4,0,0,0,0,0,0,30.6137,14.6848,-17.5054,-5.50083,20.5321,51.3714,0,0,0,0,0,0,1.57425,3.77839,0.0402893,0.40893,-0.0378459,5.23218
1699,0.8495,4,2,4,0,0,0,0,0,0,30.5662,14.8998,-17.3612,-5.58354,20.4443,51.6553,0,0,0,0,0,0,1.57237,3.79686,0.0466424,0.416046,-0.0441177,5.25231
1700,0.85,4,2,4,0,0,0,0,0,0,30.5207,15.1123,-17.2214,-5.66193,20.358,51.9453,0,0,0,0,0,0,1.56546,3.81712,0.0541933,0.424481,-0.0528368,5.26983
1701,0.8505,4,2,4,0,0,0,0,0,0,30.4679,15.321,-17.0841,-5.73818,20.2748,52.2272,0,0,0,0,0,0,1.56,3.83478,0.0670911,0.426911,-0.065445,5.29698
1702,0.851,4,2,4,0,0,0,0,0,0,30.4108,15.5277,-16.9505,-5.81113,20.1958,52.5036,0,0,0,0,0,0,1.55267,3.84798,0.0809407,0.427819,-0.0768778,5.32147
1703,0.8515,4,2,4,0,0,0,0,0,0,30.3434,15.7358,-16.816,-5.8859,20.1214,52.7693,0,0,0,0,0,0,1.54304,3.85219,0.0900925,0.432811,-0.0866686,5.33969
1704,0.852,4,2,4,0,0,0,0,0,0,30.2689,15.9451,-16.6811,-5.961,20.0491,53.0285,0,0,0,0,0,0,1.52259,3.86267,0.107481,0.428111,-0.0942564,5.34171
1705,0.8525,4,2,4,0,0,0,0,0,0,30.1899,16.1565,-16.5455,-6.03551,19.9764,53.2838,0,0,0,0,0,0,1.50364,3.8734,0.129629,0.416775,-0.104301,5.34395
1706,0.853,4,2,4,0,0,0,0,0,0,30.1038,16.3687,-16.4079,-6.11115,19.9021,53.5284,0,0,0,0,0,0,1.47603,3.88409,0.150193,0.407519,-0.112485,5.33553
1707,0.8535,4,2,4,0,0,0,0,0,0,30.0153,16.5783,-16.2687,-6.18768,19.8235,53.7694,0,0,0,0,0,0,1.45757,3.89868,0.162345,0.407328,-0.116698,5.33793
1708,0.854,4,2,4,0,0,0,0,0,0,29.9229,16.7839,-16.1241,-6.26803,19.7386,54.0045,0,0,0,0,0,0,1.44343,3.91336,0.168489,0.412796,-0.119329,5.34618
1709,0.8545,4,2,4,0,0,0,0,0,0,29.8323,16.9883,-15.9775,-6.34861,19.6491,54.2396,0,0,0,0,0,0,1.43387,3.92634,0.173378,0.420234,-0.125026,5.35954
1710,0.855,4,2,4,0,0,0,0,0,0,29.7504,17.1948,-15.8316,-6.42736,19.5569,54.482,0,0,0,0,0,0,1.42612,3.94186,0.182881,0.423239,-0.132306,5.37666
1711,0.8555,4,2,4,0,0,0,0,0,0,29.6796,17.4011,-15.6834,-6.50731,19.4601,54.7354,0,0,0,0,0,0,1.41833,3.95306,0.192522,0.424566,-0.139092,5.38841
1712,0.856,4,2,4,0,0,0,0,0,0,29.6229,17.6082,-15.5382,-6.58128,19.3582,55.0034,0,0,0,0,0,0,1.41418,3.96738,0.202927,0.425932,-0.146552,5.40591
1713,0.8565,4,2,4,0,0,0,0,0,0,29.571,17.8123,-15.3972,-6.64932,19.2548,55.2744,0,0,0,0,0,0,1.40843,3.9844,0.21464,0.428196,-0.157084,5.42647
1714,0.857,4,2,4,0,0,0,0,0,0,29.5156,18.0083,-15.26,-6.7122,19.1513,55.545,0,0,0,0,0,0,1.40129,3.99627,0.22438,0.432954,-0.168913,5.44523
1715,0.8575,4,2,4,0,0,0,0,0,0,29.4548,18.1998,-15.1224,-6.77353,19.0469,55.8141,0,0,0,0,0,0,1.40602,4.00788,0.231146,0.442562,-0.184482,5.48269
1716,0.858,4,2,4,0,0,0,0,0,0,29.3815,18.3912,-14.9772,-6.84077,18.9409,56.071,0,0,0,0,0,0,1.39866,4.01249,0.247122,0.44074,-0.200495,5.4964
1717,0.8585,4,2,4,0,0,0,0,0,0,29.2998,18.5839,-14.825,-6.91434,18.8333,56.3197,0,0,0,0,0,0,1.39202,4.01844,0.26258,0.438618,-0.213766,5.5176
1718,0.859,4,2,4,0,0,0,0,0,0,29.2165,18.7778,-14.668,-6.99435,18.7253,56.5683,0,0,0,0,0,0,1.37473,4.02479,0.274136,0.438965,-0.220813,5.5256
1719,0.8595,4,2,4,0,0,0,0,0,0,29.1354,18.9742,-14.5109,-7.07471,18.6171,56.823,0,0,0,0,0,0,1.36382,4.03527,0.285923,0.440435,-0.228097,5.54214
1720,0.86,4,2,4,0,0,0,0,0,0,29.0509,19.1739,-14.3577,-7.15089,18.5117,57.0761,0,0,0,0,0,0,1.34508,4.05063,0.299314,0.442792,-0.234509,5.55201
1721,0.8605,4,2,4,0,0,0,0,0,0,28.9701,19.3729,-14.2114,-7.22,18.4067,57.3339,0,0,0,0,0,0,1.33134,4.06807,0.302829,0.45593,-0.239103,5.56704
1722,0.861,4,2,4,0,0,0,0,0,0,28.8963,19.5714,-14.0743,-7.28007,18.3026,57.5948,0,0,0,0,0,0,1.33592,4.08342,0.30858,0.465386,-0.250636,5.60095
1723,0.8615,4,2,4,0,0,0,0,0,0,28.8177,19.7685,-13.9426,-7.33633,18.2026,57.8456,0,0,0,0,0,0,1.33131,4.09064,0.315899,0.470967,-0.26058,5.61318
1724,0.862,4,2,4,0,0,0,0,0,0,28.7333,19.9644,-13.8112,-7.39311,18.1038,58.0866,0,0,0,0,0,0,1.32159,4.09404,0.322496,0.477251,-0.26974,5.62379
1725,0.8625,4,2,4,0,0,0,0,0,0,28.6481,20.1594,-13.6733,-7.45567,17.9998,58.3246,0,0,0,0,0,0,1.31021,4.10019,0.333066,0.476964,-0.278263,5.63198
1726,0.863,4,2,4,0,0,0,0,0,0,28.5651,20.3557,-13.5262,-7.52497,17.8874,58.5637,0,0,0,0,0,0,1.29948,4.10976,0.351273,0.469785,-0.290386,5.63913
1727,0.8635,4,2,4,0,0,0,0,0,0,28.4835,20.5526,-13.3705,-7.59909,17.7653,58.8025,0,0,0,0,0,0,1.28798,4.12057,0.363804,0.471583,-0.301384,5.6508
1728,0.864,4,2,4,0,0,0,0,0,0,28.3938,20.7433,-13.2075,-7.67744,17.6364,59.0332,0,0,0,0,0,0,1.27865,4.13355,0.37113,0.479123,-0.310124,5.66489
1729,0.8645,4,2,4,0,0,0,0,0,0,28.2974,20.9293,-13.0431,-7.75456,17.5055,59.257,0,0,0,0,0,0,1.27331,4.14895,0.376839,0.491428,-0.320714,5.68819
1730,0.865,4,2,4,0,0,0,0,0,0,28.198,21.1151,-12.8833,-7.82701,17.3789,59.4772,0,0,0,0,0,0,1.26129,4.16519,0.389698,0.49422,-0.329236,5.70342
1731,0.8655,4,2,4,0,0,0,0,0,0,28.104,21.3,-12.7286,-7.89463,17.2546,59.7074,0,0,0,0,0,0,1.24483,4.1746,0.403282,0.495028,-0.339191,5.70999
1732,0.866,4,2,4,0,0,0,0,0,0,28.0163,21.4848,-12.5791,-7.95724,17.1325,59.9487,0,0,0,0,0,0,1.24345,4.18075,0.416461,0.4966,-0.354078,5.73409
1733,0.8665,4,2,4,0,0,0,0,0,0,27.9306,21.6696,-12.4327,-8.01564,17.0117,60.195,0,0,0,0,0,0,1.23022,4.18327,0.433176,0.493684,-0.368478,5.74374
1734,0.867,4,2,4,0,0,0,0,0,0,27.8401,21.8529,-12.2881,-8.07072,16.8916,60.4358,0,0,0,0,0,0,1.20738,4.18629,0.446904,0.492586,-0.376949,5.73909
1735,0.8675,4,2,4,0,0,0,0,0,0,27.7471,22.0349,-12.1438,-8.12364,16.7689,60.6754,0,0,0,0,0,0,1.19615,4.19512,0.459045,0.494746,-0.387751,5.75558
1736,0.868,4,2,4,0,0,0,0,0,0,27.6455,22.2166,-11.9947,-8.18202,16.6444,60.905,0,0,0,0,0,0,1.18469,4.20003,0.467837,0.499483,-0.397732,5.77095
1737,0.8685,4,2,4,0,0,0,0,0,0,27.5373,22.3979,-11.8393,-8.24731,16.5173,61.1268,0,0,0,0,0,0,1.17577,4.21,0.47154,0.511216,-0.405705,5.79043
1738,0.869,4,2,4,0,0,0,0,0,0,27.431,22.5787,-11.6789,-8.31937,16.3871,61.3493,0,0,0,0,0,0,1.15843,4.21682,0.478494,0.515325,-0.409022,5.79235
1739,0.8695,4,2,4,0,0,0,0,0,0,27.336,22.7617,-11.5214,-8.38745,16.2544,61.5847,0,0,0,0,0,0,1.13491,4.22392,0.489656,0.515794,-0.41358,5.78778
1740,0.87,4,2,4,0,0,0,0,0,0,27.2517,22.945,-11.3666,-8.44952,16.1163,61.8313,0,0,0,0,0,0,1.13056,4.23896,0.497162,0.522126,-0.420386,5.80542
1741,0.8705,4,2,4,0,0,0,0,0,0,27.1749,23.1276,-11.2146,-8.50651,15.9742,62.0816,0,0,0,0,0,0,1.12822,4.25328,0.504099,0.53065,-0.429421,5.82823
1742,0.871,4,2,4,0,0,0,0,0,0,27.104,23.31,-11.0689,-8.55484,15.8311,62.3363,0,0,0,0,0,0,1.118,4.25955,0.512599,0.538678,-0.441795,5.84527
1743,0.8715,4,2,4,0,0,0,0,0,0,27.0205,23.4892,-10.9236,-8.6038,15.6914,62.5734,0,0,0,0,0,0,1.11642,4.26821,0.520557,0.546533,-0.456157,5.8717
1744,0.872,4,2,4,0,0,0,0,0,0,26.9192,23.6625,-10.774,-8.65986,15.5557,62.7878,0,0,0,0,0,0,1.11164,4.27247,0.532073,0.549295,-0.470962,5.88771
1745,0.8725,4,2,4,0,0,0,0,0,0,26.8041,23.8319,-10.6183,-8.72413,15.4223,62.9858,0,0,0,0,0,0,1.10349,4.27659,0.54567,0.551726,-0.485985,5.9005
1746,0.873,4,2,4,0,0,0,0,0,0,26.6795,24.0007,-10.4565,-8.79391,15.2879,63.1752,0,0,0,0,0,0,1.08544,4.28099,0.562169,0.549525,-0.497812,5.90302
1747,0.8735,4,2,4,0,0,0,0,0,0,26.5519,24.1702,-10.2911,-8.86573,15.1508,63.3655,0,0,0,0,0,0,1.05465,4.27894,0.581633,0.539475,-0.50452,5.88428
1748,0.874,4,2,4,0,0,0,0,0,0,26.4279,24.3403,-10.1274,-8.93266,15.0104,63.5649,0,0,0,0,0,0,1.04215,4.28583,0.592815,0.543385,-0.513139,5.89848
1749,0.8745,4,2,4,0,0,0,0,0,0,26.3129,24.5121,-9.97083,-8.98965,14.8683,63.7786,0,0,0,0,0,0,1.02898,4.29392,0.598285,0.555352,-0.521195,5.91255
1750,0.875,4,2,4,0,0,0,0,0,0,26.1969,24.685,-9.81645,-9.04447,14.7277,63.9866,0,0,0,0,0,0,1.01066,4.29732,0.604059,0.565982,-0.529383,5.91351
1751,0.8755,4,2,4,0,0,0,0,0,0,26.08,24.8569,-9.66721,-9.09281,14.5894,64.1901,0,0,0,0,0,0,0.994803,4.30384,0.612703,0.571985,-0.53655,5.91596
1752,0.876,4,2,4,0,0,0,0,0,0,25.9631,25.0279,-9.51983,-9.13841,14.4522,64.3929,0,0,0,0,0,0,0.978696,4.30708,0.626149,0.569871,-0.545479,5.91971
1753,0.8765,4,2,4,0,0,0,0,0,0,25.8484,25.198,-9.3736,-9.1818,14.3142,64.597,0,0,0,0,0,0,0.972802,4.31229,0.64082,0.566655,-0.558477,5.93946
1754,0.877,4,2,4,0,0,0,0,0,0,25.7328,25.364,-9.22432,-9.22788,14.1723,64.7989,0,0,0,0,0,0,0.96138,4.31769,0.652755,0.565776,-0.56769,5.94746
1755,0.8775,4,2,4,0,0,0,0,0,0,25.6175,25.5272,-9.07054,-9.27881,14.0249,64.9988,0,0,0,0,0,0,0.949992,4.32168,0.662901,0.567964,-0.576729,5.95652
1756,0.878,4,2,4,0,0,0,0,0,0,25.5062,25.6904,-8.91144,-9.335,13.8705,65.2022,0,0,0,0,0,0,0.938177,4.32996,0.668587,0.576989,-0.584379,5.96811
1757,0.8785,4,2,4,0,0,0,0,0,0,25.3984,25.8551,-8.75169,-9.39087,13.7131,65.4106,0,0,0,0,0,0,0.934673,4.34468,0.670604,0.592973,-0.594235,5.99423
1758,0.879,4,2,4,0,0,0,0,0,0,25.2954,26.021,-8.59307,-9.44403,13.5543,65.6247,0,0,0,0,0,0,0.934179,4.36136,0.675113,0.609028,-0.60713,6.0259
1759,0.8795,4,2,4,0,0,0,0,0,0,25.1943,26.1831,-8.43533,-9.49463,13.3944,65.8422,0,0,0,0,0,0,0.927722,4.37424,0.683143,0.620745,-0.619337,6.05124
1760,0.88,4,2,4,0,0,0,0,0,0,25.099,26.3432,-8.28397,-9.5364,13.2365,66.0696,0,0,0,0,0,0,0.920033,4.38039,0.694074,0.627026,-0.632434,6.06725
1761,0.8805,4,2,4,0,0,0,0,0,0,24.9987,26.4992,-8.13777,-9.57284,13.0835,66.2903,0,0,0,0,0,0,0.905261,4.38097,0.707202,0.626995,-0.643421,6.07204
1762,0.881,4,2,4,0,0,0,0,0,0,24.8864,26.6521,-7.99081,-9.61109,12.9336,66.4944,0,0,0,0,0,0,0.889998,4.37788,0.71942,0.627168,-0.654022,6.07383
1763,0.8815,4,2,4,0,0,0,0,0,0,24.7588,26.8041,-7.83748,-9.65553,12.7839,66.6772,0,0,0,0,0,0,0.868605,4.37421,0.731254,0.628515,-0.663791,6.07218
1764,0.882,4,2,4,0,0,0,0,0,0,24.6206,26.9546,-7.6746,-9.70837,12.6304,66.8453,0,0,0,0,0,0,0.851998,4.37001,0.744806,0.627343,-0.674992,6.07228
1765,0.8825,4,2,4,0,0,0,0,0,0,24.4804,27.1076,-7.50347,-9.76772,12.4714,67.0107,0,0,0,0,0,0,0.835582,4.37175,0.753318,0.633842,-0.682616,6.07399
1766,0.883,4,2,4,0,0,0,0,0,0,24.35,27.2625,-7.33152,-9.82503,12.3072,67.1934,0,0,0,0,0,0,0.826186,4.37772,0.763563,0.640197,-0.694285,6.08749
1767,0.8835,4,2,4,0,0,0,0,0,0,24.2296,27.4171,-7.16473,-9.87472,12.1413,67.3895,0,0,0,0,0,0,0.813748,4.38197,0.77225,0.648289,-0.703911,6.09838
1768,0.884,4,2,4,0,0,0,0,0,0,24.1156,27.573,-7.00616,-9.91516,11.9778,67.5913,0,0,0,0,0,0,0.793559,4.38322,0.780639,0.654267,-0.710119,6.09476
1769,0.8845,4,2,4,0,0,0,0,0,0,24.003,27.7304,-6.85663,-9.94609,11.8183,67.7907,0,0,0,0,0,0,0.782676,4.38827,0.789446,0.659451,-0.719229,6.10288
1770,0.885,4,2,4,0,0,0,0,0,0,23.8851,27.886,-6.71086,-9.97459,11.6619,67.9807,0,0,0,0,0,0,0.78413,4.39281,0.795901,0.668712,-0.733134,6.12866
1771,0.8855,4,2,4,0,0,0,0,0,0,23.7642,28.0406,-6.564,-10.0063,11.5059,68.1628,0,0,0,0,0,0,0.781595,4.39541,0.800792,0.678846,-0.744931,6.14722
1772,0.886,4,2,4,0,0,0,0,0,0,23.6389,28.1933,-6.40967,-10.0473,11.3467,68.336,0,0,0,0,0,0,0.780366,4.404,0.806389,0.687836,-0.755463,6.16683
1773,0.8865,4,2,4,0,0,0,0,0,0,23.5092,28.3402,-6.24767,-10.0967,11.1829,68.5038,0,0,0,0,0,0,0.768217,4.41305,0.814252,0.695653,-0.764086,6.17911
1774,0.887,4,2,4,0,0,0,0,0,0,23.3738,28.4799,-6.08135,-10.1518,11.0169,68.6621,0,0,0,0,0,0,0.738914,4.41119,0.827067,0.694113,-0.768157,6.1618
1775,0.8875,4,2,4,0,0,0,0,0,0,23.2387,28.6194,-5.91768,-10.2023,10.8501,68.823,0,0,0,0,0,0,0.71639,4.41403,0.838777,0.696176,-0.774498,6.1566
1776,0.888,4,2,4,0,0,0,0,0,0,23.1019,28.7563,-5.75635,-10.2507,10.684,68.9816,0,0,0,0,0,0,0.707624,4.42575,0.849057,0.705455,-0.787727,6.17548
1777,0.8885,4,2,4,0,0,0,0,0,0,22.9688,28.895,-5.60151,-10.2899,10.5195,69.1495,0,0,0,0,0,0,0.688277,4.4256,0.85844,0.712982,-0.798261,6.17824
1778,0.889,4,2,4,0,0,0,0,0,0,22.8339,29.0353,-5.45055,-10.3244,10.3583,69.3176,0,0,0,0,0,0,0.671869,4.42421,0.872901,0.710964,-0.809844,6.18381
1779,0.8895,4,2,4,0,0,0,0,0,0,22.6964,29.173,-5.30018,-10.3589,10.1991,69.4843,0,0,0,0,0,0,0.657296,4.42305,0.885135,0.71144,-0.819576,6.19378
1780,0.89,4,2,4,0,0,0,0,0,0,22.5562,29.3103,-5.14852,-10.3938,10.0402,69.649,0,0,0,0,0,0,0.636303,4.41893,0.897019,0.710854,-0.827061,6.1901
1781,0.8905,4,2,4,0,0,0,0,0,0,22.4045,29.4463,-4.98954,-10.4372,9.87989,69.7975,0,0,0,0,0,0,0.620149,4.42173,0.90885,0.714809,-0.837442,6.1929
1782,0.891,4,2,4,0,0,0,0,0,0,22.2473,29.5834,-4.82548,-10.4835,9.71565,69.9398,0,0,0,0,0,0,0.606141,4.42706,0.919497,0.722504,-0.848787,6.1999
1783,0.8915,4,2,4,0,0,0,0,0,0,22.0944,29.7226,-4.66139,-10.5244,9.54548,70.0871,0,0,0,0,0,0,0.589785,4.43248,0.927677,0.733461,-0.857904,6.20568
1784,0.892,4,2,4,0,0,0,0,0,0,21.9564,29.8684,-4.50213,-10.5532,9.36999,70.2555,0,0,0,0,0,0,0.586583,4.44263,0.934165,0.746617,-0.87045,6.22699
1785,0.8925,4,2,4,0,0,0,0,0,0,21.8313,30.017,-4.35035,-10.572,9.19472,70.4428,0,0,0,0,0,0,0.584691,4.45065,0.941691,0.756153,-0.883941,6.24388
1786,0.893,4,2,4,0,0,0,0,0,0,21.7207,30.1692,-4.20831,-10.5769,9.02032,70.6508,0,0,0,0,0,0,0.577624,4.45258,0.94404,0.768741,-0.89203,6.25561
1787,0.8935,4,2,4,0,0,0,0,0,0,21.6115,30.3168,-4.07107,-10.5784,8.84922,70.8558,0,0,0,0,0,0,0.566206,4.45562,0.951958,0.776683,-0.902114,6.27105
1788,0.894,4,2,4,0,0,0,0,0,0,21.4862,30.4574,-3.929,-10.5906,8.68154,71.0305,0,0,0,0,0,0,0.562176,4.46153,0.956117,0.791007,-0.912706,6.29691
1789,0.8945,4,2,4,0,0,0,0,0,0,21.3439,30.5902,-3.77871,-10.6166,8.51493,71.1787,0,0,0,0,0,0,0.558854,4.46549,0.958605,0.806546,-0.922947,6.31444
1790,0.895,4,2,4,0,0,0,0,0,0,21.1869,30.7133,-3.61846,-10.6571,8.34693,71.303,0,0,0,0,0,0,0.549052,4.47001,0.964072,0.816654,-0.931128,6.32284
1791,0.8955,4,2,4,0,0,0,0,0,0,21.027,30.8315,-3.45329,-10.7023,8.17558,71.4232,0,0,0,0,0,0,0.53751,4.46829,0.96781,0.828305,-0.93822,6.33048
1792,0.896,4,2,4,0,0,0,0,0,0,20.8733,30.947,-3.28914,-10.7427,8.00138,71.5522,0,0,0,0,0,0,0.504346,4.46473,0.983833,0.827673,-0.945035,6.31338
1793,0.8965,4,2,4,0,0,0,0,0,0,20.7313,31.0623,-3.13047,-10.7711,7.82333,71.7008,0,0,0,0,0,0,0.484165,4.46404,1.00013,0.826787,-0.956127,6.31533
1794,0.897,4,2,4,0,0,0,0,0,0,20.5865,31.1759,-2.97632,-10.7914,7.64611,71.8482,0,0,0,0,0,0,0.465974,4.45356,1.01232,0.825894,-0.965562,6.31797
1795,0.8975,4,2,4,0,0,0,0,0,0,20.4332,31.2861,-2.82575,-10.8073,7.47342,71.9828,0,0,0,0,0,0,0.434559,4.43719,1.02506,0.82313,-0.97195,6.29933
1796,0.898,4,2,4,0,0,0,0,0,0,20.2675,31.3913,-2.67478,-10.8264,7.30504,72.0992,0,0,0,0,0,0,0.411401,4.42673,1.03617,0.826553,-0.982166,6.29128
1797,0.8985,4,2,4,0,0,0,0,0,0,20.0858,31.4895,-2.51706,-10.8599,7.14011,72.1893,0,0,0,0,0,0,0.387096,4.41961,1.04638,0.832741,-0.991484,6.28606
1798,0.899,4,2,4,0,0,0,0,0,0,19.893,31.5821,-2.35168,-10.9084,6.97592,72.261,0,0,0,0,0,0,0.349419,4.40853,1.0631,0.82862,-0.997547,6.25633
1799,0.8995,4,2,4,0,0,0,0,0,0,19.7024,31.6721,-2.18347,-10.9616,6.80904,72.3367,0,0,0,0,0,0,0.330211,4.40173,1.0783,0.826181,-1.00769,6.25245
1800,0.9,4,2,4,0,0,0,0,0,0,19.5247,31.7671,-2.01837,-11.0081,6.63878,72.4321,0,0,0,0,0,0,0.313273,4.39754,1.09202,0.824771,-1.01668,6.24946
1801,0.9005,4,2,4,0,0,0,0,0,0,19.3552,31.8685,-1.85785,-11.0473,6.46849,72.5369,0,0,0,0,0,0,0.284907,4.39838,1.11098,0.821365,-1.02628,6.23798
1802,0.901,4,2,4,0,0,0,0,0,0,19.1962,31.9817,-1.70536,-11.0716,6.29849,72.6584,0,0,0,0,0,0,0.268225,4.40603,1.12244,0.827541,-1.03624,6.24738
1803,0.9015,4,2,4,0,0,0,0,0,0,19.0452,32.1062,-1.55983,-11.0839,6.12976,72.7923,0,0,0,0,0,0,0.255351,4.42099,1.12896,0.842276,-1.04559,6.26818
1804,0.902,4,2,4,0,0,0,0,0,0,18.9069,32.2472,-1.42242,-11.0814,5.96173,72.9494,0,0,0,0,0,0,0.251478,4.43458,1.13074,0.859528,-1.0546,6.29208
1805,0.9025,4,2,4,0,0,0,0,0,0,18.787,32.4047,-1.28921,-11.0689,5.7896,73.1373,0,0,0,0,0,0,0.270351,4.46207,1.12739,0.888944,-1.06804,6.34916
1806,0.903,4,2,4,0,0,0,0,0,0,18.6723,32.5604,-1.15237,-11.0594,5.61275,73.331,0,0,0,0,0,0,0.285457,4.49145,1.12783,0.918193,-1.08349,6.40068
1807,0.9035,4,2,4,0,0,0,0,0,0,18.5504,32.7096,-1.00944,-11.0564,5.4334,73.5112,0,0,0,0,0,0,0.294305,4.51309,1.13163,0.940641,-1.09848,6.43826
1808,0.904,4,2,4,0,0,0,0,0,0,18.4202,32.8473,-0.860615,-11.0585,5.25063,73.675,0,0,0,0,0,0,0.299897,4.52391,1.13452,0.95898,-1.11125,6.46418
1809,0.9045,4,2,4,0,0,0,0,0,0,18.2826,32.9729,-0.709161,-11.0622,5.06593,73.8215,0,0,0,0,0,0,0.292126,4.51946,1.13916,0.969018,-1.1197,6.46662
1810,0.905,4,2,4,0,0,0,0,0,0,18.1373,33.0898,-0.559063,-11.065,4.88302,73.9518,0,0,0,0,0,0,0.280452,4.51268,1.1447,0.976396,-1.12708,6.4679
1811,0.9055,4,2,4,0,0,0,0,0,0,17.977,33.192,-0.409054,-11.0721,4.70493,74.0549,0,0,0,0,0,0,0.262403,4.49825,1.15257,0.977289,-1.133,6.45503
1812,0.906,4,2,4,0,0,0,0,0,0,17.8008,33.2772,-0.255351,-11.0903,4.53167,74.1332,0,0,0,0,0,0,0.227156,4.46915,1.16556,0.966457,-1.13595,6.4131
1813,0.9065,4,2,4,0,0,0,0,0,0,17.6093,33.3532,-0.0951808,-11.1212,4.36116,74.1888,0,0,0,0,0,0,0.189707,4.44064,1.1803,0.953084,-1.1377,6.3698
1814,0.907,4,2,4,0,0,0,0,0,0,17.4085,33.4259,0.073543,-11.1644,4.18929,74.2324,0,0,0,0,0,0,0.155842,4.42316,1.19541,0.947173,-1.14188,6.34282
1815,0.9075,4,2,4,0,0,0,0,0,0,17.2144,33.5073,0.241244,-11.2029,4.01416,74.2933,0,0,0,0,0,0,0.125624,4.40748,1.21016,0.944881,-1.14945,6.32362
1816,0.908,4,2,4,0,0,0,0,0,0,17.0332,33.5997,0.401214,-11.2272,3.83737,74.3805,0,0,0,0,0,0,0.10619,4.39939,1.21978,0.951624,-1.15883,6.32253
1817,0.9085,4,2,4,0,0,0,0,0,0,16.8629,33.6973,0.550412,-11.2341,3.6611,74.4879,0,0,0,0,0,0,0.0929013,4.39595,1.22294,0.967437,-1.16617,6.33337
1818,0.909,4,2,4,0,0,0,0,0,0,16.6969,33.7977,0.690586,-11.2288,3.48863,74.6047,0,0,0,0,0,0,0.0797189,4.3949,1.2314,0.976055,-1.17652,6.34583
1819,0.9095,4,2,4,0,0,0,0,0,0,16.5219,33.8877,0.830175,-11.2281,3.32096,74.7057,0,0,0,0,0,0,0.0646859,4.39312,1.24414,0.978167,-1.18822,6.3523
1820,0.91,4,2,4,0,0,0,0,0,0,16.3338,33.9662,0.976177,-11.2423,3.15686,74.7811,0,0,0,0,0,0,0.0423583,4.39267,1.2575,0.98188,-1.19739,6.35741
1821,0.9105,4,2,4,0,0,0,0,0,0,16.1318,34.0295,1.13115,-11.272,2.99292,74.8264,0,0,0,0,0,0,0.00400633,4.38357,1.27678,0.977374,-1.20523,6.33791
1822,0.911,4,2,4,0,0,0,0,0,0,15.9289,34.0928,1.29084,-11.3057,2.82626,74.8639,0,0,0,0,0,0,-0.0209365,4.38087,1.28823,0.983497,-1.21188,6.32969
1823,0.9115,4,2,4,0,0,0,0,0,0,15.7411,34.1698,1.44449,-11.3229,2.65514,74.9241,0,0,0,0,0,0,-0.0383058,4.38124,1.2946,0.99678,-1.21891,6.33432
1824,0.912,4,2,4,0,0,0,0,0,0,15.5663,34.2547,1.5898,-11.323,2.48148,75.0021,0,0,0,0,0,0,-0.0443336,4.38869,1.30179,1.01334,-1.23151,6.35975
1825,0.9125,4,2,4,0,0,0,0,0,0,15.4023,34.3477,1.72606,-11.3075,2.3078,75.1005,0,0,0,0,0,0,-0.0592148,4.39794,1.31234,1.02776,-1.24282,6.37187
1826,0.913,4,2,4,0,0,0,0,0,0,15.2408,34.4421,1.8584,-11.2891,2.1372,75.2036,0,0,0,0,0,0,-0.0669487,4.41038,1.32005,1.04336,-1.25364,6.39221
1827,0.9135,4,2,4,0,0,0,0,0,0,15.073,34.5321,1.99184,-11.276,1.96953,75.2977,0,0,0,0,0,0,-0.0747418,4.4159,1.32393,1.06392,-1.26407,6.41666
1828,0.914,4,2,4,0,0,0,0,0,0,14.8948,34.6164,2.13339,-11.2775,1.80171,75.3738,0,0,0,0,0,0,-0.105266,4.41265,1.33843,1.06773,-1.27157,6.39954
1829,0.9145,4,2,4,0,0,0,0,0,0,14.7168,34.7035,2.27927,-11.2822,1.63018,75.4536,0,0,0,0,0,0,-0.114419,4.42019,1.34971,1.07806,-1.28402,6.41569
1830,0.915,4,2,4,0,0,0,0,0,0,14.5472,34.7979,2.42335,-11.2803,1.45528,75.5518,0,0,0,0,0,0,-0.127575,4.42546,1.35498,1.09496,-1.29212,6.42476
1831,0.9155,4,2,4,0,0,0,0,0,0,14.3808,34.8949,2.56312,-11.2709,1.28093,75.6581,0,0,0,0,0,0,-0.141407,4.4263,1.36199,1.10664,-1.30073,6.43007
1832,0.916,4,2,4,0,0,0,0,0,0,14.2123,34.9901,2.702,-11.2613,1.10864,75.7618,0,0,0,0,0,0,-0.148232,4.42696,1.36485,1.12284,-1.30901,6.44647
1833,0.9165,4,2,4,0,0,0,0,0,0,14.0388,35.0818,2.84177,-11.2552,0.939239,75.8556,0,0,0,0,0,0,-0.168986,4.41861,1.37223,1.12716,-1.31332,6.43528
1834,0.917,4,2,4,0,0,0,0,0,0,13.8527,35.163,2.98746,-11.2572,0.771183,75.9238,0,0,0,0,0,0,-0.193413,4.40488,1.38541,1.1233,-1.32049,6.42124
1835,0.9175,4,2,4,0,0,0,0,0,0,13.6521,35.2308,3.14019,-11.268,0.603066,75.9598,0,0,0,0,0,0,-0.209827,4.39163,1.39546,1.12046,-1.32657,6.40964
1836,0.918,4,2,4,0,0,0,0,0,0,13.4493,35.2912,3.29534,-11.2782,0.431829,75.986,0,0,0,0,0,0,-0.237178,4.37388,1.40565,1.11481,-1.32879,6.37348
1837,0.9185,4,2,4,0,0,0,0,0,0,13.2484,35.3488,3.45072,-11.2849,0.257524,76.0108,0,0,0,0,0,0,-0.261599,4.36373,1.41641,1.11466,-1.33365,6.35415
1838,0.919,4,2,4,0,0,0,0,0,0,13.0561,35.412,3.60121,-11.2806,0.0812593,76.0526,0,0,0,0,0,0,-0.282764,4.36014,1.42643,1.12157,-1.34119,6.35077
1839,0.9195,4,2,4,0,0,0,0,0,0,12.8695,35.4789,3.74751,-11.2702,-0.094113,76.1079,0,0,0,0,0,0,-0.301396,4.35805,1.43659,1.13309,-1.35128,6.3541
1840,0.92,4,2,4,0,0,0,0,0,0,12.6867,35.5502,3.89203,-11.2587,-0.268187,76.1725,0,0,0,0,0,0,-0.323151,4.34525,1.44527,1.14474,-1.35892,6.34779
1841,0.9205,4,2,4,0,0,0,0,0,0,12.4989,35.6181,4.03842,-11.255,-0.439416,76.228,0,0,0,0,0,0,-0.349561,4.33236,1.4579,1.14863,-1.36597,6.33643
1842,0.921,4,2,4,0,0,0,0,0,0,12.3066,35.6795,4.18163,-11.2537,-0.605058,76.2742,0,0,0,0,0,0,-0.359469,4.33529,1.47072,1.15867,-1.37957,6.35901
1843,0.9215,4,2,4,0,0,0,0,0,0,12.1072,35.7339,4.32004,-11.2523,-0.763681,76.3053,0,0,0,0,0,0,-0.368244,4.33633,1.48041,1.1693,-1.39085,6.37288
1844,0.922,4,2,4,0,0,0,0,0,0,11.9019,35.7873,4.45451,-11.2514,-0.916351,76.3283,0,0,0,0,0,0,-0.385955,4.3357,1.49093,1.17513,-1.3982,6.36844
1845,0.9225,4,2,4,0,0,0,0,0,0,11.6985,35.8437,4.5861,-11.2482,-1.06764,76.3599,0,0,0,0,0,0,-0.404765,4.33229,1.49823,1.18324,-1.40388,6.36069
1846,0.923,4,2,4,0,0,0,0,0,0,11.5005,35.9025,4.71507,-11.2401,-1.21948,76.4042,0,0,0,0,0,0,-0.424864,4.32664,1.50304,1.19214,-1.40618,6.34871
1847,0.9235,4,2,4,0,0,0,0,0,0,11.3088,35.9661,4.84722,-11.229,-1.37655,76.4581,0,0,0,0,0,0,-0.450685,4.32456,1.51695,1.19736,-1.41436,6.34811
1848,0.924,4,2,4,0,0,0,0,0,0,11.1215,36.0285,4.98302,-11.2161,-1.54002,76.5129,0,0,0,0,0,0,-0.463342,4.32884,1.5259,1.21211,-1.42398,6.37371
1849,0.9245,4,2,4,0,0,0,0,0,0,10.936,36.0883,5.12051,-11.1992,-1.70772,76.5644,0,0,0,0,0,0,-0.478589,4.32699,1.53477,1.22305,-1.43172,6.38912
1850,0.925,4,2,4,0,0,0,0,0,0,10.7432,36.1452,5.25888,-11.1799,-1.87483,76.6022,0,0,0,0,0,0,-0.497592,4.32526,1.54369,1.23356,-1.43799,6.39646
1851,0.9255,4,2,4,0,0,0,0,0,0,10.5415,36.1995,5.39678,-11.1628,-2.03776,76.6246,0,0,0,0,0,0,-0.512282,4.32475,1.5508,1.24499,-1.44476,6.40082
1852,0.926,4,2,4,0,0,0,0,0,0,10.3345,36.2483,5.53379,-11.1491,-2.19753,76.6397,0,0,0,0,0,0,-0.536405,4.31506,1.56088,1.25217,-1.45203,6.38728
1853,0.9265,4,2,4,0,0,0,0,0,0,10.13,36.2969,5.67132,-11.1373,-2.35745,76.6619,0,0,0,0,0,0,-0.558258,4.30261,1.56894,1.25915,-1.45734,6.36932
1854,0.927,4,2,4,0,0,0,0,0,0,9.93041,36.3465,5.80907,-11.1257,-2.51824,76.6926,0,0,0,0,0,0,-0.569898,4.29588,1.58173,1.2652,-1.46985,6.37225
1855,0.9275,4,2,4,0,0,0,0,0,0,9.73628,36.395,5.94497,-11.1123,-2.67978,76.7326,0,0,0,0,0,0,-0.590468,4.28381,1.59565,1.26987,-1.48058,6.36153
1856,0.928,4,2,4,0,0,0,0,0,0,9.53998,36.4427,6.07859,-11.0981,-2.83885,76.7708,0,0,0,0,0,0,-0.611064,4.27222,1.60646,1.27461,-1.48717,6.34876
1857,0.9285,4,2,4,0,0,0,0,0,0,9.3311,36.485,6.2098,-11.087,-2.99037,76.7916,0,0,0,0,0,0,-0.62283,4.2676,1.61218,1.28643,-1.4942,6.34969
1858,0.929,4,2,4,0,0,0,0,0,0,9.11286,36.5282,6.34069,-11.0761,-3.13768,76.8001,0,0,0,0,0,0,-0.641591,4.25673,1.61674,1.29444,-1.49705,6.3318
1859,0.9295,4,2,4,0,0,0,0,0,0,8.89053,36.5678,6.47461,-11.0676,-3.28567,76.7945,0,0,0,0,0,0,-0.662564,4.24983,1.62478,1.29878,-1.50112,6.32522
1860,0.93,4,2,4,0,0,0,0,0,0,8.67225,36.6039,6.61257,-11.0581,-3.44027,76.7866,0,0,0,0,0,0,-0.6873,4.24448,1.63814,1.29858,-1.50782,6.32492
1861,0.9305,4,2,4,0,0,0,0,0,0,8.46667,36.6415,6.7501,-11.0399,-3.60128,76.7926,0,0,0,0,0,0,-0.707329,4.23621,1.64987,1.30187,-1.5157,6.3255
1862,0.931,4,2,4,0,0,0,0,0,0,8.27153,36.6797,6.88533,-11.0145,-3.76579,76.8134,0,0,0,0,0,0,-0.731511,4.22729,1.66222,1.30893,-1.52339,6.32015
1863,0.9315,4,2,4,0,0,0,0,0,0,8.075,36.7134,7.01765,-10.9888,-3.92744,76.8328,0,0,0,0,0,0,-0.749734,4.22612,1.66974,1.32393,-1.52944,6.32398
1864,0.932,4,2,4,0,0,0,0,0,0,7.87318,36.7466,7.14696,-10.9643,-4.08273,76.8474,0,0,0,0,0,0,-0.769104,4.2244,1.67717,1.33819,-1.53517,6.32506
1865,0.9325,4,2,4,0,0,0,0,0,0,7.66097,36.7768,7.27707,-10.9445,-4.23296,76.844,0,0,0,0,0,0,-0.784774,4.21804,1.68352,1.34752,-1.54059,6.31716
1866,0.933,4,2,4,0,0,0,0,0,0,7.43793,36.803,7.40943,-10.9318,-4.37856,76.8223,0,0,0,0,0,0,-0.803826,4.2103,1.69207,1.35329,-1.54597,6.30501
1867,0.9335,4,2,4,0,0,0,0,0,0,7.21843,36.8298,7.54357,-10.9207,-4.52641,76.8082,0,0,0,0,0,0,-0.824827,4.20353,1.70438,1.36103,-1.55433,6.30286
1868,0.934,4,2,4,0,0,0,0,0,0,7.00704,36.8617,7.67429,-10.9026,-4.67533,76.8137,0,0,0,0,0,0,-0.844917,4.19938,1.72001,1.36597,-1.56544,6.3009
1869,0.9345,4,2,4,0,0,0,0,0,0,6.79983,36.8948,7.79946,-10.8778,-4.82244,76.832,0,0,0,0,0,0,-0.854861,4.19674,1.73278,1.37415,-1.57854,6.31016
1870,0.935,4,2,4,0,0,0,0,0,0,6.59135,36.9226,7.92204,-10.8517,-4.96778,76.8466,0,0,0,0,0,0,-0.873245,4.189,1.74157,1.38279,-1.58395,6.30845
1871,0.9355,4,2,4,0,0,0,0,0,0,6.38382,36.95,8.04587,-10.8236,-5.11563,76.8536,0,0,0,0,0,0,-0.894941,4.18443,1.74812,1.39429,-1.58691,6.30753
1872,0.936,4,2,4,0,0,0,0,0,0,6.17008,36.9739,8.17373,-10.7979,-5.26448,76.8411,0,0,0,0,0,0,-0.921654,4.1817,1.75671,1.40581,-1.5898,6.30541
1873,0.9365,4,2,4,0,0,0,0,0,0,5.94683,36.9892,8.30535,-10.7795,-5.41128,76.8068,0,0,0,0,0,0,-0.950186,4.17443,1.76616,1.41128,-1.59176,6.29006
1874,0.937,4,2,4,0,0,0,0,0,0,5.72726,37.006,8.43964,-10.7628,-5.56045,76.7796,0,0,0,0,0,0,-0.975101,4.15937,1.77848,1.41419,-1.59836,6.27811
1875,0.9375,4,2,4,0,0,0,0,0,0,5.51359,37.028,8.57147,-10.7413,-5.7096,76.7688,0,0,0,0,0,0,-0.987369,4.15146,1.79223,1.42176,-1.61185,6.28595
1876,0.938,4,2,4,0,0,0,0,0,0,5.30349,37.0509,8.69919,-10.7134,-5.85773,76.7671,0,0,0,0,0,0,-1.00428,4.14237,1.80584,1.42874,-1.62264,6.28478
1877,0.9385,4,2,4,0,0,0,0,0,0,5.09475,37.0683,8.82245,-10.6812,-6.00363,76.7648,0,0,0,0,0,0,-1.02928,4.12239,1.81709,1.42906,-1.6271,6.25391
1878,0.939,4,2,4,0,0,0,0,0,0,4.88351,37.0813,8.94554,-10.6509,-6.14826,76.7539,0,0,0,0,0,0,-1.05011,4.11277,1.82475,1.43946,-1.63089,6.24182
1879,0.9395,4,2,4,0,0,0,0,0,0,4.66184,37.0903,9.06988,-10.6266,-6.28847,76.7253,0,0,0,0,0,0,-1.06961,4.10626,1.83411,1.44854,-1.63604,6.23103
1880,0.94,4,2,4,0,0,0,0,0,0,4.43389,37.0945,9.19471,-10.6091,-6.42487,76.6868,0,0,0,0,0,0,-1.08789,4.10897,1.84518,1.46218,-1.64393,6.23872
1881,0.9405,4,2,4,0,0,0,0,0,0,4.2084,37.0997,9.31878,-10.5934,-6.5604,76.6519,0,0,0,0,0,0,-1.10949,4.10738,1.85834,1.47409,-1.65313,6.2495
1882,0.941,4,2,4,0,0,0,0,0,0,3.98793,37.107,9.4435,-10.5766,-6.69853,76.6225,0,0,0,0,0,0,-1.13232,4.10053,1.87084,1.48394,-1.66135,6.25883
1883,0.9415,4,2,4,0,0,0,0,0,0,3.7693,37.115,9.56828,-10.5527,-6.83848,76.5935,0,0,0,0,0,0,-1.16306,4.07704,1.88553,1.48198,-1.66699,6.23696
1884,0.942,4,2,4,0,0,0,0,0,0,3.55277,37.125,9.6915,-10.5209,-6.97924,76.569,0,0,0,0,0,0,-1.18525,4.06456,1.89618,1.48713,-1.67228,6.22736
1885,0.9425,4,2,4,0,0,0,0,0,0,3.33288,37.1313,9.81305,-10.4884,-7.11704,76.5391,0,0,0,0,0,0,-1.20386,4.06047,1.90567,1.49721,-1.67782,6.22275
1886,0.943,4,2,4,0,0,0,0,0,0,3.10539,37.1294,9.93226,-10.4584,-7.24871,76.4959,0,0,0,0,0,0,-1.21861,4.05857,1.91457,1.50536,-1.68408,6.21933
1887,0.9435,4,2,4,0,0,0,0,0,0,2.87649,37.1256,10.0525,-10.4312,-7.37927,76.4494,0,0,0,0,0,0,-1.24263,4.04549,1.92257,1.50723,-1.6849,6.1948
1888,0.944,4,2,4,0,0,0,0,0,0,2.6469,37.1209,10.172,-10.4041,-7.50823,76.3993,0,0,0,0,0,0,-1.25887,4.03623,1.93058,1.51314,-1.68961,6.18698
1889,0.9445,4,2,4,0,0,0,0,0,0,2.42011,37.1159,10.2923,-10.3776,-7.63867,76.3528,0,0,0,0,0,0,-1.27521,4.02573,1.93976,1.5223,-1.69586,6.18662
1890,0.945,4,2,4,0,0,0,0,0,0,2.19546,37.1131,10.4116,-10.3471,-7.769,76.3094,0,0,0,0,0,0,-1.2934,4.01426,1.95103,1.53181,-1.70409,6.18226
1891,0.9455,4,2,4,0,0,0,0,0,0,1.97334,37.1131,10.5305,-10.3137,-7.90076,76.2686,0,0,0,0,0,0,-1.3178,4.00835,1.96419,1.54255,-1.71138,6.18321
1892,0.946,4,2,4,0,0,0,0,0,0,1.7513,37.1093,10.6477,-10.28,-8.03195,76.2257,0,0,0,0,0,0,-1.34327,3.99682,1.97863,1.54838,-1.71864,6.17123
1893,0.9465,4,2,4,0,0,0,0,0,0,1.52397,37.0987,10.7635,-10.2492,-8.1592,76.1717,0,0,0,0,0,0,-1.36621,3.98796,1.98948,1.55731,-1.72373,6.16167
1894,0.947,4,2,4,0,0,0,0,0,0,1.29751,37.088,10.8778,-10.2178,-8.28501,76.1217,0,0,0,0,0,0,-1.38338,3.98896,1.99919,1.57138,-1.73,6.16822
1895,0.9475,4,2,4,0,0,0,0,0,0,1.06754,37.0725,10.9909,-10.1871,-8.40781,76.0645,0,0,0,0,0,0,-1.40023,3.98916,2.00779,1.58255,-1.73524,6.17242
1896,0.948,4,2,4,0,0,0,0,0,0,0.836669,37.0573,11.1044,-10.1567,-8.52942,76.0082,0,0,0,0,0,0,-1.42567,3.97938,2.01846,1.58921,-1.73991,6.16363
1897,0.9485,4,2,4,0,0,0,0,0,0,0.607468,37.0426,11.2191,-10.1251,-8.6522,75.9557,0,0,0,0,0,0,-1.44782,3.97071,2.02785,1.60052,-1.7448,6.16484
1898,0.949,4,2,4,0,0,0,0,0,0,0.380949,37.0359,11.3361,-10.0908,-8.77763,75.9105,0,0,0,0,0,0,-1.46613,3.95409,2.03725,1.60412,-1.74937,6.15526
1899,0.9495,4,2,4,0,0,0,0,0,0,0.152949,37.026,11.4527,-10.0552,-8.90226,75.861,0,0,0,0,0,0,-1.48567,3.93202,2.0448,1.60386,-1.75038,6.13329
1900,0.95,4,2,4,0,0,0,0,0,0,-0.0771076,37.012,11.5691,-10.0198,-9.02629,75.8067,0,0,0,0,0,0,-1.50874,3.91366,2.05675,1.6014,-1.75444,6.10833
1901,0.9505,4,2,4,0,0,0,0,0,0,-0.306912,36.9902,11.6854,-9.98441,-9.15113,75.7428,0,0,0,0,0,0,-1.53247,3.90258,2.06532,1.60537,-1.75521,6.09149
1902,0.951,4,2,4,0,0,0,0,0,0,-0.539402,36.9631,11.7997,-9.95074,-9.27305,75.6686,0,0,0,0,0,0,-1.55653,3.895,2.07647,1.61323,-1.75964,6.08551
1903,0.9515,4,2,4,0,0,0,0,0,0,-0.774022,36.9332,11.9127,-9.92005,-9.39231,75.5893,0,0,0,0,0,0,-1.57397,3.89225,2.08529,1.62993,-1.76663,6.08889
1904,0.952,4,2,4,0,0,0,0,0,0,-1.00605,36.9085,12.0241,-9.8859,-9.51143,75.5198,0,0,0,0,0,0,-1.59177,3.88258,2.09599,1.64252,-1.7743,6.08153
1905,0.9525,4,2,4,0,0,0,0,0,0,-1.23753,36.886,12.1345,-9.85043,-9.62828,75.4578,0,0,0,0,0,0,-1.61318,3.86527,2.10591,1.6469,-1.77816,6.06032
1906,0.953,4,2,4,0,0,0,0,0,0,-1.46638,36.8669,12.2461,-9.81564,-9.7455,75.4038,0,0,0,0,0,0,-1.6356,3.84746,2.12015,1.65084,-1.78612,6.04212
1907,0.9535,4,2,4,0,0,0,0,0,0,-1.69672,36.8436,12.3599,-9.78236,-9.86379,75.3462,0,0,0,0,0,0,-1.65578,3.83019,2.13049,1.65418,-1.78966,6.02769
1908,0.954,4,2,4,0,0,0,0,0,0,-1.92931,36.8128,12.4742,-9.7488,-9.98196,75.2775,0,0,0,0,0,0,-1.67917,3.81525,2.14483,1.65823,-1.79651,6.02046
1909,0.9545,4,2,4,0,0,0,0,0,0,-2.16732,36.7717,12.5867,-9.71585,-10.0962,75.1881,0,0,0,0,0,0,-1.70593,3.80121,2.15814,1.66451,-1.80139,6.01185
1910,0.955,4,2,4,0,0,0,0,0,0,-2.40706,36.7283,12.6986,-9.68327,-10.2094,75.0917,0,0,0,0,0,0,-1.7279,3.79502,2.17013,1.67189,-1.80695,6.01219
1911,0.9555,4,2,4,0,0,0,0,0,0,-2.64237,36.687,12.8092,-9.64928,-10.3236,74.993,0,0,0,0,0,0,-1.75789,3.78544,2.18244,1.68074,-1.81039,6.00453
1912,0.956,4,2,4,0,0,0,0,0,0,-2.87132,36.6493,12.9185,-9.61122,-10.4395,74.8987,0,0,0,0,0,0,-1.78324,3.78195,2.19432,1.69592,-1.81558,6.01263
1913,0.9565,4,2,4,0,0,0,0,0,0,-3.09486,36.6129,13.0272,-9.57152,-10.5569,74.8146,0,0,0,0,0,0,-1.80138,3.77175,2.20229,1.7077,-1.81907,6.00358
1914,0.957,4,2,4,0,0,0,0,0,0,-3.31527,36.5774,13.135,-9.53389,-10.6729,74.7412,0,0,0,0,0,0,-1.82147,3.76642,2.21665,1.72092,-1.82847,6.00259
1915,0.9575,4,2,4,0,0,0,0,0,0,-3.54379,36.5403,13.2428,-9.49824,-10.7838,74.666,0,0,0,0,0,0,-1.84432,3.74413,2.23112,1.72477,-1.83552,5.98033
1916,0.958,4,2,4,0,0,0,0,0,0,-3.78131,36.4955,13.3502,-9.46697,-10.8894,74.5805,0,0,0,0,0,0,-1.86475,3.7246,2.24733,1.72501,-1.84501,5.95918
1917,0.9585,4,2,4,0,0,0,0,0,0,-4.0269,36.4443,13.4547,-9.44008,-10.9878,74.4855,0,0,0,0,0,0,-1.8856,3.70763,2.25863,1.7248,-1.84927,5.94548
1918,0.959,4,2,4,0,0,0,0,0,0,-4.27796,36.3908,13.5574,-9.41467,-11.0817,74.3872,0,0,0,0,0,0,-1.91281,3.69438,2.26504,1.72736,-1.84608,5.93127
1919,0.9595,4,2,4,0,0,0,0,0,0,-4.52306,36.3442,13.6582,-9.38093,-11.1772,74.2993,0,0,0,0,0,0,-1.93716,3.70026,2.27448,1.74683,-1.84868,5.95192
1920,0.96,4,2,4,0,0,0,0,0,0,-4.76002,36.3006,13.7574,-9.33925,-11.2752,74.2168,0,0,0,0,0,0,-1.9608,3.69887,2.28103,1.76079,-1.84782,5.96144
1921,0.9605,4,2,4,0,0,0,0,0,0,-4.98932,36.2585,13.8561,-9.29041,-11.3767,74.1375,0,0,0,0,0,0,-1.9805,3.68892,2.29074,1.76753,-1.85145,5.95925
1922,0.961,4,2,4,0,0,0,0,0,0,-5.21499,36.2149,13.9584,-9.24241,-11.4826,74.0506,0,0,0,0,0,0,-2.00068,3.67238,2.30242,1.77339,-1.85683,5.93895
1923,0.9615,4,2,4,0,0,0,0,0,0,-5.44431,36.1661,14.063,-9.19998,-11.5879,73.9509,0,0,0,0,0,0,-2.01603,3.64943,2.31394,1.77702,-1.86411,5.90888
1924,0.962,4,2,4,0,0,0,0,0,0,-5.68137,36.1082,14.1706,-9.16568,-11.6913,73.8355,0,0,0,0,0,0,-2.03775,3.62787,2.33042,1.78288,-1.874,5.88264
1925,0.9625,4,2,4,0,0,0,0,0,0,-5.92553,36.0436,14.2768,-9.137,-11.7897,73.7124,0,0,0,0,0,0,-2.05863,3.60885,2.34435,1.79202,-1.88148,5.8688
1926,0.963,4,2,4,0,0,0,0,0,0,-6.17118,35.9746,14.3777,-9.10907,-11.8821,73.593,0,0,0,0,0,0,-2.07043,3.59583,2.35063,1.79747,-1.88418,5.85814
1927,0.9635,4,2,4,0,0,0,0,0,0,-6.41572,35.9053,14.474,-9.07874,-11.97,73.4808,0,0,0,0,0,0,-2.09228,3.58708,2.36111,1.80499,-1.88753,5.86169
1928,0.964,4,2,4,0,0,0,0,0,0,-6.65608,35.843,14.5666,-9.04112,-12.0562,73.3853,0,0,0,0,0,0,-2.11179,3.57235,2.37004,1.80923,-1.89042,5.8482
1929,0.9645,4,2,4,0,0,0,0,0,0,-6.89367,35.7837,14.6594,-8.9997,-12.1443,73.2934,0,0,0,0,0,0,-2.13717,3.553,2.37895,1.80723,-1.88992,5.8201
1930,0.965,4,2,4,0,0,0,0,0,0,-7.12962,35.728,14.7547,-8.95424,-12.2356,73.197,0,0,0,0,0,0,-2.16463,3.53656,2.38632,1.80906,-1.88691,5.80599
1931,0.9655,4,2,4,0,0,0,0,0,0,-7.36482,35.6693,14.8544,-8.9112,-12.3312,73.089,0,0,0,0,0,0,-2.1921,3.52269,2.39516,1.81325,-1.88522,5.79676
1932,0.966,4,2,4,0,0,0,0,0,0,-7.60088,35.6011,14.957,-8.87228,-12.4281,72.9623,0,0,0,0,0,0,-2.21564,3.49783,2.4007,1.81413,-1.88064,5.76971
1933,0.9665,4,2,4,0,0,0,0,0,0,-7.83349,35.5324,15.0636,-8.83457,-12.5299,72.8324,0,0,0,0,0,0,-2.23612,3.47548,2.41328,1.8149,-1.88583,5.7496
1934,0.967,4,2,4,0,0,0,0,0,0,-8.0638,35.4601,15.1717,-8.79716,-12.6347,72.7038,0,0,0,0,0,0,-2.25555,3.46433,2.43266,1.82492,-1.89969,5.74299
1935,0.9675,4,2,4,0,0,0,0,0,0,-8.29173,35.3844,15.2758,-8.75627,-12.7369,72.5807,0,0,0,0,0,0,-2.27528,3.45626,2.45093,1.83975,-1.91297,5.74047
1936,0.968,4,2,4,0,0,0,0,0,0,-8.52499,35.3065,15.3737,-8.71528,-12.8301,72.4648,0,0,0,0,0,0,-2.29816,3.44164,2.4645,1.85164,-1.91934,5.72617
1937,0.9685,4,2,4,0,0,0,0,0,0,-8.76404,35.2319,15.4663,-8.67424,-12.9149,72.3556,0,0,0,0,0,0,-2.31873,3.4244,2.47405,1.85831,-1.92155,5.70517
1938,0.969,4,2,4,0,0,0,0,0,0,-9.01081,35.153,15.5556,-8.6366,-12.992,72.2389,0,0,0,0,0,0,-2.33851,3.4109,2.47921,1.86723,-1.91962,5.69729
1939,0.9695,4,2,4,0,0,0,0,0,0,-9.26186,35.0692,15.6446,-8.60564,-13.0657,72.1121,0,0,0,0,0,0,-2.36328,3.39545,2.48821,1.87442,-1.91875,5.68761
1940,0.97,4,2,4,0,0,0,0,0,0,-9.51079,34.986,15.7352,-8.5758,-13.1411,71.9797,0,0,0,0,0,0,-2.38236,3.38044,2.49946,1.87194,-1.92231,5.67312
1941,0.9705,4,2,4,0,0,0,0,0,0,-9.75324,34.9063,15.8281,-8.54075,-13.2215,71.849,0,0,0,0,0,0,-2.39893,3.36793,2.50626,1.86842,-1.92217,5.66322
1942,0.971,4,2,4,0,0,0,0,0,0,-9.98616,34.8257,15.9203,-8.49701,-13.306,71.7174,0,0,0,0,0,0,-2.42527,3.35817,2.51789,1.87573,-1.92435,5.66772
1943,0.9715,4,2,4,0,0,0,0,0,0,-10.2113,34.7441,16.0123,-8.44863,-13.3939,71.5848,0,0,0,0,0,0,-2.45556,3.34092,2.5293,1.88406,-1.9242,5.65541
1944,0.972,4,2,4,0,0,0,0,0,0,-10.4338,34.6583,16.1047,-8.40216,-13.4826,71.4461,0,0,0,0,0,0,-2.49039,3.3242,2.54815,1.90417,-1.93075,5.64765
1945,0.9725,4,2,4,0,0,0,0,0,0,-10.6621,34.5684,16.1995,-8.36165,-13.5703,71.3039,0,0,0,0,0,0,-2.51422,3.30382,2.56307,1.91834,-1.93747,5.63025
1946,0.973,4,2,4,0,0,0,0,0,0,-10.8995,34.4775,16.2966,-8.3258,-13.6554,71.1641,0,0,0,0,0,0,-2.5354,3.28262,2.57846,1.92452,-1.94486,5.60935
1947,0.9735,4,2,4,0,0,0,0,0,0,-11.146,34.3814,16.3909,-8.29335,-13.7322,71.0238,0,0,0,0,0,0,-2.5508,3.26077,2.59072,1.92273,-1.95156,5.58413
1948,0.974,4,2,4,0,0,0,0,0,0,-11.3963,34.2859,16.4816,-8.26244,-13.8026,70.892,0,0,0,0,0,0,-2.5627,3.24448,2.59572,1.92387,-1.9523,5.56349
1949,0.9745,4,2,4,0,0,0,0,0,0,-11.6448,34.1957,16.5681,-8.22912,-13.8693,70.7746,0,0,0,0,0,0,-2.58211,3.23006,2.60175,1.92954,-1.94977,5.55291
1950,0.975,4,2,4,0,0,0,0,0,0,-11.8884,34.107,16.652,-8.18921,-13.936,70.659,0,0,0,0,0,0,-2.60801,3.2199,2.61174,1.93965,-1.94888,5.55482
1951,0.9755,4,2,4,0,0,0,0,0,0,-12.1264,34.0146,16.7336,-8.14921,-14.0028,70.5353,0,0,0,0,0,0,-2.63388,3.20615,2.62113,1.94288,-1.94729,5.54185
1952,0.976,4,2,4,0,0,0,0,0,0,-12.3583,33.9206,16.8179,-8.10864,-14.0749,70.402,0,0,0,0,0,0,-2.65866,3.19097,2.62781,1.94372,-1.94378,5.52685
1953,0.9765,4,2,4,0,0,0,0,0,0,-12.5863,33.8207,16.9048,-8.06951,-14.1503,70.2506,0,0,0,0,0,0,-2.68324,3.17858,2.638,1.9521,-1.94414,5.52402
1954,0.977,4,2,4,0,0,0,0,0,0,-12.815,33.7179,16.995,-8.03293,-14.228,70.0857,0,0,0,0,0,0,-2.70254,3.16328,2.6501,1.96026,-1.94918,5.51572
1955,0.9775,4,2,4,0,0,0,0,0,0,-13.0462,33.6114,17.0862,-7.99658,-14.3052,69.9154,0,0,0,0,0,0,-2.72235,3.13942,2.66325,1.96521,-1.95472,5.49368
1956,0.978,4,2,4,0,0,0,0,0,0,-13.2795,33.505,17.1758,-7.96039,-14.3793,69.7519,0,0,0,0,0,0,-2.73799,3.11275,2.67186,1.97103,-1.95682,5.46564
1957,0.9785,4,2,4,0,0,0,0,0,0,-13.5158,33.3998,17.2632,-7.92158,-14.45,69.6004,0,0,0,0,0,0,-2.75633,3.08092,2.68451,1.96671,-1.96193,5.42589
1958,0.979,4,2,4,0,0,0,0,0,0,-13.7584,33.2957,17.3449,-7.87699,-14.5119,69.4619,0,0,0,0,0,0,-2.7736,3.0522,2.69743,1.96082,-1.96768,5.39143
1959,0.9795,4,2,4,0,0,0,0,0,0,-14.0039,33.1904,17.4234,-7.83199,-14.5689,69.3303,0,0,0,0,0,0,-2.79124,3.03759,2.70611,1.97314,-1.9696,5.38645
1960,0.98,4,2,4,0,0,0,0,0,0,-14.248,33.0839,17.5038,-7.79293,-14.6282,69.1994,0,0,0,0,0,0,-2.81668,3.0291,2.71518,1.99132,-1.96813,5.39616
1961,0.9805,4,2,4,0,0,0,0,0,0,-14.4892,32.9741,17.5863,-7.75892,-14.6908,69.0601,0,0,0,0,0,0,-2.84715,3.01148,2.72455,1.99612,-1.96411,5.3908
1962,0.981,4,2,4,0,0,0,0,0,0,-14.7265,32.8598,17.6691,-7.72849,-14.7546,68.9068,0,0,0,0,0,0,-2.87536,2.98483,2.73548,1.9965,-1.96233,5.36573
1963,0.9815,4,2,4,0,0,0,0,0,0,-14.9577,32.7422,17.7514,-7.69734,-14.8203,68.7422,0,0,0,0,0,0,-2.9017,2.96128,2.74675,1.99715,-1.96239,5.34327
1964,0.982,4,2,4,0,0,0,0,0,0,-15.1827,32.6201,17.8339,-7.66349,-14.8887,68.5642,0,0,0,0,0,0,-2.92691,2.94316,2.76566,2.00591,-1.97133,5.33136
1965,0.9825,4,2,4,0,0,0,0,0,0,-15.4049,32.4999,17.9166,-7.62515,-14.9583,68.3903,0,0,0,0,0,0,-2.94606,2.93274,2.78137,2.0157,-1.98045,5.32781
1966,0.983,4,2,4,0,0,0,0,0,0,-15.6275,32.3796,17.9989,-7.58616,-15.0267,68.2209,0,0,0,0,0,0,-2.96041,2.91536,2.78606,2.02103,-1.97969,5.3119
1967,0.9835,4,2,4,0,0,0,0,0,0,-15.8524,32.2605,18.0824,-7.54473,-15.0948,68.0595,0,0,0,0,0,0,-2.97526,2.89924,2.79094,2.02154,-1.97803,5.29164
1968,0.984,4,2,4,0,0,0,0,0,0,-16.0848,32.137,18.1648,-7.50318,-15.1575,67.899,0,0,0,0,0,0,-2.99648,2.87765,2.80188,2.02269,-1.9794,5.26353
1969,0.9845,4,2,4,0,0,0,0,0,0,-16.3251,32.018,18.2473,-7.46521,-15.2157,67.7501,0,0,0,0,0,0,-3.02337,2.85867,2.8183,2.03052,-1.98421,5.24497
1970,0.985,4,2,4,0,0,0,0,0,0,-16.5692,31.8953,18.3272,-7.43396,-15.2691,67.5964,0,0,0,0,0,0,-3.04549,2.84119,2.82804,2.03629,-1.98382,5.23204
1971,0.9855,4,2,4,0,0,0,0,0,0,-16.8118,31.7696,18.4036,-7.40662,-15.3191,67.4353,0,0,0,0,0,0,-3.06997,2.81992,2.83838,2.04028,-1.98238,5.2228
1972,0.986,4,2,4,0,0,0,0,0,0,-17.0508,31.6446,18.4808,-7.37638,-15.3714,67.2745,0,0,0,0,0,0,-3.09168,2.79849,2.8456,2.04232,-1.9787,5.21421
1973,0.9865,4,2,4,0,0,0,0,0,0,-17.2824,31.5211,18.5574,-7.34116,-15.426,67.1136,0,0,0,0,0,0,-3.116,2.77847,2.85587,2.04213,-1.97813,5.20338
1974,0.987,4,2,4,0,0,0,0,0,0,-17.507,31.394,18.631,-7.30265,-15.4804,66.9404,0,0,0,0,0,0,-3.13711,2.76168,2.86973,2.04819,-1.98326,5.19861
1975,0.9875,4,2,4,0,0,0,0,0,0,-17.7276,31.2635,18.7046,-7.26467,-15.5364,66.7602,0,0,0,0,0,0,-3.15453,2.74379,2.88445,2.05677,-1.99113,5.18215
1976,0.988,4,2,4,0,0,0,0,0,0,-17.9484,31.1268,18.7806,-7.22848,-15.5943,66.5748,0,0,0,0,0,0,-3.17286,2.72741,2.89631,2.07065,-1.99452,5.16325
1977,0.9885,4,2,4,0,0,0,0,0,0,-18.1692,30.9853,18.8584,-7.19548,-15.654,66.3883,0,0,0,0,0,0,-3.19739,2.70068,2.90844,2.07696,-1.99533,5.13111
1978,0.989,4,2,4,0,0,0,0,0,0,-18.3943,30.8439,18.9368,-7.16441,-15.7125,66.2104,0,0,0,0,0,0,-3.22155,2.67267,2.92053,2.07728,-1.99631,5.09933
1979,0.9895,4,2,4,0,0,0,0,0,0,-18.6267,30.7067,19.0144,-7.12896,-15.766,66.0475,0,0,0,0,0,0,-3.2442,2.64433,2.93078,2.0803,-1.99675,5.07739
1980,0.99,4,2,4,0,0,0,0,0,0,-18.8629,30.568,19.091,-7.09137,-15.8156,65.8824,0,0,0,0,0,0,-3.2643,2.61831,2.93991,2.0795,-1.99721,5.05898
1981,0.9905,4,2,4,0,0,0,0,0,0,-19.0987,30.4283,19.1648,-7.05624,-15.862,65.7148,0,0,0,0,0,0,-3.28595,2.60387,2.95057,2.0877,-1.99826,5.06021
1982,0.991,4,2,4,0,0,0,0,0,0,-19.3343,30.2925,19.2344,-7.02322,-15.9039,65.5523,0,0,0,0,0,0,-3.29928,2.59151,2.95704,2.09726,-1.99723,5.05679
1983,0.9915,4,2,4,0,0,0,0,0,0,-19.5688,30.1537,19.2988,-6.99044,-15.9409,65.3831,0,0,0,0,0,0,-3.32336,2.57217,2.96849,2.09852,-1.99706,5.04426
1984,0.992,4,2,4,0,0,0,0,0,0,-19.7975,30.01,19.3599,-6.96021,-15.9764,65.2031,0,0,0,0,0,0,-3.34018,2.54727,2.97295,2.09139,-1.99286,5.01164
1985,0.9925,4,2,4,0,0,0,0,0,0,-20.0209,29.861,19.4227,-6.93081,-16.0156,65.015,0,0,0,0,0,0,-3.35692,2.52349,2.9778,2.08849,-1.98989,4.98589
1986,0.993,4,2,4,0,0,0,0,0,0,-20.2414,29.7084,19.4921,-6.89996,-16.062,64.8204,0,0,0,0,0,0,-3.38089,2.49563,2.98956,2.09077,-1.9906,4.9586
1987,0.9935,4,2,4,0,0,0,0,0,0,-20.4588,29.554,19.5685,-6.86708,-16.1164,64.6235,0,0,0,0,0,0,-3.41078,2.46931,3.00384,2.0981,-1.99127,4.9403
1988,0.994,4,2,4,0,0,0,0,0,0,-20.6762,29.4007,19.6471,-6.82933,-16.173,64.4268,0,0,0,0,0,0,-3.43587,2.44854,3.02029,2.1086,-1.99639,4.9325
1989,0.9945,4,2,4,0,0,0,0,0,0,-20.8953,29.2504,19.7215,-6.7907,-16.2245,64.2359,0,0,0,0,0,0,-3.4636,2.4265,3.03496,2.11851,-1.99806,4.92689
1990,0.995,4,2,4,0,0,0,0,0,0,-21.1186,29.1048,19.7941,-6.75127,-16.2716,64.0628,0,0,0,0,0,0,-3.48121,2.41239,3.04857,2.12718,-2.00345,4.92275
1991,0.9955,4,2,4,0,0,0,0,0,0,-21.3438,28.9582,19.8634,-6.71511,-16.3142,63.8966,0,0,0,0,0,0,-3.49019,2.39752,3.0553,2.13701,-2.00506,4.91623
1992,0.996,4,2,4,0,0,0,0,0,0,-21.5695,28.8088,19.9281,-6.68626,-16.3515,63.7259,0,0,0,0,0,0,-3.49919,2.37323,3.05735,2.14008,-2.00115,4.88535
1993,0.9965,4,2,4,0,0,0,0,0,0,-21.7972,28.6567,19.9882,-6.66533,-16.3824,63.5536,0,0,0,0,0,0,-3.51059,2.34829,3.06261,2.13929,-1.99925,4.84559
1994,0.997,4,2,4,0,0,0,0,0,0,-22.027,28.5003,20.0459,-6.64664,-16.4088,63.3768,0,0,0,0,0,0,-3.52956,2.31524,3.06592,2.12723,-1.99276,4.80247
1995,0.9975,4,2,4,0,0,0,0,0,0,-22.2545,28.34,20.1042,-6.62572,-16.4365,63.192,0,0,0,0,0,0,-3.55102,2.2697,3.07006,2.10384,-1.98694,4.74515
1996,0.998,4,2,4,0,0,0,0,0,0,-22.479,28.1776,20.1671,-6.59675,-16.4701,63.0013,0,0,0,0,0,0,-3.58767,2.22811,3.08431,2.09269,-1.98439,4.71161
1997,0.9985,4,2,4,0,0,0,0,0,0,-22.6988,28.0184,20.2357,-6.55687,-16.5114,62.8097,0,0,0,0,0,0,-3.62125,2.18835,3.09946,2.08098,-1.98407,4.682
1998,0.999,4,2,4,0,0,0,0,0,0,-22.9102,27.8605,20.3085,-6.51008,-16.5606,62.6149,0,0,0,0,0,0,-3.66658,2.17858,3.12882,2.10689,-1.99341,4.71381
1999,0.9995,4,2,4,0,0,0,0,0,0,-23.1122,27.6947,20.3754,-6.46608,-16.6076,62.4032,0,0,0,0,0,0,-3.71322,2.18213,3.17379,2.15135,-2.01811,4.75637
2000,1,4,2,4,0,0,0,0,0,0,-23.313,27.5227,20.4386,-6.42693,-16.6511,62.1862,0,0,0,0,0,0,-3.72341,2.19317,3.18616,2.18428,-2.02407,4.7868
2001,1.0005,4,2,4,0,0,0,0,0,0,-23.5153,27.3454,20.4935,-6.39801,-16.6842,61.9717,0,0,0,0,0,0,-3.76236,2.20258,3.22536,2.20616,-2.04756,4.80146
2002,1.001,4,2,4,0,0,0,0,0,0,-23.7221,27.1623,20.5409,-6.38699,-16.7071,61.7589,0,0,0,0,0,0,-3.76927,2.1931,3.23445,2.21667,-2.05158,4.77819
2003,1.0015,4,2,4,0,0,0,0,0,0,-23.9303,26.9779,20.5854,-6.38984,-16.7263,61.5521,0,0,0,0,0,0,-3.77247,2.17395,3.23794,2.20893,-2.05185,4.73116
2004,1.002,4,2,4,0,0,0,0,0,0,-24.1442,26.7978,20.6339,-6.39014,-16.7461,61.3538,0,0,0,0,0,0,-3.77203,2.14105,3.22183,2.18334,-2.03403,4.67351
2005,1.0025,4,2,4,0,0,0,0,0,0,-24.3708,26.625,20.6907,-6.37991,-16.768,61.1723,0,0,0,0,0,0,-3.77023,2.08552,3.20552,2.14585,-2.01717,4.59641
2006,1.003,4,2,4,0,0,0,0,0,0,-24.6066,26.4659,20.759,-6.34563,-16.7976,61.0125,0,0,0,0,0,0,-3.77994,2.02479,3.19696,2.11522,-2.00201,4.53309
2007,1.0035,4,2,4,0,0,0,0,0,0,-24.8414,26.319,20.8373,-6.29152,-16.8386,60.8592,0,0,0,0,0,0,-3.79691,1.96445,3.19032,2.09409,-1.98402,4.48237
2008,1.004,4,2,4,0,0,0,0,0,0,-25.0719,26.1751,20.9261,-6.22331,-16.8924,60.7007,0,0,0,0,0,0,-3.82017,1.9251,3.19377,2.09291,-1.97435,4.47106
2009,1.0045,4,2,4,0,0,0,0,0,0,-25.298,26.0279,21.0156,-6.15028,-16.949,60.5363,0,0,0,0,0,0,-3.8448,1.90181,3.2051,2.11137,-1.97179,4.478
2010,1.005,4,2,4,0,0,0,0,0,0,-25.5169,25.8672,21.093,-6.0899,-16.9957,60.3551,0,0,0,0,0,0,-3.85688,1.89651,3.21604,2.13585,-1.97491,4.48375
2011,1.0055,4,2,4,0,0,0,0,0,0,-25.7263,25.6878,21.1547,-6.0523,-17.0297,60.1473,0,0,0,0,0,0,-3.87581,1.90661,3.23708,2.16807,-1.98579,4.50224
2012,1.006,4,2,4,0,0,0,0,0,0,-25.9232,25.4901,21.2037,-6.04055,-17.0559,59.9102,0,0,0,0,0,0,-3.91096,1.91258,3.26592,2.20035,-1.99804,4.52559
2013,1.0065,4,2,4,0,0,0,0,0,0,-26.1122,25.2814,21.2442,-6.04721,-17.0764,59.6606,0,0,0,0,0,0,-3.93279,1.90015,3.28262,2.21241,-2.00335,4.51583
2014,1.007,4,2,4,0,0,0,0,0,0,-26.301,25.0709,21.2798,-6.06122,-17.0917,59.4177,0,0,0,0,0,0,-3.958,1.87155,3.29872,2.21146,-2.00658,4.48778
2015,1.0075,4,2,4,0,0,0,0,0,0,-26.4926,24.8648,21.311,-6.07604,-17.1007,59.1844,0,0,0,0,0,0,-3.98457,1.82253,3.30782,2.19847,-2.00189,4.44282
2016,1.008,4,2,4,0,0,0,0,0,0,-26.6924,24.6736,21.3456,-6.07726,-17.1092,58.9743,0,0,0,0,0,0,-4.00379,1.77397,3.3147,2.18074,-1.99868,4.39446
2017,1.0085,4,2,4,0,0,0,0,0,0,-26.9026,24.4951,21.3948,-6.05468,-17.1283,58.7902,0,0,0,0,0,0,-4.01297,1.73071,3.31473,2.16323,-1.99228,4.34556
2018,1.009,4,2,4,0,0,0,0,0,0,-27.1175,24.3246,21.4557,-6.01206,-17.1572,58.6187,0,0,0,0,0,0,-4.03056,1.69948,3.32504,2.16137,-1.99272,4.32158
2019,1.0095,4,2,4,0,0,0,0,0,0,-27.335,24.1592,21.5197,-5.96117,-17.1875,58.4526,0,0,0,0,0,0,-4.04342,1.67777,3.33352,2.16475,-1.99321,4.30343
2020,1.01,4,2,4,0,0,0,0,0,0,-27.5506,23.9891,21.5789,-5.91625,-17.2128,58.2773,0,0,0,0,0,0,-4.05443,1.65655,3.33662,2.16859,-1.9884,4.28386
2021,1.0105,4,2,4,0,0,0,0,0,0,-27.7587,23.8072,21.6323,-5.8834,-17.2348,58.084,0,0,0,0,0,0,-4.06787,1.64342,3.3419,2.17367,-1.98554,4.27422
2022,1.011,4,2,4,0,0,0,0,0,0,-27.9585,23.6147,21.6843,-5.85617,-17.2582,57.8726,0,0,0,0,0,0,-4.08819,1.63045,3.3482,2.17884,-1.98118,4.27244
2023,1.0115,4,2,4,0,0,0,0,0,0,-28.1499,23.4114,21.7362,-5.8341,-17.2847,57.641,0,0,0,0,0,0,-4.10832,1.60948,3.35518,2.18212,-1.97788,4.26323
2024,1.012,4,2,4,0,0,0,0,0,0,-28.3312,23.2039,21.7859,-5.81764,-17.3134,57.3974,0,0,0,0,0,0,-4.13626,1.57999,3.36706,2.18656,-1.97636,4.25099
2025,1.0125,4,2,4,0,0,0,0,0,0,-28.5129,23.0031,21.8351,-5.80182,-17.3421,57.1685,0,0,0,0,0,0,-4.15717,1.54417,3.37532,2.18492,-1.97338,4.22074
2026,1.013,4,2,4,0,0,0,0,0,0,-28.7015,22.8095,21.8877,-5.7822,-17.371,56.9573,0,0,0,0,0,0,-4.16977,1.50636,3.38605,2.18085,-1.97586,4.1763
2027,1.0135,4,2,4,0,0,0,0,0,0,-28.8972,22.6176,21.9438,-5.75615,-17.3993,56.7577,0,0,0,0,0,0,-4.1813,1.47257,3.39566,2.17838,-1.97749,4.14077
2028,1.014,4,2,4,0,0,0,0,0,0,-29.0975,22.4261,21.9971,-5.72911,-17.4224,56.5666,0,0,0,0,0,0,-4.20158,1.4437,3.40809,2.18033,-1.97843,4.12423
2029,1.0145,4,2,4,0,0,0,0,0,0,-29.3013,22.2327,22.0418,-5.7096,-17.4351,56.3788,0,0,0,0,0,0,-4.21771,1.41656,3.41995,2.18394,-1.98057,4.10293
2030,1.015,4,2,4,0,0,0,0,0,0,-29.5067,22.0353,22.0816,-5.69747,-17.4419,56.1858,0,0,0,0,0,0,-4.23294,1.39515,3.42725,2.18856,-1.97873,4.0879
2031,1.0155,4,2,4,0,0,0,0,0,0,-29.7096,21.8347,22.121,-5.68712,-17.4489,55.9892,0,0,0,0,0,0,-4.24998,1.37592,3.43065,2.18709,-1.97279,4.0757
2032,1.016,4,2,4,0,0,0,0,0,0,-29.9047,21.6291,22.1616,-5.67294,-17.46,55.7801,0,0,0,0,0,0,-4.26475,1.34865,3.42961,2.17659,-1.96328,4.05378
2033,1.0165,4,2,4,0,0,0,0,0,0,-30.0921,21.4195,22.2032,-5.65596,-17.4748,55.5555,0,0,0,0,0,0,-4.28439,1.32034,3.43297,2.17162,-1.95621,4.03344
2034,1.017,4,2,4,0,0,0,0,0,0,-30.2735,21.2109,22.249,-5.634,-17.496,55.3259,0,0,0,0,0,0,-4.30181,1.29572,3.44433,2.1753,-1.95722,4.01066
2035,1.0175,4,2,4,0,0,0,0,0,0,-30.4518,21.0081,22.2967,-5.60853,-17.5207,55.1022,0,0,0,0,0,0,-4.32205,1.27042,3.46071,2.18727,-1.96094,3.99266
2036,1.018,4,2,4,0,0,0,0,0,0,-30.628,20.8067,22.3466,-5.58299,-17.5483,54.8793,0,0,0,0,0,0,-4.33889,1.2465,3.46974,2.19292,-1.95913,3.97342
2037,1.0185,4,2,4,0,0,0,0,0,0,-30.8107,20.6066,22.3969,-5.55629,-17.5736,54.6685,0,0,0,0,0,0,-4.35764,1.21796,3.47892,2.19725,-1.95624,3.95121
2038,1.019,4,2,4,0,0,0,0,0,0,-30.9943,20.4044,22.4414,-5.53885,-17.5931,54.458,0,0,0,0,0,0,-4.3732,1.18604,3.48314,2.19114,-1.95068,3.92866
2039,1.0195,4,2,4,0,0,0,0,0,0,-31.1818,20.2002,22.4845,-5.52376,-17.6094,54.2524,0,0,0,0,0,0,-4.38711,1.15787,3.49073,2.1866,-1.94975,3.90528
2040,1.02,4,2,4,0,0,0,0,0,0,-31.3684,19.9888,22.5252,-5.50841,-17.6228,54.0375,0,0,0,0,0,0,-4.39345,1.13063,3.49565,2.17996,-1.9493,3.87077
2041,1.0205,4,2,4,0,0,0,0,0,0,-31.5561,19.774,22.5653,-5.49157,-17.6347,53.8193,0,0,0,0,0,0,-4.40298,1.10246,3.50407,2.1798,-1.95042,3.8429
2042,1.021,4,2,4,0,0,0,0,0,0,-31.7456,19.5559,22.6068,-5.47323,-17.6468,53.6038,0,0,0,0,0,0,-4.41549,1.07042,3.50732,2.16947,-1.94636,3.81379
2043,1.0215,4,2,4,0,0,0,0,0,0,-31.9333,19.3388,22.6439,-5.4575,-17.6551,53.3913,0,0,0,0,0,0,-4.43521,1.0377,3.51449,2.16999,-1.94253,3.79332
2044,1.022,4,2,4,0,0,0,0,0,0,-32.1189,19.1228,22.6783,-5.4422,-17.6608,53.1822,0,0,0,0,0,0,-4.45661,1.00784,3.52746,2.1834,-1.94152,3.78197
2045,1.0225,4,2,4,0,0,0,0,0,0,-32.3015,18.9058,22.7094,-5.42972,-17.6638,52.9746,0,0,0,0,0,0,-4.47901,0.982323,3.54378,2.20203,-1.94257,3.77491
2046,1.023,4,2,4,0,0,0,0,0,0,-32.479,18.6877,22.7379,-5.42461,-17.6659,52.7624,0,0,0,0,0,0,-4.49573,0.956404,3.55442,2.21077,-1.94163,3.75576
2047,1.0235,4,2,4,0,0,0,0,0,0,-32.6552,18.4706,22.7667,-5.42273,-17.6694,52.5508,0,0,0,0,0,0,-4.5058,0.924221,3.55328,2.19691,-1.93448,3.71765
2048,1.024,4,2,4,0,0,0,0,0,0,-32.8277,18.2544,22.802,-5.41455,-17.6806,52.3336,0,0,0,0,0,0,-4.51694,0.886729,3.54408,2.1722,-1.92046,3.6785
2049,1.0245,4,2,4,0,0,0,0,0,0,-32.9977,18.0368,22.8459,-5.39798,-17.7007,52.1086,0,0,0,0,0,0,-4.52926,0.853381,3.54366,2.15491,-1.91358,3.64666
2050,1.025,4,2,4,0,0,0,0,0,0,-33.1622,17.8177,22.8929,-5.37781,-17.7266,51.8709,0,0,0,0,0,0,-4.54635,0.827123,3.55272,2.15349,-1.91277,3.62884
2051,1.0255,4,2,4,0,0,0,0,0,0,-33.3252,17.597,22.9371,-5.35656,-17.7507,51.6292,0,0,0,0,0,0,-4.5648,0.808566,3.57031,2.16849,-1.91815,3.62267
2052,1.026,4,2,4,0,0,0,0,0,0,-33.4904,17.3773,22.9784,-5.33526,-17.7713,51.3945,0,0,0,0,0,0,-4.58604,0.788446,3.58942,2.1877,-1.923,3.6188
2053,1.0265,4,2,4,0,0,0,0,0,0,-33.6572,17.1541,23.0131,-5.31944,-17.7849,51.163,0,0,0,0,0,0,-4.6021,0.757773,3.60029,2.19388,-1.92177,3.60006
2054,1.027,4,2,4,0,0,0,0,0,0,-33.8272,16.9306,23.0449,-5.30509,-17.7936,50.9421,0,0,0,0,0,0,-4.6115,0.730623,3.60425,2.19166,-1.91861,3.57329
2055,1.0275,4,2,4,0,0,0,0,0,0,-34.0008,16.7083,23.0733,-5.29188,-17.7971,50.7335,0,0,0,0,0,0,-4.62124,0.703873,3.60682,2.19016,-1.91433,3.549
2056,1.028,4,2,4,0,0,0,0,0,0,-34.1736,16.4855,23.1016,-5.27939,-17.8001,50.5293,0,0,0,0,0,0,-4.63257,0.669466,3.60458,2.1774,-1.90549,3.51891
2057,1.0285,4,2,4,0,0,0,0,0,0,-34.3417,16.2589,23.1338,-5.26582,-17.8077,50.3186,0,0,0,0,0,0,-4.64003,0.630431,3.60233,2.1664,-1.89741,3.48266
2058,1.029,4,2,4,0,0,0,0,0,0,-34.5027,16.0295,23.1649,-5.25707,-17.8172,50.0978,0,0,0,0,0,0,-4.65934,0.599853,3.61883,2.17596,-1.90098,3.46235
2059,1.0295,4,2,4,0,0,0,0,0,0,-34.6619,15.7965,23.1942,-5.25353,-17.8267,49.8708,0,0,0,0,0,0,-4.68093,0.57066,3.63414,2.19041,-1.90114,3.45216
2060,1.03,4,2,4,0,0,0,0,0,0,-34.8255,15.5651,23.2223,-5.25133,-17.833,49.6481,0,0,0,0,0,0,-4.69179,0.542159,3.63678,2.18717,-1.89667,3.43089
2061,1.0305,4,2,4,0,0,0,0,0,0,-34.9898,15.3373,23.2502,-5.25114,-17.8389,49.4292,0,0,0,0,0,0,-4.70205,0.514195,3.64078,2.18228,-1.89429,3.41118
2062,1.031,4,2,4,0,0,0,0,0,0,-35.1552,15.1121,23.2836,-5.24428,-17.8481,49.2159,0,0,0,0,0,0,-4.71242,0.486728,3.64024,2.16966,-1.88804,3.38885
2063,1.0315,4,2,4,0,0,0,0,0,0,-35.3197,14.8869,23.3148,-5.23493,-17.8559,49.0053,0,0,0,0,0,0,-4.72727,0.461586,3.64618,2.15957,-1.8855,3.36851
2064,1.032,4,2,4,0,0,0,0,0,0,-35.4795,14.6571,23.3419,-5.22505,-17.862,48.7877,0,0,0,0,0,0,-4.73987,0.436106,3.65202,2.15363,-1.88343,3.34635
2065,1.0325,4,2,4,0,0,0,0,0,0,-35.6282,14.4233,23.3693,-5.20932,-17.8723,48.5542,0,0,0,0,0,0,-4.75503,0.406114,3.66351,2.15888,-1.8834,3.32483
2066,1.033,4,2,4,0,0,0,0,0,0,-35.7708,14.1871,23.3961,-5.19123,-17.8834,48.3124,0,0,0,0,0,0,-4.76689,0.377086,3.67463,2.16771,-1.88399,3.30022
2067,1.0335,4,2,4,0,0,0,0,0,0,-35.9113,13.9526,23.4217,-5.1738,-17.894,48.073,0,0,0,0,0,0,-4.77234,0.345371,3.67733,2.17076,-1.87903,3.27011
2068,1.034,4,2,4,0,0,0,0,0,0,-36.0514,13.7182,23.4473,-5.16113,-17.9036,47.835,0,0,0,0,0,0,-4.77612,0.308949,3.67848,2.1691,-1.87397,3.23185
2069,1.0345,4,2,4,0,0,0,0,0,0,-36.1946,13.4821,23.4686,-5.15627,-17.9075,47.6016,0,0,0,0,0,0,-4.79265,0.275182,3.68438,2.17139,-1.86946,3.21243
2070,1.035,4,2,4,0,0,0,0,0,0,-36.3439,13.2444,23.4897,-5.15185,-17.9088,47.3746,0,0,0,0,0,0,-4.81558,0.244358,3.69098,2.16982,-1.86347,3.20361
2071,1.0355,4,2,4,0,0,0,0,0,0,-36.4984,13.0059,23.511,-5.14751,-17.9086,47.1516,0,0,0,0,0,0,-4.82738,0.214014,3.68735,2.15321,-1.85461,3.17931
2072,1.036,4,2,4,0,0,0,0,0,0,-36.6517,12.7673,23.5387,-5.13649,-17.9131,46.9269,0,0,0,0,0,0,-4.83635,0.180921,3.68853,2.1424,-1.85007,3.15025
2073,1.0365,4,2,4,0,0,0,0,0,0,-36.8061,12.5327,23.5684,-5.11874,-17.9187,46.7087,0,0,0,0,0,0,-4.84817,0.150427,3.69694,2.14333,-1.84918,3.12451
2074,1.037,4,2,4,0,0,0,0,0,0,-36.961,12.2975,23.5917,-5.1069,-17.9197,46.4943,0,0,0,0,0,0,-4.85965,0.125448,3.70501,2.15051,-1.84641,3.10715
2075,1.0375,4,2,4,0,0,0,0,0,0,-37.1121,12.0604,23.61,-5.10003,-17.9185,46.2778,0,0,0,0,0,0,-4.87223,0.090053,3.70718,2.14865,-1.83795,3.08782
2076,1.038,4,2,4,0,0,0,0,0,0,-37.2602,11.8228,23.6248,-5.0964,-17.9155,46.063,0,0,0,0,0,0,-4.89557,0.0583538,3.71586,2.15467,-1.83238,3.0852
2077,1.0385,4,2,4,0,0,0,0,0,0,-37.4061,11.5816,23.635,-5.09973,-17.9093,45.8473,0,0,0,0,0,0,-4.90924,0.0227359,3.71966,2.15622,-1.82659,3.06634
2078,1.039,4,2,4,0,0,0,0,0,0,-37.5497,11.3365,23.6436,-5.10512,-17.9017,45.6281,0,0,0,0,0,0,-4.91198,-0.0127443,3.71817,2.14699,-1.82127,3.02674
2079,1.0395,4,2,4,0,0,0,0,0,0,-37.6854,11.089,23.6526,-5.11201,-17.8976,45.3943,0,0,0,0,0,0,-4.91099,-0.0452601,3.71731,2.13823,-1.81679,2.98539
2080,1.04,4,2,4,0,0,0,0,0,0,-37.8214,10.8408,23.6656,-5.11326,-17.8968,45.1569,0,0,0,0,0,0,-4.90907,-0.0726927,3.71581,2.13286,-1.8118,2.95041
2081,1.0405,4,2,4,0,0,0,0,0,0,-37.9574,10.5924,23.6837,-5.11046,-17.9011,44.9179,0,0,0,0,0,0,-4.91886,-0.0998479,3.7201,2.1351,-1.80725,2.93233
2082,1.041,4,2,4,0,0,0,0,0,0,-38.0924,10.3468,23.7098,-5.09983,-17.9121,44.6818,0,0,0,0,0,0,-4.93736,-0.12869,3.72393,2.1347,-1.79955,2.92517
2083,1.0415,4,2,4,0,0,0,0,0,0,-38.2262,10.1058,23.7387,-5.08112,-17.925,44.4528,0,0,0,0,0,0,-4.96544,-0.153132,3.73805,2.14311,-1.79747,2.92836
2084,1.042,4,2,4,0,0,0,0,0,0,-38.3585,9.86631,23.7602,-5.06645,-17.9323,44.228,0,0,0,0,0,0,-4.98164,-0.177849,3.74784,2.15174,-1.79489,2.91598
2085,1.0425,4,2,4,0,0,0,0,0,0,-38.4926,9.62482,23.7741,-5.05834,-17.9327,44.009,0,0,0,0,0,0,-4.98058,-0.204224,3.74996,2.14853,-1.79356,2.88083
2086,1.043,4,2,4,0,0,0,0,0,0,-38.6161,9.38051,23.7854,-5.0538,-17.9338,43.7779,0,0,0,0,0,0,-4.97983,-0.234684,3.74848,2.13832,-1.78997,2.8445
2087,1.0435,4,2,4,0,0,0,0,0,0,-38.7324,9.13428,23.797,-5.04864,-17.9371,43.5399,0,0,0,0,0,0,-4.98723,-0.264061,3.7485,2.13467,-1.78388,2.82588
2088,1.044,4,2,4,0,0,0,0,0,0,-38.8454,8.88606,23.8089,-5.04467,-17.9424,43.2991,0,0,0,0,0,0,-4.99926,-0.298746,3.74751,2.12321,-1.77661,2.80622
2089,1.0445,4,2,4,0,0,0,0,0,0,-38.9612,8.63804,23.82,-5.04437,-17.9477,43.0657,0,0,0,0,0,0,-5.00386,-0.333144,3.74264,2.11006,-1.76802,2.77759
2090,1.045,4,2,4,0,0,0,0,0,0,-39.0877,8.39256,23.84,-5.03345,-17.9563,42.8464,0,0,0,0,0,0,-5.02241,-0.362337,3.75446,2.12174,-1.76555,2.77388
2091,1.0455,4,2,4,0,0,0,0,0,0,-39.2192,8.14727,23.8669,-5.01622,-17.9666,42.6335,0,0,0,0,0,0,-5.03749,-0.387661,3.76159,2.12662,-1.76191,2.76339
2092,1.046,4,2,4,0,0,0,0,0,0,-39.349,7.90225,23.8874,-5.00658,-17.9722,42.4188,0,0,0,0,0,0,-5.04689,-0.415453,3.76595,2.12771,-1.75762,2.74676
2093,1.0465,4,2,4,0,0,0,0,0,0,-39.4755,7.65583,23.9,-5.0043,-17.9724,42.1992,0,0,0,0,0,0,-5.04804,-0.448234,3.76288,2.11621,-1.75113,2.71663
2094,1.047,4,2,4,0,0,0,0,0,0,-39.5965,7.40601,23.905,-5.00877,-17.9687,41.9728,0,0,0,0,0,0,-5.05118,-0.484449,3.76263,2.10948,-1.74538,2.68687
2095,1.0475,4,2,4,0,0,0,0,0,0,-39.709,7.15263,23.906,-5.01645,-17.9639,41.736,0,0,0,0,0,0,-5.05875,-0.52226,3.76282,2.10432,-1.73832,2.6601
2096,1.048,4,2,4,0,0,0,0,0,0,-39.8195,6.89634,23.9065,-5.02122,-17.9577,41.5005,0,0,0,0,0,0,-5.0617,-0.555261,3.75712,2.09262,-1.72927,2.62932
2097,1.0485,4,2,4,0,0,0,0,0,0,-39.9302,6.63999,23.9108,-5.0189,-17.9534,41.2683,0,0,0,0,0,0,-5.06925,-0.58808,3.75563,2.08971,-1.72026,2.60675
2098,1.049,4,2,4,0,0,0,0,0,0,-40.0474,6.38551,23.9154,-5.01408,-17.9482,41.0461,0,0,0,0,0,0,-5.07527,-0.617541,3.75838,2.08906,-1.71576,2.58422
2099,1.0495,4,2,4,0,0,0,0,0,0,-40.1651,6.13137,23.9224,-5.00727,-17.9447,40.8236,0,0,0,0,0,0,-5.08391,-0.647807,3.7656,2.09398,-1.71311,2.56562
2100,1.05,4,2,4,0,0,0,0,0,0,-40.2804,5.88117,23.9321,-4.99852,-17.9442,40.6012,0,0,0,0,0,0,-5.08991,-0.678983,3.77016,2.09481,-1.71003,2.54215
2101,1.0505,4,2,4,0,0,0,0,0,0,-40.3906,5.63167,23.9383,-4.99617,-17.9438,40.3717,0,0,0,0,0,0,-5.09214,-0.711017,3.77252,2.09423,-1.70609,2.5153
2102,1.051,4,2,4,0,0,0,0,0,0,-40.4964,5.37917,23.9389,-5.00279,-17.9413,40.1336,0,0,0,0,0,0,-5.09318,-0.745869,3.76742,2.07877,-1.69877,2.47707
2103,1.0515,4,2,4,0,0,0,0,0,0,-40.6004,5.12146,23.9384,-5.00922,-17.9373,39.8949,0,0,0,0,0,0,-5.09759,-0.778371,3.76196,2.06396,-1.69027,2.44804
2104,1.052,4,2,4,0,0,0,0,0,0,-40.6996,4.86286,23.9418,-5.00755,-17.9361,39.6552,0,0,0,0,0,0,-5.10434,-0.805231,3.76098,2.063,-1.68306,2.43257
2105,1.0525,4,2,4,0,0,0,0,0,0,-40.7976,4.60383,23.9467,-5.00252,-17.9357,39.4168,0,0,0,0,0,0,-5.11461,-0.839507,3.76927,2.06993,-1.68057,2.41756
2106,1.053,4,2,4,0,0,0,0,0,0,-40.9008,4.34717,23.952,-4.99502,-17.9345,39.1871,0,0,0,0,0,0,-5.11768,-0.870887,3.77326,2.07464,-1.67733,2.39323
2107,1.0535,4,2,4,0,0,0,0,0,0,-41.0043,4.09204,23.9616,-4.98025,-17.9358,38.9615,0,0,0,0,0,0,-5.11349,-0.902819,3.76706,2.06609,-1.67017,2.3582
2108,1.054,4,2,4,0,0,0,0,0,0,-41.1032,3.84013,23.97,-4.96838,-17.938,38.7318,0,0,0,0,0,0,-5.10925,-0.93333,3.76257,2.05347,-1.66516,2.31845
2109,1.0545,4,2,4,0,0,0,0,0,0,-41.1967,3.58868,23.9696,-4.97009,-17.9369,38.4978,0,0,0,0,0,0,-5.11327,-0.958145,3.76012,2.04471,-1.65781,2.29411
2110,1.055,4,2,4,0,0,0,0,0,0,-41.2919,3.3359,23.9689,-4.9728,-17.935,38.269,0,0,0,0,0,0,-5.13507,-0.985777,3.76962,2.05397,-1.65152,2.30033
2111,1.0555,4,2,4,0,0,0,0,0,0,-41.3849,3.08083,23.9678,-4.97266,-17.9321,38.0384,0,0,0,0,0,0,-5.15121,-1.01849,3.77847,2.06224,-1.64683,2.29598
2112,1.056,4,2,4,0,0,0,0,0,0,-41.4765,2.82318,23.9717,-4.96453,-17.9316,37.8048,0,0,0,0,0,0,-5.14538,-1.04863,3.77212,2.04916,-1.64182,2.25552
2113,1.0565,4,2,4,0,0,0,0,0,0,-41.569,2.56585,23.977,-4.95398,-17.932,37.5712,0,0,0,0,0,0,-5.14212,-1.07566,3.76774,2.03712,-1.63796,2.2185
2114,1.057,4,2,4,0,0,0,0,0,0,-41.6628,2.31029,23.9792,-4.94462,-17.9307,37.342,0,0,0,0,0,0,-5.15406,-1.10709,3.77435,2.04456,-1.63323,2.20629
2115,1.0575,4,2,4,0,0,0,0,0,0,-41.7545,2.05462,23.985,-4.92799,-17.9317,37.1138,0,0,0,0,0,0,-5.16362,-1.13952,3.77429,2.04666,-1.62344,2.19284
2116,1.058,4,2,4,0,0,0,0,0,0,-41.8427,1.79913,23.9845,-4.9205,-17.9307,36.8839,0,0,0,0,0,0,-5.17074,-1.17416,3.76882,2.04185,-1.61134,2.18037
2117,1.0585,4,2,4,0,0,0,0,0,0,-41.93,1.54445,23.9765,-4.92389,-17.9258,36.6564,0,0,0,0,0,0,-5.16504,-1.20666,3.76231,2.03038,-1.6046,2.14807
2118,1.059,4,2,4,0,0,0,0,0,0,-42.0135,1.28891,23.97,-4.92592,-17.9227,36.4263,0,0,0,0,0,0,-5.15783,-1.2392,3.75605,2.01685,-1.59944,2.1126
2119,1.0595,4,2,4,0,0,0,0,0,0,-42.0911,1.03299,23.9668,-4.92242,-17.9234,36.1913,0,0,0,0,0,0,-5.1585,-1.27167,3.75266,2.00916,-1.59323,2.08794
2120,1.06,4,2,4,0,0,0,0,0,0,-42.168,0.775791,23.9689,-4.9108,-17.9262,35.9567,0,0,0,0,0,0,-5.17671,-1.30078,3.75687,2.01428,-1.58546,2.08881
2121,1.0605,4,2,4,0,0,0,0,0,0,-42.2419,0.519352,23.9701,-4.89932,-17.9289,35.7201,0,0,0,0,0,0,-5.18698,-1.32814,3.75757,2.01461,-1.57765,2.08021
2122,1.061,4,2,4,0,0,0,0,0,0,-42.3187,0.263439,23.9719,-4.88657,-17.931,35.4902,0,0,0,0,0,0,-5.1832,-1.35868,3.75178,2.00515,-1.57034,2.04942
2123,1.0615,4,2,4,0,0,0,0,0,0,-42.3998,0.00633165,23.9701,-4.87925,-17.93,35.2675,0,0,0,0,0,0,-5.17365,-1.39194,3.74419,1.99071,-1.56432,2.00868
2124,1.062,4,2,4,0,0,0,0,0,0,-42.4785,-0.250355,23.9619,-4.8808,-17.9257,35.0426,0,0,0,0,0,0,-5.17852,-1.42335,3.74688,1.99169,-1.55991,1.98991
2125,1.0625,4,2,4,0,0,0,0,0,0,-42.5491,-0.506319,23.9483,-4.88795,-17.9201,34.8063,0,0,0,0,0,0,-5.18206,-1.45738,3.74177,1.98394,-1.55051,1.9717
2126,1.063,4,2,4,0,0,0,0,0,0,-42.6196,-0.765516,23.9363,-4.89041,-17.9139,34.5712,0,0,0,0,0,0,-5.18947,-1.49341,3.73707,1.97771,-1.54084,1.95973
2127,1.0635,4,2,4,0,0,0,0,0,0,-42.6893,-1.02529,23.9295,-4.88309,-17.9089,34.338,0,0,0,0,0,0,-5.19101,-1.52543,3.73571,1.9762,-1.53411,1.93814
2128,1.064,4,2,4,0,0,0,0,0,0,-42.7584,-1.28136,23.9238,-4.87246,-17.9047,34.1052,0,0,0,0,0,0,-5.1794,-1.55559,3.72708,1.96672,-1.5269,1.9043
2129,1.0645,4,2,4,0,0,0,0,0,0,-42.832,-1.54007,23.9184,-4.86217,-17.8997,33.8788,0,0,0,0,0,0,-5.16989,-1.58658,3.72143,1.95918,-1.52026,1.86953
2130,1.065,4,2,4,0,0,0,0,0,0,-42.9096,-1.8003,23.915,-4.85023,-17.8955,33.6602,0,0,0,0,0,0,-5.17918,-1.61888,3.72755,1.96649,-1.51365,1.85675
2131,1.0655,4,2,4,0,0,0,0,0,0,-42.9779,-2.05851,23.9023,-4.85109,-17.8894,33.4308,0,0,0,0,0,0,-5.18654,-1.65193,3.72363,1.95693,-1.50458,1.83829
2132,1.066,4,2,4,0,0,0,0,0,0,-43.0379,-2.31558,23.8881,-4.85391,-17.8851,33.1919,0,0,0,0,0,0,-5.19006,-1.68123,3.71315,1.93735,-1.49569,1.8151
2133,1.0665,4,2,4,0,0,0,0,0,0,-43.0982,-2.57285,23.8753,-4.85375,-17.8802,32.9585,0,0,0,0,0,0,-5.19499,-1.70827,3.71302,1.93647,-1.49069,1.80104
2134,1.067,4,2,4,0,0,0,0,0,0,-43.1544,-2.82807,23.8664,-4.84621,-17.8773,32.7237,0,0,0,0,0,0,-5.19301,-1.73804,3.71368,1.93835,-1.48529,1.77816
2135,1.0675,4,2,4,0,0,0,0,0,0,-43.211,-3.08117,23.8613,-4.82978,-17.8748,32.4938,0,0,0,0,0,0,-5.18946,-1.76617,3.7096,1.93347,-1.47793,1.75052
2136,1.068,4,2,4,0,0,0,0,0,0,-43.2746,-3.33767,23.8575,-4.81064,-17.871,32.2745,0,0,0,0,0,0,-5.19143,-1.79378,3.70653,1.93291,-1.46796,1.73406
2137,1.0685,4,2,4,0,0,0,0,0,0,-43.3405,-3.59274,23.8545,-4.78926,-17.8673,32.0601,0,0,0,0,0,0,-5.19717,-1.8244,3.70388,1.92846,-1.45866,1.72157
2138,1.069,4,2,4,0,0,0,0,0,0,-43.3982,-3.84773,23.8421,-4.78209,-17.8624,31.8338,0,0,0,0,0,0,-5.18385,-1.85611,3.6896,1.90711,-1.45019,1.68328
2139,1.0695,4,2,4,0,0,0,0,0,0,-43.4492,-4.10437,23.8267,-4.77927,-17.8581,31.6004,0,0,0,0,0,0,-5.18277,-1.88863,3.68461,1.90485,-1.44123,1.66374
2140,1.07,4,2,4,0,0,0,0,0,0,-43.4976,-4.35918,23.8144,-4.77397,-17.8572,31.3671,0,0,0,0,0,0,-5.19118,-1.9193,3.68802,1.91182,-1.43369,1.65353
2141,1.0705,4,2,4,0,0,0,0,0,0,-43.5386,-4.61146,23.8041,-4.7649,-17.8595,31.1285,0,0,0,0,0,0,-5.18436,-1.94349,3.67875,1.90207,-1.42553,1.62851
2142,1.071,4,2,4,0,0,0,0,0,0,-43.5832,-4.86622,23.8005,-4.74452,-17.8633,30.8988,0,0,0,0,0,0,-5.17619,-1.97316,3.6742,1.90056,-1.41803,1.60198
2143,1.0715,4,2,4,0,0,0,0,0,0,-43.63,-5.12243,23.7987,-4.72033,-17.8665,30.6762,0,0,0,0,0,0,-5.18007,-2.00704,3.67863,1.90746,-1.41232,1.58808
2144,1.072,4,2,4,0,0,0,0,0,0,-43.673,-5.37694,23.7935,-4.69837,-17.8683,30.4506,0,0,0,0,0,0,-5.16714,-2.03642,3.67015,1.89249,-1.40832,1.55061
2145,1.0725,4,2,4,0,0,0,0,0,0,-43.7077,-5.63049,23.777,-4.68971,-17.8666,30.2158,0,0,0,0,0,0,-5.15549,-2.06445,3.66069,1.87787,-1.40289,1.51573
2146,1.073,4,2,4,0,0,0,0,0,0,-43.7405,-5.88722,23.757,-4.68587,-17.8624,29.9791,0,0,0,0,0,0,-5.14485,-2.09554,3.64902,1.8694,-1.39184,1.49092
2147,1.0735,4,2,4,0,0,0,0,0,0,-43.7673,-6.14216,23.7409,-4.67596,-17.8596,29.7354,0,0,0,0,0,0,-5.13489,-2.12667,3.63366,1.85324,-1.38085,1.46421
2148,1.074,4,2,4,0,0,0,0,0,0,-43.7963,-6.39433,23.7271,-4.65994,-17.8556,29.4962,0,0,0,0,0,0,-5.13635,-2.15867,3.63749,1.86186,-1.37612,1.45183
2149,1.0745,4,2,4,0,0,0,0,0,0,-43.8302,-6.64912,23.7157,-4.63805,-17.8497,29.2652,0,0,0,0,0,0,-5.13173,-2.19207,3.63841,1.87067,-1.36877,1.43726
2150,1.075,4,2,4,0,0,0,0,0,0,-43.8623,-6.90341,23.7032,-4.61717,-17.8448,29.0303,0,0,0,0,0,0,-5.11774,-2.22056,3.62724,1.85392,-1.36381,1.39496
2151,1.0755,4,2,4,0,0,0,0,0,0,-43.8949,-7.1582,23.6926,-4.5949,-17.8411,28.7951,0,0,0,0,0,0,-5.11261,-2.24595,3.62264,1.84484,-1.36072,1.36021
2152,1.076,4,2,4,0,0,0,0,0,0,-43.9286,-7.41405,23.6772,-4.5792,-17.8343,28.5629,0,0,0,0,0,0,-5.11937,-2.27534,3.62531,1.84503,-1.35655,1.34524
2153,1.0765,4,2,4,0,0,0,0,0,0,-43.9596,-7.67097,23.6559,-4.57207,-17.8252,28.3284,0,0,0,0,0,0,-5.11533,-2.30392,3.60968,1.82227,-1.34609,1.32355
2154,1.077,4,2,4,0,0,0,0,0,0,-43.9884,-7.92337,23.6394,-4.5556,-17.8178,28.0944,0,0,0,0,0,0,-5.11808,-2.33312,3.6009,1.81482,-1.33373,1.31469
2155,1.0775,4,2,4,0,0,0,0,0,0,-44.0169,-8.17605,23.6301,-4.52843,-17.8126,27.8648,0,0,0,0,0,0,-5.12312,-2.36153,3.60397,1.8233,-1.32626,1.30724
2156,1.078,4,2,4,0,0,0,0,0,0,-44.0419,-8.42602,23.6209,-4.50106,-17.8092,27.634,0,0,0,0,0,0,-5.10424,-2.3886,3.59589,1.81489,-1.32214,1.26682
2157,1.0785,4,2,4,0,0,0,0,0,0,-44.0649,-8.6763,23.6086,-4.47865,-17.8062,27.4008,0,0,0,0,0,0,-5.09932,-2.41593,3.59039,1.80817,-1.31609,1.24115
2158,1.079,4,2,4,0,0,0,0,0,0,-44.0902,-8.92487,23.5993,-4.45209,-17.8044,27.1728,0,0,0,0,0,0,-5.10339,-2.44371,3.59194,1.81428,-1.30882,1.23021
2159,1.0795,4,2,4,0,0,0,0,0,0,-44.1173,-9.17561,23.5861,-4.42945,-17.7997,26.9496,0,0,0,0,0,0,-5.09719,-2.47184,3.58276,1.80538,-1.29969,1.207
2160,1.08,4,2,4,0,0,0,0,0,0,-44.139,-9.42551,23.5638,-4.41751,-17.7926,26.722,0,0,0,0,0,0,-5.08681,-2.50486,3.56784,1.78672,-1.2877,1.17769
2161,1.0805,4,2,4,0,0,0,0,0,0,-44.1574,-9.67303,23.5514,-4.39076,-17.7894,26.4954,0,0,0,0,0,0,-5.08164,-2.53462,3.55883,1.77964,-1.27623,1.15719
2162,1.081,4,2,4,0,0,0,0,0,0,-44.1697,-9.91936,23.5419,-4.35893,-17.7897,26.2657,0,0,0,0,0,0,-5.06604,-2.55696,3.54373,1.76976,-1.26468,1.12888
2163,1.0815,4,2,4,0,0,0,0,0,0,-44.1759,-10.1634,23.5302,-4.33006,-17.7926,26.0299,0,0,0,0,0,0,-5.05128,-2.58194,3.53112,1.76709,-1.25342,1.10916
2164,1.082,4,2,4,0,0,0,0,0,0,-44.1803,-10.4094,23.5177,-4.30183,-17.7951,25.7919,0,0,0,0,0,0,-5.03744,-2.60928,3.52455,1.76657,-1.2477,1.08274
2165,1.0825,4,2,4,0,0,0,0,0,0,-44.1841,-10.6535,23.4981,-4.27788,-17.793,25.5571,0,0,0,0,0,0,-5.03657,-2.64348,3.52149,1.76951,-1.23952,1.07418
2166,1.083,4,2,4,0,0,0,0,0,0,-44.1892,-10.9002,23.4748,-4.25592,-17.7865,25.3274,0,0,0,0,0,0,-5.01933,-2.67478,3.50388,1.75263,-1.22939,1.04309
2167,1.0835,4,2,4,0,0,0,0,0,0,-44.1908,-11.1467,23.4464,-4.23735,-17.7757,25.097,0,0,0,0,0,0,-4.99234,-2.70027,3.48517,1.73145,-1.22147,0.995916
2168,1.084,4,2,4,0,0,0,0,0,0,-44.188,-11.3928,23.4186,-4.21384,-17.7623,24.8664,0,0,0,0,0,0,-4.9771,-2.72551,3.47156,1.71776,-1.2131,0.963811
2169,1.0845,4,2,4,0,0,0,0,0,0,-44.1759,-11.6342,23.3887,-4.19107,-17.7489,24.625,0,0,0,0,0,0,-4.95793,-2.75013,3.45325,1.70097,-1.20452,0.932956
2170,1.085,4,2,4,0,0,0,0,0,0,-44.1621,-11.8772,23.3598,-4.16822,-17.7373,24.3799,0,0,0,0,0,0,-4.94177,-2.7808,3.44137,1.6886,-1.19933,0.899717
2171,1.0855,4,2,4,0,0,0,0,0,0,-44.1568,-12.1208,23.3332,-4.14476,-17.7267,24.141,0,0,0,0,0,0,-4.94352,-2.8159,3.44505,1.69716,-1.19462,0.892153
2172,1.086,4,2,4,0,0,0,0,0,0,-44.1639,-12.3608,23.3137,-4.11402,-17.7159,23.9149,0,0,0,0,0,0,-4.93197,-2.8451,3.43496,1.6854,-1.18859,0.863505
2173,1.0865,4,2,4,0,0,0,0,0,0,-44.1819,-12.6006,23.2973,-4.08237,-17.704,23.7009,0,0,0,0,0,0,-4.92247,-2.87356,3.42963,1.67774,-1.18322,0.832879
2174,1.087,4,2,4,0,0,0,0,0,0,-44.208,-12.842,23.2926,-4.04039,-17.6945,23.4919,0,0,0,0,0,0,-4.92392,-2.89685,3.43137,1.6775,-1.17943,0.818196
2175,1.0875,4,2,4,0,0,0,0,0,0,-44.2284,-13.0791,23.2911,-3.99612,-17.6872,23.2737,0,0,0,0,0,0,-4.92772,-2.91812,3.42624,1.66604,-1.17422,0.802587
2176,1.088,4,2,4,0,0,0,0,0,0,-44.2411,-13.3186,23.2853,-3.95933,-17.6811,23.0435,0,0,0,0,0,0,-4.92737,-2.9399,3.41306,1.6488,-1.164,0.785941
2177,1.0885,4,2,4,0,0,0,0,0,0,-44.2504,-13.5631,23.2829,-3.92145,-17.6776,22.8113,0,0,0,0,0,0,-4.93631,-2.96552,3.41528,1.64756,-1.15898,0.772832
2178,1.089,4,2,4,0,0,0,0,0,0,-44.2597,-13.8053,23.2849,-3.87919,-17.6781,22.5839,0,0,0,0,0,0,-4.94274,-2.99636,3.42268,1.65502,-1.15517,0.761341
2179,1.0895,4,2,4,0,0,0,0,0,0,-44.2714,-14.0437,23.291,-3.82766,-17.6798,22.3685,0,0,0,0,0,0,-4.93476,-3.02329,3.41802,1.65065,-1.14931,0.73564
2180,1.09,4,2,4,0,0,0,0,0,0,-44.2764,-14.2828,23.2922,-3.77809,-17.6801,22.1552,0,0,0,0,0,0,-4.92589,-3.0464,3.41403,1.65137,-1.14133,0.716618
2181,1.0905,4,2,4,0,0,0,0,0,0,-44.265,-14.5184,23.2885,-3.72672,-17.6811,21.9313,0,0,0,0,0,0,-4.91436,-3.06879,3.39778,1.64208,-1.12716,0.70582
2182,1.091,4,2,4,0,0,0,0,0,0,-44.2286,-14.7505,23.2748,-3.68194,-17.6833,21.6844,0,0,0,0,0,0,-4.88374,-3.08369,3.3653,1.61478,-1.11224,0.673202
2183,1.0915,4,2,4,0,0,0,0,0,0,-44.1776,-14.9852,23.2536,-3.64246,-17.6834,21.426,0,0,0,0,0,0,-4.85477,-3.10553,3.34003,1.59625,-1.09948,0.643657
2184,1.092,4,2,4,0,0,0,0,0,0,-44.1292,-15.2198,23.2251,-3.60976,-17.6781,21.1744,0,0,0,0,0,0,-4.82818,-3.13211,3.32822,1.59716,-1.08842,0.618728
2185,1.0925,4,2,4,0,0,0,0,0,0,-44.093,-15.4519,23.1995,-3.57087,-17.6681,20.9395,0,0,0,0,0,0,-4.7963,-3.15834,3.30841,1.59046,-1.07623,0.590805
2186,1.093,4,2,4,0,0,0,0,0,0,-44.0761,-15.6836,23.1815,-3.5221,-17.6557,20.7273,0,0,0,0,0,0,-4.78541,-3.19138,3.30212,1.59877,-1.06476,0.585132
2187,1.0935,4,2,4,0,0,0,0,0,0,-44.0623,-15.9145,23.1679,-3.46584,-17.6419,20.5212,0,0,0,0,0,0,-4.77273,-3.218,3.28817,1.59193,-1.055,0.569361
2188,1.094,4,2,4,0,0,0,0,0,0,-44.0355,-16.1386,23.1512,-3.41062,-17.629,20.3022,0,0,0,0,0,0,-4.75815,-3.24229,3.27365,1.57926,-1.04664,0.544688
2189,1.0945,4,2,4,0,0,0,0,0,0,-43.9898,-16.3629,23.1215,-3.36679,-17.6141,20.0663,0,0,0,0,0,0,-4.74264,-3.26639,3.26088,1.57199,-1.03817,0.523577
2190,1.095,4,2,4,0,0,0,0,0,0,-43.9251,-16.5883,23.0764,-3.3367,-17.5945,19.8126,0,0,0,0,0,0,-4.7155,-3.28924,3.237,1.55406,-1.02701,0.495147
2191,1.0955,4,2,4,0,0,0,0,0,0,-43.8535,-16.8123,23.0227,-3.31148,-17.5695,19.5599,0,0,0,0,0,0,-4.68435,-3.31706,3.21489,1.53747,-1.01655,0.462308
2192,1.096,4,2,4,0,0,0,0,0,0,-43.7857,-17.034,22.9701,-3.28059,-17.5405,19.3196,0,0,0,0,0,0,-4.64854,-3.34833,3.19427,1.52338,-1.00661,0.419707
2193,1.0965,4,2,4,0,0,0,0,0,0,-43.7254,-17.2537,22.9179,-3.2477,-17.5088,19.0909,0,0,0,0,0,0,-4.61317,-3.37827,3.17378,1.50613,-0.999004,0.372877
2194,1.097,4,2,4,0,0,0,0,0,0,-43.6714,-17.4677,22.8721,-3.20757,-17.4797,18.8644,0,0,0,0,0,0,-4.58556,-3.39771,3.15692,1.49437,-0.992981,0.330832
2195,1.0975,4,2,4,0,0,0,0,0,0,-43.622,-17.685,22.8352,-3.16063,-17.4538,18.6321,0,0,0,0,0,0,-4.58388,-3.42232,3.14661,1.48594,-0.986159,0.314948
2196,1.098,4,2,4,0,0,0,0,0,0,-43.583,-17.9098,22.8103,-3.10942,-17.4334,18.3954,0,0,0,0,0,0,-4.58423,-3.44988,3.14138,1.47775,-0.982168,0.297883
2197,1.0985,4,2,4,0,0,0,0,0,0,-43.5601,-18.138,22.8045,-3.05067,-17.4215,18.158,0,0,0,0,0,0,-4.58414,-3.47254,3.14278,1.47533,-0.979645,0.276196
2198,1.099,4,2,4,0,0,0,0,0,0,-43.5718,-18.3675,22.819,-2.98257,-17.4138,17.944,0,0,0,0,0,0,-4.60118,-3.4964,3.15527,1.48684,-0.973862,0.277444
2199,1.0995,4,2,4,0,0,0,0,0,0,-43.6169,-18.5981,22.8491,-2.90788,-17.4094,17.7579,0,0,0,0,0,0,-4.61465,-3.5176,3.1634,1.48984,-0.970524,0.26678
2200,1.1,4,2,4,0,0,0,0,0,0,-43.6541,-18.8252,22.8806,-2.83232,-17.4091,17.5715,0,0,0,0,0,0,-4.63253,-3.54509,3.16986,1.49191,-0.966409,0.264053
2201,1.1005,4,2,4,0,0,0,0,0,0,-43.6648,-19.0485,22.9014,-2.76078,-17.4091,17.37,0,0,0,0,0,0,-4.65077,-3.57384,3.17094,1.48624,-0.961902,0.259776
2202,1.101,4,2,4,0,0,0,0,0,0,-43.6461,-19.2707,22.9108,-2.69075,-17.4078,17.1509,0,0,0,0,0,0,-4.64005,-3.58845,3.1554,1.4676,-0.958798,0.231577
2203,1.1015,4,2,4,0,0,0,0,0,0,-43.6055,-19.4928,22.9115,-2.62303,-17.4053,16.9183,0,0,0,0,0,0,-4.60676,-3.59742,3.13055,1.44903,-0.95184,0.194756
2204,1.102,4,2,4,0,0,0,0,0,0,-43.5585,-19.7148,22.9072,-2.55336,-17.3982,16.6908,0,0,0,0,0,0,-4.57462,-3.60821,3.11396,1.44991,-0.941008,0.172899
2205,1.1025,4,2,4,0,0,0,0,0,0,-43.5061,-19.9309,22.8942,-2.48585,-17.3831,16.4678,0,0,0,0,0,0,-4.53968,-3.62623,3.09623,1.4478,-0.92956,0.148236
2206,1.103,4,2,4,0,0,0,0,0,0,-43.4463,-20.1383,22.8616,-2.43502,-17.3601,16.243,0,0,0,0,0,0,-4.50568,-3.65163,3.07574,1.43941,-0.916568,0.124666
2207,1.1035,4,2,4,0,0,0,0,0,0,-43.3804,-20.3412,22.8161,-2.39571,-17.3323,16.0114,0,0,0,0,0,0,-4.46891,-3.66936,3.04787,1.41999,-0.903785,0.0957826
2208,1.104,4,2,4,0,0,0,0,0,0,-43.3124,-20.5486,22.7704,-2.35554,-17.3023,15.7758,0,0,0,0,0,0,-4.42864,-3.67713,3.01371,1.39496,-0.893036,0.0596603
2209,1.1045,4,2,4,0,0,0,0,0,0,-43.241,-20.757,22.7291,-2.30812,-17.2723,15.536,0,0,0,0,0,0,-4.39133,-3.68762,2.98753,1.38262,-0.883087,0.026064
2210,1.105,4,2,4,0,0,0,0,0,0,-43.1686,-20.9661,22.6926,-2.25211,-17.242,15.2985,0,0,0,0,0,0,-4.3763,-3.71455,2.98139,1.38563,-0.875422,0.0064996
2211,1.1055,4,2,4,0,0,0,0,0,0,-43.1057,-21.1761,22.6623,-2.18382,-17.2093,15.0812,0,0,0,0,0,0,-4.355,-3.73786,2.97218,1.38256,-0.869569,-0.0238688
2212,1.106,4,2,4,0,0,0,0,0,0,-43.0456,-21.3778,22.6326,-2.11133,-17.1756,14.8723,0,0,0,0,0,0,-4.33632,-3.76693,2.9632,1.38416,-0.859187,-0.0396486
2213,1.1065,4,2,4,0,0,0,0,0,0,-42.9823,-21.5724,22.5993,-2.04398,-17.1419,14.6589,0,0,0,0,0,0,-4.30882,-3.78553,2.94359,1.37296,-0.848273,-0.0684377
2214,1.107,4,2,4,0,0,0,0,0,0,-42.9142,-21.7674,22.5607,-1.98671,-17.1081,14.4363,0,0,0,0,0,0,-4.28109,-3.80108,2.92058,1.3578,-0.83615,-0.094409
2215,1.1075,4,2,4,0,0,0,0,0,0,-42.8498,-21.9679,22.5233,-1.93364,-17.0755,14.2102,0,0,0,0,0,0,-4.27186,-3.82114,2.91247,1.35352,-0.828091,-0.111691
2216,1.108,4,2,4,0,0,0,0,0,0,-42.7927,-22.171,22.493,-1.8782,-17.0451,13.9837,0,0,0,0,0,0,-4.2669,-3.84134,2.90043,1.34115,-0.821275,-0.129419
2217,1.1085,4,2,4,0,0,0,0,0,0,-42.7451,-22.3794,22.4759,-1.80994,-17.0169,13.7678,0,0,0,0,0,0,-4.26218,-3.86447,2.89262,1.33268,-0.816474,-0.143169
2218,1.109,4,2,4,0,0,0,0,0,0,-42.7025,-22.5879,22.4662,-1.73305,-16.9913,13.5617,0,0,0,0,0,0,-4.25717,-3.89098,2.89469,1.33866,-0.811881,-0.152918
2219,1.1095,4,2,4,0,0,0,0,0,0,-42.6561,-22.7883,22.4585,-1.65337,-16.9692,13.3534,0,0,0,0,0,0,-4.23937,-3.91565,2.88859,1.33581,-0.808745,-0.180634
2220,1.11,4,2,4,0,0,0,0,0,0,-42.6059,-22.9869,22.4492,-1.57402,-16.9472,13.1417,0,0,0,0,0,0,-4.21126,-3.93096,2.87668,1.32815,-0.80626,-0.216842
2221,1.1105,4,2,4,0,0,0,0,0,0,-42.543,-23.1897,22.4371,-1.49731,-16.9239,12.9182,0,0,0,0,0,0,-4.18604,-3.94816,2.86199,1.31612,-0.801475,-0.245326
2222,1.111,4,2,4,0,0,0,0,0,0,-42.4683,-23.3896,22.4175,-1.42763,-16.8976,12.6855,0,0,0,0,0,0,-4.16182,-3.96279,2.83909,1.29932,-0.7915,-0.266527
2223,1.1115,4,2,4,0,0,0,0,0,0,-42.3937,-23.587,22.3876,-1.36667,-16.8652,12.4589,0,0,0,0,0,0,-4.13951,-3.98104,2.81556,1.28294,-0.779782,-0.285361
2224,1.112,4,2,4,0,0,0,0,0,0,-42.3288,-23.7841,22.3618,-1.29691,-16.8281,12.2516,0,0,0,0,0,0,-4.12753,-4.00583,2.80496,1.28164,-0.76943,-0.292856
2225,1.1125,4,2,4,0,0,0,0,0,0,-42.2635,-23.9745,22.3389,-1.22234,-16.7901,12.0475,0,0,0,0,0,0,-4.10371,-4.02052,2.78991,1.27619,-0.760544,-0.314868
2226,1.113,4,2,4,0,0,0,0,0,0,-42.1944,-24.1576,22.315,-1.14734,-16.7533,11.8404,0,0,0,0,0,0,-4.07171,-4.03486,2.76905,1.26294,-0.752325,-0.345305
2227,1.1135,4,2,4,0,0,0,0,0,0,-42.1243,-24.3436,22.2941,-1.06804,-16.7178,11.6346,0,0,0,0,0,0,-4.04273,-4.05248,2.75182,1.25417,-0.744679,-0.369573
2228,1.114,4,2,4,0,0,0,0,0,0,-42.0496,-24.5314,22.2717,-0.990288,-16.6838,11.424,0,0,0,0,0,0,-4.02938,-4.06833,2.74014,1.25198,-0.73573,-0.376327
2229,1.1145,4,2,4,0,0,0,0,0,0,-41.9763,-24.7173,22.2504,-0.912455,-16.651,11.2131,0,0,0,0,0,0,-4.00754,-4.07901,2.72449,1.24249,-0.729347,-0.400755
2230,1.115,4,2,4,0,0,0,0,0,0,-41.9082,-24.9041,22.2282,-0.836603,-16.616,11.0106,0,0,0,0,0,0,-3.98249,-4.09275,2.70717,1.23078,-0.721834,-0.431474
2231,1.1155,4,2,4,0,0,0,0,0,0,-41.8476,-25.0894,22.2071,-0.761187,-16.5778,10.8153,0,0,0,0,0,0,-3.9576,-4.10843,2.68783,1.21805,-0.71178,-0.456094
2232,1.116,4,2,4,0,0,0,0,0,0,-41.7891,-25.27,22.1874,-0.687977,-16.5399,10.6173,0,0,0,0,0,0,-3.94284,-4.12718,2.67593,1.21067,-0.703101,-0.474443
2233,1.1165,4,2,4,0,0,0,0,0,0,-41.7304,-25.4509,22.1691,-0.61531,-16.5019,10.415,0,0,0,0,0,0,-3.92612,-4.14696,2.66988,1.20997,-0.696167,-0.492445
2234,1.117,4,2,4,0,0,0,0,0,0,-41.6632,-25.6381,22.1507,-0.543907,-16.4657,10.2031,0,0,0,0,0,0,-3.90709,-4.16237,2.66033,1.20496,-0.692159,-0.515285
2235,1.1175,4,2,4,0,0,0,0,0,0,-41.5924,-25.8266,22.1347,-0.469311,-16.4321,9.98808,0,0,0,0,0,0,-3.88549,-4.1728,2.6443,1.194,-0.689029,-0.540454
2236,1.118,4,2,4,0,0,0,0,0,0,-41.5192,-26.0111,22.1206,-0.388374,-16.3995,9.77663,0,0,0,0,0,0,-3.86807,-4.18942,2.63464,1.19387,-0.683861,-0.553627
2237,1.1185,4,2,4,0,0,0,0,0,0,-41.446,-26.196,22.1084,-0.300254,-16.3645,9.57441,0,0,0,0,0,0,-3.84767,-4.20833,2.62361,1.19204,-0.677742,-0.571526
2238,1.119,4,2,4,0,0,0,0,0,0,-41.3709,-26.3735,22.0898,-0.214383,-16.3254,9.37093,0,0,0,0,0,0,-3.81573,-4.22234,2.61355,1.19246,-0.671059,-0.597967
2239,1.1195,4,2,4,0,0,0,0,0,0,-41.2928,-26.5445,22.0576,-0.139196,-16.2808,9.16393,0,0,0,0,0,0,-3.77637,-4.22843,2.58711,1.17334,-0.663418,-0.638577
2240,1.12,4,2,4,0,0,0,0,0,0,-41.2143,-26.7204,22.0164,-0.0699491,-16.2288,8.96076,0,0,0,0,0,0,-3.74823,-4.24014,2.56213,1.15562,-0.653124,-0.664598
2241,1.1205,4,2,4,0,0,0,0,0,0,-41.1277,-26.8966,21.9672,-0.0074338,-16.1736,8.74847,0,0,0,0,0,0,-3.72638,-4.25215,2.54307,1.14713,-0.64229,-0.681974
2242,1.121,4,2,4,0,0,0,0,0,0,-41.0388,-27.0702,21.9127,0.0524941,-16.1161,8.5372,0,0,0,0,0,0,-3.70606,-4.26496,2.52583,1.14075,-0.633879,-0.69603
2243,1.1215,4,2,4,0,0,0,0,0,0,-40.9568,-27.2443,21.8635,0.120437,-16.0588,8.33721,0,0,0,0,0,0,-3.69116,-4.28104,2.51383,1.13874,-0.625296,-0.705251
2244,1.122,4,2,4,0,0,0,0,0,0,-40.8829,-27.4188,21.8237,0.199283,-16.0033,8.14884,0,0,0,0,0,0,-3.66908,-4.2962,2.50435,1.13586,-0.620427,-0.730768
2245,1.1225,4,2,4,0,0,0,0,0,0,-40.8113,-27.585,21.7901,0.28445,-15.9506,7.96112,0,0,0,0,0,0,-3.64463,-4.31028,2.49371,1.13065,-0.616202,-0.761908
2246,1.123,4,2,4,0,0,0,0,0,0,-40.7451,-27.7509,21.763,0.372243,-15.9011,7.77563,0,0,0,0,0,0,-3.6311,-4.32606,2.47899,1.12072,-0.609073,-0.776319
2247,1.1235,4,2,4,0,0,0,0,0,0,-40.6837,-27.9261,21.7379,0.456957,-15.8528,7.59277,0,0,0,0,0,0,-3.63092,-4.34687,2.46819,1.114,-0.600588,-0.774841
2248,1.124,4,2,4,0,0,0,0,0,0,-40.6212,-28.1013,21.7093,0.535411,-15.8022,7.40336,0,0,0,0,0,0,-3.62456,-4.36171,2.44979,1.10027,-0.591287,-0.774784
2249,1.1245,4,2,4,0,0,0,0,0,0,-40.5566,-28.2758,21.6774,0.609623,-15.7484,7.21343,0,0,0,0,0,0,-3.60376,-4.37189,2.42987,1.08587,-0.583782,-0.796739
2250,1.125,4,2,4,0,0,0,0,0,0,-40.4912,-28.4506,21.6437,0.682051,-15.6915,7.02729,0,0,0,0,0,0,-3.57677,-4.38149,2.41581,1.07741,-0.579444,-0.828945
2251,1.1255,4,2,4,0,0,0,0,0,0,-40.4271,-28.6236,21.6082,0.754569,-15.6321,6.84628,0,0,0,0,0,0,-3.55286,-4.39283,2.40846,1.07927,-0.573957,-0.8538
2252,1.126,4,2,4,0,0,0,0,0,0,-40.3586,-28.7866,21.5744,0.8303,-15.5734,6.66289,0,0,0,0,0,0,-3.52119,-4.3987,2.39491,1.07833,-0.567813,-0.873483
2253,1.1265,4,2,4,0,0,0,0,0,0,-40.283,-28.9489,21.5421,0.910763,-15.516,6.4789,0,0,0,0,0,0,-3.49593,-4.41116,2.37838,1.07186,-0.561945,-0.885303
2254,1.127,4,2,4,0,0,0,0,0,0,-40.1996,-29.1123,21.508,0.990526,-15.4603,6.29182,0,0,0,0,0,0,-3.46542,-4.42205,2.35912,1.05926,-0.557561,-0.909783
2255,1.1275,4,2,4,0,0,0,0,0,0,-40.1125,-29.2735,21.4768,1.07528,-15.4047,6.10391,0,0,0,0,0,0,-3.44174,-4.43242,2.34131,1.04995,-0.551304,-0.927878
2256,1.128,4,2,4,0,0,0,0,0,0,-40.0224,-29.432,21.4439,1.16064,-15.3465,5.91839,0,0,0,0,0,0,-3.41091,-4.44023,2.32228,1.04345,-0.542206,-0.952107
2257,1.1285,4,2,4,0,0,0,0,0,0,-39.9265,-29.5864,21.4036,1.23988,-15.2857,5.73073,0,0,0,0,0,0,-3.37855,-4.44846,2.30241,1.03257,-0.5336,-0.983358
2258,1.129,4,2,4,0,0,0,0,0,0,-39.8301,-29.7358,21.3572,1.31424,-15.2214,5.54445,0,0,0,0,0,0,-3.35541,-4.45978,2.28741,1.02898,-0.522095,-0.999198
2259,1.1295,4,2,4,0,0,0,0,0,0,-39.736,-29.8783,21.3077,1.38528,-15.1556,5.36047,0,0,0,0,0,0,-3.33014,-4.47033,2.26951,1.02477,-0.509998,-1.01006
2260,1.13,4,2,4,0,0,0,0,0,0,-39.6434,-30.0254,21.2595,1.45501,-15.0905,5.17798,0,0,0,0,0,0,-3.30275,-4.47761,2.24942,1.01394,-0.502338,-1.03594
2261,1.1305,4,2,4,0,0,0,0,0,0,-39.5506,-30.1766,21.2135,1.52319,-15.0287,4.99103,0,0,0,0,0,0,-3.28141,-4.4871,2.23153,0.998916,-0.497992,-1.06027
2262,1.131,4,2,4,0,0,0,0,0,0,-39.4681,-30.3295,21.179,1.60035,-14.9712,4.81198,0,0,0,0,0,0,-3.25805,-4.49572,2.21543,0.986128,-0.494379,-1.08466
2263,1.1315,4,2,4,0,0,0,0,0,0,-39.3903,-30.4811,21.1509,1.6834,-14.9159,4.63479,0,0,0,0,0,0,-3.23489,-4.50422,2.20365,0.979975,-0.491906,-1.10728
2264,1.132,4,2,4,0,0,0,0,0,0,-39.313,-30.6332,21.1255,1.76907,-14.8599,4.45664,0,0,0,0,0,0,-3.22534,-4.52244,2.2069,0.991564,-0.487097,-1.11058
2265,1.1325,4,2,4,0,0,0,0,0,0,-39.2357,-30.7808,21.0966,1.8512,-14.8029,4.27728,0,0,0,0,0,0,-3.20747,-4.5352,2.19814,0.989575,-0.482518,-1.12345
2266,1.133,4,2,4,0,0,0,0,0,0,-39.1602,-30.9257,21.063,1.92831,-14.7424,4.10215,0,0,0,0,0,0,-3.1805,-4.54114,2.17713,0.975148,-0.476921,-1.14272
2267,1.1335,4,2,4,0,0,0,0,0,0,-39.0812,-31.0711,21.0236,1.9997,-14.6779,3.92808,0,0,0,0,0,0,-3.1584,-4.549,2.16129,0.968214,-0.469184,-1.15591
2268,1.134,4,2,4,0,0,0,0,0,0,-38.9983,-31.2188,20.9767,2.06492,-14.6091,3.75708,0,0,0,0,0,0,-3.13443,-4.55502,2.13947,0.955791,-0.459936,-1.17052
2269,1.1345,4,2,4,0,0,0,0,0,0,-38.9153,-31.3653,20.9286,2.13039,-14.5376,3.59024,0,0,0,0,0,0,-3.11143,-4.56243,2.11708,0.942478,-0.450944,-1.18563
2270,1.135,4,2,4,0,0,0,0,0,0,-38.8323,-31.5079,20.8812,2.19834,-14.4654,3.42656,0,0,0,0,0,0,-3.09401,-4.57754,2.10674,0.940848,-0.444742,-1.19676
2271,1.1355,4,2,4,0,0,0,0,0,0,-38.7499,-31.6477,20.8353,2.27103,-14.3932,3.26865,0,0,0,0,0,0,-3.06269,-4.57785,2.08707,0.93252,-0.439373,-1.21937
2272,1.136,4,2,4,0,0,0,0,0,0,-38.6702,-31.781,20.7919,2.34737,-14.323,3.11401,0,0,0,0,0,0,-3.03642,-4.5774,2.07966,0.937769,-0.433434,-1.23864
2273,1.1365,4,2,4,0,0,0,0,0,0,-38.5919,-31.9175,20.7505,2.42602,-14.2543,2.96435,0,0,0,0,0,0,-3.01245,-4.58285,2.06688,0.933639,-0.428027,-1.25362
2274,1.137,4,2,4,0,0,0,0,0,0,-38.511,-32.0555,20.71,2.5053,-14.1877,2.81487,0,0,0,0,0,0,-2.97895,-4.5867,2.04427,0.920684,-0.422586,-1.27539
2275,1.1375,4,2,4,0,0,0,0,0,0,-38.4276,-32.1937,20.6681,2.58294,-14.1208,2.66453,0,0,0,0,0,0,-2.95409,-4.5887,2.02195,0.907322,-0.413857,-1.29362
2276,1.138,4,2,4,0,0,0,0,0,0,-38.3426,-32.3307,20.6235,2.65686,-14.0526,2.51119,0,0,0,0,0,0,-2.93301,-4.59718,2.00957,0.904907,-0.403431,-1.30208
2277,1.1385,4,2,4,0,0,0,0,0,0,-38.2598,-32.4645,20.5782,2.72783,-13.9838,2.35116,0,0,0,0,0,0,-2.91269,-4.60836,1.99483,0.902766,-0.392778,-1.30464
2278,1.139,4,2,4,0,0,0,0,0,0,-38.1812,-32.6003,20.5318,2.79637,-13.9114,2.19094,0,0,0,0,0,0,-2.88906,-4.61457,1.98088,0.897445,-0.385625,-1.32719
2279,1.1395,4,2,4,0,0,0,0,0,0,-38.1045,-32.7306,20.4789,2.85975,-13.8358,2.02879,0,0,0,0,0,0,-2.86992,-4.61563,1.96465,0.889036,-0.379487,-1.34528
2280,1.14,4,2,4,0,0,0,0,0,0,-38.0238,-32.8653,20.4222,2.92186,-13.7586,1.86654,0,0,0,0,0,0,-2.85427,-4.62384,1.95482,0.888363,-0.376342,-1.35421
2281,1.1405,4,2,4,0,0,0,0,0,0,-37.9453,-33.0026,20.3661,2.98462,-13.6828,1.70671,0,0,0,0,0,0,-2.83672,-4.63125,1.94138,0.883945,-0.373595,-1.36165
2282,1.141,4,2,4,0,0,0,0,0,0,-37.8762,-33.1411,20.3164,3.05484,-13.6077,1.55579,0,0,0,0,0,0,-2.82725,-4.6417,1.9334,0.883443,-0.369232,-1.36133
2283,1.1415,4,2,4,0,0,0,0,0,0,-37.8016,-33.2739,20.2661,3.12812,-13.533,1.40621,0,0,0,0,0,0,-2.80531,-4.64673,1.92179,0.878365,-0.366371,-1.38129
2284,1.142,4,2,4,0,0,0,0,0,0,-37.7123,-33.3968,20.21,3.19925,-13.4586,1.24783,0,0,0,0,0,0,-2.77111,-4.64392,1.90119,0.867742,-0.363147,-1.41071
2285,1.1425,4,2,4,0,0,0,0,0,0,-37.6215,-33.5203,20.1503,3.26927,-13.3813,1.09509,0,0,0,0,0,0,-2.74508,-4.64852,1.8828,0.859248,-0.356692,-1.4323
2286,1.143,4,2,4,0,0,0,0,0,0,-37.5301,-33.6365,20.0837,3.33209,-13.3025,0.941107,0,0,0,0,0,0,-2.72412,-4.6506,1.86761,0.853566,-0.349443,-1.44551
2287,1.1435,4,2,4,0,0,0,0,0,0,-37.4389,-33.7527,20.0128,3.39151,-13.2204,0.793717,0,0,0,0,0,0,-2.69545,-4.64899,1.85039,0.84915,-0.33996,-1.46177
2288,1.144,4,2,4,0,0,0,0,0,0,-37.3507,-33.8728,19.9382,3.44749,-13.1361,0.655116,0,0,0,0,0,0,-2.6685,-4.6459,1.82894,0.84073,-0.329655,-1.47536
2289,1.1445,4,2,4,0,0,0,0,0,0,-37.2705,-33.9946,19.8681,3.50813,-13.0511,0.527365,0,0,0,0,0,0,-2.64688,-4.651,1.80662,0.826767,-0.323777,-1.49064
2290,1.145,4,2,4,0,0,0,0,0,0,-37.1971,-34.1185,19.8031,3.57308,-12.9674,0.402712,0,0,0,0,0,0,-2.63001,-4.6584,1.78683,0.817151,-0.316168,-1.50026
2291,1.1455,4,2,4,0,0,0,0,0,0,-37.1287,-34.2417,19.7461,3.64201,-12.8881,0.27184,0,0,0,0,0,0,-2.61575,-4.66077,1.77309,0.811207,-0.311601,-1.50895
2292,1.146,4,2,4,0,0,0,0,0,0,-37.0645,-34.3685,19.6933,3.71445,-12.8101,0.142804,0,0,0,0,0,0,-2.60719,-4.67109,1.77316,0.819853,-0.306608,-1.51441
2293,1.1465,4,2,4,0,0,0,0,0,0,-37.0011,-34.4923,19.6358,3.782,-12.7316,0.0118715,0,0,0,0,0,0,-2.5965,-4.67705,1.76935,0.825,-0.302186,-1.52377
2294,1.147,4,2,4,0,0,0,0,0,0,-36.9373,-34.6152,19.574,3.84356,-12.6527,-0.123417,0,0,0,0,0,0,-2.58339,-4.68121,1.75605,0.819373,-0.298904,-1.53078
2295,1.1475,4,2,4,0,0,0,0,0,0,-36.8706,-34.7419,19.5065,3.89944,-12.5706,-0.257537,0,0,0,0,0,0,-2.56013,-4.68187,1.73742,0.806812,-0.296934,-1.54846
2296,1.148,4,2,4,0,0,0,0,0,0,-36.8023,-34.866,19.4306,3.94992,-12.4836,-0.387738,0,0,0,0,0,0,-2.53825,-4.68215,1.71598,0.791251,-0.292863,-1.56126
2297,1.1485,4,2,4,0,0,0,0,0,0,-36.7332,-34.986,19.3515,3.99884,-12.3935,-0.515193,0,0,0,0,0,0,-2.51906,-4.68616,1.6972,0.783013,-0.285378,-1.56593
2298,1.149,4,2,4,0,0,0,0,0,0,-36.6536,-35.0952,19.2691,4.0452,-12.3028,-0.652849,0,0,0,0,0,0,-2.4961,-4.69048,1.68434,0.783177,-0.276191,-1.57834
2299,1.1495,4,2,4,0,0,0,0,0,0,-36.568,-35.2025,19.1846,4.09256,-12.2114,-0.786841,0,0,0,0,0,0,-2.4642,-4.68346,1.6623,0.773994,-0.268754,-1.59801
2300,1.15,4,2,4,0,0,0,0,0,0,-36.4803,-35.3037,19.1002,4.14012,-12.1214,-0.915919,0,0,0,0,0,0,-2.44049,-4.67621,1.64096,0.766224,-0.260009,-1.60448
2301,1.1505,4,2,4,0,0,0,0,0,0,-36.3924,-35.4,19.017,4.18767,-12.0347,-1.04229,0,0,0,0,0,0,-2.41576,-4.67478,1.62306,0.760302,-0.255328,-1.62029
2302,1.151,4,2,4,0,0,0,0,0,0,-36.3069,-35.5031,18.94,4.23909,-11.951,-1.16203,0,0,0,0,0,0,-2.39175,-4.67809,1.60874,0.753214,-0.253595,-1.64443
2303,1.1515,4,2,4,0,0,0,0,0,0,-36.2244,-35.6047,18.8675,4.29407,-11.87,-1.27487,0,0,0,0,0,0,-2.37842,-4.68657,1.60327,0.755316,-0.248041,-1.65128
2304,1.152,4,2,4,0,0,0,0,0,0,-36.1503,-35.707,18.8006,4.35332,-11.7918,-1.38174,0,0,0,0,0,0,-2.35545,-4.67914,1.5868,0.748725,-0.243259,-1.66681
2305,1.1525,4,2,4,0,0,0,0,0,0,-36.0783,-35.8055,18.7357,4.41373,-11.7151,-1.49386,0,0,0,0,0,0,-2.34488,-4.67177,1.57331,0.747367,-0.234421,-1.66316
2306,1.153,4,2,4,0,0,0,0,0,0,-36.0064,-35.906,18.6681,4.47103,-11.6372,-1.60903,0,0,0,0,0,0,-2.33647,-4.67126,1.56052,0.745681,-0.22611,-1.66065
2307,1.1535,4,2,4,0,0,0,0,0,0,-35.9351,-36.008,18.5942,4.52184,-11.5561,-1.72514,0,0,0,0,0,0,-2.3203,-4.67589,1.55052,0.74342,-0.221506,-1.67709
2308,1.154,4,2,4,0,0,0,0,0,0,-35.8648,-36.1078,18.5135,4.56527,-11.4712,-1.84407,0,0,0,0,0,0,-2.30401,-4.68341,1.53917,0.739698,-0.217667,-1.68975
2309,1.1545,4,2,4,0,0,0,0,0,0,-35.7968,-36.2116,18.429,4.60526,-11.3819,-1.96026,0,0,0,0,0,0,-2.28538,-4.68293,1.52132,0.731939,-0.212621,-1.69265
2310,1.155,4,2,4,0,0,0,0,0,0,-35.7323,-36.3204,18.3439,4.64497,-11.2907,-2.06892,0,0,0,0,0,0,-2.26684,-4.6795,1.50545,0.727224,-0.205751,-1.68896
2311,1.1555,4,2,4,0,0,0,0,0,0,-35.6673,-36.4263,18.2623,4.68779,-11.201,-2.17456,0,0,0,0,0,0,-2.2459,-4.67903,1.49189,0.72293,-0.202555,-1.69343
2312,1.156,4,2,4,0,0,0,0,0,0,-35.5953,-36.5261,18.1831,4.73319,-11.1145,-2.28522,0,0,0,0,0,0,-2.22554,-4.67638,1.47741,0.715947,-0.198919,-1.70073
2313,1.1565,4,2,4,0,0,0,0,0,0,-35.5157,-36.618,18.1053,4.78183,-11.0295,-2.39828,0,0,0,0,0,0,-2.20101,-4.67269,1.46411,0.710818,-0.196162,-1.72105
2314,1.157,4,2,4,0,0,0,0,0,0,-35.4334,-36.7026,18.027,4.83098,-10.9463,-2.50843,0,0,0,0,0,0,-2.17532,-4.67282,1.45283,0.708883,-0.193299,-1.73966
2315,1.1575,4,2,4,0,0,0,0,0,0,-35.3501,-36.7817,17.9464,4.87616,-10.8654,-2.61818,0,0,0,0,0,0,-2.15769,-4.66557,1.4386,0.706826,-0.18731,-1.74793
2316,1.158,4,2,4,0,0,0,0,0,0,-35.2706,-36.8608,17.863,4.91811,-10.7847,-2.72404,0,0,0,0,0,0,-2.14063,-4.65621,1.4197,0.698108,-0.181555,-1.75917
2317,1.1585,4,2,4,0,0,0,0,0,0,-35.1991,-36.9441,17.78,4.95997,-10.7028,-2.81896,0,0,0,0,0,0,-2.12068,-4.6504,1.40462,0.692428,-0.174358,-1.77095
2318,1.159,4,2,4,0,0,0,0,0,0,-35.1294,-37.0255,17.6933,4.99997,-10.6201,-2.90911,0,0,0,0,0,0,-2.10723,-4.64949,1.38446,0.681333,-0.168376,-1.77636
2319,1.1595,4,2,4,0,0,0,0,0,0,-35.0576,-37.1048,17.6031,5.03864,-10.5371,-3.00117,0,0,0,0,0,0,-2.09498,-4.64228,1.36472,0.671989,-0.161367,-1.77501
2320,1.16,4,2,4,0,0,0,0,0,0,-34.9859,-37.1837,17.5131,5.07905,-10.453,-3.0951,0,0,0,0,0,0,-2.07946,-4.64103,1.34862,0.667192,-0.154371,-1.77383
2321,1.1605,4,2,4,0,0,0,0,0,0,-34.9249,-37.2693,17.4248,5.12035,-10.3673,-3.18379,0,0,0,0,0,0,-2.06599,-4.6412,1.3367,0.667524,-0.14639,-1.77053
2322,1.161,4,2,4,0,0,0,0,0,0,-34.8738,-37.3631,17.3379,5.15772,-10.2818,-3.2764,0,0,0,0,0,0,-2.05432,-4.64409,1.32977,0.6693,-0.141926,-1.77561
2323,1.1615,4,2,4,0,0,0,0,0,0,-34.8306,-37.4641,17.2528,5.19076,-10.1973,-3.37102,0,0,0,0,0,0,-2.04789,-4.64871,1.3252,0.669452,-0.139997,-1.77997
2324,1.162,4,2,4,0,0,0,0,0,0,-34.7898,-37.5677,17.1669,5.22276,-10.1116,-3.45638,0,0,0,0,0,0,-2.02927,-4.64706,1.31348,0.663256,-0.14125,-1.79215
2325,1.1625,4,2,4,0,0,0,0,0,0,-34.7347,-37.6592,17.0748,5.25371,-10.0255,-3.53765,0,0,0,0,0,0,-2.01248,-4.64049,1.30088,0.660318,-0.137886,-1.78961
2326,1.163,4,2,4,0,0,0,0,0,0,-34.6585,-37.7304,16.9735,5.28284,-9.93937,-3.62458,0,0,0,0,0,0,-1.98671,-4.62882,1.28646,0.656104,-0.133759,-1.80146
2327,1.1635,4,2,4,0,0,0,0,0,0,-34.5687,-37.7884,16.8659,5.31024,-9.85306,-3.7199,0,0,0,0,0,0,-1.95526,-4.61067,1.26445,0.646097,-0.128848,-1.82083
2328,1.164,4,2,4,0,0,0,0,0,0,-34.4808,-37.8467,16.7563,5.33837,-9.76507,-3.81458,0,0,0,0,0,0,-1.93752,-4.6005,1.24649,0.640488,-0.122162,-1.82615
2329,1.1645,4,2,4,0,0,0,0,0,0,-34.4034,-37.9065,16.6472,5.36583,-9.67717,-3.90889,0,0,0,0,0,0,-1.92044,-4.59361,1.23036,0.63896,-0.112799,-1.83298
2330,1.165,4,2,4,0,0,0,0,0,0,-34.3363,-37.973,16.5408,5.39297,-9.59086,-3.99979,0,0,0,0,0,0,-1.90713,-4.59313,1.21384,0.634435,-0.105324,-1.83908
2331,1.1655,4,2,4,0,0,0,0,0,0,-34.2741,-38.0377,16.4344,5.4205,-9.50524,-4.08334,0,0,0,0,0,0,-1.89299,-4.58736,1.19723,0.631116,-0.0995866,-1.84088
2332,1.166,4,2,4,0,0,0,0,0,0,-34.2185,-38.1085,16.3333,5.4549,-9.41902,-4.15047,0,0,0,0,0,0,-1.88464,-4.58601,1.18599,0.628203,-0.094817,-1.84559
2333,1.1665,4,2,4,0,0,0,0,0,0,-34.1642,-38.1783,16.2349,5.49075,-9.33655,-4.21435,0,0,0,0,0,0,-1.87465,-4.58554,1.17683,0.627448,-0.0887476,-1.84227
2334,1.167,4,2,4,0,0,0,0,0,0,-34.1102,-38.2457,16.1414,5.52797,-9.25908,-4.28421,0,0,0,0,0,0,-1.8612,-4.58055,1.16284,0.622116,-0.0858552,-1.83542
2335,1.1675,4,2,4,0,0,0,0,0,0,-34.0544,-38.3193,16.0515,5.56517,-9.18374,-4.3585,0,0,0,0,0,0,-1.84614,-4.57692,1.15335,0.618325,-0.0855444,-1.83821
2336,1.168,4,2,4,0,0,0,0,0,0,-33.9985,-38.3966,15.9612,5.6002,-9.10787,-4.43043,0,0,0,0,0,0,-1.82839,-4.56839,1.14161,0.615771,-0.0838761,-1.84495
2337,1.1685,4,2,4,0,0,0,0,0,0,-33.9409,-38.4669,15.8637,5.62735,-9.0314,-4.50762,0,0,0,0,0,0,-1.81047,-4.55954,1.13154,0.61487,-0.08101,-1.8571
2338,1.169,4,2,4,0,0,0,0,0,0,-33.883,-38.5365,15.7573,5.64779,-8.95057,-4.58253,0,0,0,0,0,0,-1.7945,-4.5514,1.12072,0.613057,-0.0777309,-1.8581
2339,1.1695,4,2,4,0,0,0,0,0,0,-33.8281,-38.6073,15.6417,5.66216,-8.86487,-4.65375,0,0,0,0,0,0,-1.77923,-4.53365,1.10024,0.602268,-0.0765489,-1.86542
2340,1.17,4,2,4,0,0,0,0,0,0,-33.7783,-38.6793,15.5214,5.6756,-8.77571,-4.71963,0,0,0,0,0,0,-1.76746,-4.52644,1.08485,0.598203,-0.0719109,-1.87461
2341,1.1705,4,2,4,0,0,0,0,0,0,-33.7261,-38.7408,15.393,5.68498,-8.68682,-4.78987,0,0,0,0,0,0,-1.7566,-4.51738,1.06325,0.586321,-0.0696773,-1.88429
2342,1.171,4,2,4,0,0,0,0,0,0,-33.6695,-38.7907,15.2599,5.69306,-8.59795,-4.86589,0,0,0,0,0,0,-1.75006,-4.50841,1.04673,0.580868,-0.0611484,-1.88605
2343,1.1715,4,2,4,0,0,0,0,0,0,-33.6124,-38.8387,15.1262,5.70262,-8.50945,-4.94051,0,0,0,0,0,0,-1.73692,-4.50582,1.03177,0.575875,-0.0564001,-1.88931
2344,1.172,4,2,4,0,0,0,0,0,0,-33.5578,-38.8883,14.9936,5.71273,-8.4236,-5.0093,0,0,0,0,0,0,-1.72584,-4.49768,1.02024,0.575637,-0.0504945,-1.88636
2345,1.1725,4,2,4,0,0,0,0,0,0,-33.5043,-38.9341,14.8634,5.72137,-8.3438,-5.07939,0,0,0,0,0,0,-1.71917,-4.49339,1.01122,0.57634,-0.0452865,-1.88239
2346,1.173,4,2,4,0,0,0,0,0,0,-33.4516,-38.9811,14.7389,5.73189,-8.26905,-5.14274,0,0,0,0,0,0,-1.71227,-4.49424,1.00241,0.575843,-0.0417865,-1.88168
2347,1.1735,4,2,4,0,0,0,0,0,0,-33.4032,-39.0312,14.6229,5.74948,-8.19557,-5.19193,0,0,0,0,0,0,-1.70343,-4.48826,0.991236,0.573117,-0.039198,-1.87779
2348,1.174,4,2,4,0,0,0,0,0,0,-33.3576,-39.0859,14.5157,5.7734,-8.12424,-5.23331,0,0,0,0,0,0,-1.69259,-4.47743,0.979318,0.567478,-0.0372787,-1.88282
2349,1.1745,4,2,4,0,0,0,0,0,0,-33.3065,-39.1358,14.4084,5.79456,-8.0568,-5.28732,0,0,0,0,0,0,-1.67849,-4.4639,0.966049,0.563833,-0.0358686,-1.8896
2350,1.175,4,2,4,0,0,0,0,0,0,-33.2516,-39.1815,14.2967,5.81191,-7.98927,-5.35033,0,0,0,0,0,0,-1.66553,-4.44348,0.945021,0.554149,-0.0351526,-1.89283
2351,1.1755,4,2,4,0,0,0,0,0,0,-33.1983,-39.2303,14.178,5.82652,-7.91721,-5.41246,0,0,0,0,0,0,-1.65024,-4.42493,0.933562,0.554718,-0.0309817,-1.89179
2352,1.176,4,2,4,0,0,0,0,0,0,-33.1465,-39.2799,14.0525,5.83827,-7.8398,-5.47463,0,0,0,0,0,0,-1.64004,-4.41334,0.923016,0.556681,-0.026866,-1.88757
2353,1.1765,4,2,4,0,0,0,0,0,0,-33.0967,-39.3277,13.9184,5.84419,-7.75934,-5.5386,0,0,0,0,0,0,-1.63078,-4.39955,0.90752,0.555744,-0.0205753,-1.87798
2354,1.177,4,2,4,0,0,0,0,0,0,-33.0536,-39.3758,13.777,5.84513,-7.67624,-5.59856,0,0,0,0,0,0,-1.61772,-4.38723,0.892683,0.553979,-0.016173,-1.8834
2355,1.1775,4,2,4,0,0,0,0,0,0,-33.0158,-39.4304,13.6327,5.84548,-7.59167,-5.64849,0,0,0,0,0,0,-1.60928,-4.37838,0.877653,0.546987,-0.0139577,-1.88103
2356,1.178,4,2,4,0,0,0,0,0,0,-32.9734,-39.4794,13.489,5.84761,-7.50856,-5.69555,0,0,0,0,0,0,-1.59733,-4.37279,0.865279,0.543266,-0.0104678,-1.87852
2357,1.1785,4,2,4,0,0,0,0,0,0,-32.9239,-39.5152,13.3468,5.84988,-7.43027,-5.74848,0,0,0,0,0,0,-1.58868,-4.37067,0.85244,0.53771,-0.00725799,-1.87388
2358,1.179,4,2,4,0,0,0,0,0,0,-32.8682,-39.5406,13.2053,5.85217,-7.35563,-5.80402,0,0,0,0,0,0,-1.57892,-4.36405,0.840366,0.533518,-0.00386959,-1.87969
2359,1.1795,4,2,4,0,0,0,0,0,0,-32.812,-39.5675,13.0683,5.85867,-7.2816,-5.84923,0,0,0,0,0,0,-1.56437,-4.35296,0.823294,0.524744,-0.0034708,-1.89093
2360,1.18,4,2,4,0,0,0,0,0,0,-32.761,-39.5931,12.9357,5.86701,-7.21057,-5.88676,0,0,0,0,0,0,-1.55554,-4.34333,0.807915,0.519412,-0.00106419,-1.89499
2361,1.1805,4,2,4,0,0,0,0,0,0,-32.7134,-39.6169,12.8046,5.87407,-7.14345,-5.92577,0,0,0,0,0,0,-1.54784,-4.32864,0.795715,0.518101,0.00326075,-1.89468
2362,1.181,4,2,4,0,0,0,0,0,0,-32.6694,-39.6414,12.6713,5.87882,-7.07946,-5.96431,0,0,0,0,0,0,-1.5426,-4.31511,0.780024,0.512968,0.00548588,-1.90121
2363,1.1815,4,2,4,0,0,0,0,0,0,-32.6292,-39.6689,12.5374,5.88327,-7.01655,-6.00141,0,0,0,0,0,0,-1.53805,-4.30765,0.766223,0.511379,0.0105948,-1.90758
2364,1.182,4,2,4,0,0,0,0,0,0,-32.5906,-39.7029,12.4019,5.8874,-6.95323,-6.03856,0,0,0,0,0,0,-1.53591,-4.29696,0.749475,0.505596,0.0133285,-1.90382
2365,1.1825,4,2,4,0,0,0,0,0,0,-32.5514,-39.7314,12.2602,5.88818,-6.88812,-6.08243,0,0,0,0,0,0,-1.52464,-4.27955,0.733699,0.499869,0.0128652,-1.90351
2366,1.183,4,2,4,0,0,0,0,0,0,-32.5105,-39.7526,12.1119,5.88543,-6.82074,-6.13496,0,0,0,0,0,0,-1.51817,-4.26449,0.726002,0.498994,0.015246,-1.89272
2367,1.1835,4,2,4,0,0,0,0,0,0,-32.472,-39.7817,11.9611,5.88044,-6.75025,-6.18724,0,0,0,0,0,0,-1.51101,-4.25263,0.72121,0.502874,0.0209637,-1.88955
2368,1.184,4,2,4,0,0,0,0,0,0,-32.4384,-39.82,11.8109,5.87361,-6.6783,-6.23589,0,0,0,0,0,0,-1.50364,-4.24334,0.710878,0.50384,0.0231121,-1.88719
2369,1.1845,4,2,4,0,0,0,0,0,0,-32.4085,-39.8577,11.6623,5.86517,-6.60744,-6.28453,0,0,0,0,0,0,-1.50086,-4.23333,0.701445,0.503176,0.0257135,-1.88609
2370,1.185,4,2,4,0,0,0,0,0,0,-32.3793,-39.8927,11.5151,5.85768,-6.53836,-6.32674,0,0,0,0,0,0,-1.4923,-4.23101,0.693152,0.500969,0.0275407,-1.88657
2371,1.1855,4,2,4,0,0,0,0,0,0,-32.3467,-39.9182,11.3674,5.85229,-6.4713,-6.35825,0,0,0,0,0,0,-1.48553,-4.22273,0.681681,0.496647,0.0286257,-1.8853
2372,1.186,4,2,4,0,0,0,0,0,0,-32.3084,-39.9353,11.2186,5.84961,-6.40624,-6.3818,0,0,0,0,0,0,-1.47582,-4.20284,0.664365,0.489462,0.0298147,-1.8893
2373,1.1865,4,2,4,0,0,0,0,0,0,-32.265,-39.9438,11.0652,5.84563,-6.34445,-6.40846,0,0,0,0,0,0,-1.45749,-4.17931,0.64435,0.480708,0.0280822,-1.90093
2374,1.187,4,2,4,0,0,0,0,0,0,-32.2195,-39.9422,10.9104,5.8416,-6.28453,-6.44075,0,0,0,0,0,0,-1.4543,-4.16269,0.625673,0.476256,0.0322842,-1.8923
2375,1.1875,4,2,4,0,0,0,0,0,0,-32.1697,-39.9326,10.7531,5.83581,-6.22577,-6.47656,0,0,0,0,0,0,-1.454,-4.15332,0.606402,0.469929,0.0356167,-1.89035
2376,1.188,4,2,4,0,0,0,0,0,0,-32.1188,-39.9247,10.5934,5.82824,-6.16788,-6.50892,0,0,0,0,0,0,-1.44725,-4.14102,0.592352,0.469611,0.0434106,-1.87852
2377,1.1885,4,2,4,0,0,0,0,0,0,-32.0709,-39.9184,10.4305,5.8172,-6.11252,-6.54356,0,0,0,0,0,0,-1.43542,-4.11501,0.577395,0.466681,0.0495863,-1.87218
2378,1.189,4,2,4,0,0,0,0,0,0,-32.0318,-39.9218,10.2707,5.8063,-6.05909,-6.57927,0,0,0,0,0,0,-1.43201,-4.09768,0.565897,0.464067,0.0530192,-1.87219
2379,1.1895,4,2,4,0,0,0,0,0,0,-32.0016,-39.9343,10.1152,5.79636,-6.00737,-6.6143,0,0,0,0,0,0,-1.43154,-4.09423,0.558871,0.461059,0.053114,-1.88136
2380,1.19,4,2,4,0,0,0,0,0,0,-31.974,-39.9525,9.96232,5.78747,-5.95552,-6.64559,0,0,0,0,0,0,-1.42695,-4.08257,0.548933,0.454354,0.0506302,-1.89083
2381,1.1905,4,2,4,0,0,0,0,0,0,-31.9434,-39.97,9.80901,5.77778,-5.90297,-6.67605,0,0,0,0,0,0,-1.41938,-4.06784,0.541969,0.455142,0.0500139,-1.89037
2382,1.191,4,2,4,0,0,0,0,0,0,-31.9119,-39.9814,9.65462,5.76663,-5.84938,-6.70655,0,0,0,0,0,0,-1.40882,-4.04452,0.525937,0.44786,0.0442803,-1.90169
2383,1.1915,4,2,4,0,0,0,0,0,0,-31.8842,-39.9843,9.49844,5.75569,-5.79429,-6.73656,0,0,0,0,0,0,-1.40773,-4.03047,0.514568,0.447459,0.0443113,-1.90209
2384,1.192,4,2,4,0,0,0,0,0,0,-31.8596,-39.9872,9.33773,5.74423,-5.73847,-6.76562,0,0,0,0,0,0,-1.40723,-4.01491,0.498653,0.445544,0.0455409,-1.89788
2385,1.1925,4,2,4,0,0,0,0,0,0,-31.8351,-39.9914,9.17115,5.73,-5.68299,-6.79574,0,0,0,0,0,0,-1.40652,-3.99984,0.485379,0.44595,0.0488935,-1.88225
2386,1.193,4,2,4,0,0,0,0,0,0,-31.8124,-39.9914,8.99825,5.71231,-5.62898,-6.82836,0,0,0,0,0,0,-1.41169,-3.98938,0.4755,0.447321,0.0540274,-1.86743
2387,1.1935,4,2,4,0,0,0,0,0,0,-31.7952,-39.9897,8.82246,5.69451,-5.57595,-6.85454,0,0,0,0,0,0,-1.40779,-3.97832,0.463,0.445292,0.0571937,-1.86452
2388,1.194,4,2,4,0,0,0,0,0,0,-31.776,-39.9842,8.64576,5.67695,-5.52458,-6.87707,0,0,0,0,0,0,-1.40395,-3.96625,0.451733,0.44533,0.0627389,-1.86164
2389,1.1945,4,2,4,0,0,0,0,0,0,-31.7503,-39.9744,8.4688,5.65922,-5.47518,-6.89824,0,0,0,0,0,0,-1.40068,-3.9527,0.433596,0.437561,0.0634107,-1.85917
2390,1.195,4,2,4,0,0,0,0,0,0,-31.7169,-39.9585,8.29358,5.64176,-5.42827,-6.92112,0,0,0,0,0,0,-1.39121,-3.941,0.421802,0.431105,0.0657558,-1.85563
2391,1.1955,4,2,4,0,0,0,0,0,0,-31.6809,-39.9384,8.1223,5.62653,-5.38334,-6.94551,0,0,0,0,0,0,-1.3784,-3.91265,0.407518,0.421785,0.0676089,-1.8653
2392,1.196,4,2,4,0,0,0,0,0,0,-31.644,-39.9126,7.95539,5.61413,-5.34031,-6.97091,0,0,0,0,0,0,-1.37055,-3.88938,0.391831,0.413863,0.0675366,-1.86876
2393,1.1965,4,2,4,0,0,0,0,0,0,-31.6095,-39.8871,7.79246,5.60331,-5.30031,-6.99452,0,0,0,0,0,0,-1.36163,-3.86485,0.383245,0.410967,0.0676479,-1.87711
2394,1.197,4,2,4,0,0,0,0,0,0,-31.5802,-39.8697,7.63186,5.59209,-5.26422,-7.01583,0,0,0,0,0,0,-1.35785,-3.84398,0.370019,0.408417,0.0662073,-1.8734
2395,1.1975,4,2,4,0,0,0,0,0,0,-31.5557,-39.8574,7.46903,5.57823,-5.2309,-7.03725,0,0,0,0,0,0,-1.35959,-3.83396,0.359388,0.41085,0.0661253,-1.86704
2396,1.198,4,2,4,0,0,0,0,0,0,-31.5357,-39.8451,7.30259,5.56155,-5.19838,-7.05917,0,0,0,0,0,0,-1.36804,-3.82594,0.348955,0.413322,0.0660291,-1.85786
2397,1.1985,4,2,4,0,0,0,0,0,0,-31.52,-39.8348,7.13134,5.54205,-5.1652,-7.08091,0,0,0,0,0,0,-1.37437,-3.80808,0.336664,0.41503,0.0674018,-1.84458
2398,1.199,4,2,4,0,0,0,0,0,0,-31.5057,-39.8241,6.95239,5.52028,-5.12964,-7.10288,0,0,0,0,0,0,-1.37533,-3.79756,0.326803,0.413693,0.0679613,-1.84517
2399,1.1995,4,2,4,0,0,0,0,0,0,-31.4917,-39.8138,6.76637,5.49629,-5.09239,-7.12741,0,0,0,0,0,0,-1.37846,-3.78198,0.316495,0.408169,0.0663755,-1.84535
2400,1.2,4,2,4,0,0,0,0,0,0,-31.4755,-39.7976,6.57493,5.47155,-5.05282,-7.15468,0,0,0,0,0,0,-1.37325,-3.75776,0.304868,0.403442,0.065371,-1.84172
2401,1.2005,4,2,4,0,0,0,0,0,0,-31.4564,-39.7749,6.38174,5.44803,-5.01084,-7.18057,0,0,0,0,0,0,-1.36744,-3.73668,0.293833,0.402457,0.0663852,-1.84365
2402,1.201,4,2,4,0,0,0,0,0,0,-31.4338,-39.7452,6.18788,5.42448,-4.96766,-7.20662,0,0,0,0,0,0,-1.36005,-3.70772,0.280348,0.400083,0.068673,-1.84819
2403,1.2015,4,2,4,0,0,0,0,0,0,-31.4105,-39.7123,5.99393,5.40009,-4.92574,-7.23218,0,0,0,0,0,0,-1.34888,-3.68748,0.269928,0.397874,0.0695677,-1.85489
2404,1.202,4,2,4,0,0,0,0,0,0,-31.3902,-39.6806,5.80282,5.37661,-4.88682,-7.24989,0,0,0,0,0,0,-1.3424,-3.67052,0.258342,0.393778,0.0711447,-1.85443
2405,1.2025,4,2,4,0,0,0,0,0,0,-31.3717,-39.6451,5.61549,5.35568,-4.85195,-7.26177,0,0,0,0,0,0,-1.34043,-3.6546,0.243674,0.388296,0.0717364,-1.85385
2406,1.203,4,2,4,0,0,0,0,0,0,-31.3544,-39.6032,5.42952,5.33629,-4.82257,-7.26946,0,0,0,0,0,0,-1.34285,-3.64573,0.232673,0.385987,0.0737337,-1.84341
2407,1.2035,4,2,4,0,0,0,0,0,0,-31.3358,-39.5589,5.24565,5.31706,-4.79863,-7.27773,0,0,0,0,0,0,-1.34466,-3.6357,0.220383,0.38386,0.0740146,-1.83071
2408,1.204,4,2,4,0,0,0,0,0,0,-31.3145,-39.5156,5.06492,5.29761,-4.77994,-7.29092,0,0,0,0,0,0,-1.35062,-3.62435,0.202344,0.380352,0.0719404,-1.82462
2409,1.2045,4,2,4,0,0,0,0,0,0,-31.2953,-39.4725,4.88734,5.27808,-4.765,-7.30967,0,0,0,0,0,0,-1.35987,-3.61124,0.187129,0.375718,0.0704168,-1.82315
2410,1.205,4,2,4,0,0,0,0,0,0,-31.2791,-39.4298,4.70943,5.25891,-4.75161,-7.33253,0,0,0,0,0,0,-1.35949,-3.58795,0.171368,0.369865,0.0682073,-1.8296
2411,1.2055,4,2,4,0,0,0,0,0,0,-31.2616,-39.388,4.52764,5.23893,-4.73752,-7.36,0,0,0,0,0,0,-1.35836,-3.56259,0.163587,0.367491,0.0692284,-1.83082
2412,1.206,4,2,4,0,0,0,0,0,0,-31.2424,-39.3441,4.34074,5.21692,-4.72115,-7.39333,0,0,0,0,0,0,-1.35877,-3.53489,0.157854,0.368321,0.0732943,-1.83224
2413,1.2065,4,2,4,0,0,0,0,0,0,-31.2257,-39.3053,4.14807,5.19298,-4.70181,-7.42247,0,0,0,0,0,0,-1.35466,-3.50786,0.145747,0.368017,0.0736735,-1.83976
2414,1.207,4,2,4,0,0,0,0,0,0,-31.2114,-39.2689,3.9516,5.16744,-4.67962,-7.4444,0,0,0,0,0,0,-1.35339,-3.48002,0.132694,0.36647,0.071599,-1.842
2415,1.2075,4,2,4,0,0,0,0,0,0,-31.2017,-39.2291,3.75397,5.14207,-4.65459,-7.46257,0,0,0,0,0,0,-1.35257,-3.4584,0.121623,0.36475,0.0670523,-1.85352
2416,1.208,4,2,4,0,0,0,0,0,0,-31.1937,-39.1856,3.55371,5.1169,-4.62903,-7.47907,0,0,0,0,0,0,-1.35058,-3.43635,0.113678,0.364695,0.0643026,-1.85117
2417,1.2085,4,2,4,0,0,0,0,0,0,-31.1851,-39.1411,3.35046,5.09156,-4.6054,-7.49439,0,0,0,0,0,0,-1.35227,-3.42093,0.10703,0.36355,0.0626534,-1.83647
2418,1.209,4,2,4,0,0,0,0,0,0,-31.1744,-39.0924,3.14461,5.06578,-4.5841,-7.51156,0,0,0,0,0,0,-1.3541,-3.40918,0.0972717,0.361115,0.0629924,-1.82332
2419,1.2095,4,2,4,0,0,0,0,0,0,-31.1639,-39.0376,2.9386,5.04002,-4.56558,-7.52809,0,0,0,0,0,0,-1.35343,-3.39131,0.0798249,0.356784,0.0615278,-1.81057
2420,1.21,4,2,4,0,0,0,0,0,0,-31.1516,-38.9784,2.73121,5.01353,-4.55029,-7.54307,0,0,0,0,0,0,-1.35001,-3.37154,0.0615325,0.353992,0.0613056,-1.80751
2421,1.2105,4,2,4,0,0,0,0,0,0,-31.1357,-38.9169,2.52274,4.98363,-4.53999,-7.56158,0,0,0,0,0,0,-1.35003,-3.34745,0.0440312,0.352098,0.0607807,-1.8028
2422,1.211,4,2,4,0,0,0,0,0,0,-31.1192,-38.854,2.31756,4.9527,-4.53329,-7.58317,0,0,0,0,0,0,-1.35137,-3.33317,0.0352141,0.351066,0.0627741,-1.80309
2423,1.2115,4,2,4,0,0,0,0,0,0,-31.1029,-38.7885,2.11499,4.92333,-4.52871,-7.59857,0,0,0,0,0,0,-1.35573,-3.31981,0.0304569,0.347207,0.0643422,-1.80544
2424,1.212,4,2,4,0,0,0,0,0,0,-31.0869,-38.718,1.91355,4.89724,-4.52495,-7.60981,0,0,0,0,0,0,-1.35911,-3.30328,0.0188106,0.338331,0.0626309,-1.81664
2425,1.2125,4,2,4,0,0,0,0,0,0,-31.0733,-38.6427,1.71449,4.87419,-4.52157,-7.62329,0,0,0,0,0,0,-1.35886,-3.2702,0.000287267,0.331176,0.0622227,-1.82926
2426,1.213,4,2,4,0,0,0,0,0,0,-31.0611,-38.5647,1.51758,4.85319,-4.51951,-7.64366,0,0,0,0,0,0,-1.36219,-3.23972,-0.0172027,0.328753,0.0617219,-1.84305
2427,1.2135,4,2,4,0,0,0,0,0,0,-31.0517,-38.4927,1.32222,4.83459,-4.51866,-7.66454,0,0,0,0,0,0,-1.37278,-3.22187,-0.0329404,0.330141,0.0600881,-1.84027
2428,1.214,4,2,4,0,0,0,0,0,0,-31.0464,-38.4246,1.12684,4.81703,-4.51938,-7.68831,0,0,0,0,0,0,-1.38573,-3.20348,-0.0431364,0.331307,0.057356,-1.83057
2429,1.2145,4,2,4,0,0,0,0,0,0,-31.0438,-38.36,0.930762,4.79984,-4.5201,-7.71308,0,0,0,0,0,0,-1.39515,-3.18766,-0.0500581,0.331235,0.0539806,-1.81872
2430,1.215,4,2,4,0,0,0,0,0,0,-31.0382,-38.2944,0.731021,4.78134,-4.52136,-7.73845,0,0,0,0,0,0,-1.39736,-3.16162,-0.0588279,0.327773,0.0498305,-1.81198
2431,1.2155,4,2,4,0,0,0,0,0,0,-31.027,-38.2272,0.523412,4.75905,-4.52427,-7.76339,0,0,0,0,0,0,-1.39591,-3.13904,-0.0677776,0.325973,0.0475439,-1.80979
2432,1.216,4,2,4,0,0,0,0,0,0,-31.0146,-38.1592,0.309849,4.73226,-4.52875,-7.78774,0,0,0,0,0,0,-1.38873,-3.11168,-0.0792027,0.326637,0.047458,-1.80262
2433,1.2165,4,2,4,0,0,0,0,0,0,-31.0049,-38.0889,0.0931496,4.70284,-4.53347,-7.8099,0,0,0,0,0,0,-1.38441,-3.08572,-0.0885226,0.328447,0.0483574,-1.80465
2434,1.217,4,2,4,0,0,0,0,0,0,-30.9978,-38.0171,-0.12447,4.67101,-4.53766,-7.82611,0,0,0,0,0,0,-1.38131,-3.05853,-0.0992046,0.326661,0.04605,-1.80685
2435,1.2175,4,2,4,0,0,0,0,0,0,-30.9894,-37.9399,-0.341966,4.63792,-4.5412,-7.84311,0,0,0,0,0,0,-1.37572,-3.02511,-0.112587,0.322133,0.0414706,-1.81245
2436,1.218,4,2,4,0,0,0,0,0,0,-30.9807,-37.8572,-0.558966,4.60481,-4.54499,-7.86482,0,0,0,0,0,0,-1.37189,-2.99378,-0.124861,0.31761,0.038896,-1.8242
2437,1.2185,4,2,4,0,0,0,0,0,0,-30.9716,-37.7713,-0.778588,4.57299,-4.54926,-7.88701,0,0,0,0,0,0,-1.37422,-2.97503,-0.131549,0.315603,0.039245,-1.8228
2438,1.219,4,2,4,0,0,0,0,0,0,-30.9647,-37.6802,-1.00032,4.54343,-4.55384,-7.90659,0,0,0,0,0,0,-1.3854,-2.95411,-0.145259,0.313891,0.0386493,-1.82022
2439,1.2195,4,2,4,0,0,0,0,0,0,-30.9628,-37.5868,-1.22339,4.51686,-4.55962,-7.92503,0,0,0,0,0,0,-1.39992,-2.9407,-0.161852,0.312964,0.0367206,-1.81096
2440,1.22,4,2,4,0,0,0,0,0,0,-30.9639,-37.4913,-1.44647,4.49227,-4.56847,-7.94646,0,0,0,0,0,0,-1.41639,-2.92938,-0.177836,0.311777,0.0338413,-1.80485
2441,1.2205,4,2,4,0,0,0,0,0,0,-30.9645,-37.3978,-1.66716,4.46927,-4.5811,-7.97151,0,0,0,0,0,0,-1.43302,-2.92193,-0.188417,0.310061,0.0319876,-1.81079
2442,1.221,4,2,4,0,0,0,0,0,0,-30.9641,-37.3084,-1.88372,4.44736,-4.59934,-7.99607,0,0,0,0,0,0,-1.44161,-2.91745,-0.195289,0.307651,0.0308448,-1.81501
2443,1.2215,4,2,4,0,0,0,0,0,0,-30.963,-37.217,-2.09553,4.42711,-4.62279,-8.02311,0,0,0,0,0,0,-1.44161,-2.89535,-0.201292,0.304495,0.0311309,-1.81997
2444,1.222,4,2,4,0,0,0,0,0,0,-30.9619,-37.1239,-2.30235,4.40914,-4.6494,-8.04679,0,0,0,0,0,0,-1.44172,-2.86623,-0.211702,0.299655,0.0289817,-1.82672
2445,1.2225,4,2,4,0,0,0,0,0,0,-30.9592,-37.0287,-2.504,4.39194,-4.67865,-8.0693,0,0,0,0,0,0,-1.43899,-2.83215,-0.226052,0.293284,0.02299,-1.83998
2446,1.223,4,2,4,0,0,0,0,0,0,-30.9538,-36.9283,-2.70136,4.37447,-4.70828,-8.09515,0,0,0,0,0,0,-1.43438,-2.79058,-0.237235,0.29024,0.018481,-1.85311
2447,1.2235,4,2,4,0,0,0,0,0,0,-30.9459,-36.8262,-2.89764,4.35591,-4.73591,-8.12154,0,0,0,0,0,0,-1.43417,-2.76072,-0.247861,0.290768,0.015956,-1.85703
2448,1.224,4,2,4,0,0,0,0,0,0,-30.9359,-36.7228,-3.09657,4.33498,-4.76122,-8.1502,0,0,0,0,0,0,-1.43662,-2.73037,-0.257258,0.292611,0.0152187,-1.85458
2449,1.2245,4,2,4,0,0,0,0,0,0,-30.9297,-36.6211,-3.30223,4.31264,-4.78404,-8.17724,0,0,0,0,0,0,-1.43458,-2.69397,-0.265896,0.29288,0.0149377,-1.83986
2450,1.225,4,2,4,0,0,0,0,0,0,-30.9301,-36.5181,-3.5172,4.28879,-4.80647,-8.20583,0,0,0,0,0,0,-1.43056,-2.66221,-0.277959,0.292429,0.014529,-1.81485
2451,1.2255,4,2,4,0,0,0,0,0,0,-30.9382,-36.4145,-3.74109,4.26363,-4.82956,-8.23807,0,0,0,0,0,0,-1.43147,-2.62496,-0.29659,0.293802,0.0128999,-1.80279
2452,1.226,4,2,4,0,0,0,0,0,0,-30.9482,-36.315,-3.9736,4.23695,-4.85392,-8.2684,0,0,0,0,0,0,-1.43938,-2.60161,-0.309862,0.295953,0.00987989,-1.79194
2453,1.2265,4,2,4,0,0,0,0,0,0,-30.9597,-36.2198,-4.2128,4.20952,-4.88035,-8.2993,0,0,0,0,0,0,-1.44491,-2.58053,-0.318511,0.296897,0.00566892,-1.79274
2454,1.227,4,2,4,0,0,0,0,0,0,-30.9746,-36.1254,-4.45565,4.1827,-4.90891,-8.33055,0,0,0,0,0,0,-1.44522,-2.55786,-0.320295,0.294748,0.00177112,-1.80756
2455,1.2275,4,2,4,0,0,0,0,0,0,-30.9884,-36.0303,-4.69853,4.15685,-4.94029,-8.35938,0,0,0,0,0,0,-1.44565,-2.53573,-0.323284,0.289556,-0.00351335,-1.82712
2456,1.228,4,2,4,0,0,0,0,0,0,-31.0001,-35.9308,-4.93979,4.13261,-4.97421,-8.39007,0,0,0,0,0,0,-1.44033,-2.50467,-0.332087,0.283397,-0.00994264,-1.85163
2457,1.2285,4,2,4,0,0,0,0,0,0,-31.0108,-35.8262,-5.17706,4.10914,-5.01047,-8.42555,0,0,0,0,0,0,-1.43383,-2.47232,-0.344011,0.279708,-0.0133607,-1.86743
2458,1.229,4,2,4,0,0,0,0,0,0,-31.0203,-35.7166,-5.40761,4.08638,-5.04806,-8.45951,0,0,0,0,0,0,-1.44378,-2.45141,-0.353321,0.278564,-0.0143272,-1.87868
2459,1.2295,4,2,4,0,0,0,0,0,0,-31.0271,-35.599,-5.63058,4.06447,-5.08623,-8.49098,0,0,0,0,0,0,-1.45781,-2.43279,-0.361126,0.278356,-0.014638,-1.88317
2460,1.23,4,2,4,0,0,0,0,0,0,-31.035,-35.4753,-5.84993,4.04442,-5.1253,-8.52148,0,0,0,0,0,0,-1.46811,-2.41672,-0.368629,0.276653,-0.0151797,-1.87457
2461,1.2305,4,2,4,0,0,0,0,0,0,-31.0436,-35.3446,-6.0691,4.02723,-5.16558,-8.55409,0,0,0,0,0,0,-1.48081,-2.40299,-0.382935,0.274591,-0.016584,-1.86459
2462,1.231,4,2,4,0,0,0,0,0,0,-31.056,-35.2152,-6.28965,4.01171,-5.20911,-8.58762,0,0,0,0,0,0,-1.48653,-2.37933,-0.404281,0.274773,-0.0187555,-1.85905
2463,1.2315,4,2,4,0,0,0,0,0,0,-31.0691,-35.0914,-6.50993,3.99715,-5.25673,-8.62102,0,0,0,0,0,0,-1.49249,-2.35981,-0.426379,0.276188,-0.0209699,-1.84117
2464,1.232,4,2,4,0,0,0,0,0,0,-31.083,-34.967,-6.72978,3.98454,-5.30731,-8.65749,0,0,0,0,0,0,-1.50074,-2.33477,-0.443513,0.278474,-0.0224888,-1.83076
2465,1.2325,4,2,4,0,0,0,0,0,0,-31.0983,-34.843,-6.94921,3.97324,-5.36034,-8.6955,0,0,0,0,0,0,-1.50567,-2.30095,-0.452248,0.278118,-0.0251574,-1.83358
2466,1.233,4,2,4,0,0,0,0,0,0,-31.1121,-34.722,-7.16891,3.96288,-5.41548,-8.73613,0,0,0,0,0,0,-1.50971,-2.27061,-0.457033,0.273373,-0.0316255,-1.84157
2467,1.2335,4,2,4,0,0,0,0,0,0,-31.1197,-34.5984,-7.3891,3.95232,-5.47127,-8.78066,0,0,0,0,0,0,-1.50757,-2.23494,-0.462627,0.267875,-0.0392272,-1.86423
2468,1.234,4,2,4,0,0,0,0,0,0,-31.1209,-34.4722,-7.6094,3.94026,-5.52664,-8.82694,0,0,0,0,0,0,-1.50016,-2.19588,-0.468806,0.266063,-0.0428816,-1.88343
2469,1.2345,4,2,4,0,0,0,0,0,0,-31.117,-34.3422,-7.82988,3.92675,-5.5807,-8.87133,0,0,0,0,0,0,-1.49853,-2.16353,-0.475276,0.26639,-0.0449799,-1.89536
2470,1.235,4,2,4,0,0,0,0,0,0,-31.1093,-34.2094,-8.04881,3.91046,-5.63331,-8.91715,0,0,0,0,0,0,-1.50001,-2.13018,-0.481489,0.267334,-0.0474985,-1.89833
2471,1.2355,4,2,4,0,0,0,0,0,0,-31.103,-34.0724,-8.2652,3.8911,-5.68411,-8.96482,0,0,0,0,0,0,-1.5081,-2.10217,-0.485799,0.268341,-0.0496202,-1.89356
2472,1.236,4,2,4,0,0,0,0,0,0,-31.096,-33.9261,-8.48238,3.87039,-5.73322,-9.01119,0,0,0,0,0,0,-1.51572,-2.07443,-0.4914,0.268364,-0.0525879,-1.89517
2473,1.2365,4,2,4,0,0,0,0,0,0,-31.0931,-33.7778,-8.70648,3.85097,-5.78171,-9.05583,0,0,0,0,0,0,-1.52629,-2.04441,-0.504509,0.268641,-0.0581183,-1.89919
2474,1.237,4,2,4,0,0,0,0,0,0,-31.0907,-33.6317,-8.93936,3.8314,-5.83268,-9.09911,0,0,0,0,0,0,-1.53752,-2.02385,-0.521185,0.271402,-0.0636518,-1.89399
2475,1.2375,4,2,4,0,0,0,0,0,0,-31.0885,-33.4844,-9.17694,3.81191,-5.8852,-9.14288,0,0,0,0,0,0,-1.54683,-1.99493,-0.539906,0.274559,-0.0680207,-1.89066
2476,1.238,4,2,4,0,0,0,0,0,0,-31.0902,-33.3353,-9.4201,3.793,-5.94008,-9.18761,0,0,0,0,0,0,-1.55917,-1.96543,-0.555753,0.276766,-0.0707896,-1.894
2477,1.2385,4,2,4,0,0,0,0,0,0,-31.0928,-33.1854,-9.66711,3.77415,-5.99832,-9.23153,0,0,0,0,0,0,-1.5667,-1.93668,-0.565721,0.276056,-0.073959,-1.89259
2478,1.239,4,2,4,0,0,0,0,0,0,-31.0962,-33.0322,-9.91407,3.75637,-6.05867,-9.27821,0,0,0,0,0,0,-1.57358,-1.9135,-0.570448,0.273065,-0.0780831,-1.90419
2479,1.2395,4,2,4,0,0,0,0,0,0,-31.0977,-32.8781,-10.1591,3.73991,-6.12224,-9.32783,0,0,0,0,0,0,-1.58358,-1.89858,-0.572264,0.26929,-0.0815964,-1.92165
2480,1.24,4,2,4,0,0,0,0,0,0,-31.0975,-32.7239,-10.3975,3.725,-6.18795,-9.37743,0,0,0,0,0,0,-1.59822,-1.89274,-0.57387,0.267515,-0.0838852,-1.942
2481,1.2405,4,2,4,0,0,0,0,0,0,-31.0971,-32.5669,-10.6277,3.71129,-6.25532,-9.42815,0,0,0,0,0,0,-1.62279,-1.88574,-0.579789,0.267205,-0.0852677,-1.95277
2482,1.241,4,2,4,0,0,0,0,0,0,-31.094,-32.4075,-10.8488,3.6984,-6.32442,-9.47768,0,0,0,0,0,0,-1.65326,-1.88626,-0.590131,0.266849,-0.0889032,-1.96391
2483,1.2415,4,2,4,0,0,0,0,0,0,-31.091,-32.2462,-11.0597,3.68534,-6.39505,-9.53232,0,0,0,0,0,0,-1.68705,-1.89,-0.603649,0.267725,-0.0928914,-1.96502
2484,1.242,4,2,4,0,0,0,0,0,0,-31.0972,-32.0836,-11.2632,3.67322,-6.46646,-9.59004,0,0,0,0,0,0,-1.72101,-1.88674,-0.612484,0.267235,-0.0957005,-1.97177
2485,1.2425,4,2,4,0,0,0,0,0,0,-31.1098,-31.9244,-11.4693,3.66468,-6.54064,-9.646,0,0,0,0,0,0,-1.75187,-1.88077,-0.621708,0.265988,-0.0982231,-1.9739
2486,1.243,4,2,4,0,0,0,0,0,0,-31.1268,-31.7686,-11.6778,3.65851,-6.61831,-9.70763,0,0,0,0,0,0,-1.78182,-1.87363,-0.638496,0.266651,-0.103353,-1.97732
2487,1.2435,4,2,4,0,0,0,0,0,0,-31.1469,-31.6152,-11.885,3.65454,-6.69801,-9.77096,0,0,0,0,0,0,-1.79678,-1.84835,-0.657782,0.268152,-0.108204,-1.9839
2488,1.244,4,2,4,0,0,0,0,0,0,-31.1716,-31.4631,-12.0951,3.65415,-6.78126,-9.8382,0,0,0,0,0,0,-1.80748,-1.82219,-0.671387,0.268199,-0.11259,-1.98751
2489,1.2445,4,2,4,0,0,0,0,0,0,-31.1945,-31.3115,-12.3093,3.65679,-6.86788,-9.90668,0,0,0,0,0,0,-1.79925,-1.77752,-0.679039,0.26668,-0.115587,-1.98233
2490,1.245,4,2,4,0,0,0,0,0,0,-31.2141,-31.1593,-12.5272,3.66073,-6.9555,-9.97777,0,0,0,0,0,0,-1.77642,-1.72514,-0.675011,0.263289,-0.117315,-1.97731
2491,1.2455,4,2,4,0,0,0,0,0,0,-31.2308,-31.0065,-12.7506,3.66503,-7.04274,-10.0512,0,0,0,0,0,0,-1.75455,-1.67317,-0.674071,0.262024,-0.121041,-1.97483
2492,1.246,4,2,4,0,0,0,0,0,0,-31.2462,-30.8538,-12.9786,3.66892,-7.12899,-10.1264,0,0,0,0,0,0,-1.73804,-1.62666,-0.671752,0.260963,-0.124577,-1.9767
2493,1.2465,4,2,4,0,0,0,0,0,0,-31.2616,-30.6981,-13.2083,3.6705,-7.21319,-10.2027,0,0,0,0,0,0,-1.72374,-1.57636,-0.676533,0.261372,-0.128689,-1.98009
2494,1.247,4,2,4,0,0,0,0,0,0,-31.2754,-30.5401,-13.4374,3.66965,-7.29515,-10.2798,0,0,0,0,0,0,-1.71775,-1.5332,-0.680107,0.26115,-0.132395,-1.98214
2495,1.2475,4,2,4,0,0,0,0,0,0,-31.2872,-30.38,-13.6638,3.66603,-7.37496,-10.3578,0,0,0,0,0,0,-1.70341,-1.48459,-0.679874,0.259785,-0.134867,-1.98208
2496,1.248,4,2,4,0,0,0,0,0,0,-31.3062,-30.222,-13.8904,3.66094,-7.45375,-10.4379,0,0,0,0,0,0,-1.68873,-1.43671,-0.682006,0.258846,-0.13784,-1.97955
2497,1.2485,4,2,4,0,0,0,0,0,0,-31.3293,-30.0625,-14.1258,3.65687,-7.53405,-10.5177,0,0,0,0,0,0,-1.67955,-1.38366,-0.698344,0.261648,-0.144408,-1.98113
2498,1.249,4,2,4,0,0,0,0,0,0,-31.3537,-29.9009,-14.3678,3.65366,-7.61596,-10.598,0,0,0,0,0,0,-1.66229,-1.32612,-0.714367,0.264846,-0.151666,-1.98296
2499,1.2495,4,2,4,0,0,0,0,0,0,-31.3779,-29.7365,-14.6126,3.65085,-7.69851,-10.6784,0,0,0,0,0,0,-1.63774,-1.26268,-0.732687,0.26842,-0.15958,-1.98834
2500,1.25,4,2,4,0,0,0,0,0,0,-31.4035,-29.5684,-14.8621,3.64908,-7.78247,-10.76,0,0,0,0,0,0,-1.62242,-1.20619,-0.750495,0.271917,-0.167393,-1.99123
2501,1.2505,4,2,4,0,0,0,0,0,0,-31.4241,-29.3945,-15.1123,3.64697,-7.8681,-10.8416,0,0,0,0,0,0,-1.59616,-1.14655,-0.759597,0.273426,-0.172526,-1.99053
2502,1.251,4,2,4,0,0,0,0,0,0,-31.438,-29.2156,-15.3601,3.64489,-7.95492,-10.9229,0,0,0,0,0,0,-1.566,-1.0888,-0.763108,0.273317,-0.17665,-1.98774
2503,1.2515,4,2,4,0,0,0,0,0,0,-31.4454,-29.0312,-15.6041,3.64295,-8.04301,-11.0047,0,0,0,0,0,0,-1.54332,-1.04017,-0.766094,0.273401,-0.180409,-1.99253
2504,1.252,4,2,4,0,0,0,0,0,0,-31.4457,-28.8414,-15.8403,3.64064,-8.13193,-11.0873,0,0,0,0,0,0,-1.52979,-1.00266,-0.76736,0.2728,-0.183848,-2.00272
2505,1.2525,4,2,4,0,0,0,0,0,0,-31.438,-28.6431,-16.0672,3.6376,-8.221,-11.1691,0,0,0,0,0,0,-1.52578,-0.967468,-0.777564,0.274722,-0.188938,-2.01983
2506,1.253,4,2,4,0,0,0,0,0,0,-31.4203,-28.4359,-16.2809,3.63273,-8.3096,-11.2491,0,0,0,0,0,0,-1.53508,-0.944223,-0.788757,0.276745,-0.193759,-2.03756
2507,1.2535,4,2,4,0,0,0,0,0,0,-31.3922,-28.2194,-16.4798,3.62531,-8.39737,-11.327,0,0,0,0,0,0,-1.54485,-0.924206,-0.795763,0.277589,-0.196892,-2.0551
2508,1.254,4,2,4,0,0,0,0,0,0,-31.3621,-27.9973,-16.6708,3.61709,-8.48584,-11.4047,0,0,0,0,0,0,-1.56003,-0.906298,-0.80328,0.278857,-0.199729,-2.07125
2509,1.2545,4,2,4,0,0,0,0,0,0,-31.3292,-27.7667,-16.8658,3.61164,-8.5779,-11.4806,0,0,0,0,0,0,-1.58188,-0.886568,-0.815332,0.28136,-0.203796,-2.09095
2510,1.255,4,2,4,0,0,0,0,0,0,-31.294,-27.5311,-17.062,3.60772,-8.6732,-11.5575,0,0,0,0,0,0,-1.60044,-0.865797,-0.832228,0.284923,-0.209577,-2.1104
2511,1.2555,4,2,4,0,0,0,0,0,0,-31.2571,-27.2923,-17.2585,3.60525,-8.77107,-11.635,0,0,0,0,0,0,-1.61865,-0.84339,-0.851657,0.28896,-0.21557,-2.13134
2512,1.256,4,2,4,0,0,0,0,0,0,-31.2241,-27.0535,-17.4602,3.60587,-8.87305,-11.7149,0,0,0,0,0,0,-1.63881,-0.827389,-0.86226,0.289664,-0.219243,-2.14585
2513,1.2565,4,2,4,0,0,0,0,0,0,-31.1928,-26.8163,-17.663,3.60788,-8.97859,-11.7954,0,0,0,0,0,0,-1.64795,-0.805824,-0.866592,0.289004,-0.221059,-2.15128
2514,1.257,4,2,4,0,0,0,0,0,0,-31.1682,-26.5852,-17.8644,3.61103,-9.08662,-11.8783,0,0,0,0,0,0,-1.65799,-0.786226,-0.863027,0.286713,-0.219707,-2.15743
2515,1.2575,4,2,4,0,0,0,0,0,0,-31.1525,-26.3636,-18.068,3.61654,-9.1986,-11.9646,0,0,0,0,0,0,-1.67897,-0.779065,-0.861705,0.284761,-0.219284,-2.17266
2516,1.258,4,2,4,0,0,0,0,0,0,-31.1446,-26.1512,-18.2746,3.62495,-9.31496,-12.053,0,0,0,0,0,0,-1.71163,-0.777524,-0.865638,0.284228,-0.220923,-2.19837
2517,1.2585,4,2,4,0,0,0,0,0,0,-31.1399,-25.9423,-18.4825,3.63504,-9.43407,-12.1448,0,0,0,0,0,0,-1.74564,-0.770642,-0.871876,0.285529,-0.223551,-2.22513
2518,1.259,4,2,4,0,0,0,0,0,0,-31.1343,-25.7368,-18.6881,3.6446,-9.55444,-12.2359,0,0,0,0,0,0,-1.78097,-0.76551,-0.877714,0.285814,-0.228058,-2.24893
2519,1.2595,4,2,4,0,0,0,0,0,0,-31.1301,-25.5319,-18.8887,3.65285,-9.67417,-12.332,0,0,0,0,0,0,-1.80219,-0.752277,-0.879941,0.286284,-0.230738,-2.26246
2520,1.26,4,2,4,0,0,0,0,0,0,-31.1344,-25.3256,-19.0895,3.66184,-9.79242,-12.4307,0,0,0,0,0,0,-1.82404,-0.729153,-0.878123,0.286243,-0.230369,-2.27959
2521,1.2605,4,2,4,0,0,0,0,0,0,-31.1427,-25.1188,-19.2987,3.67351,-9.91185,-12.5288,0,0,0,0,0,0,-1.84278,-0.704705,-0.884644,0.288332,-0.234856,-2.29417
2522,1.261,4,2,4,0,0,0,0,0,0,-31.1534,-24.9131,-19.5154,3.68724,-10.0326,-12.6308,0,0,0,0,0,0,-1.8527,-0.679235,-0.894798,0.29028,-0.242786,-2.29915
2523,1.2615,4,2,4,0,0,0,0,0,0,-31.1666,-24.707,-19.7358,3.70231,-10.1524,-12.7344,0,0,0,0,0,0,-1.85174,-0.642331,-0.906972,0.293357,-0.251835,-2.30346
2524,1.262,4,2,4,0,0,0,0,0,0,-31.1835,-24.5004,-19.9623,3.71886,-10.2728,-12.8415,0,0,0,0,0,0,-1.84898,-0.599939,-0.918986,0.296557,-0.259599,-2.3081
2525,1.2625,4,2,4,0,0,0,0,0,0,-31.1987,-24.293,-20.1896,3.73471,-10.3933,-12.9475,0,0,0,0,0,0,-1.84116,-0.559464,-0.921113,0.297267,-0.26329,-2.3047
2526,1.263,4,2,4,0,0,0,0,0,0,-31.2136,-24.0838,-20.4151,3.75064,-10.5123,-13.058,0,0,0,0,0,0,-1.83102,-0.518266,-0.918326,0.298692,-0.263807,-2.31504
2527,1.2635,4,2,4,0,0,0,0,0,0,-31.2277,-23.8752,-20.6369,3.76613,-10.6301,-13.1731,0,0,0,0,0,0,-1.82445,-0.482855,-0.917654,0.30062,-0.265537,-2.34022
2528,1.264,4,2,4,0,0,0,0,0,0,-31.2382,-23.6657,-20.8518,3.77982,-10.7467,-13.2896,0,0,0,0,0,0,-1.81683,-0.44787,-0.914939,0.300409,-0.267748,-2.36546
2529,1.2645,4,2,4,0,0,0,0,0,0,-31.244,-23.4528,-21.0576,3.79151,-10.8617,-13.406,0,0,0,0,0,0,-1.8075,-0.408446,-0.917919,0.301632,-0.272777,-2.38351
2530,1.265,4,2,4,0,0,0,0,0,0,-31.243,-23.2382,-21.2487,3.79899,-10.9744,-13.5221,0,0,0,0,0,0,-1.80041,-0.369199,-0.926764,0.306017,-0.278561,-2.39645
2531,1.2655,4,2,4,0,0,0,0,0,0,-31.243,-23.0183,-21.4241,3.80179,-11.0833,-13.6434,0,0,0,0,0,0,-1.80003,-0.333986,-0.935719,0.310291,-0.284014,-2.40688
2532,1.266,4,2,4,0,0,0,0,0,0,-31.2419,-22.7897,-21.5877,3.80221,-11.1888,-13.7653,0,0,0,0,0,0,-1.80181,-0.29929,-0.943603,0.312647,-0.289982,-2.41372
2533,1.2665,4,2,4,0,0,0,0,0,0,-31.2421,-22.5591,-21.7498,3.80494,-11.2942,-13.8878,0,0,0,0,0,0,-1.80051,-0.260525,-0.948196,0.315165,-0.29413,-2.41605
2534,1.267,4,2,4,0,0,0,0,0,0,-31.2397,-22.3296,-21.914,3.80978,-11.4019,-14.0086,0,0,0,0,0,0,-1.79499,-0.220184,-0.951016,0.315971,-0.299892,-2.41245
2535,1.2675,4,2,4,0,0,0,0,0,0,-31.2352,-22.1,-22.0802,3.81711,-11.5117,-14.132,0,0,0,0,0,0,-1.79275,-0.176938,-0.963351,0.319096,-0.309496,-2.40831
2536,1.268,4,2,4,0,0,0,0,0,0,-31.2315,-21.8697,-22.2507,3.82747,-11.6245,-14.2559,0,0,0,0,0,0,-1.79254,-0.133059,-0.974805,0.323313,-0.316158,-2.40817
2537,1.2685,4,2,4,0,0,0,0,0,0,-31.2303,-21.6404,-22.4244,3.83868,-11.7409,-14.3815,0,0,0,0,0,0,-1.79705,-0.0983908,-0.980509,0.326929,-0.318651,-2.41958
2538,1.269,4,2,4,0,0,0,0,0,0,-31.2312,-21.4135,-22.6032,3.85275,-11.8605,-14.5113,0,0,0,0,0,0,-1.80815,-0.0731346,-0.977086,0.327774,-0.316586,-2.44986
2539,1.2695,4,2,4,0,0,0,0,0,0,-31.2303,-21.1872,-22.7856,3.86976,-11.9827,-14.6451,0,0,0,0,0,0,-1.82088,-0.0496198,-0.972634,0.329206,-0.313619,-2.47967
2540,1.27,4,2,4,0,0,0,0,0,0,-31.2265,-20.9627,-22.9726,3.88916,-12.1094,-14.7784,0,0,0,0,0,0,-1.83406,-0.0310757,-0.963814,0.326023,-0.311929,-2.50874
2541,1.2705,4,2,4,0,0,0,0,0,0,-31.2199,-20.7378,-23.1626,3.90955,-12.2405,-14.9109,0,0,0,0,0,0,-1.84145,-0.00735607,-0.962082,0.324377,-0.313941,-2.53021
2542,1.271,4,2,4,0,0,0,0,0,0,-31.2121,-20.5069,-23.3506,3.92948,-12.3728,-15.0446,0,0,0,0,0,0,-1.85279,0.0172918,-0.964515,0.325967,-0.315888,-2.54379
2543,1.2715,4,2,4,0,0,0,0,0,0,-31.2042,-20.2687,-23.5337,3.94726,-12.5043,-15.1805,0,0,0,0,0,0,-1.86452,0.0417868,-0.966351,0.327828,-0.316327,-2.5589
2544,1.272,4,2,4,0,0,0,0,0,0,-31.197,-20.0268,-23.712,3.96312,-12.6345,-15.3179,0,0,0,0,0,0,-1.8653,0.0765519,-0.962189,0.3271,-0.317103,-2.56752
2545,1.2725,4,2,4,0,0,0,0,0,0,-31.1912,-19.7819,-23.8904,3.98035,-12.7641,-15.4574,0,0,0,0,0,0,-1.86082,0.114617,-0.961222,0.324848,-0.323249,-2.56463
2546,1.273,4,2,4,0,0,0,0,0,0,-31.1872,-19.5372,-24.0723,4.00079,-12.8946,-15.5983,0,0,0,0,0,0,-1.85359,0.155286,-0.96755,0.326071,-0.332016,-2.5576
2547,1.2735,4,2,4,0,0,0,0,0,0,-31.1845,-19.2933,-24.2554,4.02255,-13.0262,-15.7369,0,0,0,0,0,0,-1.84806,0.193701,-0.978078,0.329699,-0.341255,-2.55558
2548,1.274,4,2,4,0,0,0,0,0,0,-31.1842,-19.0498,-24.4386,4.0444,-13.1594,-15.8793,0,0,0,0,0,0,-1.85687,0.223629,-0.995549,0.338765,-0.350128,-2.5718
2549,1.2745,4,2,4,0,0,0,0,0,0,-31.1864,-18.8065,-24.6228,4.06762,-13.2935,-16.0271,0,0,0,0,0,0,-1.87531,0.245049,-1.01225,0.350049,-0.355649,-2.60451
2550,1.275,4,2,4,0,0,0,0,0,0,-31.1871,-18.564,-24.8041,4.09051,-13.4269,-16.1782,0,0,0,0,0,0,-1.88024,0.272721,-1.01966,0.357861,-0.358006,-2.63357
2551,1.2755,4,2,4,0,0,0,0,0,0,-31.1814,-18.3218,-24.977,4.11057,-13.5588,-16.33,0,0,0,0,0,0,-1.87491,0.303516,-1.01499,0.358196,-0.358742,-2.66079
2552,1.276,4,2,4,0,0,0,0,0,0,-31.1677,-18.0768,-25.1401,4.12758,-13.6895,-16.4799,0,0,0,0,0,0,-1.86432,0.338129,-1.00495,0.354787,-0.358404,-2.6742
2553,1.2765,4,2,4,0,0,0,0,0,0,-31.1526,-17.826,-25.2931,4.14274,-13.8171,-16.6316,0,0,0,0,0,0,-1.85481,0.372364,-0.999989,0.354093,-0.358415,-2.68314
2554,1.277,4,2,4,0,0,0,0,0,0,-31.1368,-17.5716,-25.4356,4.15444,-13.9419,-16.7855,0,0,0,0,0,0,-1.84948,0.408304,-1.00266,0.356767,-0.361257,-2.69788
2555,1.2775,4,2,4,0,0,0,0,0,0,-31.1184,-17.3161,-25.5662,4.16148,-14.0633,-16.94,0,0,0,0,0,0,-1.84441,0.444974,-1.00943,0.359763,-0.367607,-2.70657
2556,1.278,4,2,4,0,0,0,0,0,0,-31.0949,-17.0598,-25.6836,4.16243,-14.1812,-17.0909,0,0,0,0,0,0,-1.84432,0.481332,-1.01375,0.362286,-0.374401,-2.71081
2557,1.2785,4,2,4,0,0,0,0,0,0,-31.0722,-16.8053,-25.7934,4.16062,-14.2964,-17.2426,0,0,0,0,0,0,-1.84475,0.518922,-1.01352,0.363243,-0.377478,-2.7178
2558,1.279,4,2,4,0,0,0,0,0,0,-31.0506,-16.5514,-25.9046,4.16044,-14.4143,-17.394,0,0,0,0,0,0,-1.8516,0.551776,-1.01157,0.364068,-0.377128,-2.73015
2559,1.2795,4,2,4,0,0,0,0,0,0,-31.0312,-16.299,-26.023,4.1651,-14.5371,-17.5481,0,0,0,0,0,0,-1.87278,0.575696,-1.01843,0.369657,-0.378947,-2.75977
2560,1.28,4,2,4,0,0,0,0,0,0,-31.0177,-16.0487,-26.1532,4.1762,-14.6658,-17.7071,0,0,0,0,0,0,-1.89493,0.597182,-1.02574,0.374757,-0.382477,-2.78824
2561,1.2805,4,2,4,0,0,0,0,0,0,-31.009,-15.8029,-26.2973,4.19391,-14.8013,-17.8675,0,0,0,0,0,0,-1.90737,0.618176,-1.03343,0.380148,-0.388222,-2.81005
2562,1.281,4,2,4,0,0,0,0,0,0,-31.0048,-15.5594,-26.4554,4.21828,-14.9432,-18.0323,0,0,0,0,0,0,-1.91548,0.63781,-1.03343,0.382348,-0.390824,-2.8283
2563,1.2815,4,2,4,0,0,0,0,0,0,-30.9972,-15.3097,-26.6201,4.24552,-15.0888,-18.1942,0,0,0,0,0,0,-1.91841,0.666087,-1.0275,0.381504,-0.39074,-2.84294
2564,1.282,4,2,4,0,0,0,0,0,0,-30.9869,-15.0556,-26.7865,4.27269,-15.2361,-18.3587,0,0,0,0,0,0,-1.91489,0.698323,-1.02358,0.3828,-0.390192,-2.85369
2565,1.2825,4,2,4,0,0,0,0,0,0,-30.9779,-14.797,-26.9519,4.30148,-15.3803,-18.5311,0,0,0,0,0,0,-1.90226,0.733613,-1.01509,0.379811,-0.391342,-2.8546
2566,1.283,4,2,4,0,0,0,0,0,0,-30.9681,-14.5351,-27.1127,4.33129,-15.5193,-18.7093,0,0,0,0,0,0,-1.88295,0.775222,-1.00741,0.376497,-0.395243,-2.85491
2567,1.2835,4,2,4,0,0,0,0,0,0,-30.9519,-14.2734,-27.2629,4.35592,-15.6546,-18.8828,0,0,0,0,0,0,-1.8713,0.808632,-1.00695,0.377435,-0.400169,-2.858
2568,1.284,4,2,4,0,0,0,0,0,0,-30.9331,-14.0099,-27.4037,4.37584,-15.7857,-19.0545,0,0,0,0,0,0,-1.86641,0.839941,-1.00946,0.381805,-0.40335,-2.87011
2569,1.2845,4,2,4,0,0,0,0,0,0,-30.9128,-13.7446,-27.5324,4.38955,-15.9125,-19.2287,0,0,0,0,0,0,-1.86761,0.873818,-1.0117,0.387194,-0.405524,-2.89793
2570,1.285,4,2,4,0,0,0,0,0,0,-30.8908,-13.4805,-27.6492,4.39553,-16.038,-19.403,0,0,0,0,0,0,-1.8701,0.904212,-1.01343,0.390764,-0.408961,-2.92542
2571,1.2855,4,2,4,0,0,0,0,0,0,-30.8695,-13.2172,-27.7609,4.39851,-16.1641,-19.579,0,0,0,0,0,0,-1.87073,0.939266,-1.01406,0.393777,-0.413028,-2.95009
2572,1.286,4,2,4,0,0,0,0,0,0,-30.8485,-12.9521,-27.8704,4.4021,-16.2908,-19.756,0,0,0,0,0,0,-1.87184,0.97012,-1.0185,0.399035,-0.41795,-2.97097
2573,1.2865,4,2,4,0,0,0,0,0,0,-30.829,-12.6854,-27.979,4.40757,-16.4188,-19.9331,0,0,0,0,0,0,-1.87671,1.00182,-1.02635,0.40674,-0.423568,-2.98873
2574,1.287,4,2,4,0,0,0,0,0,0,-30.8135,-12.4213,-28.0865,4.41311,-16.5485,-20.1126,0,0,0,0,0,0,-1.87873,1.03252,-1.03394,0.415018,-0.428535,-3.00252
2575,1.2875,4,2,4,0,0,0,0,0,0,-30.8035,-12.1606,-28.1941,4.42092,-16.6778,-20.2981,0,0,0,0,0,0,-1.8787,1.06422,-1.03418,0.420042,-0.429356,-3.00917
2576,1.288,4,2,4,0,0,0,0,0,0,-30.795,-11.9022,-28.2997,4.43087,-16.8043,-20.4867,0,0,0,0,0,0,-1.8757,1.09847,-1.02264,0.417187,-0.426107,-3.01261
2577,1.2885,4,2,4,0,0,0,0,0,0,-30.783,-11.6465,-28.4038,4.44214,-16.9301,-20.6777,0,0,0,0,0,0,-1.88137,1.12785,-1.01105,0.412437,-0.42346,-3.02404
2578,1.289,4,2,4,0,0,0,0,0,0,-30.7642,-11.3885,-28.5113,4.45711,-17.0579,-20.8645,0,0,0,0,0,0,-1.88829,1.15779,-1.00332,0.408275,-0.421859,-3.04313
2579,1.2895,4,2,4,0,0,0,0,0,0,-30.7384,-11.129,-28.6179,4.47341,-17.1863,-21.0481,0,0,0,0,0,0,-1.89531,1.184,-1.00135,0.408533,-0.422244,-3.06454
2580,1.29,4,2,4,0,0,0,0,0,0,-30.7133,-10.869,-28.7234,4.4914,-17.3137,-21.2351,0,0,0,0,0,0,-1.90103,1.21174,-1.00235,0.412497,-0.423658,-3.08862
2581,1.2905,4,2,4,0,0,0,0,0,0,-30.6893,-10.6103,-28.8282,4.50866,-17.4419,-21.4237,0,0,0,0,0,0,-1.90001,1.23743,-0.999454,0.416148,-0.423806,-3.10531
2582,1.291,4,2,4,0,0,0,0,0,0,-30.6637,-10.3485,-28.9332,4.52302,-17.5741,-21.6096,0,0,0,0,0,0,-1.89274,1.26568,-0.989609,0.413329,-0.425777,-3.12203
2583,1.2915,4,2,4,0,0,0,0,0,0,-30.6336,-10.0801,-29.0347,4.53321,-17.7092,-21.7939,0,0,0,0,0,0,-1.87995,1.29528,-0.975668,0.406646,-0.427538,-3.12912
2584,1.292,4,2,4,0,0,0,0,0,0,-30.6048,-9.8075,-29.1331,4.54174,-17.844,-21.9841,0,0,0,0,0,0,-1.86992,1.33166,-0.970687,0.405054,-0.433094,-3.14068
2585,1.2925,4,2,4,0,0,0,0,0,0,-30.5771,-9.53339,-29.2314,4.54973,-17.9802,-22.1763,0,0,0,0,0,0,-1.86249,1.3692,-0.976998,0.412315,-0.440446,-3.15273
2586,1.293,4,2,4,0,0,0,0,0,0,-30.5525,-9.25901,-29.3333,4.56155,-18.1174,-22.3739,0,0,0,0,0,0,-1.85869,1.40339,-0.983854,0.42258,-0.445783,-3.16441
2587,1.2935,4,2,4,0,0,0,0,0,0,-30.532,-8.9874,-29.4374,4.57518,-18.256,-22.5791,0,0,0,0,0,0,-1.85665,1.43683,-0.988741,0.431749,-0.449086,-3.18635
2588,1.294,4,2,4,0,0,0,0,0,0,-30.5157,-8.71792,-29.538,4.58886,-18.3913,-22.7916,0,0,0,0,0,0,-1.8601,1.46581,-0.990682,0.440499,-0.449323,-3.21162
2589,1.2945,4,2,4,0,0,0,0,0,0,-30.5016,-8.44957,-29.6309,4.60238,-18.5193,-23.0078,0,0,0,0,0,0,-1.86973,1.49411,-0.989465,0.445939,-0.446873,-3.24179
2590,1.295,4,2,4,0,0,0,0,0,0,-30.4815,-8.18222,-29.7122,4.61236,-18.6402,-23.2206,0,0,0,0,0,0,-1.87381,1.52027,-0.985694,0.450313,-0.442571,-3.26752
2591,1.2955,4,2,4,0,0,0,0,0,0,-30.4569,-7.91351,-29.785,4.6185,-18.758,-23.4301,0,0,0,0,0,0,-1.87266,1.54653,-0.978598,0.44876,-0.44197,-3.28081
2592,1.296,4,2,4,0,0,0,0,0,0,-30.4301,-7.64172,-29.8499,4.62164,-18.8724,-23.6368,0,0,0,0,0,0,-1.86867,1.57206,-0.97566,0.450449,-0.442582,-3.28765
2593,1.2965,4,2,4,0,0,0,0,0,0,-30.4029,-7.3699,-29.908,4.6232,-18.9832,-23.8416,0,0,0,0,0,0,-1.86041,1.60206,-0.970438,0.448708,-0.447274,-3.28834
2594,1.297,4,2,4,0,0,0,0,0,0,-30.3751,-7.09895,-29.9613,4.62454,-19.0918,-24.0459,0,0,0,0,0,0,-1.85891,1.63585,-0.966641,0.449178,-0.450972,-3.30367
2595,1.2975,4,2,4,0,0,0,0,0,0,-30.3443,-6.83191,-30.0124,4.62347,-19.2027,-24.2461,0,0,0,0,0,0,-1.85144,1.6658,-0.96028,0.447703,-0.453575,-3.30998
2596,1.298,4,2,4,0,0,0,0,0,0,-30.3111,-6.56591,-30.063,4.62088,-19.3171,-24.446,0,0,0,0,0,0,-1.85083,1.69528,-0.953055,0.447276,-0.453831,-3.32373
2597,1.2985,4,2,4,0,0,0,0,0,0,-30.2772,-6.30141,-30.1148,4.61675,-19.4372,-24.649,0,0,0,0,0,0,-1.84837,1.72458,-0.945295,0.448218,-0.451731,-3.34212
2598,1.299,4,2,4,0,0,0,0,0,0,-30.2479,-6.03825,-30.1732,4.61507,-19.5635,-24.861,0,0,0,0,0,0,-1.85228,1.7503,-0.944444,0.453842,-0.450251,-3.37104
2599,1.2995,4,2,4,0,0,0,0,0,0,-30.2243,-5.77703,-30.2422,4.61774,-19.6971,-25.0816,0,0,0,0,0,0,-1.86632,1.7742,-0.942985,0.45894,-0.448816,-3.40572
2600,1.3,4,2,4,0,0,0,0,0,0,-30.2001,-5.51223,-30.3167,4.62153,-19.8368,-25.3037,0,0,0,0,0,0,-1.86955,1.80041,-0.939733,0.464382,-0.447008,-3.4344
2601,1.3005,4,2,4,0,0,0,0,0,0,-30.1678,-5.23956,-30.3884,4.62418,-19.9767,-25.5206,0,0,0,0,0,0,-1.86386,1.83449,-0.930883,0.464891,-0.446486,-3.45224
2602,1.301,4,2,4,0,0,0,0,0,0,-30.1313,-4.96279,-30.4533,4.62655,-20.1098,-25.7381,0,0,0,0,0,0,-1.84338,1.86755,-0.921641,0.464037,-0.448935,-3.44727
2603,1.3015,4,2,4,0,0,0,0,0,0,-30.0983,-4.68422,-30.5118,4.63142,-20.2319,-25.9623,0,0,0,0,0,0,-1.82817,1.89716,-0.913394,0.462585,-0.450994,-3.44542
2604,1.302,4,2,4,0,0,0,0,0,0,-30.0646,-4.40603,-30.5635,4.63683,-20.3454,-26.186,0,0,0,0,0,0,-1.82487,1.92904,-0.908436,0.464072,-0.450618,-3.45995
2605,1.3025,4,2,4,0,0,0,0,0,0,-30.0306,-4.12971,-30.6094,4.64303,-20.4515,-26.4106,0,0,0,0,0,0,-1.82252,1.95542,-0.907272,0.466741,-0.454163,-3.47949
2606,1.303,4,2,4,0,0,0,0,0,0,-29.9961,-3.85474,-30.6509,4.64907,-20.5538,-26.6373,0,0,0,0,0,0,-1.82972,1.98054,-0.91328,0.47681,-0.457487,-3.51078
2607,1.3035,4,2,4,0,0,0,0,0,0,-29.9632,-3.58301,-30.6892,4.65259,-20.6563,-26.8656,0,0,0,0,0,0,-1.83333,2.00845,-0.919465,0.487263,-0.461366,-3.53793
2608,1.304,4,2,4,0,0,0,0,0,0,-29.9337,-3.31466,-30.7216,4.65198,-20.7578,-27.0955,0,0,0,0,0,0,-1.83238,2.03621,-0.924262,0.494506,-0.465787,-3.55941
2609,1.3045,4,2,4,0,0,0,0,0,0,-29.9102,-3.04958,-30.7449,4.64423,-20.8576,-27.3295,0,0,0,0,0,0,-1.82924,2.05979,-0.916094,0.492561,-0.465284,-3.57285
2610,1.305,4,2,4,0,0,0,0,0,0,-29.8865,-2.78472,-30.7636,4.63191,-20.9594,-27.5627,0,0,0,0,0,0,-1.82541,2.08613,-0.902683,0.485218,-0.464097,-3.58417
2611,1.3055,4,2,4,0,0,0,0,0,0,-29.8572,-2.51951,-30.7809,4.61655,-21.0658,-27.7915,0,0,0,0,0,0,-1.81579,2.11726,-0.889568,0.479402,-0.462553,-3.59651
2612,1.306,4,2,4,0,0,0,0,0,0,-29.8212,-2.25168,-30.8002,4.60134,-21.1772,-28.0149,0,0,0,0,0,0,-1.80974,2.15024,-0.874026,0.475117,-0.458727,-3.60958
2613,1.3065,4,2,4,0,0,0,0,0,0,-29.7806,-1.98298,-30.8224,4.58709,-21.2921,-28.236,0,0,0,0,0,0,-1.805,2.1788,-0.865019,0.477314,-0.45464,-3.62247
2614,1.307,4,2,4,0,0,0,0,0,0,-29.7351,-1.71464,-30.8456,4.5741,-21.4075,-28.4578,0,0,0,0,0,0,-1.79682,2.20599,-0.85203,0.477813,-0.449539,-3.63476
2615,1.3075,4,2,4,0,0,0,0,0,0,-29.6873,-1.4464,-30.867,4.56189,-21.5201,-28.6813,0,0,0,0,0,0,-1.79822,2.23081,-0.841593,0.479712,-0.444243,-3.66157
2616,1.308,4,2,4,0,0,0,0,0,0,-29.6419,-1.17987,-30.8868,4.54967,-21.6305,-28.909,0,0,0,0,0,0,-1.79618,2.25345,-0.831626,0.481861,-0.438506,-3.68986
2617,1.3085,4,2,4,0,0,0,0,0,0,-29.6009,-0.91205,-30.9028,4.53736,-21.7367,-29.1438,0,0,0,0,0,0,-1.79232,2.27335,-0.821781,0.48241,-0.435608,-3.70668
2618,1.309,4,2,4,0,0,0,0,0,0,-29.5601,-0.640473,-30.9151,4.52665,-21.8383,-29.3808,0,0,0,0,0,0,-1.7883,2.30114,-0.818679,0.487785,-0.435244,-3.71999
2619,1.3095,4,2,4,0,0,0,0,0,0,-29.5201,-0.367304,-30.9254,4.51771,-21.9379,-29.6199,0,0,0,0,0,0,-1.77839,2.33332,-0.81474,0.490274,-0.440122,-3.73292
2620,1.31,4,2,4,0,0,0,0,0,0,-29.4845,-0.0950787,-30.9367,4.51167,-22.0364,-29.8655,0,0,0,0,0,0,-1.76743,2.36839,-0.814509,0.496309,-0.44543,-3.74483
2621,1.3105,4,2,4,0,0,0,0,0,0,-29.4534,0.176805,-30.9493,4.50907,-22.1314,-30.1177,0,0,0,0,0,0,-1.76489,2.39884,-0.817015,0.502643,-0.451014,-3.76048
2622,1.311,4,2,4,0,0,0,0,0,0,-29.42,0.447509,-30.9611,4.50497,-22.2261,-30.3668,0,0,0,0,0,0,-1.76389,2.42331,-0.819897,0.511654,-0.453519,-3.77716
2623,1.3115,4,2,4,0,0,0,0,0,0,-29.3863,0.715835,-30.9707,4.49742,-22.3202,-30.6134,0,0,0,0,0,0,-1.76118,2.44742,-0.816944,0.515464,-0.452419,-3.79262
2624,1.312,4,2,4,0,0,0,0,0,0,-29.3581,0.978528,-30.9778,4.48525,-22.4142,-30.8603,0,0,0,0,0,0,-1.76543,2.46948,-0.808674,0.514684,-0.447806,-3.81985
2625,1.3125,4,2,4,0,0,0,0,0,0,-29.3326,1.23846,-30.9805,4.47008,-22.5064,-31.108,0,0,0,0,0,0,-1.77007,2.48448,-0.793939,0.509436,-0.439709,-3.84001
2626,1.313,4,2,4,0,0,0,0,0,0,-29.2989,1.50012,-30.9749,4.4505,-22.5972,-31.3513,0,0,0,0,0,0,-1.78262,2.49973,-0.781751,0.50718,-0.433115,-3.86634
2627,1.3135,4,2,4,0,0,0,0,0,0,-29.2502,1.7655,-30.9575,4.42452,-22.686,-31.5847,0,0,0,0,0,0,-1.7769,2.52781,-0.767477,0.505002,-0.427649,-3.88077
2628,1.314,4,2,4,0,0,0,0,0,0,-29.192,2.03197,-30.931,4.39462,-22.7717,-31.815,0,0,0,0,0,0,-1.75244,2.55983,-0.752434,0.500259,-0.427223,-3.87629
2629,1.3145,4,2,4,0,0,0,0,0,0,-29.132,2.29851,-30.8969,4.36095,-22.8529,-32.047,0,0,0,0,0,0,-1.73282,2.59239,-0.736465,0.495115,-0.42599,-3.87504
2630,1.315,4,2,4,0,0,0,0,0,0,-29.0758,2.5646,-30.8603,4.32689,-22.9309,-32.2854,0,0,0,0,0,0,-1.70823,2.61997,-0.719018,0.488223,-0.424298,-3.87397
2631,1.3155,4,2,4,0,0,0,0,0,0,-29.0197,2.83111,-30.8264,4.29432,-23.0112,-32.5259,0,0,0,0,0,0,-1.69437,2.64624,-0.706153,0.486239,-0.42188,-3.89174
2632,1.316,4,2,4,0,0,0,0,0,0,-28.9692,3.09546,-30.8007,4.26591,-23.0965,-32.7754,0,0,0,0,0,0,-1.69179,2.67288,-0.70184,0.494107,-0.418408,-3.91939
2633,1.3165,4,2,4,0,0,0,0,0,0,-28.9282,3.35506,-30.7833,4.24263,-23.1852,-33.0333,0,0,0,0,0,0,-1.69366,2.69727,-0.704536,0.507031,-0.418413,-3.95176
2634,1.317,4,2,4,0,0,0,0,0,0,-28.8977,3.61277,-30.7723,4.22465,-23.2749,-33.2981,0,0,0,0,0,0,-1.69998,2.71961,-0.705211,0.51568,-0.41829,-3.98255
2635,1.3175,4,2,4,0,0,0,0,0,0,-28.8696,3.87209,-30.7641,4.20934,-23.3654,-33.5624,0,0,0,0,0,0,-1.69775,2.74765,-0.703586,0.520868,-0.420061,-4.00626
2636,1.318,4,2,4,0,0,0,0,0,0,-28.836,4.13417,-30.7511,4.19229,-23.4526,-33.8235,0,0,0,0,0,0,-1.69579,2.77343,-0.696026,0.520915,-0.420266,-4.02394
2637,1.3185,4,2,4,0,0,0,0,0,0,-28.7939,4.39878,-30.7297,4.1714,-23.5336,-34.0802,0,0,0,0,0,0,-1.69166,2.79603,-0.682572,0.51756,-0.416634,-4.03402
2638,1.319,4,2,4,0,0,0,0,0,0,-28.7472,4.66595,-30.6997,4.14656,-23.6075,-34.3361,0,0,0,0,0,0,-1.67667,2.81646,-0.670553,0.515864,-0.411898,-4.03023
2639,1.3195,4,2,4,0,0,0,0,0,0,-28.6973,4.93116,-30.6626,4.11829,-23.6752,-34.5889,0,0,0,0,0,0,-1.67732,2.84002,-0.661654,0.516748,-0.407554,-4.05189
2640,1.32,4,2,4,0,0,0,0,0,0,-28.6484,5.19243,-30.6192,4.08806,-23.7367,-34.8427,0,0,0,0,0,0,-1.67689,2.86346,-0.654955,0.519793,-0.402792,-4.07565
2641,1.3205,4,2,4,0,0,0,0,0,0,-28.5994,5.44825,-30.5693,4.0551,-23.7935,-35.0967,0,0,0,0,0,0,-1.67554,2.8836,-0.646124,0.520962,-0.398339,-4.09731
2642,1.321,4,2,4,0,0,0,0,0,0,-28.5517,5.70148,-30.5152,4.02135,-23.8479,-35.351,0,0,0,0,0,0,-1.67264,2.90444,-0.636973,0.519819,-0.397123,-4.11282
2643,1.3215,4,2,4,0,0,0,0,0,0,-28.5067,5.95459,-30.4587,3.9844,-23.9045,-35.6075,0,0,0,0,0,0,-1.66369,2.92545,-0.631187,0.52206,-0.396806,-4.12142
2644,1.322,4,2,4,0,0,0,0,0,0,-28.4644,6.20912,-30.4005,3.9454,-23.9627,-35.8706,0,0,0,0,0,0,-1.65472,2.94627,-0.620117,0.51938,-0.396716,-4.13515
2645,1.3225,4,2,4,0,0,0,0,0,0,-28.4195,6.46222,-30.3396,3.90501,-24.0209,-36.1344,0,0,0,0,0,0,-1.63841,2.97264,-0.605758,0.51626,-0.393144,-4.147
2646,1.323,4,2,4,0,0,0,0,0,0,-28.3677,6.71568,-30.279,3.86389,-24.0816,-36.3895,0,0,0,0,0,0,-1.62978,3.00177,-0.590573,0.511811,-0.390321,-4.16785
2647,1.3235,4,2,4,0,0,0,0,0,0,-28.3102,6.96963,-30.2257,3.82487,-24.1497,-36.6386,0,0,0,0,0,0,-1.61141,3.02257,-0.576351,0.508714,-0.387673,-4.16782
2648,1.324,4,2,4,0,0,0,0,0,0,-28.2507,7.22359,-30.1817,3.78968,-24.2242,-36.8877,0,0,0,0,0,0,-1.61359,3.04212,-0.564212,0.511411,-0.380008,-4.19659
2649,1.3245,4,2,4,0,0,0,0,0,0,-28.1922,7.47504,-30.1402,3.75489,-24.2991,-37.1378,0,0,0,0,0,0,-1.61038,3.05983,-0.554958,0.516987,-0.372265,-4.22022
2650,1.325,4,2,4,0,0,0,0,0,0,-28.1325,7.72628,-30.0896,3.71428,-24.367,-37.3878,0,0,0,0,0,0,-1.60296,3.0823,-0.545436,0.518933,-0.367027,-4.24193
2651,1.3255,4,2,4,0,0,0,0,0,0,-28.075,7.9792,-30.0276,3.66989,-24.424,-37.6409,0,0,0,0,0,0,-1.59681,3.10625,-0.532679,0.516516,-0.363009,-4.26035
2652,1.326,4,2,4,0,0,0,0,0,0,-28.0212,8.23275,-29.9539,3.62217,-24.4688,-37.9003,0,0,0,0,0,0,-1.58659,3.12873,-0.523857,0.516299,-0.361959,-4.26883
2653,1.3265,4,2,4,0,0,0,0,0,0,-27.9696,8.48499,-29.8702,3.57195,-24.5029,-38.1628,0,0,0,0,0,0,-1.57923,3.15374,-0.516912,0.51697,-0.361576,-4.27914
2654,1.327,4,2,4,0,0,0,0,0,0,-27.9204,8.73736,-29.7837,3.52396,-24.5308,-38.4261,0,0,0,0,0,0,-1.5673,3.18106,-0.507486,0.515788,-0.360384,-4.29087
2655,1.3275,4,2,4,0,0,0,0,0,0,-27.8754,8.98932,-29.7018,3.48222,-24.5581,-38.6952,0,0,0,0,0,0,-1.56312,3.20754,-0.504086,0.521855,-0.359992,-4.31007
2656,1.328,4,2,4,0,0,0,0,0,0,-27.8379,9.23762,-29.6273,3.44801,-24.5868,-38.9776,0,0,0,0,0,0,-1.56892,3.23127,-0.505322,0.536157,-0.355377,-4.34827
2657,1.3285,4,2,4,0,0,0,0,0,0,-27.8004,9.48076,-29.5556,3.41435,-24.6186,-39.264,0,0,0,0,0,0,-1.57829,3.25292,-0.504643,0.551955,-0.346939,-4.39218
2658,1.329,4,2,4,0,0,0,0,0,0,-27.7573,9.72244,-29.4837,3.37553,-24.6568,-39.5402,0,0,0,0,0,0,-1.5724,3.2718,-0.499254,0.557867,-0.34344,-4.41344
2659,1.3295,4,2,4,0,0,0,0,0,0,-27.7055,9.96645,-29.4147,3.33266,-24.7043,-39.8042,0,0,0,0,0,0,-1.57078,3.28737,-0.480649,0.549633,-0.33441,-4.43069
2660,1.33,4,2,4,0,0,0,0,0,0,-27.648,10.2122,-29.3469,3.28804,-24.7565,-40.0648,0,0,0,0,0,0,-1.55783,3.30439,-0.457335,0.536579,-0.327381,-4.43451
2661,1.3305,4,2,4,0,0,0,0,0,0,-27.5843,10.4587,-29.2787,3.2448,-24.8074,-40.3227,0,0,0,0,0,0,-1.53764,3.32163,-0.435754,0.526319,-0.320147,-4.42816
2662,1.331,4,2,4,0,0,0,0,0,0,-27.5125,10.7044,-29.2045,3.19968,-24.8523,-40.5735,0,0,0,0,0,0,-1.52102,3.34538,-0.415465,0.516147,-0.316507,-4.43408
2663,1.3315,4,2,4,0,0,0,0,0,0,-27.4386,10.9482,-29.1236,3.15258,-24.8896,-40.8214,0,0,0,0,0,0,-1.50045,3.36503,-0.40222,0.512281,-0.314387,-4.43926
2664,1.332,4,2,4,0,0,0,0,0,0,-27.3692,11.1905,-29.0348,3.10199,-24.9177,-41.0736,0,0,0,0,0,0,-1.48313,3.38148,-0.391717,0.510878,-0.31306,-4.44283
2665,1.3325,4,2,4,0,0,0,0,0,0,-27.3009,11.4315,-28.9322,3.04126,-24.9369,-41.3272,0,0,0,0,0,0,-1.47349,3.40299,-0.384742,0.515549,-0.310267,-4.46018
2666,1.333,4,2,4,0,0,0,0,0,0,-27.2343,11.6719,-28.8187,2.97279,-24.9493,-41.5824,0,0,0,0,0,0,-1.46328,3.42359,-0.378917,0.518856,-0.309844,-4.4774
2667,1.3335,4,2,4,0,0,0,0,0,0,-27.1753,11.9126,-28.7016,2.90215,-24.959,-41.8451,0,0,0,0,0,0,-1.45321,3.44731,-0.371134,0.519675,-0.3115,-4.49362
2668,1.334,4,2,4,0,0,0,0,0,0,-27.1244,12.1504,-28.5836,2.83091,-24.9667,-42.1158,0,0,0,0,0,0,-1.45161,3.46763,-0.365878,0.524515,-0.310219,-4.51531
2669,1.3345,4,2,4,0,0,0,0,0,0,-27.0831,12.386,-28.47,2.76427,-24.9731,-42.3986,0,0,0,0,0,0,-1.4516,3.48932,-0.357326,0.528257,-0.304611,-4.53756
2670,1.335,4,2,4,0,0,0,0,0,0,-27.0444,12.6209,-28.3661,2.70658,-24.9831,-42.6881,0,0,0,0,0,0,-1.44814,3.51192,-0.346058,0.532831,-0.294234,-4.56069
2671,1.3355,4,2,4,0,0,0,0,0,0,-26.9997,12.8549,-28.2708,2.65628,-24.9983,-42.9757,0,0,0,0,0,0,-1.45077,3.52392,-0.330889,0.533128,-0.280879,-4.5864
2672,1.336,4,2,4,0,0,0,0,0,0,-26.9494,13.0871,-28.1794,2.60909,-25.0155,-43.2591,0,0,0,0,0,0,-1.4514,3.53448,-0.317312,0.536341,-0.265593,-4.61058
2673,1.3365,4,2,4,0,0,0,0,0,0,-26.8921,13.3184,-28.0865,2.55921,-25.033,-43.5327,0,0,0,0,0,0,-1.4604,3.55174,-0.307821,0.543,-0.251745,-4.64786
2674,1.337,4,2,4,0,0,0,0,0,0,-26.8357,13.5502,-27.9902,2.50721,-25.0475,-43.805,0,0,0,0,0,0,-1.45706,3.56636,-0.29291,0.539056,-0.243022,-4.66643
2675,1.3375,4,2,4,0,0,0,0,0,0,-26.7725,13.7842,-27.8863,2.45196,-25.0572,-44.0712,0,0,0,0,0,0,-1.43555,3.58237,-0.273661,0.529841,-0.237093,-4.66152
2676,1.338,4,2,4,0,0,0,0,0,0,-26.6984,14.0194,-27.7729,2.39273,-25.0605,-44.3292,0,0,0,0,0,0,-1.42405,3.60451,-0.256729,0.526723,-0.23013,-4.67561
2677,1.3385,4,2,4,0,0,0,0,0,0,-26.6105,14.256,-27.6539,2.33131,-25.0611,-44.5742,0,0,0,0,0,0,-1.39869,3.62655,-0.241529,0.525147,-0.229119,-4.67442
2678,1.339,4,2,4,0,0,0,0,0,0,-26.5185,14.4924,-27.5369,2.2729,-25.0618,-44.8169,0,0,0,0,0,0,-1.38291,3.65029,-0.235991,0.533766,-0.229226,-4.68946
2679,1.3395,4,2,4,0,0,0,0,0,0,-26.4365,14.7259,-27.4266,2.21899,-25.0629,-45.0684,0,0,0,0,0,0,-1.36237,3.66594,-0.228333,0.539505,-0.226973,-4.69704
2680,1.34,4,2,4,0,0,0,0,0,0,-26.3717,14.9579,-27.3189,2.16581,-25.0609,-45.3341,0,0,0,0,0,0,-1.35288,3.68033,-0.217619,0.540529,-0.221401,-4.71012
2681,1.3405,4,2,4,0,0,0,0,0,0,-26.3172,15.1887,-27.2094,2.10865,-25.0573,-45.6058,0,0,0,0,0,0,-1.34878,3.69422,-0.207387,0.540663,-0.214472,-4.72827
2682,1.341,4,2,4,0,0,0,0,0,0,-26.2667,15.4189,-27.0949,2.04702,-25.0504,-45.8836,0,0,0,0,0,0,-1.34878,3.71418,-0.196119,0.540238,-0.206432,-4.75089
2683,1.3415,4,2,4,0,0,0,0,0,0,-26.2167,15.6465,-26.9752,1.98351,-25.039,-46.1688,0,0,0,0,0,0,-1.33743,3.73043,-0.179008,0.531895,-0.20052,-4.75702
2684,1.342,4,2,4,0,0,0,0,0,0,-26.1601,15.8718,-26.8488,1.9174,-25.0223,-46.4496,0,0,0,0,0,0,-1.3236,3.74679,-0.162907,0.524895,-0.193759,-4.76177
2685,1.3425,4,2,4,0,0,0,0,0,0,-26.0951,16.0935,-26.7161,1.84863,-25.0001,-46.7206,0,0,0,0,0,0,-1.31551,3.76407,-0.144475,0.519011,-0.182302,-4.77476
2686,1.343,4,2,4,0,0,0,0,0,0,-26.0266,16.3116,-26.5776,1.77704,-24.972,-46.9876,0,0,0,0,0,0,-1.31533,3.78477,-0.132686,0.522414,-0.171217,-4.80084
2687,1.3435,4,2,4,0,0,0,0,0,0,-25.9562,16.5277,-26.4343,1.70086,-24.9406,-47.2518,0,0,0,0,0,0,-1.31099,3.79696,-0.127513,0.529841,-0.166377,-4.82235
2688,1.344,4,2,4,0,0,0,0,0,0,-25.8808,16.7453,-26.2874,1.61943,-24.911,-47.509,0,0,0,0,0,0,-1.30282,3.80916,-0.116415,0.530646,-0.160246,-4.84207
2689,1.3445,4,2,4,0,0,0,0,0,0,-25.8002,16.9657,-26.141,1.53635,-24.8869,-47.7604,0,0,0,0,0,0,-1.28066,3.82545,-0.0974358,0.523572,-0.153482,-4.8504
2690,1.345,4,2,4,0,0,0,0,0,0,-25.72,17.1855,-25.9967,1.45497,-24.8646,-48.0132,0,0,0,0,0,0,-1.2575,3.84355,-0.0810343,0.520506,-0.148182,-4.85617
2691,1.3455,4,2,4,0,0,0,0,0,0,-25.6443,17.4043,-25.8584,1.38183,-24.8412,-48.2714,0,0,0,0,0,0,-1.24217,3.86853,-0.0660639,0.51872,-0.145013,-4.86881
2692,1.346,4,2,4,0,0,0,0,0,0,-25.5727,17.6214,-25.7309,1.32005,-24.8187,-48.5344,0,0,0,0,0,0,-1.23197,3.88464,-0.0522936,0.519045,-0.138308,-4.88359
2693,1.3465,4,2,4,0,0,0,0,0,0,-25.5038,17.8372,-25.6145,1.2702,-24.7977,-48.8027,0,0,0,0,0,0,-1.22748,3.8894,-0.041823,0.520635,-0.129701,-4.8983
2694,1.347,4,2,4,0,0,0,0,0,0,-25.4335,18.0512,-25.4991,1.22174,-24.7743,-49.0707,0,0,0,0,0,0,-1.22156,3.89316,-0.0337284,0.524918,-0.119962,-4.91234
2695,1.3475,4,2,4,0,0,0,0,0,0,-25.36,18.2674,-25.3743,1.16493,-24.7448,-49.3359,0,0,0,0,0,0,-1.2134,3.90662,-0.0225467,0.527107,-0.109035,-4.92654
2696,1.348,4,2,4,0,0,0,0,0,0,-25.2843,18.4856,-25.236,1.0962,-24.7073,-49.5975,0,0,0,0,0,0,-1.21525,3.92879,-0.0104823,0.528168,-0.0984668,-4.9565
2697,1.3485,4,2,4,0,0,0,0,0,0,-25.2116,18.7037,-25.0866,1.02003,-24.66,-49.8635,0,0,0,0,0,0,-1.21336,3.9481,-0.000491391,0.531355,-0.0907349,-4.97896
2698,1.349,4,2,4,0,0,0,0,0,0,-25.1441,18.9199,-24.9323,0.940888,-24.6064,-50.1357,0,0,0,0,0,0,-1.21014,3.96543,0.0053748,0.541139,-0.0823033,-5.00253
2699,1.3495,4,2,4,0,0,0,0,0,0,-25.0811,19.1347,-24.7813,0.865475,-24.5522,-50.4146,0,0,0,0,0,0,-1.20491,3.98573,0.0141011,0.546593,-0.0772278,-5.02129
2700,1.35,4,2,4,0,0,0,0,0,0,-25.0225,19.3472,-24.6356,0.795009,-24.4991,-50.7002,0,0,0,0,0,0,-1.19574,4.00508,0.0221428,0.554237,-0.0703033,-5.03626
2701,1.3505,4,2,4,0,0,0,0,0,0,-24.9588,19.5554,-24.4919,0.725912,-24.4482,-50.9787,0,0,0,0,0,0,-1.18903,4.02091,0.0352279,0.556061,-0.0590034,-5.06012
2702,1.351,4,2,4,0,0,0,0,0,0,-24.8923,19.761,-24.3512,0.658331,-24.4008,-51.2526,0,0,0,0,0,0,-1.18068,4.0323,0.0512057,0.554332,-0.0478248,-5.0813
2703,1.3515,4,2,4,0,0,0,0,0,0,-24.8165,19.9661,-24.2088,0.588056,-24.357,-51.5155,0,0,0,0,0,0,-1.16989,4.03674,0.0622344,0.557451,-0.0383714,-5.09753
2704,1.352,4,2,4,0,0,0,0,0,0,-24.7343,20.1702,-24.0648,0.515533,-24.3146,-51.7718,0,0,0,0,0,0,-1.14951,4.04606,0.0822768,0.549443,-0.0306458,-5.09854
2705,1.3525,4,2,4,0,0,0,0,0,0,-24.6485,20.3761,-23.9192,0.443016,-24.2707,-52.0242,0,0,0,0,0,0,-1.13026,4.05522,0.107115,0.534854,-0.020161,-5.09892
2706,1.353,4,2,4,0,0,0,0,0,0,-24.5547,20.5825,-23.7706,0.369411,-24.2242,-52.265,0,0,0,0,0,0,-1.1043,4.06429,0.130854,0.521986,-0.0103888,-5.09087
2707,1.3535,4,2,4,0,0,0,0,0,0,-24.459,20.7863,-23.6173,0.292661,-24.1714,-52.5028,0,0,0,0,0,0,-1.0862,4.07816,0.144585,0.519791,-0.00629187,-5.09257
2708,1.354,4,2,4,0,0,0,0,0,0,-24.3602,20.9858,-23.4554,0.208961,-24.1105,-52.7357,0,0,0,0,0,0,-1.07174,4.09255,0.151436,0.524424,-0.00427381,-5.10005
2709,1.3545,4,2,4,0,0,0,0,0,0,-24.2636,21.1838,-23.2884,0.122277,-24.043,-52.9694,0,0,0,0,0,0,-1.06013,4.10586,0.15735,0.531067,0.000396356,-5.11159
2710,1.355,4,2,4,0,0,0,0,0,0,-24.1732,21.3842,-23.1213,0.0365702,-23.9736,-53.2091,0,0,0,0,0,0,-1.05145,4.122,0.168551,0.533126,0.00786522,-5.12839
2711,1.3555,4,2,4,0,0,0,0,0,0,-24.0926,21.5852,-22.9534,-0.0488317,-23.901,-53.4599,0,0,0,0,0,0,-1.04084,4.13534,0.1802,0.53339,0.0136726,-5.13899
2712,1.356,4,2,4,0,0,0,0,0,0,-24.0246,21.7877,-22.7901,-0.126847,-23.8255,-53.7256,0,0,0,0,0,0,-1.03406,4.15116,0.193262,0.533152,0.0206867,-5.15587
2713,1.3565,4,2,4,0,0,0,0,0,0,-23.9606,21.988,-22.6333,-0.196974,-23.7501,-53.9939,0,0,0,0,0,0,-1.0266,4.16826,0.208073,0.532995,0.0314346,-5.17605
2714,1.357,4,2,4,0,0,0,0,0,0,-23.8943,22.18,-22.4822,-0.260737,-23.6753,-54.2613,0,0,0,0,0,0,-1.01729,4.18035,0.221062,0.534828,0.0433295,-5.19338
2715,1.3575,4,2,4,0,0,0,0,0,0,-23.8243,22.3675,-22.331,-0.32306,-23.5988,-54.5276,0,0,0,0,0,0,-1.01864,4.19236,0.229972,0.542781,0.0579611,-5.22797
2716,1.358,4,2,4,0,0,0,0,0,0,-23.7456,22.5536,-22.1713,-0.392753,-23.519,-54.7839,0,0,0,0,0,0,-1.0089,4.19743,0.248051,0.539262,0.0734655,-5.2397
2717,1.3585,4,2,4,0,0,0,0,0,0,-23.6597,22.7402,-22.0029,-0.470396,-23.4355,-55.0325,0,0,0,0,0,0,-1.00069,4.20333,0.26516,0.535465,0.0861898,-5.25809
2718,1.359,4,2,4,0,0,0,0,0,0,-23.5732,22.9276,-21.828,-0.555749,-23.3495,-55.2816,0,0,0,0,0,0,-0.982936,4.20846,0.277353,0.534738,0.092465,-5.26408
2719,1.3595,4,2,4,0,0,0,0,0,0,-23.4888,23.1163,-21.6525,-0.641639,-23.2627,-55.5353,0,0,0,0,0,0,-0.971786,4.21856,0.291058,0.534055,0.100031,-5.27889
2720,1.36,4,2,4,0,0,0,0,0,0,-23.4004,23.3076,-21.4809,-0.723237,-23.1785,-55.7863,0,0,0,0,0,0,-0.953901,4.23195,0.306467,0.533624,0.107283,-5.28755
2721,1.3605,4,2,4,0,0,0,0,0,0,-23.3156,23.4987,-21.3157,-0.797662,-23.0944,-56.0426,0,0,0,0,0,0,-0.9406,4.24729,0.309826,0.546331,0.111213,-5.30167
2722,1.361,4,2,4,0,0,0,0,0,0,-23.2367,23.6896,-21.158,-0.864699,-23.0107,-56.301,0,0,0,0,0,0,-0.944391,4.26239,0.315771,0.556033,0.122044,-5.33397
2723,1.3615,4,2,4,0,0,0,0,0,0,-23.153,23.8782,-21.0043,-0.929379,-22.93,-56.5492,0,0,0,0,0,0,-0.938751,4.26935,0.326388,0.55772,0.132355,-5.34383
2724,1.362,4,2,4,0,0,0,0,0,0,-23.0638,24.0654,-20.8505,-0.99492,-22.85,-56.7887,0,0,0,0,0,0,-0.928437,4.27258,0.336542,0.56037,0.142598,-5.35295
2725,1.3625,4,2,4,0,0,0,0,0,0,-22.973,24.2516,-20.6897,-1.0662,-22.7648,-57.0251,0,0,0,0,0,0,-0.915666,4.27931,0.350665,0.557013,0.151821,-5.3605
2726,1.363,4,2,4,0,0,0,0,0,0,-22.8825,24.4397,-20.5199,-1.14415,-22.6718,-57.2624,0,0,0,0,0,0,-0.903418,4.28951,0.372215,0.547127,0.164808,-5.36724
2727,1.3635,4,2,4,0,0,0,0,0,0,-22.7933,24.6282,-20.3427,-1.22636,-22.5703,-57.4992,0,0,0,0,0,0,-0.889918,4.3014,0.388016,0.546466,0.176229,-5.37912
2728,1.364,4,2,4,0,0,0,0,0,0,-22.6971,24.8099,-20.1589,-1.31313,-22.4625,-57.7279,0,0,0,0,0,0,-0.876847,4.31721,0.396981,0.553717,0.183297,-5.39293
2729,1.3645,4,2,4,0,0,0,0,0,0,-22.5966,24.9852,-19.9742,-1.39948,-22.3523,-57.9501,0,0,0,0,0,0,-0.868329,4.3338,0.404456,0.565434,0.19298,-5.41475
2730,1.365,4,2,4,0,0,0,0,0,0,-22.4955,25.1598,-19.7939,-1.48231,-22.2459,-58.1704,0,0,0,0,0,0,-0.854524,4.34958,0.419052,0.566514,0.200924,-5.42808
2731,1.3655,4,2,4,0,0,0,0,0,0,-22.4005,25.3337,-19.6182,-1.56137,-22.1411,-58.4005,0,0,0,0,0,0,-0.837778,4.35829,0.432786,0.567561,0.210402,-5.43367
2732,1.366,4,2,4,0,0,0,0,0,0,-22.3126,25.5074,-19.4478,-1.63471,-22.0377,-58.6422,0,0,0,0,0,0,-0.834731,4.36374,0.448014,0.566933,0.22531,-5.45419
2733,1.3665,4,2,4,0,0,0,0,0,0,-22.2261,25.6809,-19.2806,-1.70344,-21.9354,-58.8876,0,0,0,0,0,0,-0.821729,4.36511,0.467094,0.561305,0.240678,-5.46252
2734,1.367,4,2,4,0,0,0,0,0,0,-22.1357,25.8532,-19.1144,-1.76897,-21.8324,-59.1283,0,0,0,0,0,0,-0.799202,4.36657,0.482578,0.55788,0.249662,-5.4579
2735,1.3675,4,2,4,0,0,0,0,0,0,-22.0422,26.0242,-18.9474,-1.83227,-21.7254,-59.3667,0,0,0,0,0,0,-0.787524,4.37459,0.497739,0.556197,0.26112,-5.47289
2736,1.368,4,2,4,0,0,0,0,0,0,-21.9408,26.1948,-18.7736,-1.90293,-21.6147,-59.5958,0,0,0,0,0,0,-0.776283,4.37831,0.509093,0.55798,0.272204,-5.48731
2737,1.3685,4,2,4,0,0,0,0,0,0,-21.8333,26.3649,-18.5913,-1.98298,-21.5,-59.818,0,0,0,0,0,0,-0.766839,4.3876,0.514598,0.567954,0.28053,-5.50573
2738,1.369,4,2,4,0,0,0,0,0,0,-21.7278,26.5345,-18.4022,-2.07111,-21.3807,-60.0413,0,0,0,0,0,0,-0.749081,4.39438,0.52383,0.56976,0.28433,-5.50722
2739,1.3695,4,2,4,0,0,0,0,0,0,-21.6324,26.7068,-18.2148,-2.15561,-21.2578,-60.2774,0,0,0,0,0,0,-0.725172,4.40011,0.537626,0.567121,0.289557,-5.50171
2740,1.37,4,2,4,0,0,0,0,0,0,-21.5473,26.8802,-18.0307,-2.23331,-21.1304,-60.5257,0,0,0,0,0,0,-0.718159,4.41501,0.547831,0.570677,0.296196,-5.51738
2741,1.3705,4,2,4,0,0,0,0,0,0,-21.4671,27.0528,-17.8519,-2.30461,-21.0023,-60.7753,0,0,0,0,0,0,-0.713264,4.43138,0.558797,0.576496,0.306224,-5.54036
2742,1.371,4,2,4,0,0,0,0,0,0,-21.3912,27.2247,-17.6813,-2.36612,-20.8757,-61.028,0,0,0,0,0,0,-0.702382,4.4389,0.570374,0.583072,0.319927,-5.55899
2743,1.3715,4,2,4,0,0,0,0,0,0,-21.3031,27.3921,-17.5122,-2.42889,-20.7534,-61.2621,0,0,0,0,0,0,-0.698531,4.44873,0.58049,0.589924,0.334195,-5.5851
2744,1.372,4,2,4,0,0,0,0,0,0,-21.2001,27.5526,-17.3394,-2.49934,-20.6346,-61.4751,0,0,0,0,0,0,-0.691029,4.45368,0.594771,0.590602,0.349125,-5.59916
2745,1.3725,4,2,4,0,0,0,0,0,0,-21.0856,27.7081,-17.1604,-2.57867,-20.5166,-61.6729,0,0,0,0,0,0,-0.680933,4.45764,0.611064,0.590636,0.364647,-5.6098
2746,1.373,4,2,4,0,0,0,0,0,0,-20.9647,27.8623,-16.9733,-2.66556,-20.3947,-61.8643,0,0,0,0,0,0,-0.661783,4.46133,0.628573,0.587365,0.375718,-5.61142
2747,1.3735,4,2,4,0,0,0,0,0,0,-20.8418,28.0165,-16.7819,-2.75537,-20.2685,-62.0565,0,0,0,0,0,0,-0.631238,4.45885,0.650452,0.5746,0.383417,-5.59261
2748,1.374,4,2,4,0,0,0,0,0,0,-20.7227,28.1709,-16.5919,-2.84009,-20.1378,-62.257,0,0,0,0,0,0,-0.617878,4.46546,0.663236,0.576554,0.391981,-5.6045
2749,1.3745,4,2,4,0,0,0,0,0,0,-20.6123,28.3278,-16.4086,-2.91438,-20.0056,-62.472,0,0,0,0,0,0,-0.604712,4.47209,0.669988,0.586872,0.400231,-5.61678
2750,1.375,4,2,4,0,0,0,0,0,0,-20.4995,28.486,-16.2272,-2.98657,-19.8749,-62.6795,0,0,0,0,0,0,-0.588406,4.47415,0.677922,0.594703,0.409771,-5.61838
2751,1.3755,4,2,4,0,0,0,0,0,0,-20.3864,28.6438,-16.0499,-3.05322,-19.7453,-62.8839,0,0,0,0,0,0,-0.572896,4.47932,0.688825,0.597428,0.417574,-5.61995
2752,1.376,4,2,4,0,0,0,0,0,0,-20.2741,28.8003,-15.8746,-3.11663,-19.6163,-63.0887,0,0,0,0,0,0,-0.556149,4.48147,0.704839,0.592589,0.427735,-5.62286
2753,1.3765,4,2,4,0,0,0,0,0,0,-20.1646,28.9564,-15.6998,-3.17846,-19.4852,-63.296,0,0,0,0,0,0,-0.548383,4.4859,0.722781,0.586381,0.442241,-5.64053
2754,1.377,4,2,4,0,0,0,0,0,0,-20.053,29.1091,-15.5207,-3.24356,-19.3495,-63.4997,0,0,0,0,0,0,-0.535895,4.49119,0.737892,0.582824,0.452906,-5.64876
2755,1.3775,4,2,4,0,0,0,0,0,0,-19.9393,29.2604,-15.3361,-3.31411,-19.2082,-63.7,0,0,0,0,0,0,-0.523479,4.49526,0.751148,0.582686,0.463536,-5.65844
2756,1.378,4,2,4,0,0,0,0,0,0,-19.8295,29.412,-15.1462,-3.38948,-19.0598,-63.9053,0,0,0,0,0,0,-0.509543,4.50405,0.760041,0.589472,0.472287,-5.67003
2757,1.3785,4,2,4,0,0,0,0,0,0,-19.723,29.5642,-14.9562,-3.46521,-18.9095,-64.1155,0,0,0,0,0,0,-0.503143,4.5202,0.763914,0.604886,0.481488,-5.69564
2758,1.379,4,2,4,0,0,0,0,0,0,-19.6203,29.717,-14.7697,-3.53659,-18.7596,-64.3294,0,0,0,0,0,0,-0.500171,4.53833,0.771057,0.619597,0.494494,-5.72702
2759,1.3795,4,2,4,0,0,0,0,0,0,-19.5212,29.8646,-14.5859,-3.60464,-18.6092,-64.5473,0,0,0,0,0,0,-0.491401,4.55199,0.780255,0.631435,0.506284,-5.75221
2760,1.38,4,2,4,0,0,0,0,0,0,-19.4283,30.0092,-14.4096,-3.66373,-18.4609,-64.7739,0,0,0,0,0,0,-0.482659,4.55749,0.792647,0.636253,0.51967,-5.76698
2761,1.3805,4,2,4,0,0,0,0,0,0,-19.332,30.1497,-14.2395,-3.71666,-18.3173,-64.9953,0,0,0,0,0,0,-0.467895,4.55663,0.8093,0.631911,0.532616,-5.77043
2762,1.381,4,2,4,0,0,0,0,0,0,-19.2245,30.2868,-14.0674,-3.77295,-18.1758,-65.1997,0,0,0,0,0,0,-0.452249,4.55252,0.824903,0.627781,0.544715,-5.77074
2763,1.3815,4,2,4,0,0,0,0,0,0,-19.1019,30.4229,-13.8874,-3.83712,-18.0328,-65.3825,0,0,0,0,0,0,-0.432256,4.54823,0.838932,0.626715,0.555908,-5.77058
2764,1.382,4,2,4,0,0,0,0,0,0,-18.9696,30.5569,-13.6963,-3.91138,-17.8842,-65.5508,0,0,0,0,0,0,-0.415701,4.54361,0.853951,0.624322,0.568053,-5.77008
2765,1.3825,4,2,4,0,0,0,0,0,0,-18.8361,30.6932,-13.4951,-3.99386,-17.728,-65.7179,0,0,0,0,0,0,-0.398792,4.54507,0.863835,0.629321,0.575864,-5.77077
2766,1.383,4,2,4,0,0,0,0,0,0,-18.7125,30.8314,-13.2933,-4.07311,-17.566,-65.9018,0,0,0,0,0,0,-0.388384,4.55052,0.875631,0.634356,0.587693,-5.78227
2767,1.3835,4,2,4,0,0,0,0,0,0,-18.5991,30.969,-13.096,-4.14483,-17.4014,-66.0994,0,0,0,0,0,0,-0.375204,4.55376,0.88615,0.640643,0.598057,-5.79173
2768,1.384,4,2,4,0,0,0,0,0,0,-18.4928,31.1082,-12.9074,-4.20678,-17.2393,-66.304,0,0,0,0,0,0,-0.355816,4.55365,0.897153,0.643863,0.606251,-5.78914
2769,1.3845,4,2,4,0,0,0,0,0,0,-18.3877,31.2495,-12.7279,-4.25886,-17.0813,-66.5071,0,0,0,0,0,0,-0.344774,4.55797,0.908828,0.646352,0.617274,-5.79783
2770,1.385,4,2,4,0,0,0,0,0,0,-18.2761,31.3903,-12.5516,-4.30892,-16.9265,-66.6995,0,0,0,0,0,0,-0.344681,4.56291,0.918594,0.653222,0.633048,-5.82305
2771,1.3855,4,2,4,0,0,0,0,0,0,-18.1593,31.531,-12.3731,-4.36295,-16.7721,-66.8828,0,0,0,0,0,0,-0.340643,4.56603,0.926914,0.661003,0.646365,-5.84193
2772,1.386,4,2,4,0,0,0,0,0,0,-18.0377,31.6698,-12.1869,-4.42687,-16.6146,-67.0576,0,0,0,0,0,0,-0.336174,4.57608,0.936274,0.667522,0.657732,-5.8603
2773,1.3865,4,2,4,0,0,0,0,0,0,-17.9125,31.8018,-11.9936,-4.49979,-16.4526,-67.228,0,0,0,0,0,0,-0.322299,4.58519,0.946297,0.674288,0.667087,-5.87275
2774,1.387,4,2,4,0,0,0,0,0,0,-17.7813,31.9265,-11.7974,-4.5778,-16.2892,-67.3873,0,0,0,0,0,0,-0.292271,4.58318,0.96186,0.670417,0.672729,-5.85612
2775,1.3875,4,2,4,0,0,0,0,0,0,-17.6533,32.0498,-11.6053,-4.65069,-16.1251,-67.5521,0,0,0,0,0,0,-0.268108,4.58567,0.97596,0.669938,0.679378,-5.85004
2776,1.388,4,2,4,0,0,0,0,0,0,-17.5241,32.1699,-11.4167,-4.72093,-15.9621,-67.714,0,0,0,0,0,0,-0.257784,4.59667,0.988162,0.677493,0.692857,-5.86738
2777,1.3885,4,2,4,0,0,0,0,0,0,-17.3985,32.2907,-11.2357,-4.78137,-15.8012,-67.8834,0,0,0,0,0,0,-0.238794,4.59565,0.998924,0.683855,0.704351,-5.87121
2778,1.389,4,2,4,0,0,0,0,0,0,-17.2726,32.4128,-11.0585,-4.83737,-15.643,-68.0544,0,0,0,0,0,0,-0.222234,4.59312,1.01545,0.679747,0.717379,-5.87628
2779,1.3895,4,2,4,0,0,0,0,0,0,-17.1429,32.5328,-10.8813,-4.89319,-15.4858,-68.2212,0,0,0,0,0,0,-0.207922,4.59081,1.02963,0.677959,0.728709,-5.88599
2780,1.39,4,2,4,0,0,0,0,0,0,-17.0106,32.6521,-10.7007,-4.95196,-15.3269,-68.3855,0,0,0,0,0,0,-0.18715,4.5865,1.04339,0.675939,0.737771,-5.88318
2781,1.3905,4,2,4,0,0,0,0,0,0,-16.8683,32.77,-10.5113,-5.02036,-15.1646,-68.5351,0,0,0,0,0,0,-0.170369,4.58813,1.05792,0.677173,0.749671,-5.88523
2782,1.391,4,2,4,0,0,0,0,0,0,-16.722,32.8887,-10.3157,-5.09258,-14.9964,-68.6807,0,0,0,0,0,0,-0.154642,4.59279,1.07093,0.682472,0.761474,-5.89034
2783,1.3915,4,2,4,0,0,0,0,0,0,-16.5798,33.0103,-10.1207,-5.15784,-14.823,-68.8321,0,0,0,0,0,0,-0.13873,4.59787,1.08193,0.690873,0.772579,-5.8977
2784,1.392,4,2,4,0,0,0,0,0,0,-16.4532,33.1393,-9.93069,-5.21043,-14.6439,-69.0058,0,0,0,0,0,0,-0.133654,4.60814,1.09057,0.702681,0.785949,-5.91765
2785,1.3925,4,2,4,0,0,0,0,0,0,-16.3376,33.2709,-9.74728,-5.25323,-14.4647,-69.196,0,0,0,0,0,0,-0.131986,4.61692,1.09994,0.712334,0.801308,-5.93615
2786,1.393,4,2,4,0,0,0,0,0,0,-16.2356,33.4065,-9.57413,-5.28173,-14.287,-69.4063,0,0,0,0,0,0,-0.126046,4.61899,1.10462,0.723935,0.81197,-5.95082
2787,1.3935,4,2,4,0,0,0,0,0,0,-16.1328,33.5385,-9.40558,-5.30693,-14.1129,-69.612,0,0,0,0,0,0,-0.114938,4.62179,1.11523,0.730685,0.824741,-5.96874
2788,1.394,4,2,4,0,0,0,0,0,0,-16.014,33.6629,-9.23108,-5.34451,-13.9419,-69.7888,0,0,0,0,0,0,-0.108789,4.62886,1.12263,0.743308,0.836907,-5.99528
2789,1.3945,4,2,4,0,0,0,0,0,0,-15.8802,33.7798,-9.04765,-5.39723,-13.7706,-69.9411,0,0,0,0,0,0,-0.102141,4.63345,1.1284,0.756622,0.847919,-6.01176
2790,1.395,4,2,4,0,0,0,0,0,0,-15.7322,33.8867,-8.85484,-5.46415,-13.5976,-70.0698,0,0,0,0,0,0,-0.0896487,4.63882,1.13776,0.763316,0.857263,-6.01952
2791,1.3955,4,2,4,0,0,0,0,0,0,-15.5819,33.9882,-8.65947,-5.53343,-13.4221,-70.1936,0,0,0,0,0,0,-0.0770374,4.6368,1.14424,0.772288,0.865495,-6.02715
2792,1.396,4,2,4,0,0,0,0,0,0,-15.4388,34.0859,-8.46654,-5.59746,-13.2442,-70.326,0,0,0,0,0,0,-0.0432091,4.63297,1.16266,0.769889,0.873775,-6.01043
2793,1.3965,4,2,4,0,0,0,0,0,0,-15.3078,34.1828,-8.27975,-5.64944,-13.0623,-70.4774,0,0,0,0,0,0,-0.0224251,4.63173,1.17966,0.768592,0.884955,-6.01172
2794,1.397,4,2,4,0,0,0,0,0,0,-15.1743,34.2776,-8.09785,-5.69292,-12.8813,-70.6267,0,0,0,0,0,0,-0.0037648,4.62011,1.19362,0.766042,0.895953,-6.01353
2795,1.3975,4,2,4,0,0,0,0,0,0,-15.0321,34.3689,-7.91946,-5.73251,-12.7045,-70.7626,0,0,0,0,0,0,0.0257252,4.6013,1.20799,0.76152,0.904947,-5.99689
2796,1.398,4,2,4,0,0,0,0,0,0,-14.8782,34.454,-7.74038,-5.77658,-12.5316,-70.8801,0,0,0,0,0,0,0.0479617,4.5898,1.22088,0.763561,0.917228,-5.9897
2797,1.3985,4,2,4,0,0,0,0,0,0,-14.7087,34.5329,-7.55358,-5.83686,-12.3612,-70.9713,0,0,0,0,0,0,0.0725491,4.58101,1.23386,0.766436,0.928324,-5.98331
2798,1.399,4,2,4,0,0,0,0,0,0,-14.5292,34.6057,-7.35866,-5.91312,-12.1907,-71.0457,0,0,0,0,0,0,0.109985,4.56889,1.25302,0.759597,0.936102,-5.95283
2799,1.3995,4,2,4,0,0,0,0,0,0,-14.351,34.6757,-7.16181,-5.99318,-12.0182,-71.1236,0,0,0,0,0,0,0.129333,4.5618,1.26973,0.755947,0.94739,-5.94773
2800,1.4,4,2,4,0,0,0,0,0,0,-14.1854,34.7512,-6.9694,-6.06472,-11.8431,-71.2221,0,0,0,0,0,0,0.147227,4.5566,1.28549,0.752236,0.957522,-5.94264
2801,1.4005,4,2,4,0,0,0,0,0,0,-14.0271,34.8343,-6.78189,-6.12868,-11.6682,-71.3296,0,0,0,0,0,0,0.175361,4.55598,1.30507,0.748621,0.967975,-5.93213
2802,1.401,4,2,4,0,0,0,0,0,0,-13.8799,34.9301,-6.60267,-6.17688,-11.4936,-71.4556,0,0,0,0,0,0,0.192726,4.56272,1.319,0.752894,0.979822,-5.94205
2803,1.4015,4,2,4,0,0,0,0,0,0,-13.7396,35.0375,-6.43015,-6.21241,-11.3199,-71.5925,0,0,0,0,0,0,0.205835,4.57854,1.32887,0.765961,0.992152,-5.96688
2804,1.402,4,2,4,0,0,0,0,0,0,-13.6112,35.1625,-6.26389,-6.23369,-11.1452,-71.7539,0,0,0,0,0,0,0.209099,4.59337,1.3335,0.782586,1.00416,-5.99567
2805,1.4025,4,2,4,0,0,0,0,0,0,-13.4997,35.3063,-6.09833,-6.24701,-10.9644,-71.9468,0,0,0,0,0,0,0.193113,4.62243,1.33351,0.811292,1.01934,-6.05381
2806,1.403,4,2,4,0,0,0,0,0,0,-13.3921,35.4497,-5.92817,-6.26338,-10.778,-72.1446,0,0,0,0,0,0,0.180826,4.65354,1.33716,0.83994,1.03638,-6.10639
2807,1.4035,4,2,4,0,0,0,0,0,0,-13.2806,35.585,-5.75186,-6.28669,-10.5876,-72.3309,0,0,0,0,0,0,0.175155,4.67745,1.34387,0.861368,1.05209,-6.14387
2808,1.404,4,2,4,0,0,0,0,0,0,-13.1618,35.7082,-5.57057,-6.31503,-10.3942,-72.5,0,0,0,0,0,0,0.172482,4.68976,1.34991,0.878121,1.06605,-6.16944
2809,1.4045,4,2,4,0,0,0,0,0,0,-13.0366,35.8176,-5.38742,-6.34446,-10.1983,-72.6507,0,0,0,0,0,0,0.180314,4.68563,1.35659,0.887015,1.07615,-6.17366
2810,1.405,4,2,4,0,0,0,0,0,0,-12.9052,35.9164,-5.20654,-6.37335,-10.0046,-72.785,0,0,0,0,0,0,0.192777,4.67887,1.36431,0.892979,1.08536,-6.17556
2811,1.4055,4,2,4,0,0,0,0,0,0,-12.7592,35.9998,-5.02635,-6.40745,-9.81615,-72.8915,0,0,0,0,0,0,0.210788,4.66369,1.37564,0.890299,1.0941,-6.16301
2812,1.406,4,2,4,0,0,0,0,0,0,-12.5976,36.0662,-4.84403,-6.45161,-9.63304,-72.9739,0,0,0,0,0,0,0.243758,4.63278,1.39017,0.878159,1.09981,-6.12272
2813,1.4065,4,2,4,0,0,0,0,0,0,-12.4219,36.1233,-4.65534,-6.50914,-9.45259,-73.0352,0,0,0,0,0,0,0.27996,4.60274,1.40642,0.863629,1.10389,-6.07982
2814,1.407,4,2,4,0,0,0,0,0,0,-12.2372,36.1775,-4.45773,-6.57957,-9.26992,-73.0854,0,0,0,0,0,0,0.313506,4.58289,1.42233,0.856284,1.10893,-6.05159
2815,1.4075,4,2,4,0,0,0,0,0,0,-12.0569,36.24,-4.26168,-6.64473,-9.08517,-73.1494,0,0,0,0,0,0,0.341162,4.56598,1.43648,0.855807,1.11777,-6.03551
2816,1.408,4,2,4,0,0,0,0,0,0,-11.885,36.3136,-4.07332,-6.69561,-8.89977,-73.235,0,0,0,0,0,0,0.358902,4.5571,1.44715,0.861616,1.12892,-6.03604
2817,1.4085,4,2,4,0,0,0,0,0,0,-11.7235,36.393,-3.89565,-6.72877,-8.71495,-73.3409,0,0,0,0,0,0,0.371683,4.55224,1.45249,0.875035,1.13855,-6.0473
2818,1.409,4,2,4,0,0,0,0,0,0,-11.5694,36.4752,-3.72788,-6.74864,-8.53298,-73.4605,0,0,0,0,0,0,0.385658,4.55117,1.46395,0.881178,1.1509,-6.06001
2819,1.4095,4,2,4,0,0,0,0,0,0,-11.4085,36.5469,-3.56085,-6.77329,-8.3554,-73.5672,0,0,0,0,0,0,0.40265,4.54904,1.47956,0.880808,1.16418,-6.06516
2820,1.41,4,2,4,0,0,0,0,0,0,-11.2367,36.6073,-3.38754,-6.81295,-8.18029,-73.6503,0,0,0,0,0,0,0.428083,4.54786,1.49636,0.881958,1.17526,-6.06799
2821,1.4105,4,2,4,0,0,0,0,0,0,-11.0507,36.6532,-3.20494,-6.86859,-8.005,-73.7024,0,0,0,0,0,0,0.465507,4.53789,1.51695,0.877874,1.18519,-6.05249
2822,1.411,4,2,4,0,0,0,0,0,0,-10.8628,36.6988,-3.01763,-6.9286,-7.82692,-73.7441,0,0,0,0,0,0,0.491853,4.53524,1.52997,0.883348,1.19274,-6.04475
2823,1.4115,4,2,4,0,0,0,0,0,0,-10.6887,36.7583,-2.83647,-6.97149,-7.64491,-73.8061,0,0,0,0,0,0,0.508871,4.53579,1.53764,0.896998,1.2015,-6.05199
2824,1.412,4,2,4,0,0,0,0,0,0,-10.5276,36.8258,-2.6635,-6.99797,-7.4604,-73.8868,0,0,0,0,0,0,0.515627,4.54284,1.54729,0.912252,1.21597,-6.07803
2825,1.4125,4,2,4,0,0,0,0,0,0,-10.3783,36.9013,-2.49992,-7.00803,-7.27532,-73.9894,0,0,0,0,0,0,0.532323,4.55278,1.56089,0.924795,1.22885,-6.09127
2826,1.413,4,2,4,0,0,0,0,0,0,-10.2315,36.9789,-2.34117,-7.01339,-7.09317,-74.0982,0,0,0,0,0,0,0.541664,4.56558,1.57147,0.939058,1.24165,-6.11212
2827,1.4135,4,2,4,0,0,0,0,0,0,-10.078,37.0527,-2.18068,-7.0244,-6.91331,-74.1981,0,0,0,0,0,0,0.549664,4.5705,1.57773,0.959005,1.25457,-6.13844
2828,1.414,4,2,4,0,0,0,0,0,0,-9.91445,37.1205,-2.0104,-7.05165,-6.73162,-74.281,0,0,0,0,0,0,0.579561,4.5683,1.5947,0.962389,1.26517,-6.12494
2829,1.4145,4,2,4,0,0,0,0,0,0,-9.75077,37.1916,-1.83504,-7.08304,-6.54592,-74.3674,0,0,0,0,0,0,0.590524,4.57674,1.60912,0.971819,1.28017,-6.14171
2830,1.415,4,2,4,0,0,0,0,0,0,-9.5936,37.2704,-1.66125,-7.10844,-6.35738,-74.47,0,0,0,0,0,0,0.602855,4.58208,1.61577,0.989135,1.29051,-6.15359
2831,1.4155,4,2,4,0,0,0,0,0,0,-9.43981,37.3519,-1.49229,-7.12596,-6.16975,-74.5814,0,0,0,0,0,0,0.616573,4.58329,1.62486,1.00031,1.30145,-6.16073
2832,1.416,4,2,4,0,0,0,0,0,0,-9.28483,37.4303,-1.32494,-7.14213,-5.98365,-74.6894,0,0,0,0,0,0,0.624111,4.58518,1.631,1.01469,1.3125,-6.17882
2833,1.4165,4,2,4,0,0,0,0,0,0,-9.12515,37.5054,-1.15713,-7.16126,-5.80012,-74.7876,0,0,0,0,0,0,0.643909,4.57615,1.64132,1.01645,1.31994,-6.17018
2834,1.417,4,2,4,0,0,0,0,0,0,-8.9538,37.5695,-0.984645,-7.18762,-5.6183,-74.8602,0,0,0,0,0,0,0.667351,4.56185,1.65611,1.01201,1.32927,-6.15871
2835,1.4175,4,2,4,0,0,0,0,0,0,-8.76988,37.6203,-0.804606,-7.22394,-5.43548,-74.903,0,0,0,0,0,0,0.684793,4.54817,1.66794,1.00797,1.33706,-6.14563
2836,1.418,4,2,4,0,0,0,0,0,0,-8.58347,37.6635,-0.621356,-7.26112,-5.24911,-74.9357,0,0,0,0,0,0,0.710172,4.52984,1.67889,1.00232,1.34141,-6.1117
2837,1.4185,4,2,4,0,0,0,0,0,0,-8.39923,37.7042,-0.437354,-7.29543,-5.05891,-74.9674,0,0,0,0,0,0,0.734688,4.51899,1.69116,1.00113,1.34755,-6.09288
2838,1.419,4,2,4,0,0,0,0,0,0,-8.2231,37.7512,-0.258822,-7.31826,-4.86736,-75.0152,0,0,0,0,0,0,0.757014,4.51474,1.70254,1.00822,1.35626,-6.09009
2839,1.4195,4,2,4,0,0,0,0,0,0,-8.05189,37.8018,-0.0852037,-7.33466,-4.6775,-75.0755,0,0,0,0,0,0,0.776368,4.51243,1.71498,1.01885,1.36844,-6.09469
2840,1.42,4,2,4,0,0,0,0,0,0,-7.88426,37.8573,0.0861602,-7.34942,-4.48903,-75.1453,0,0,0,0,0,0,0.796998,4.49781,1.72504,1.02956,1.37835,-6.09062
2841,1.4205,4,2,4,0,0,0,0,0,0,-7.71134,37.9088,0.257865,-7.37,-4.3041,-75.2044,0,0,0,0,0,0,0.822864,4.48538,1.74,1.03251,1.38817,-6.08292
2842,1.421,4,2,4,0,0,0,0,0,0,-7.53405,37.9542,0.426451,-7.39264,-4.12416,-75.2546,0,0,0,0,0,0,0.834059,4.48785,1.75428,1.0423,1.40286,-6.10529
2843,1.4215,4,2,4,0,0,0,0,0,0,-7.35016,37.9923,0.590466,-7.41605,-3.95071,-75.2912,0,0,0,0,0,0,0.843595,4.48914,1.76493,1.05311,1.41509,-6.11906
2844,1.422,4,2,4,0,0,0,0,0,0,-7.16072,38.0296,0.751779,-7.44171,-3.78254,-75.3216,0,0,0,0,0,0,0.861274,4.48873,1.77693,1.05852,1.42407,-6.1162
2845,1.4225,4,2,4,0,0,0,0,0,0,-6.97279,38.0702,0.910786,-7.46507,-3.61501,-75.3602,0,0,0,0,0,0,0.881461,4.48528,1.78658,1.06531,1.43132,-6.10837
2846,1.423,4,2,4,0,0,0,0,0,0,-6.79063,38.1137,1.06678,-7.48318,-3.44715,-75.4127,0,0,0,0,0,0,0.901368,4.47985,1.79378,1.0734,1.43626,-6.09872
2847,1.4235,4,2,4,0,0,0,0,0,0,-6.61383,38.1621,1.22501,-7.49672,-3.27456,-75.4729,0,0,0,0,0,0,0.926178,4.4771,1.80923,1.07912,1.4471,-6.10179
2848,1.424,4,2,4,0,0,0,0,0,0,-6.4409,38.2093,1.38681,-7.50794,-3.09547,-75.5331,0,0,0,0,0,0,0.940013,4.48159,1.82074,1.09306,1.45916,-6.12912
2849,1.4245,4,2,4,0,0,0,0,0,0,-6.26965,38.2537,1.55013,-7.5144,-2.91185,-75.5889,0,0,0,0,0,0,0.955623,4.48004,1.83121,1.10503,1.46918,-6.14753
2850,1.425,4,2,4,0,0,0,0,0,0,-6.09181,38.2951,1.71436,-7.51902,-2.72858,-75.6325,0,0,0,0,0,0,0.975522,4.47955,1.84311,1.11464,1.47808,-6.15646
2851,1.4255,4,2,4,0,0,0,0,0,0,-5.90559,38.3338,1.87788,-7.52611,-2.5493,-75.6614,0,0,0,0,0,0,0.991476,4.47921,1.85314,1.12449,1.4873,-6.16076
2852,1.426,4,2,4,0,0,0,0,0,0,-5.71417,38.3671,2.0412,-7.53813,-2.37278,-75.6835,0,0,0,0,0,0,1.0143,4.46928,1.86435,1.13254,1.49709,-6.14975
2853,1.4265,4,2,4,0,0,0,0,0,0,-5.52551,38.4006,2.20454,-7.55237,-2.19664,-75.7125,0,0,0,0,0,0,1.03449,4.45637,1.87356,1.13988,1.50487,-6.13493
2854,1.427,4,2,4,0,0,0,0,0,0,-5.34251,38.4353,2.36724,-7.56597,-2.01965,-75.7504,0,0,0,0,0,0,1.04692,4.44807,1.88799,1.14482,1.51902,-6.13702
2855,1.4275,4,2,4,0,0,0,0,0,0,-5.16488,38.4688,2.52784,-7.57659,-1.84129,-75.7966,0,0,0,0,0,0,1.06731,4.43549,1.90281,1.14959,1.53133,-6.12818
2856,1.428,4,2,4,0,0,0,0,0,0,-4.98425,38.5015,2.68659,-7.58699,-1.66543,-75.8406,0,0,0,0,0,0,1.08728,4.42356,1.91457,1.15444,1.53994,-6.11732
2857,1.4285,4,2,4,0,0,0,0,0,0,-4.79132,38.5281,2.84342,-7.60084,-1.49618,-75.8669,0,0,0,0,0,0,1.09931,4.4199,1.92279,1.16492,1.54924,-6.11983
2858,1.429,4,2,4,0,0,0,0,0,0,-4.59019,38.556,2.99993,-7.61507,-1.33063,-75.8821,0,0,0,0,0,0,1.11723,4.40906,1.92886,1.17209,1.55392,-6.10464
2859,1.4295,4,2,4,0,0,0,0,0,0,-4.38444,38.581,3.15928,-7.631,-1.16442,-75.8828,0,0,0,0,0,0,1.13766,4.40195,1.93836,1.17591,1.55981,-6.09979
2860,1.43,4,2,4,0,0,0,0,0,0,-4.18305,38.6028,3.32279,-7.64612,-0.991665,-75.8825,0,0,0,0,0,0,1.1626,4.39648,1.95287,1.17638,1.56831,-6.10049
2861,1.4305,4,2,4,0,0,0,0,0,0,-3.99473,38.6259,3.48596,-7.65261,-0.81202,-75.8967,0,0,0,0,0,0,1.18214,4.38752,1.9654,1.18074,1.57793,-6.10268
2862,1.431,4,2,4,0,0,0,0,0,0,-3.81664,38.6492,3.64599,-7.65149,-0.629216,-75.9252,0,0,0,0,0,0,1.20649,4.37817,1.97906,1.18857,1.58746,-6.09898
2863,1.4315,4,2,4,0,0,0,0,0,0,-3.63719,38.6682,3.8028,-7.6496,-0.449787,-75.9524,0,0,0,0,0,0,1.22606,4.3769,1.9893,1.20207,1.59598,-6.10388
2864,1.432,4,2,4,0,0,0,0,0,0,-3.4506,38.6862,3.95739,-7.64957,-0.276345,-75.9715,0,0,0,0,0,0,1.24467,4.37629,1.99811,1.21756,1.60405,-6.10986
2865,1.4325,4,2,4,0,0,0,0,0,0,-3.25455,38.7019,4.11256,-7.65428,-0.107886,-75.9742,0,0,0,0,0,0,1.26007,4.37014,2.00584,1.22684,1.61117,-6.10377
2866,1.433,4,2,4,0,0,0,0,0,0,-3.04787,38.7147,4.2701,-7.6664,0.0561515,-75.96,0,0,0,0,0,0,1.27927,4.36259,2.01608,1.23209,1.61826,-6.09235
2867,1.4335,4,2,4,0,0,0,0,0,0,-2.8439,38.7281,4.42885,-7.67888,0.22226,-75.9528,0,0,0,0,0,0,1.29977,4.3555,2.03005,1.24009,1.62897,-6.09279
2868,1.434,4,2,4,0,0,0,0,0,0,-2.64815,38.7464,4.58326,-7.68299,0.389025,-75.9652,0,0,0,0,0,0,1.32,4.35181,2.04708,1.24591,1.64209,-6.09345
2869,1.4345,4,2,4,0,0,0,0,0,0,-2.45701,38.766,4.73202,-7.68082,0.553991,-75.9924,0,0,0,0,0,0,1.33079,4.34911,2.06161,1.25392,1.65693,-6.10331
2870,1.435,4,2,4,0,0,0,0,0,0,-2.2644,38.7797,4.87777,-7.67813,0.716766,-76.0148,0,0,0,0,0,0,1.34895,4.34171,2.07176,1.26317,1.66466,-6.10428
2871,1.4355,4,2,4,0,0,0,0,0,0,-2.07244,38.7925,5.02548,-7.67463,0.882451,-76.0286,0,0,0,0,0,0,1.37026,4.33719,2.0792,1.27541,1.66937,-6.10568
2872,1.436,4,2,4,0,0,0,0,0,0,-1.87447,38.802,5.17701,-7.67355,1.04902,-76.0232,0,0,0,0,0,0,1.39719,4.3353,2.08993,1.28721,1.67485,-6.10638
2873,1.4365,4,2,4,0,0,0,0,0,0,-1.66753,38.8048,5.33281,-7.67967,1.21453,-75.9973,0,0,0,0,0,0,1.42569,4.32853,2.10202,1.29164,1.67961,-6.09365
2874,1.437,4,2,4,0,0,0,0,0,0,-1.46374,38.809,5.49072,-7.68574,1.38238,-75.9774,0,0,0,0,0,0,1.44948,4.31304,2.11549,1.29467,1.68855,-6.08449
2875,1.4375,4,2,4,0,0,0,0,0,0,-1.26725,38.819,5.64549,-7.68546,1.55109,-75.976,0,0,0,0,0,0,1.46292,4.30388,2.13029,1.3021,1.70292,-6.0914
2876,1.438,4,2,4,0,0,0,0,0,0,-1.07362,38.829,5.79609,-7.67931,1.7183,-75.9818,0,0,0,0,0,0,1.47964,4.29499,2.1446,1.31056,1.71524,-6.09273
2877,1.4385,4,2,4,0,0,0,0,0,0,-0.881811,38.8334,5.94334,-7.67011,1.88428,-75.9876,0,0,0,0,0,0,1.50329,4.27515,2.15608,1.31286,1.72152,-6.06584
2878,1.439,4,2,4,0,0,0,0,0,0,-0.686687,38.8325,6.08957,-7.66197,2.04836,-75.9839,0,0,0,0,0,0,1.5237,4.26668,2.16585,1.32196,1.72767,-6.05596
2879,1.4395,4,2,4,0,0,0,0,0,0,-0.481708,38.8283,6.23752,-7.66053,2.20866,-75.9637,0,0,0,0,0,0,1.54299,4.26027,2.17684,1.33034,1.73485,-6.04694
2880,1.44,4,2,4,0,0,0,0,0,0,-0.270916,38.8195,6.38599,-7.66647,2.36543,-75.9336,0,0,0,0,0,0,1.56166,4.26318,2.18951,1.3445,1.74478,-6.05642
2881,1.4405,4,2,4,0,0,0,0,0,0,-0.0610279,38.8126,6.53365,-7.67418,2.52076,-75.9056,0,0,0,0,0,0,1.58204,4.26129,2.20331,1.35807,1.75597,-6.07091
2882,1.441,4,2,4,0,0,0,0,0,0,0.143869,38.8078,6.68087,-7.6797,2.678,-75.8835,0,0,0,0,0,0,1.60517,4.25427,2.21743,1.3683,1.76606,-6.08199
2883,1.4415,4,2,4,0,0,0,0,0,0,0.346116,38.8036,6.82821,-7.67768,2.83766,-75.8622,0,0,0,0,0,0,1.63575,4.23067,2.23331,1.36724,1.77363,-6.06252
2884,1.442,4,2,4,0,0,0,0,0,0,0.545615,38.8011,6.97317,-7.6671,2.99773,-75.8461,0,0,0,0,0,0,1.65866,4.21737,2.24551,1.37291,1.781,-6.05394
2885,1.4425,4,2,4,0,0,0,0,0,0,0.749255,38.7948,7.11666,-7.65583,3.15495,-75.8238,0,0,0,0,0,0,1.67724,4.21354,2.25642,1.38291,1.78846,-6.05146
2886,1.443,4,2,4,0,0,0,0,0,0,0.960327,38.7805,7.25852,-7.6481,3.30635,-75.7891,0,0,0,0,0,0,1.69196,4.21194,2.26592,1.39169,1.79596,-6.04929
2887,1.4435,4,2,4,0,0,0,0,0,0,1.17354,38.7646,7.4016,-7.64397,3.4567,-75.7502,0,0,0,0,0,0,1.71462,4.19945,2.27532,1.39384,1.79928,-6.0287
2888,1.444,4,2,4,0,0,0,0,0,0,1.38666,38.7478,7.54379,-7.63961,3.60586,-75.7082,0,0,0,0,0,0,1.73057,4.191,2.28452,1.40007,1.80554,-6.02302
2889,1.4445,4,2,4,0,0,0,0,0,0,1.59694,38.7319,7.68596,-7.63414,3.75627,-75.6705,0,0,0,0,0,0,1.74698,4.17959,2.29496,1.40858,1.81308,-6.02263
2890,1.445,4,2,4,0,0,0,0,0,0,1.80549,38.7174,7.82747,-7.62604,3.90662,-75.6357,0,0,0,0,0,0,1.76463,4.16882,2.30678,1.42007,1.82289,-6.02092
2891,1.4455,4,2,4,0,0,0,0,0,0,2.0109,38.7061,7.96799,-7.61426,4.05836,-75.6048,0,0,0,0,0,0,1.78899,4.16171,2.32088,1.43244,1.83214,-6.02397
2892,1.446,4,2,4,0,0,0,0,0,0,2.21718,38.6907,8.10476,-7.59988,4.20765,-75.5699,0,0,0,0,0,0,1.81392,4.15016,2.33689,1.43811,1.84188,-6.01509
2893,1.4465,4,2,4,0,0,0,0,0,0,2.42829,38.6682,8.24029,-7.58906,4.35294,-75.5251,0,0,0,0,0,0,1.83708,4.14201,2.34958,1.44672,1.8492,-6.00759
2894,1.447,4,2,4,0,0,0,0,0,0,2.6395,38.6462,8.3747,-7.57825,4.49689,-75.4833,0,0,0,0,0,0,1.85502,4.14376,2.36089,1.46078,1.85708,-6.01578
2895,1.4475,4,2,4,0,0,0,0,0,0,2.85358,38.6199,8.50959,-7.56927,4.63972,-75.4348,0,0,0,0,0,0,1.87224,4.1452,2.37037,1.4728,1.8634,-6.02226
2896,1.448,4,2,4,0,0,0,0,0,0,3.06887,38.594,8.64552,-7.56142,4.78203,-75.3868,0,0,0,0,0,0,1.89678,4.13604,2.3813,1.48255,1.86971,-6.01798
2897,1.4485,4,2,4,0,0,0,0,0,0,3.28205,38.5684,8.78257,-7.55184,4.92593,-75.3428,0,0,0,0,0,0,1.91859,4.12759,2.39216,1.49491,1.87687,-6.02217
2898,1.449,4,2,4,0,0,0,0,0,0,3.49287,38.5518,8.92148,-7.53826,5.07223,-75.3071,0,0,0,0,0,0,1.93701,4.11037,2.40297,1.4983,1.88329,-6.01333
2899,1.4495,4,2,4,0,0,0,0,0,0,3.70516,38.5319,9.05881,-7.52241,5.21687,-75.2669,0,0,0,0,0,0,1.95609,4.08754,2.41183,1.49789,1.88634,-5.99272
2900,1.45,4,2,4,0,0,0,0,0,0,3.9199,38.5063,9.19543,-7.50644,5.36046,-75.2206,0,0,0,0,0,0,1.97812,4.07013,2.42393,1.49746,1.89186,-5.97182
2901,1.4505,4,2,4,0,0,0,0,0,0,4.13405,38.4737,9.33208,-7.49121,5.50507,-75.1658,0,0,0,0,0,0,2.002,4.05988,2.43368,1.50194,1.89433,-5.95749
2902,1.451,4,2,4,0,0,0,0,0,0,4.35046,38.4361,9.46696,-7.4776,5.6472,-75.1008,0,0,0,0,0,0,2.02602,4.0533,2.44674,1.51017,1.90132,-5.95425
2903,1.4515,4,2,4,0,0,0,0,0,0,4.56911,38.3954,9.59983,-7.46733,5.78625,-75.0308,0,0,0,0,0,0,2.04389,4.05099,2.45755,1.52718,1.91051,-5.95911
2904,1.452,4,2,4,0,0,0,0,0,0,4.78484,38.3604,9.73105,-7.45437,5.92494,-74.9714,0,0,0,0,0,0,2.0612,4.0414,2.46904,1.54043,1.91965,-5.95388
2905,1.4525,4,2,4,0,0,0,0,0,0,5.00074,38.3284,9.86203,-7.44032,6.06194,-74.9192,0,0,0,0,0,0,2.08171,4.02478,2.47983,1.54553,1.92527,-5.93573
2906,1.453,4,2,4,0,0,0,0,0,0,5.21436,38.2995,9.99356,-7.42582,6.19918,-74.8737,0,0,0,0,0,0,2.103,4.00648,2.49397,1.5505,1.93414,-5.92058
2907,1.4535,4,2,4,0,0,0,0,0,0,5.42963,38.2665,10.1263,-7.41052,6.33673,-74.8251,0,0,0,0,0,0,2.12295,3.9887,2.50501,1.5532,1.93894,-5.90723
2908,1.454,4,2,4,0,0,0,0,0,0,5.64761,38.226,10.2588,-7.39389,6.47337,-74.7651,0,0,0,0,0,0,2.14628,3.97378,2.52066,1.55728,1.9479,-5.90175
2909,1.4545,4,2,4,0,0,0,0,0,0,5.87031,38.1752,10.3911,-7.37958,6.60796,-74.6858,0,0,0,0,0,0,2.17371,3.95992,2.53578,1.56407,1.95493,-5.89492
2910,1.455,4,2,4,0,0,0,0,0,0,6.0944,38.1216,10.5233,-7.3669,6.74204,-74.5992,0,0,0,0,0,0,2.19588,3.9542,2.54841,1.57369,1.96182,-5.89726
2911,1.4555,4,2,4,0,0,0,0,0,0,6.31438,38.0704,10.6543,-7.35338,6.87707,-74.51,0,0,0,0,0,0,2.22459,3.94635,2.56093,1.58556,1.96682,-5.89471
2912,1.456,4,2,4,0,0,0,0,0,0,6.52768,38.0231,10.7833,-7.3361,7.013,-74.4257,0,0,0,0,0,0,2.2505,3.94335,2.57493,1.60172,1.97449,-5.90551
2913,1.4565,4,2,4,0,0,0,0,0,0,6.73593,37.9777,10.9108,-7.31568,7.1494,-74.3515,0,0,0,0,0,0,2.26797,3.93292,2.58448,1.61332,1.98033,-5.89895
2914,1.457,4,2,4,0,0,0,0,0,0,6.94248,37.9331,11.0371,-7.29604,7.2843,-74.2862,0,0,0,0,0,0,2.28778,3.9288,2.59964,1.62805,1.99122,-5.90162
2915,1.4575,4,2,4,0,0,0,0,0,0,7.15675,37.887,11.1633,-7.27846,7.41438,-74.2201,0,0,0,0,0,0,2.30976,3.90642,2.61453,1.6325,1.99962,-5.882
2916,1.458,4,2,4,0,0,0,0,0,0,7.37978,37.8337,11.2892,-7.26553,7.53983,-74.1441,0,0,0,0,0,0,2.3303,3.8862,2.63076,1.6341,2.00973,-5.86199
2917,1.4585,4,2,4,0,0,0,0,0,0,7.61063,37.7738,11.4124,-7.25707,7.65822,-74.0587,0,0,0,0,0,0,2.35074,3.86952,2.64222,1.63539,2.01492,-5.8505
2918,1.459,4,2,4,0,0,0,0,0,0,7.84635,37.7115,11.5334,-7.2496,7.77218,-73.971,0,0,0,0,0,0,2.37785,3.85661,2.65034,1.63885,2.01414,-5.83913
2919,1.4595,4,2,4,0,0,0,0,0,0,8.07672,37.6556,11.6523,-7.234,7.88717,-73.8923,0,0,0,0,0,0,2.40265,3.86413,2.66165,1.65897,2.01902,-5.86291
2920,1.46,4,2,4,0,0,0,0,0,0,8.29913,37.6038,11.7706,-7.21043,8.00575,-73.82,0,0,0,0,0,0,2.42642,3.86307,2.66962,1.67339,2.02001,-5.87392
2921,1.4605,4,2,4,0,0,0,0,0,0,8.51395,37.5533,11.8885,-7.18064,8.1277,-73.7501,0,0,0,0,0,0,2.4459,3.85379,2.68007,1.68157,2.02502,-5.874
2922,1.461,4,2,4,0,0,0,0,0,0,8.72464,37.5013,12.0095,-7.15176,8.25398,-73.6729,0,0,0,0,0,0,2.46516,3.83767,2.6926,1.68807,2.03213,-5.8573
2923,1.4615,4,2,4,0,0,0,0,0,0,8.93856,37.4442,12.1323,-7.12776,8.37936,-73.5839,0,0,0,0,0,0,2.48017,3.81508,2.70449,1.69213,2.04034,-5.82934
2924,1.462,4,2,4,0,0,0,0,0,0,9.16084,37.3782,12.2566,-7.11019,8.50141,-73.4787,0,0,0,0,0,0,2.50066,3.79325,2.72101,1.69921,2.05151,-5.80611
2925,1.4625,4,2,4,0,0,0,0,0,0,9.39068,37.3055,12.3798,-7.09838,8.6187,-73.3663,0,0,0,0,0,0,2.52134,3.77495,2.73489,1.7102,2.05978,-5.79515
2926,1.463,4,2,4,0,0,0,0,0,0,9.62264,37.2282,12.498,-7.08805,8.73,-73.2562,0,0,0,0,0,0,2.53392,3.76184,2.74243,1.71549,2.06395,-5.78485
2927,1.4635,4,2,4,0,0,0,0,0,0,9.8532,37.1508,12.6122,-7.07617,8.8377,-73.154,0,0,0,0,0,0,2.55629,3.75367,2.75331,1.72492,2.06807,-5.79027
2928,1.464,4,2,4,0,0,0,0,0,0,10.0797,37.0801,12.7225,-7.05715,8.94348,-73.0685,0,0,0,0,0,0,2.5754,3.73972,2.76258,1.73055,2.07197,-5.77914
2929,1.4645,4,2,4,0,0,0,0,0,0,10.3035,37.0132,12.8325,-7.0334,9.05063,-72.9865,0,0,0,0,0,0,2.60018,3.72067,2.77265,1.72877,2.07352,-5.75445
2930,1.465,4,2,4,0,0,0,0,0,0,10.5254,36.9498,12.9448,-7.00503,9.16099,-72.9003,0,0,0,0,0,0,2.6271,3.70502,2.78194,1.73083,2.07318,-5.74344
2931,1.4655,4,2,4,0,0,0,0,0,0,10.7464,36.8838,13.0612,-6.97804,9.27546,-72.8028,0,0,0,0,0,0,2.65347,3.692,2.79158,1.73745,2.07337,-5.73848
2932,1.466,4,2,4,0,0,0,0,0,0,10.9684,36.8084,13.1803,-6.95618,9.3914,-72.6875,0,0,0,0,0,0,2.6757,3.66773,2.79806,1.73992,2.0708,-5.71498
2933,1.4665,4,2,4,0,0,0,0,0,0,11.1878,36.732,13.3028,-6.93581,9.51161,-72.5678,0,0,0,0,0,0,2.69581,3.64568,2.81054,1.74235,2.07647,-5.69706
2934,1.467,4,2,4,0,0,0,0,0,0,11.4047,36.6525,13.4262,-6.9155,9.63414,-72.4492,0,0,0,0,0,0,2.71576,3.63412,2.82981,1.75394,2.09057,-5.69207
2935,1.4675,4,2,4,0,0,0,0,0,0,11.6197,36.5703,13.5457,-6.8912,9.75408,-72.3368,0,0,0,0,0,0,2.73559,3.62591,2.84813,1.76981,2.10445,-5.69144
2936,1.468,4,2,4,0,0,0,0,0,0,11.8404,36.486,13.6594,-6.86651,9.86542,-72.2325,0,0,0,0,0,0,2.75817,3.61246,2.86224,1.78232,2.11205,-5.68055
2937,1.4685,4,2,4,0,0,0,0,0,0,12.0672,36.4046,13.7685,-6.84171,9.96889,-72.1343,0,0,0,0,0,0,2.77773,3.59632,2.87176,1.7898,2.11531,-5.66272
2938,1.469,4,2,4,0,0,0,0,0,0,12.3011,36.3186,13.8744,-6.8215,10.065,-72.0293,0,0,0,0,0,0,2.79742,3.58333,2.8775,1.80037,2.11472,-5.65691
2939,1.4695,4,2,4,0,0,0,0,0,0,12.5391,36.2276,13.9804,-6.80737,10.1583,-71.9136,0,0,0,0,0,0,2.82254,3.56898,2.88768,1.80822,2.11552,-5.64978
2940,1.47,4,2,4,0,0,0,0,0,0,12.7751,36.138,14.0878,-6.79435,10.2531,-71.7935,0,0,0,0,0,0,2.84205,3.55424,2.89966,1.80639,2.12003,-5.63655
2941,1.4705,4,2,4,0,0,0,0,0,0,13.0041,36.0519,14.1971,-6.77627,10.3527,-71.6743,0,0,0,0,0,0,2.85904,3.5425,2.90771,1.8029,2.12136,-5.62851
2942,1.471,4,2,4,0,0,0,0,0,0,13.2236,35.9643,14.3058,-6.75001,10.4565,-71.5533,0,0,0,0,0,0,2.88507,3.53369,2.91956,1.81264,2.12446,-5.63681
2943,1.4715,4,2,4,0,0,0,0,0,0,13.4355,35.8763,14.4138,-6.71885,10.5632,-71.4315,0,0,0,0,0,0,2.91443,3.51743,2.93143,1.82362,2.12583,-5.62925
2944,1.472,4,2,4,0,0,0,0,0,0,13.6451,35.7846,14.5216,-6.68913,10.6705,-71.304,0,0,0,0,0,0,2.94864,3.50001,2.95094,1.8461,2.13411,-5.62458
2945,1.4725,4,2,4,0,0,0,0,0,0,13.8611,35.6891,14.6301,-6.66441,10.7749,-71.173,0,0,0,0,0,0,2.9724,3.48002,2.96751,1.86189,2.14307,-5.61044
2946,1.473,4,2,4,0,0,0,0,0,0,14.0869,35.5912,14.7394,-6.64355,10.8752,-71.043,0,0,0,0,0,0,2.99379,3.46062,2.98385,1.87008,2.15203,-5.59361
2947,1.4735,4,2,4,0,0,0,0,0,0,14.3211,35.4897,14.8473,-6.62617,10.9692,-70.9152,0,0,0,0,0,0,3.00895,3.43795,2.99554,1.86954,2.15885,-5.56913
2948,1.474,4,2,4,0,0,0,0,0,0,14.5598,35.3887,14.9524,-6.61135,11.0571,-70.7959,0,0,0,0,0,0,3.02079,3.422,3.00021,1.87045,2.1595,-5.54903
2949,1.4745,4,2,4,0,0,0,0,0,0,14.7964,35.2923,15.0545,-6.59412,11.1427,-70.6906,0,0,0,0,0,0,3.03957,3.40852,3.00561,1.87711,2.15706,-5.54034
2950,1.475,4,2,4,0,0,0,0,0,0,15.0291,35.1976,15.1541,-6.5703,11.2278,-70.5871,0,0,0,0,0,0,3.06461,3.39939,3.01556,1.88882,2.15712,-5.54577
2951,1.4755,4,2,4,0,0,0,0,0,0,15.2561,35.0994,15.2512,-6.54564,11.313,-70.4752,0,0,0,0,0,0,3.08992,3.38547,3.02508,1.89292,2.15649,-5.53558
2952,1.476,4,2,4,0,0,0,0,0,0,15.4765,34.9994,15.3497,-6.52073,11.4023,-70.3535,0,0,0,0,0,0,3.11459,3.37184,3.03284,1.8957,2.15464,-5.52524
2953,1.4765,4,2,4,0,0,0,0,0,0,15.6923,34.8936,15.4506,-6.49713,11.495,-70.2126,0,0,0,0,0,0,3.14011,3.36053,3.04485,1.90454,2.15683,-5.52489
2954,1.477,4,2,4,0,0,0,0,0,0,15.9082,34.7853,15.5544,-6.47607,11.5899,-70.0593,0,0,0,0,0,0,3.16049,3.34626,3.05825,1.91389,2.16317,-5.51876
2955,1.4775,4,2,4,0,0,0,0,0,0,16.1266,34.6728,15.6592,-6.45631,11.6843,-69.9004,0,0,0,0,0,0,3.17953,3.32358,3.07077,1.92121,2.1689,-5.50015
2956,1.478,4,2,4,0,0,0,0,0,0,16.3481,34.5605,15.7629,-6.43704,11.776,-69.7478,0,0,0,0,0,0,3.19396,3.29765,3.07903,1.92961,2.17172,-5.47601
2957,1.4785,4,2,4,0,0,0,0,0,0,16.5737,34.4499,15.8641,-6.41565,11.8636,-69.6091,0,0,0,0,0,0,3.21088,3.26567,3.09049,1.92807,2.17659,-5.43908
2958,1.479,4,2,4,0,0,0,0,0,0,16.8054,34.3407,15.9596,-6.388,11.9427,-69.483,0,0,0,0,0,0,3.22752,3.23735,3.103,1.92448,2.18277,-5.40809
2959,1.4795,4,2,4,0,0,0,0,0,0,17.0396,34.2309,16.0521,-6.35752,12.0174,-69.3648,0,0,0,0,0,0,3.24543,3.22204,3.11222,1.93618,2.18549,-5.40337
2960,1.48,4,2,4,0,0,0,0,0,0,17.2737,34.1207,16.1452,-6.33262,12.0928,-69.2489,0,0,0,0,0,0,3.27112,3.2141,3.12201,1.95589,2.18531,-5.41527
2961,1.4805,4,2,4,0,0,0,0,0,0,17.5049,34.006,16.2397,-6.31362,12.1706,-69.1226,0,0,0,0,0,0,3.3015,3.19829,3.13199,1.9635,2.18253,-5.41422
2962,1.481,4,2,4,0,0,0,0,0,0,17.7318,33.8873,16.335,-6.29702,12.251,-68.983,0,0,0,0,0,0,3.3286,3.17173,3.1424,1.96471,2.18109,-5.39143
2963,1.4815,4,2,4,0,0,0,0,0,0,17.9528,33.7652,16.4299,-6.28004,12.3331,-68.8305,0,0,0,0,0,0,3.35478,3.14942,3.15384,1.96702,2.18178,-5.3731
2964,1.482,4,2,4,0,0,0,0,0,0,18.1681,33.6376,16.5245,-6.26228,12.4172,-68.664,0,0,0,0,0,0,3.38036,3.13312,3.17289,1.97867,2.19119,-5.36587
2965,1.4825,4,2,4,0,0,0,0,0,0,18.3798,33.5111,16.6197,-6.2408,12.5031,-68.5009,0,0,0,0,0,0,3.4003,3.1239,3.18844,1.99021,2.20022,-5.36515
2966,1.483,4,2,4,0,0,0,0,0,0,18.5916,33.3852,16.7144,-6.21758,12.5879,-68.3425,0,0,0,0,0,0,3.41471,3.10707,3.19292,1.99623,2.19952,-5.35125
2967,1.4835,4,2,4,0,0,0,0,0,0,18.8057,33.2602,16.8101,-6.19227,12.6722,-68.1919,0,0,0,0,0,0,3.42912,3.09166,3.19762,1.99908,2.19835,-5.33428
2968,1.484,4,2,4,0,0,0,0,0,0,19.0278,33.1325,16.9051,-6.16655,12.7513,-68.0451,0,0,0,0,0,0,3.44924,3.07016,3.20787,2.00228,2.19987,-5.309
2969,1.4845,4,2,4,0,0,0,0,0,0,19.2583,33.0096,17.0001,-6.14328,12.8259,-67.9107,0,0,0,0,0,0,3.47611,3.05227,3.22517,2.01188,2.206,-5.29392
2970,1.485,4,2,4,0,0,0,0,0,0,19.4931,32.8837,17.0919,-6.12652,12.8948,-67.7729,0,0,0,0,0,0,3.49821,3.03549,3.2355,2.01857,2.20665,-5.28311
2971,1.4855,4,2,4,0,0,0,0,0,0,19.7268,32.7545,17.181,-6.11371,12.9612,-67.6272,0,0,0,0,0,0,3.5226,3.01599,3.24619,2.02341,2.20601,-5.2768
2972,1.486,4,2,4,0,0,0,0,0,0,19.9563,32.6254,17.2701,-6.0991,13.0294,-67.4803,0,0,0,0,0,0,3.54508,2.99573,3.25365,2.02712,2.20274,-5.27172
2973,1.4865,4,2,4,0,0,0,0,0,0,20.1787,32.498,17.358,-6.07914,13.0991,-67.3332,0,0,0,0,0,0,3.56894,2.97612,3.26373,2.02901,2.20263,-5.26356
2974,1.487,4,2,4,0,0,0,0,0,0,20.3931,32.3663,17.4434,-6.05615,13.1697,-67.1727,0,0,0,0,0,0,3.59012,2.95948,3.27713,2.03777,2.20764,-5.26125
2975,1.4875,4,2,4,0,0,0,0,0,0,20.6039,32.2313,17.5287,-6.03344,13.2416,-67.0052,0,0,0,0,0,0,3.6074,2.94142,3.29109,2.04836,2.21528,-5.2479
2976,1.488,4,2,4,0,0,0,0,0,0,20.8151,32.09,17.6155,-6.0135,13.3146,-66.8326,0,0,0,0,0,0,3.62554,2.92565,3.30252,2.06369,2.21865,-5.23226
2977,1.4885,4,2,4,0,0,0,0,0,0,21.0267,31.9445,17.7032,-5.99672,13.3883,-66.6591,0,0,0,0,0,0,3.64893,2.89929,3.31408,2.07259,2.21978,-5.20398
2978,1.489,4,2,4,0,0,0,0,0,0,21.2428,31.8,17.7918,-5.98007,13.4612,-66.4947,0,0,0,0,0,0,3.67259,2.87289,3.32561,2.0748,2.22077,-5.17636
2979,1.4895,4,2,4,0,0,0,0,0,0,21.4673,31.6603,17.8805,-5.95925,13.53,-66.3477,0,0,0,0,0,0,3.69549,2.8457,3.3358,2.07994,2.22137,-5.15772
2980,1.49,4,2,4,0,0,0,0,0,0,21.6954,31.5182,17.9684,-5.93674,13.595,-66.1977,0,0,0,0,0,0,3.71563,2.82103,3.34508,2.08164,2.22237,-5.14228
2981,1.4905,4,2,4,0,0,0,0,0,0,21.9238,31.3748,18.054,-5.91649,13.6571,-66.0461,0,0,0,0,0,0,3.73764,2.80723,3.35564,2.09021,2.22348,-5.14445
2982,1.491,4,2,4,0,0,0,0,0,0,22.1509,31.2348,18.1349,-5.89831,13.7147,-65.8979,0,0,0,0,0,0,3.75164,2.79573,3.36214,2.10064,2.22269,-5.14375
2983,1.4915,4,2,4,0,0,0,0,0,0,22.3767,31.0917,18.2103,-5.88103,13.7671,-65.7428,0,0,0,0,0,0,3.77536,2.77773,3.37323,2.10407,2.22272,-5.13542
2984,1.492,4,2,4,0,0,0,0,0,0,22.5975,30.9437,18.281,-5.8666,13.8163,-65.5771,0,0,0,0,0,0,3.79173,2.75359,3.37766,2.09783,2.21906,-5.10554
2985,1.4925,4,2,4,0,0,0,0,0,0,22.8114,30.7909,18.3523,-5.85332,13.8688,-65.4015,0,0,0,0,0,0,3.80887,2.73027,3.38297,2.09763,2.21673,-5.08342
2986,1.493,4,2,4,0,0,0,0,0,0,23.0232,30.6345,18.4302,-5.83833,13.9281,-65.2204,0,0,0,0,0,0,3.8318,2.7019,3.39339,2.10048,2.21672,-5.05828
2987,1.4935,4,2,4,0,0,0,0,0,0,23.2332,30.4765,18.515,-5.82033,13.9951,-65.0377,0,0,0,0,0,0,3.8613,2.67697,3.40799,2.11039,2.21816,-5.04446
2988,1.494,4,2,4,0,0,0,0,0,0,23.4431,30.3203,18.6031,-5.79631,14.0654,-64.8559,0,0,0,0,0,0,3.88743,2.65749,3.42454,2.12266,2.22313,-5.03962
2989,1.4945,4,2,4,0,0,0,0,0,0,23.656,30.1665,18.6873,-5.77207,14.1305,-64.6803,0,0,0,0,0,0,3.91514,2.63873,3.43891,2.13676,2.22489,-5.03971
2990,1.495,4,2,4,0,0,0,0,0,0,23.8731,30.0164,18.7697,-5.7473,14.1916,-64.5216,0,0,0,0,0,0,3.93298,2.62567,3.45155,2.14769,2.22946,-5.03902
2991,1.4955,4,2,4,0,0,0,0,0,0,24.092,29.8658,18.8493,-5.7255,14.2487,-64.37,0,0,0,0,0,0,3.94156,2.61032,3.45655,2.15815,2.22976,-5.03309
2992,1.496,4,2,4,0,0,0,0,0,0,24.3111,29.7122,18.925,-5.71087,14.3013,-64.2136,0,0,0,0,0,0,3.94954,2.58596,3.45773,2.16237,2.22583,-5.00462
2993,1.4965,4,2,4,0,0,0,0,0,0,24.532,29.556,18.9952,-5.70559,14.347,-64.055,0,0,0,0,0,0,3.96019,2.56043,3.46166,2.16317,2.2233,-4.96779
2994,1.497,4,2,4,0,0,0,0,0,0,24.7539,29.3976,19.0622,-5.70373,14.3878,-63.8934,0,0,0,0,0,0,3.97886,2.52559,3.46436,2.15258,2.2168,-4.92627
2995,1.4975,4,2,4,0,0,0,0,0,0,24.9735,29.2367,19.1281,-5.70055,14.4281,-63.7245,0,0,0,0,0,0,3.99861,2.47778,3.46696,2.13071,2.21044,-4.87012
2996,1.498,4,2,4,0,0,0,0,0,0,25.191,29.0747,19.1988,-5.68849,14.4742,-63.552,0,0,0,0,0,0,4.0351,2.43665,3.48093,2.1223,2.20802,-4.84009
2997,1.4985,4,2,4,0,0,0,0,0,0,25.4057,28.9159,19.2757,-5.66443,14.528,-63.3801,0,0,0,0,0,0,4.0687,2.39843,3.49613,2.11199,2.20794,-4.81359
2998,1.499,4,2,4,0,0,0,0,0,0,25.6125,28.7567,19.3576,-5.63086,14.5901,-63.2031,0,0,0,0,0,0,4.11613,2.39241,3.52736,2.1399,2.21845,-4.84983
2999,1.4995,4,2,4,0,0,0,0,0,0,25.8106,28.5897,19.4339,-5.59912,14.6501,-63.0108,0,0,0,0,0,0,4.16627,2.39991,3.57495,2.18677,2.24458,-4.89822
3000,1.5,4,2,4,0,0,0,0,0,0,26.0076,28.4149,19.5062,-5.57216,14.7064,-62.812,0,0,0,0,0,0,4.17776,2.4148,3.58752,2.22064,2.25048,-4.93263
3001,1.5005,4,2,4,0,0,0,0,0,0,26.2058,28.2323,19.5696,-5.55649,14.752,-62.6134,0,0,0,0,0,0,4.21873,2.43081,3.6273,2.24585,2.27386,-4.95545
3002,1.501,4,2,4,0,0,0,0,0,0,26.4073,28.0417,19.6245,-5.56051,14.787,-62.4124,0,0,0,0,0,0,4.22403,2.42547,3.63397,2.26044,2.27622,-4.93977
3003,1.5015,4,2,4,0,0,0,0,0,0,26.608,27.8479,19.6751,-5.57946,14.8176,-62.2123,0,0,0,0,0,0,4.22792,2.40721,3.63677,2.25518,2.27595,-4.89838
3004,1.502,4,2,4,0,0,0,0,0,0,26.8118,27.6562,19.7269,-5.6001,14.8473,-62.0167,0,0,0,0,0,0,4.22854,2.37481,3.62123,2.23194,2.25867,-4.84483
3005,1.5025,4,2,4,0,0,0,0,0,0,27.0265,27.4772,19.7856,-5.61108,14.8784,-61.8423,0,0,0,0,0,0,4.22583,2.31522,3.60365,2.19594,2.24121,-4.76778
3006,1.503,4,2,4,0,0,0,0,0,0,27.2517,27.3149,19.8556,-5.59854,14.9166,-61.6938,0,0,0,0,0,0,4.23499,2.25302,3.59483,2.16822,2.22644,-4.70625
3007,1.5035,4,2,4,0,0,0,0,0,0,27.4787,27.1652,19.9374,-5.56515,14.967,-61.5549,0,0,0,0,0,0,4.24958,2.19247,3.58591,2.14772,2.20749,-4.65696
3008,1.504,4,2,4,0,0,0,0,0,0,27.7033,27.0188,20.0319,-5.5138,15.0316,-61.413,0,0,0,0,0,0,4.27215,2.1518,3.58819,2.14761,2.19701,-4.64636
3009,1.5045,4,2,4,0,0,0,0,0,0,27.9247,26.8707,20.1287,-5.45513,15.1001,-61.267,0,0,0,0,0,0,4.29787,2.12633,3.59974,2.16634,2.19446,-4.65279
3010,1.505,4,2,4,0,0,0,0,0,0,28.1412,26.7125,20.2157,-5.40604,15.16,-61.1098,0,0,0,0,0,0,4.30873,2.11662,3.60848,2.18785,2.19617,-4.65294
3011,1.5055,4,2,4,0,0,0,0,0,0,28.3512,26.5346,20.2892,-5.37929,15.2088,-60.9276,0,0,0,0,0,0,4.32572,2.12811,3.62635,2.21983,2.20477,-4.67187
3012,1.506,4,2,4,0,0,0,0,0,0,28.5508,26.3379,20.3505,-5.37665,15.2497,-60.7178,0,0,0,0,0,0,4.35874,2.13481,3.65224,2.25163,2.21494,-4.69612
3013,1.5065,4,2,4,0,0,0,0,0,0,28.7413,26.1305,20.4029,-5.39084,15.2847,-60.4933,0,0,0,0,0,0,4.38062,2.12381,3.66754,2.26505,2.21905,-4.69076
3014,1.507,4,2,4,0,0,0,0,0,0,28.9286,25.9208,20.4472,-5.4157,15.3126,-60.2719,0,0,0,0,0,0,4.40651,2.0979,3.68331,2.26794,2.22186,-4.67025
3015,1.5075,4,2,4,0,0,0,0,0,0,29.1163,25.7138,20.4857,-5.44434,15.3339,-60.0559,0,0,0,0,0,0,4.43488,2.05388,3.69371,2.26137,2.21803,-4.63669
3016,1.508,4,2,4,0,0,0,0,0,0,29.3097,25.5196,20.5245,-5.46367,15.3526,-59.8586,0,0,0,0,0,0,4.45655,2.00908,3.70231,2.24892,2.21561,-4.59698
3017,1.5085,4,2,4,0,0,0,0,0,0,29.5125,25.3375,20.5749,-5.46136,15.3793,-59.6866,0,0,0,0,0,0,4.46805,1.96776,3.70345,2.23491,2.20965,-4.55397
3018,1.509,4,2,4,0,0,0,0,0,0,29.7205,25.1622,20.6372,-5.43866,15.4157,-59.5272,0,0,0,0,0,0,4.48695,1.93837,3.71439,2.23686,2.2103,-4.53488
3019,1.5095,4,2,4,0,0,0,0,0,0,29.931,24.9915,20.7035,-5.40733,15.4548,-59.3723,0,0,0,0,0,0,4.50064,1.91819,3.72252,2.2413,2.2104,-4.51945
3020,1.51,4,2,4,0,0,0,0,0,0,30.1409,24.8164,20.7654,-5.382,15.4889,-59.2097,0,0,0,0,0,0,4.51232,1.8976,3.72498,2.24539,2.20494,-4.50158
3021,1.5105,4,2,4,0,0,0,0,0,0,30.3443,24.6301,20.8219,-5.36847,15.5199,-59.0311,0,0,0,0,0,0,4.52511,1.8838,3.72961,2.25115,2.2017,-4.49211
3022,1.511,4,2,4,0,0,0,0,0,0,30.5408,24.435,20.8776,-5.35911,15.5526,-58.8371,0,0,0,0,0,0,4.5452,1.86874,3.73492,2.25583,2.19659,-4.48958
3023,1.5115,4,2,4,0,0,0,0,0,0,30.7298,24.2299,20.9358,-5.35063,15.5905,-58.6247,0,0,0,0,0,0,4.56354,1.84623,3.73863,2.25771,2.1909,-4.47916
3024,1.512,4,2,4,0,0,0,0,0,0,30.9084,24.0212,20.9927,-5.34594,15.6317,-58.4001,0,0,0,0,0,0,4.59167,1.81704,3.74842,2.26276,2.18738,-4.47033
3025,1.5125,4,2,4,0,0,0,0,0,0,31.0885,23.8191,21.0479,-5.34344,15.6713,-58.1908,0,0,0,0,0,0,4.61179,1.78216,3.7554,2.26345,2.18352,-4.44398
3026,1.513,4,2,4,0,0,0,0,0,0,31.2746,23.6236,21.1059,-5.3383,15.7109,-57.9979,0,0,0,0,0,0,4.62442,1.74597,3.76544,2.26324,2.18538,-4.40472
3027,1.5135,4,2,4,0,0,0,0,0,0,31.4671,23.4285,21.1664,-5.32843,15.7493,-57.8145,0,0,0,0,0,0,4.63669,1.71372,3.7744,2.26327,2.18623,-4.37453
3028,1.514,4,2,4,0,0,0,0,0,0,31.6641,23.2335,21.2235,-5.31867,15.7816,-57.6391,0,0,0,0,0,0,4.65838,1.68645,3.78674,2.26808,2.18666,-4.36296
3029,1.5145,4,2,4,0,0,0,0,0,0,31.8648,23.0361,21.2714,-5.31785,15.8032,-57.4667,0,0,0,0,0,0,4.67535,1.66098,3.79833,2.27441,2.18834,-4.34613
3030,1.515,4,2,4,0,0,0,0,0,0,32.0671,22.8345,21.3153,-5.32316,15.8198,-57.2891,0,0,0,0,0,0,4.69108,1.64134,3.80443,2.27977,2.18548,-4.33421
3031,1.5155,4,2,4,0,0,0,0,0,0,32.2675,22.63,21.3585,-5.33006,15.8365,-57.1089,0,0,0,0,0,0,4.70845,1.62279,3.80688,2.27943,2.17853,-4.32405
3032,1.516,4,2,4,0,0,0,0,0,0,32.4595,22.4218,21.4033,-5.332,15.8577,-56.9166,0,0,0,0,0,0,4.72327,1.59533,3.80465,2.27007,2.16794,-4.30411
3033,1.5165,4,2,4,0,0,0,0,0,0,32.6436,22.2102,21.4498,-5.33043,15.8838,-56.7096,0,0,0,0,0,0,4.74342,1.56735,3.80685,2.26543,2.15974,-4.28641
3034,1.517,4,2,4,0,0,0,0,0,0,32.8222,22,21.5004,-5.32394,15.9159,-56.4974,0,0,0,0,0,0,4.76149,1.54313,3.81766,2.27065,2.1599,-4.2663
3035,1.5175,4,2,4,0,0,0,0,0,0,32.9975,21.7966,21.5522,-5.31435,15.9512,-56.2918,0,0,0,0,0,0,4.78151,1.51832,3.83346,2.28462,2.1632,-4.25106
3036,1.518,4,2,4,0,0,0,0,0,0,33.1703,21.5937,21.6055,-5.30495,15.9888,-56.086,0,0,0,0,0,0,4.79852,1.49557,3.84123,2.29129,2.16032,-4.23577
3037,1.5185,4,2,4,0,0,0,0,0,0,33.3499,21.3912,21.6592,-5.29513,16.0238,-55.8919,0,0,0,0,0,0,4.81731,1.4691,3.8494,2.29841,2.15655,-4.21883
3038,1.519,4,2,4,0,0,0,0,0,0,33.5312,21.1865,21.7058,-5.29479,16.0518,-55.6994,0,0,0,0,0,0,4.83296,1.43787,3.85271,2.29368,2.1502,-4.19922
3039,1.5195,4,2,4,0,0,0,0,0,0,33.7159,20.9791,21.7515,-5.29563,16.0771,-55.5103,0,0,0,0,0,0,4.84791,1.41108,3.85945,2.29085,2.14805,-4.17972
3040,1.52,4,2,4,0,0,0,0,0,0,33.8999,20.7647,21.7952,-5.29667,16.1003,-55.3126,0,0,0,0,0,0,4.85399,1.38418,3.86284,2.28553,2.14623,-4.14715
3041,1.5205,4,2,4,0,0,0,0,0,0,34.0853,20.5467,21.8386,-5.29704,16.1222,-55.112,0,0,0,0,0,0,4.86367,1.35615,3.87009,2.28721,2.14613,-4.12177
3042,1.521,4,2,4,0,0,0,0,0,0,34.2724,20.3262,21.8832,-5.29571,16.144,-54.9139,0,0,0,0,0,0,4.87641,1.32343,3.87242,2.27809,2.14104,-4.09415
3043,1.5215,4,2,4,0,0,0,0,0,0,34.4579,20.1071,21.924,-5.29634,16.1628,-54.7194,0,0,0,0,0,0,4.89712,1.29095,3.87864,2.27898,2.13615,-4.07657
3044,1.522,4,2,4,0,0,0,0,0,0,34.6419,19.8889,21.9616,-5.2976,16.1781,-54.5281,0,0,0,0,0,0,4.91973,1.26208,3.89151,2.29466,2.13466,-4.06939
3045,1.5225,4,2,4,0,0,0,0,0,0,34.8225,19.6698,21.9957,-5.30277,16.1911,-54.3384,0,0,0,0,0,0,4.94297,1.23739,3.9077,2.31586,2.13517,-4.0657
3046,1.523,4,2,4,0,0,0,0,0,0,34.9976,19.4491,22.0268,-5.31447,16.2029,-54.143,0,0,0,0,0,0,4.96011,1.21224,3.91752,2.32569,2.13345,-4.04968
3047,1.5235,4,2,4,0,0,0,0,0,0,35.1713,19.2296,22.0581,-5.32847,16.216,-53.9486,0,0,0,0,0,0,4.96915,1.18029,3.914,2.31181,2.12451,-4.01329
3048,1.524,4,2,4,0,0,0,0,0,0,35.3419,19.0107,22.0965,-5.3355,16.237,-53.7487,0,0,0,0,0,0,4.97907,1.14328,3.90197,2.28704,2.10843,-3.97639
3049,1.5245,4,2,4,0,0,0,0,0,0,35.5104,18.7898,22.144,-5.33435,16.2673,-53.5401,0,0,0,0,0,0,4.99156,1.11091,3.90005,2.2714,2.1001,-3.94876
3050,1.525,4,2,4,0,0,0,0,0,0,35.6718,18.568,22.1939,-5.33076,16.3037,-53.3182,0,0,0,0,0,0,5.01041,1.08588,3.90887,2.27298,2.09818,-3.93566
3051,1.5255,4,2,4,0,0,0,0,0,0,35.8316,18.3451,22.2416,-5.32562,16.3389,-53.0931,0,0,0,0,0,0,5.03017,1.06806,3.92508,2.2893,2.10172,-3.93242
3052,1.526,4,2,4,0,0,0,0,0,0,35.994,18.1233,22.2852,-5.32114,16.3697,-52.8753,0,0,0,0,0,0,5.05284,1.04891,3.94445,2.3105,2.10621,-3.93086
3053,1.5265,4,2,4,0,0,0,0,0,0,36.1583,17.8978,22.3224,-5.3223,16.3935,-52.6612,0,0,0,0,0,0,5.06932,1.01912,3.95469,2.31792,2.10429,-3.91509
3054,1.527,4,2,4,0,0,0,0,0,0,36.3252,17.6718,22.3568,-5.32452,16.4129,-52.4571,0,0,0,0,0,0,5.07941,0.993059,3.95792,2.31612,2.10043,-3.8912
3055,1.5275,4,2,4,0,0,0,0,0,0,36.4958,17.4471,22.3876,-5.32817,16.427,-52.2654,0,0,0,0,0,0,5.08973,0.966505,3.95955,2.31558,2.09496,-3.86907
3056,1.528,4,2,4,0,0,0,0,0,0,36.6667,17.2216,22.418,-5.3322,16.4399,-52.0783,0,0,0,0,0,0,5.10097,0.932528,3.95562,2.30417,2.08451,-3.84185
3057,1.5285,4,2,4,0,0,0,0,0,0,36.8319,16.9919,22.4526,-5.33489,16.4578,-51.8833,0,0,0,0,0,0,5.10778,0.893326,3.95112,2.29489,2.07433,-3.80858
3058,1.529,4,2,4,0,0,0,0,0,0,36.9903,16.7595,22.485,-5.34278,16.4768,-51.6786,0,0,0,0,0,0,5.12737,0.862809,3.96669,2.30592,2.07693,-3.79205
3059,1.5295,4,2,4,0,0,0,0,0,0,37.1477,16.524,22.5161,-5.35573,16.4959,-51.4681,0,0,0,0,0,0,5.14946,0.834682,3.98123,2.32277,2.07605,-3.78655
3060,1.53,4,2,4,0,0,0,0,0,0,37.3096,16.2905,22.5463,-5.37,16.5125,-51.2627,0,0,0,0,0,0,5.16044,0.806431,3.98305,2.3208,2.07065,-3.76632
3061,1.5305,4,2,4,0,0,0,0,0,0,37.4727,16.0606,22.5768,-5.3859,16.5288,-51.062,0,0,0,0,0,0,5.17044,0.778276,3.98484,2.3164,2.06622,-3.74785
3062,1.531,4,2,4,0,0,0,0,0,0,37.6358,15.8334,22.6128,-5.39426,16.5486,-50.8655,0,0,0,0,0,0,5.18131,0.750482,3.98277,2.30466,2.05825,-3.72833
3063,1.5315,4,2,4,0,0,0,0,0,0,37.7981,15.6062,22.6476,-5.39971,16.5675,-50.6724,0,0,0,0,0,0,5.19615,0.726136,3.9869,2.29465,2.05419,-3.70999
3064,1.532,4,2,4,0,0,0,0,0,0,37.9552,15.3739,22.6781,-5.40524,16.5855,-50.4707,0,0,0,0,0,0,5.20969,0.701682,3.99168,2.28983,2.05068,-3.69051
3065,1.5325,4,2,4,0,0,0,0,0,0,38.1016,15.1373,22.7084,-5.4051,16.6067,-50.2529,0,0,0,0,0,0,5.22507,0.672236,4.00185,2.29611,2.04932,-3.67152
3066,1.533,4,2,4,0,0,0,0,0,0,38.2402,14.8981,22.7381,-5.40264,16.6298,-50.025,0,0,0,0,0,0,5.23771,0.643975,4.01204,2.30592,2.04875,-3.65033
3067,1.5335,4,2,4,0,0,0,0,0,0,38.3773,14.6608,22.7654,-5.40177,16.6511,-49.7995,0,0,0,0,0,0,5.24334,0.613093,4.0143,2.31022,2.04333,-3.62349
3068,1.534,4,2,4,0,0,0,0,0,0,38.5138,14.4234,22.7925,-5.40499,16.6716,-49.5752,0,0,0,0,0,0,5.2465,0.577169,4.01403,2.30905,2.03736,-3.5873
3069,1.5345,4,2,4,0,0,0,0,0,0,38.6534,14.1847,22.816,-5.415,16.6868,-49.3564,0,0,0,0,0,0,5.26348,0.543736,4.01846,2.31243,2.0313,-3.57079
3070,1.535,4,2,4,0,0,0,0,0,0,38.7992,13.9451,22.8385,-5.42658,16.6986,-49.1443,0,0,0,0,0,0,5.28798,0.513109,4.02497,2.31374,2.02438,-3.56653
3071,1.5355,4,2,4,0,0,0,0,0,0,38.9516,13.7053,22.8621,-5.43718,16.7096,-48.9378,0,0,0,0,0,0,5.29954,0.482412,4.01891,2.29682,2.01337,-3.54339
3072,1.536,4,2,4,0,0,0,0,0,0,39.1031,13.4645,22.893,-5.44046,16.7258,-48.7301,0,0,0,0,0,0,5.30917,0.449502,4.01857,2.2864,2.00708,-3.51594
3073,1.5365,4,2,4,0,0,0,0,0,0,39.2552,13.2276,22.9261,-5.43642,16.7433,-48.5286,0,0,0,0,0,0,5.3219,0.420165,4.02586,2.28786,2.00486,-3.4924
3074,1.537,4,2,4,0,0,0,0,0,0,39.4072,12.9903,22.9525,-5.43893,16.7565,-48.33,0,0,0,0,0,0,5.33409,0.395499,4.0335,2.29735,2.00111,-3.47793
3075,1.5375,4,2,4,0,0,0,0,0,0,39.5553,12.7506,22.9738,-5.447,16.7675,-48.1288,0,0,0,0,0,0,5.34583,0.36016,4.03333,2.29561,1.99076,-3.46038
3076,1.538,4,2,4,0,0,0,0,0,0,39.6995,12.5105,22.9912,-5.45889,16.7769,-47.9288,0,0,0,0,0,0,5.37005,0.32877,4.04105,2.30389,1.98364,-3.46167
3077,1.5385,4,2,4,0,0,0,0,0,0,39.841,12.267,23.0036,-5.4776,16.783,-47.7274,0,0,0,0,0,0,5.3839,0.293211,4.04364,2.30705,1.97652,-3.44617
3078,1.539,4,2,4,0,0,0,0,0,0,39.9805,12.0194,23.0146,-5.49791,16.7879,-47.5225,0,0,0,0,0,0,5.38636,0.257862,4.04,2.29723,1.9695,-3.40829
3079,1.5395,4,2,4,0,0,0,0,0,0,40.1121,11.7697,23.0254,-5.52004,16.7958,-47.3025,0,0,0,0,0,0,5.38493,0.225712,4.0379,2.28949,1.96392,-3.36908
3080,1.54,4,2,4,0,0,0,0,0,0,40.2435,11.5196,23.0403,-5.53647,16.8073,-47.0786,0,0,0,0,0,0,5.38289,0.197999,4.03495,2.28446,1.95762,-3.33546
3081,1.5405,4,2,4,0,0,0,0,0,0,40.3759,11.269,23.0618,-5.54722,16.8246,-46.8538,0,0,0,0,0,0,5.3924,0.171063,4.03719,2.28658,1.95139,-3.31871
3082,1.541,4,2,4,0,0,0,0,0,0,40.5078,11.0217,23.0922,-5.54799,16.8489,-46.6328,0,0,0,0,0,0,5.41068,0.141902,4.03914,2.28646,1.94198,-3.3132
3083,1.5415,4,2,4,0,0,0,0,0,0,40.6381,10.7791,23.1254,-5.5411,16.8756,-46.4189,0,0,0,0,0,0,5.44001,0.117782,4.05231,2.29642,1.93825,-3.31964
3084,1.542,4,2,4,0,0,0,0,0,0,40.7659,10.5379,23.1511,-5.5385,16.8968,-46.2077,0,0,0,0,0,0,5.45724,0.0943495,4.06133,2.30615,1.93452,-3.31052
3085,1.5425,4,2,4,0,0,0,0,0,0,40.8952,10.2942,23.1689,-5.54308,16.9111,-46.0017,0,0,0,0,0,0,5.45639,0.068531,4.06214,2.3038,1.93176,-3.27752
3086,1.543,4,2,4,0,0,0,0,0,0,41.0135,10.0474,23.1841,-5.5519,16.9267,-45.7824,0,0,0,0,0,0,5.45524,0.0383373,4.05888,2.29382,1.9266,-3.24248
3087,1.5435,4,2,4,0,0,0,0,0,0,41.1233,9.7989,23.1997,-5.56034,16.9446,-45.5553,0,0,0,0,0,0,5.46261,0.00824206,4.05723,2.29055,1.91896,-3.22515
3088,1.544,4,2,4,0,0,0,0,0,0,41.23,9.54869,23.2151,-5.56983,16.9644,-45.3253,0,0,0,0,0,0,5.47509,-0.0269508,4.05494,2.27909,1.91027,-3.20755
3089,1.5445,4,2,4,0,0,0,0,0,0,41.3404,9.29882,23.2296,-5.5823,16.9836,-45.1031,0,0,0,0,0,0,5.47895,-0.0612656,4.048,2.26613,1.90007,-3.18016
3090,1.545,4,2,4,0,0,0,0,0,0,41.4627,9.05163,23.2532,-5.58252,17.0055,-44.897,0,0,0,0,0,0,5.49728,-0.0904981,4.05843,2.27887,1.89621,-3.17825
3091,1.5455,4,2,4,0,0,0,0,0,0,41.5904,8.80473,23.2848,-5.57508,17.0299,-44.6979,0,0,0,0,0,0,5.51258,-0.115646,4.06397,2.28493,1.89079,-3.17029
3092,1.546,4,2,4,0,0,0,0,0,0,41.7161,8.55854,23.3094,-5.57649,17.0495,-44.4972,0,0,0,0,0,0,5.52222,-0.143711,4.06633,2.28667,1.88439,-3.15551
3093,1.5465,4,2,4,0,0,0,0,0,0,41.8371,8.31107,23.3266,-5.58481,17.0644,-44.2899,0,0,0,0,0,0,5.52326,-0.176694,4.06116,2.27522,1.87597,-3.12699
3094,1.547,4,2,4,0,0,0,0,0,0,41.9522,8.05998,23.3366,-5.59969,17.0759,-44.075,0,0,0,0,0,0,5.52595,-0.213151,4.05958,2.26889,1.86902,-3.09821
3095,1.5475,4,2,4,0,0,0,0,0,0,42.058,7.80452,23.341,-5.61995,17.0856,-43.8489,0,0,0,0,0,0,5.53436,-0.250562,4.05926,2.26525,1.86097,-3.07456
3096,1.548,4,2,4,0,0,0,0,0,0,42.1612,7.54684,23.3458,-5.63575,17.0948,-43.6235,0,0,0,0,0,0,5.53708,-0.28405,4.05145,2.25281,1.85007,-3.044
3097,1.5485,4,2,4,0,0,0,0,0,0,42.2654,7.28927,23.3542,-5.64394,17.1054,-43.4027,0,0,0,0,0,0,5.54422,-0.316878,4.04808,2.24965,1.83957,-3.02209
3098,1.549,4,2,4,0,0,0,0,0,0,42.376,7.03361,23.3636,-5.64897,17.1155,-43.1923,0,0,0,0,0,0,5.54982,-0.346207,4.04901,2.24952,1.83354,-3.00141
3099,1.5495,4,2,4,0,0,0,0,0,0,42.4875,6.77821,23.3766,-5.65068,17.1285,-42.9814,0,0,0,0,0,0,5.55798,-0.376817,4.05472,2.25526,1.82936,-2.98421
3100,1.55,4,2,4,0,0,0,0,0,0,42.5965,6.52639,23.392,-5.65091,17.1441,-42.7701,0,0,0,0,0,0,5.56338,-0.408362,4.05759,2.25618,1.82487,-2.96164
3101,1.5505,4,2,4,0,0,0,0,0,0,42.6991,6.27583,23.4038,-5.65737,17.1604,-42.5511,0,0,0,0,0,0,5.56525,-0.440973,4.05861,2.25646,1.81951,-2.93628
3102,1.551,4,2,4,0,0,0,0,0,0,42.7966,6.02215,23.4107,-5.67225,17.1752,-42.3222,0,0,0,0,0,0,5.56648,-0.475548,4.05141,2.24079,1.81032,-2.89983
3103,1.5515,4,2,4,0,0,0,0,0,0,42.8926,5.76331,23.4159,-5.68795,17.1879,-42.093,0,0,0,0,0,0,5.56997,-0.50843,4.04394,2.2259,1.80027,-2.87134
3104,1.552,4,2,4,0,0,0,0,0,0,42.9839,5.50392,23.4249,-5.69521,17.2033,-41.8622,0,0,0,0,0,0,5.57624,-0.535653,4.04142,2.2254,1.79177,-2.85738
3105,1.5525,4,2,4,0,0,0,0,0,0,43.0731,5.24424,23.4358,-5.69855,17.22,-41.6318,0,0,0,0,0,0,5.58599,-0.570241,4.04841,2.23339,1.78791,-2.84424
3106,1.553,4,2,4,0,0,0,0,0,0,43.1684,4.98713,23.4477,-5.6987,17.2361,-41.411,0,0,0,0,0,0,5.58845,-0.601858,4.05079,2.2381,1.78333,-2.82044
3107,1.5535,4,2,4,0,0,0,0,0,0,43.2643,4.73102,23.464,-5.69031,17.2543,-41.1937,0,0,0,0,0,0,5.58314,-0.633878,4.04261,2.22906,1.77487,-2.78561
3108,1.554,4,2,4,0,0,0,0,0,0,43.3553,4.47825,23.4797,-5.68394,17.274,-40.9724,0,0,0,0,0,0,5.57741,-0.664927,4.03581,2.21582,1.76827,-2.74514
3109,1.5545,4,2,4,0,0,0,0,0,0,43.4408,4.22615,23.4867,-5.69136,17.2905,-40.7466,0,0,0,0,0,0,5.58092,-0.68996,4.03137,2.2067,1.75925,-2.72107
3110,1.555,4,2,4,0,0,0,0,0,0,43.5272,3.97303,23.4926,-5.70035,17.3057,-40.5256,0,0,0,0,0,0,5.60384,-0.717583,4.04003,2.21755,1.75135,-2.73078
3111,1.5555,4,2,4,0,0,0,0,0,0,43.6108,3.71767,23.499,-5.7058,17.3207,-40.3015,0,0,0,0,0,0,5.61997,-0.750483,4.04734,2.22643,1.745,-2.72857
3112,1.556,4,2,4,0,0,0,0,0,0,43.6922,3.45977,23.5098,-5.70371,17.3381,-40.0743,0,0,0,0,0,0,5.614,-0.781464,4.04015,2.21313,1.73918,-2.68716
3113,1.5565,4,2,4,0,0,0,0,0,0,43.7749,3.20225,23.5218,-5.69938,17.3563,-39.8476,0,0,0,0,0,0,5.60951,-0.808937,4.03384,2.2002,1.73414,-2.64898
3114,1.557,4,2,4,0,0,0,0,0,0,43.8593,2.94653,23.5318,-5.69471,17.3732,-39.6251,0,0,0,0,0,0,5.62089,-0.840559,4.03857,2.20803,1.7277,-2.63783
3115,1.5575,4,2,4,0,0,0,0,0,0,43.9417,2.69073,23.5466,-5.68151,17.3934,-39.4038,0,0,0,0,0,0,5.63059,-0.87351,4.03704,2.21028,1.71638,-2.62553
3116,1.558,4,2,4,0,0,0,0,0,0,44.0206,2.43514,23.5554,-5.677,17.4115,-39.1808,0,0,0,0,0,0,5.63646,-0.909125,4.02917,2.20491,1.70248,-2.6135
3117,1.5585,4,2,4,0,0,0,0,0,0,44.0987,2.18047,23.5556,-5.68451,17.4251,-38.9595,0,0,0,0,0,0,5.6291,-0.942392,4.02066,2.19348,1.69423,-2.58115
3118,1.559,4,2,4,0,0,0,0,0,0,44.1721,1.92519,23.5581,-5.69008,17.4413,-38.7347,0,0,0,0,0,0,5.62063,-0.976195,4.01211,2.17951,1.68735,-2.54537
3119,1.5595,4,2,4,0,0,0,0,0,0,44.239,1.66956,23.5635,-5.69035,17.4608,-38.5041,0,0,0,0,0,0,5.62059,-1.00944,4.00723,2.17218,1.67985,-2.52074
3120,1.56,4,2,4,0,0,0,0,0,0,44.3041,1.41297,23.5741,-5.68188,17.4829,-38.2732,0,0,0,0,0,0,5.63914,-1.03865,4.01008,2.17763,1.67059,-2.52307
3121,1.5605,4,2,4,0,0,0,0,0,0,44.3672,1.15712,23.5838,-5.67319,17.5042,-38.0408,0,0,0,0,0,0,5.64887,-1.06617,4.00919,2.17804,1.6614,-2.51548
3122,1.561,4,2,4,0,0,0,0,0,0,44.4335,0.902181,23.5954,-5.6613,17.5256,-37.816,0,0,0,0,0,0,5.64386,-1.09726,4.00086,2.16717,1.65236,-2.48414
3123,1.5615,4,2,4,0,0,0,0,0,0,44.5037,0.646314,23.6042,-5.65356,17.5444,-37.5988,0,0,0,0,0,0,5.63283,-1.13164,3.99113,2.1513,1.64515,-2.44119
3124,1.562,4,2,4,0,0,0,0,0,0,44.5714,0.390677,23.606,-5.65513,17.5594,-37.3786,0,0,0,0,0,0,5.63726,-1.16369,3.99252,2.15238,1.63956,-2.42283
3125,1.5625,4,2,4,0,0,0,0,0,0,44.6308,0.135709,23.6016,-5.66348,17.573,-37.1458,0,0,0,0,0,0,5.6396,-1.19829,3.98576,2.14459,1.62881,-2.40497
3126,1.563,4,2,4,0,0,0,0,0,0,44.6887,-0.122047,23.5995,-5.66649,17.5865,-36.9138,0,0,0,0,0,0,5.64644,-1.23517,3.97907,2.1382,1.61737,-2.39357
3127,1.5635,4,2,4,0,0,0,0,0,0,44.7456,-0.380768,23.6032,-5.65963,17.6018,-36.6827,0,0,0,0,0,0,5.64699,-1.26722,3.97614,2.13734,1.60926,-2.37285
3128,1.564,4,2,4,0,0,0,0,0,0,44.8025,-0.635255,23.6081,-5.6489,17.6177,-36.453,0,0,0,0,0,0,5.63372,-1.29812,3.96558,2.12766,1.60067,-2.33827
3129,1.5645,4,2,4,0,0,0,0,0,0,44.8637,-0.892565,23.6142,-5.63711,17.6333,-36.2293,0,0,0,0,0,0,5.62206,-1.32985,3.95738,2.1192,1.5925,-2.30259
3130,1.565,4,2,4,0,0,0,0,0,0,44.9296,-1.15129,23.623,-5.62226,17.6494,-36.0143,0,0,0,0,0,0,5.63052,-1.36256,3.96197,2.12669,1.58457,-2.28999
3131,1.5655,4,2,4,0,0,0,0,0,0,44.9854,-1.40777,23.6224,-5.62069,17.6641,-35.7871,0,0,0,0,0,0,5.63724,-1.39641,3.95605,2.11686,1.57377,-2.27155
3132,1.566,4,2,4,0,0,0,0,0,0,45.0324,-1.66309,23.6197,-5.62162,17.6803,-35.5498,0,0,0,0,0,0,5.63936,-1.42621,3.94327,2.09567,1.56363,-2.24689
3133,1.5665,4,2,4,0,0,0,0,0,0,45.0787,-1.91844,23.6184,-5.61904,17.6962,-35.3168,0,0,0,0,0,0,5.64383,-1.45391,3.94178,2.09482,1.55742,-2.23294
3134,1.567,4,2,4,0,0,0,0,0,0,45.1215,-2.17142,23.6214,-5.60942,17.7139,-35.0827,0,0,0,0,0,0,5.63985,-1.48459,3.94078,2.09714,1.55081,-2.20944
3135,1.5675,4,2,4,0,0,0,0,0,0,45.1643,-2.42213,23.6292,-5.58906,17.7325,-34.8539,0,0,0,0,0,0,5.63527,-1.51296,3.93516,2.09151,1.54243,-2.18065
3136,1.568,4,2,4,0,0,0,0,0,0,45.2143,-2.67657,23.6383,-5.56597,17.7495,-34.6355,0,0,0,0,0,0,5.63647,-1.54082,3.93058,2.09076,1.53127,-2.16439
3137,1.5685,4,2,4,0,0,0,0,0,0,45.2673,-2.92945,23.6495,-5.53915,17.7672,-34.4216,0,0,0,0,0,0,5.6402,-1.5723,3.92553,2.08571,1.52032,-2.15175
3138,1.569,4,2,4,0,0,0,0,0,0,45.3114,-3.18202,23.6514,-5.52628,17.7838,-34.1956,0,0,0,0,0,0,5.62393,-1.60548,3.90852,2.06253,1.51045,-2.11056
3139,1.5695,4,2,4,0,0,0,0,0,0,45.3479,-3.43659,23.6494,-5.51879,17.8007,-33.9613,0,0,0,0,0,0,5.62141,-1.63863,3.90227,2.0607,1.50044,-2.09113
3140,1.57,4,2,4,0,0,0,0,0,0,45.3816,-3.68887,23.65,-5.50862,17.8207,-33.7266,0,0,0,0,0,0,5.6293,-1.67014,3.90459,2.068,1.49179,-2.08086
3141,1.5705,4,2,4,0,0,0,0,0,0,45.4081,-3.93804,23.6528,-5.49389,17.8436,-33.4869,0,0,0,0,0,0,5.62057,-1.69521,3.89332,2.05777,1.48239,-2.05423
3142,1.571,4,2,4,0,0,0,0,0,0,45.4381,-4.18973,23.663,-5.46695,17.8682,-33.2562,0,0,0,0,0,0,5.61065,-1.7256,3.88703,2.0559,1.47371,-2.0265
3143,1.5715,4,2,4,0,0,0,0,0,0,45.4704,-4.44321,23.6761,-5.43502,17.8929,-33.0325,0,0,0,0,0,0,5.6134,-1.75986,3.88955,2.06228,1.46658,-2.01249
3144,1.572,4,2,4,0,0,0,0,0,0,45.4988,-4.6943,23.6864,-5.40478,17.9162,-32.8059,0,0,0,0,0,0,5.59779,-1.79047,3.8789,2.04598,1.46159,-1.9724
3145,1.5725,4,2,4,0,0,0,0,0,0,45.5189,-4.94453,23.6851,-5.38789,17.9359,-32.5694,0,0,0,0,0,0,5.58399,-1.81953,3.86773,2.03081,1.45515,-1.93559
3146,1.573,4,2,4,0,0,0,0,0,0,45.5364,-5.19799,23.6795,-5.37636,17.9526,-32.3299,0,0,0,0,0,0,5.57171,-1.85169,3.85439,2.02187,1.44296,-1.90956
3147,1.5735,4,2,4,0,0,0,0,0,0,45.5478,-5.44948,23.6781,-5.35874,17.971,-32.0827,0,0,0,0,0,0,5.55962,-1.88388,3.83659,2.00447,1.43058,-1.88133
3148,1.574,4,2,4,0,0,0,0,0,0,45.5609,-5.69794,23.6798,-5.33362,17.9885,-31.8398,0,0,0,0,0,0,5.5599,-1.91654,3.83932,2.01323,1.42501,-1.86828
3149,1.5745,4,2,4,0,0,0,0,0,0,45.579,-5.94918,23.6841,-5.30267,18.004,-31.6058,0,0,0,0,0,0,5.55358,-1.95065,3.83854,2.02177,1.41656,-1.85255
3150,1.575,4,2,4,0,0,0,0,0,0,45.5958,-6.19929,23.6872,-5.27191,18.0199,-31.3687,0,0,0,0,0,0,5.53692,-1.98018,3.82517,2.00346,1.41073,-1.80733
3151,1.5755,4,2,4,0,0,0,0,0,0,45.6127,-6.44973,23.6932,-5.23846,18.0373,-31.1304,0,0,0,0,0,0,5.53028,-2.00598,3.81857,1.99329,1.40654,-1.77122
3152,1.576,4,2,4,0,0,0,0,0,0,45.6306,-6.70119,23.6939,-5.21192,18.0514,-30.8949,0,0,0,0,0,0,5.53597,-2.0358,3.81991,1.99356,1.40124,-1.756
3153,1.5765,4,2,4,0,0,0,0,0,0,45.6454,-6.9537,23.6882,-5.19472,18.0628,-30.6564,0,0,0,0,0,0,5.52976,-2.06561,3.80216,1.97011,1.38949,-1.73209
3154,1.577,4,2,4,0,0,0,0,0,0,45.6583,-7.20175,23.6875,-5.16744,18.0757,-30.4183,0,0,0,0,0,0,5.53011,-2.09595,3.79108,1.96176,1.37582,-1.72166
3155,1.5775,4,2,4,0,0,0,0,0,0,45.671,-7.44994,23.6946,-5.12847,18.0907,-30.1846,0,0,0,0,0,0,5.53315,-2.12533,3.79283,1.97035,1.36747,-1.71276
3156,1.578,4,2,4,0,0,0,0,0,0,45.6797,-7.69494,23.7024,-5.08881,18.1079,-29.949,0,0,0,0,0,0,5.51134,-2.15374,3.78265,1.96101,1.36223,-1.66961
3157,1.5785,4,2,4,0,0,0,0,0,0,45.6864,-7.94035,23.7069,-5.05418,18.1256,-29.7111,0,0,0,0,0,0,5.50454,-2.18195,3.77511,1.95263,1.35514,-1.64106
3158,1.579,4,2,4,0,0,0,0,0,0,45.695,-8.18417,23.7152,-5.0143,18.1443,-29.4776,0,0,0,0,0,0,5.50777,-2.21012,3.77559,1.95876,1.347,-1.62966
3159,1.5795,4,2,4,0,0,0,0,0,0,45.7061,-8.43014,23.7197,-4.97862,18.1603,-29.2487,0,0,0,0,0,0,5.49887,-2.23916,3.76457,1.94939,1.33685,-1.60415
3160,1.58,4,2,4,0,0,0,0,0,0,45.7123,-8.67573,23.7141,-4.95471,18.173,-29.0154,0,0,0,0,0,0,5.48572,-2.27344,3.74799,1.92985,1.32404,-1.57223
3161,1.5805,4,2,4,0,0,0,0,0,0,45.7146,-8.91869,23.7189,-4.91487,18.1895,-28.7828,0,0,0,0,0,0,5.47935,-2.30441,3.73748,1.92199,1.31161,-1.55037
3162,1.581,4,2,4,0,0,0,0,0,0,45.7103,-9.15979,23.7272,-4.86881,18.2097,-28.5469,0,0,0,0,0,0,5.46067,-2.32801,3.72034,1.91103,1.29922,-1.519
3163,1.5815,4,2,4,0,0,0,0,0,0,45.6996,-9.39853,23.733,-4.82597,18.2323,-28.3046,0,0,0,0,0,0,5.44308,-2.35415,3.70548,1.90767,1.28665,-1.49712
3164,1.582,4,2,4,0,0,0,0,0,0,45.6874,-9.63897,23.7384,-4.78324,18.2549,-28.06,0,0,0,0,0,0,5.4265,-2.3824,3.69705,1.90669,1.27992,-1.46879
3165,1.5825,4,2,4,0,0,0,0,0,0,45.6745,-9.87782,23.7368,-4.74429,18.2722,-27.8186,0,0,0,0,0,0,5.42462,-2.41734,3.6928,1.90908,1.27097,-1.4585
3166,1.583,4,2,4,0,0,0,0,0,0,45.6629,-10.1191,23.731,-4.70737,18.2847,-27.5823,0,0,0,0,0,0,5.40492,-2.44995,3.67348,1.8911,1.26009,-1.42429
3167,1.5835,4,2,4,0,0,0,0,0,0,45.648,-10.3599,23.7206,-4.67365,18.2929,-27.3454,0,0,0,0,0,0,5.37539,-2.47663,3.65299,1.86893,1.25134,-1.37438
3168,1.584,4,2,4,0,0,0,0,0,0,45.6283,-10.6005,23.7111,-4.63444,18.2982,-27.1078,0,0,0,0,0,0,5.35767,-2.50267,3.6373,1.85404,1.242,-1.33968
3169,1.5845,4,2,4,0,0,0,0,0,0,45.5992,-10.8361,23.6991,-4.59649,18.3036,-26.8587,0,0,0,0,0,0,5.33552,-2.5287,3.61706,1.83613,1.23261,-1.30582
3170,1.585,4,2,4,0,0,0,0,0,0,45.5683,-11.0731,23.688,-4.55838,18.3105,-26.6059,0,0,0,0,0,0,5.31702,-2.56044,3.60363,1.82294,1.22687,-1.27039
3171,1.5855,4,2,4,0,0,0,0,0,0,45.5462,-11.31,23.6801,-4.51897,18.3186,-26.3594,0,0,0,0,0,0,5.31658,-2.5965,3.60584,1.83138,1.22122,-1.26151
3172,1.586,4,2,4,0,0,0,0,0,0,45.5367,-11.5435,23.6799,-4.47144,18.3265,-26.1258,0,0,0,0,0,0,5.30217,-2.62644,3.59371,1.81839,1.21426,-1.23046
3173,1.5865,4,2,4,0,0,0,0,0,0,45.5388,-11.7769,23.6827,-4.42335,18.3328,-25.9047,0,0,0,0,0,0,5.28963,-2.65587,3.58687,1.81014,1.20829,-1.19707
3174,1.587,4,2,4,0,0,0,0,0,0,45.5495,-12.0113,23.6971,-4.36433,18.3409,-25.6892,0,0,0,0,0,0,5.28891,-2.6804,3.58711,1.80908,1.20367,-1.17999
3175,1.5875,4,2,4,0,0,0,0,0,0,45.5541,-12.2408,23.7149,-4.30262,18.3515,-25.4642,0,0,0,0,0,0,5.29044,-2.70241,3.58039,1.79693,1.19761,-1.16226
3176,1.588,4,2,4,0,0,0,0,0,0,45.5507,-12.4735,23.7285,-4.2483,18.363,-25.2259,0,0,0,0,0,0,5.28763,-2.72526,3.5654,1.77831,1.18665,-1.14257
3177,1.5885,4,2,4,0,0,0,0,0,0,45.5437,-12.7115,23.7455,-4.19303,18.377,-24.9852,0,0,0,0,0,0,5.29477,-2.75185,3.56631,1.77642,1.18092,-1.12732
3178,1.589,4,2,4,0,0,0,0,0,0,45.5367,-12.9474,23.7671,-4.13288,18.3945,-24.7493,0,0,0,0,0,0,5.29936,-2.78357,3.57267,1.78348,1.17652,-1.11403
3179,1.5895,4,2,4,0,0,0,0,0,0,45.5324,-13.1794,23.7929,-4.0631,18.4131,-24.526,0,0,0,0,0,0,5.28812,-2.81161,3.56599,1.77781,1.16991,-1.08486
3180,1.59,4,2,4,0,0,0,0,0,0,45.5214,-13.4124,23.8134,-3.99537,18.4299,-24.304,0,0,0,0,0,0,5.2761,-2.83597,3.56015,1.77791,1.16111,-1.06324
3181,1.5905,4,2,4,0,0,0,0,0,0,45.4937,-13.6422,23.8293,-3.92582,18.4475,-24.0711,0,0,0,0,0,0,5.26136,-2.85987,3.54215,1.76795,1.14601,-1.04942
3182,1.591,4,2,4,0,0,0,0,0,0,45.4399,-13.869,23.8347,-3.86304,18.4661,-23.8134,0,0,0,0,0,0,5.22745,-2.87614,3.50775,1.73917,1.13047,-1.01284
3183,1.5915,4,2,4,0,0,0,0,0,0,45.3711,-14.0988,23.8326,-3.80631,18.4826,-23.5434,0,0,0,0,0,0,5.19505,-2.89972,3.48062,1.7196,1.11702,-0.979976
3184,1.592,4,2,4,0,0,0,0,0,0,45.3062,-14.3284,23.8228,-3.7563,18.493,-23.281,0,0,0,0,0,0,5.16547,-2.92746,3.46731,1.72002,1.10509,-0.952568
3185,1.5925,4,2,4,0,0,0,0,0,0,45.2542,-14.5545,23.8165,-3.69906,18.4982,-23.0361,0,0,0,0,0,0,5.13033,-2.9552,3.44528,1.71175,1.09216,-0.921201
3186,1.593,4,2,4,0,0,0,0,0,0,45.2226,-14.7797,23.8172,-3.63218,18.5003,-22.8155,0,0,0,0,0,0,5.11754,-2.98922,3.438,1.71961,1.08016,-0.913589
3187,1.5935,4,2,4,0,0,0,0,0,0,45.1938,-15.0037,23.823,-3.55675,18.501,-22.6008,0,0,0,0,0,0,5.10301,-3.01645,3.42288,1.71226,1.06978,-0.895873
3188,1.594,4,2,4,0,0,0,0,0,0,45.1521,-15.221,23.8254,-3.48246,18.502,-22.3729,0,0,0,0,0,0,5.08595,-3.04126,3.40707,1.69901,1.06099,-0.868759
3189,1.5945,4,2,4,0,0,0,0,0,0,45.0912,-15.4388,23.8145,-3.41975,18.5008,-22.1273,0,0,0,0,0,0,5.06815,-3.06635,3.39256,1.69115,1.05139,-0.845595
3190,1.595,4,2,4,0,0,0,0,0,0,45.0117,-15.6586,23.7876,-3.37184,18.4945,-21.8635,0,0,0,0,0,0,5.03822,-3.09046,3.36752,1.67261,1.03965,-0.81416
3191,1.5955,4,2,4,0,0,0,0,0,0,44.9242,-15.8772,23.7522,-3.32842,18.4826,-21.6,0,0,0,0,0,0,5.0043,-3.11992,3.34383,1.6544,1.02883,-0.777625
3192,1.596,4,2,4,0,0,0,0,0,0,44.8408,-16.0936,23.7175,-3.27963,18.4663,-21.3488,0,0,0,0,0,0,4.96486,-3.15312,3.32155,1.639,1.01853,-0.731462
3193,1.5965,4,2,4,0,0,0,0,0,0,44.7654,-16.3079,23.6834,-3.22876,18.4471,-21.1089,0,0,0,0,0,0,4.92569,-3.1844,3.29905,1.62038,1.01031,-0.680822
3194,1.597,4,2,4,0,0,0,0,0,0,44.6965,-16.5156,23.6551,-3.17089,18.4299,-20.8719,0,0,0,0,0,0,4.8954,-3.205,3.28103,1.60775,1.00404,-0.635042
3195,1.5975,4,2,4,0,0,0,0,0,0,44.6324,-16.7265,23.6363,-3.10549,18.4157,-20.6291,0,0,0,0,0,0,4.8911,-3.23066,3.26916,1.5984,0.996783,-0.61643
3196,1.598,4,2,4,0,0,0,0,0,0,44.5785,-16.9448,23.6295,-3.03556,18.4067,-20.3824,0,0,0,0,0,0,4.88939,-3.2592,3.26296,1.58949,0.992429,-0.596524
3197,1.5985,4,2,4,0,0,0,0,0,0,44.5413,-17.1661,23.6413,-2.95864,18.4058,-20.1353,0,0,0,0,0,0,4.887,-3.28286,3.26325,1.5868,0.989174,-0.573079
3198,1.599,4,2,4,0,0,0,0,0,0,44.5394,-17.3883,23.674,-2.87173,18.4092,-19.9119,0,0,0,0,0,0,4.90185,-3.30776,3.27419,1.5978,0.982361,-0.572577
3199,1.5995,4,2,4,0,0,0,0,0,0,44.5723,-17.6111,23.7226,-2.77819,18.4158,-19.7179,0,0,0,0,0,0,4.91304,-3.33017,3.28123,1.60022,0.978659,-0.559047
3200,1.6,4,2,4,0,0,0,0,0,0,44.5973,-17.8308,23.7725,-2.68405,18.4259,-19.5231,0,0,0,0,0,0,4.92838,-3.3582,3.28635,1.60147,0.974133,-0.553936
3201,1.6005,4,2,4,0,0,0,0,0,0,44.5954,-18.0471,23.8116,-2.59392,18.4363,-19.3127,0,0,0,0,0,0,4.94491,-3.3874,3.28632,1.59496,0.969211,-0.547227
3202,1.601,4,2,4,0,0,0,0,0,0,44.5631,-18.2624,23.8393,-2.5047,18.4451,-19.0844,0,0,0,0,0,0,4.93202,-3.40281,3.26966,1.57528,0.965891,-0.515793
3203,1.6015,4,2,4,0,0,0,0,0,0,44.5092,-18.4782,23.8578,-2.41885,18.4528,-18.8425,0,0,0,0,0,0,4.89583,-3.4131,3.24354,1.55596,0.958442,-0.475858
3204,1.602,4,2,4,0,0,0,0,0,0,44.449,-18.6941,23.8711,-2.33137,18.4555,-18.6055,0,0,0,0,0,0,4.86089,-3.42556,3.22542,1.55581,0.946951,-0.451155
3205,1.6025,4,2,4,0,0,0,0,0,0,44.3836,-18.9041,23.875,-2.24629,18.4495,-18.3729,0,0,0,0,0,0,4.82314,-3.44542,3.20658,1.55277,0.935219,-0.423286
3206,1.603,4,2,4,0,0,0,0,0,0,44.3106,-19.1053,23.8586,-2.1785,18.4349,-18.1374,0,0,0,0,0,0,4.78586,-3.47266,3.18475,1.54343,0.921883,-0.396407
3207,1.6035,4,2,4,0,0,0,0,0,0,44.2319,-19.3026,23.8295,-2.12226,18.4153,-17.8946,0,0,0,0,0,0,4.74602,-3.49191,3.15516,1.52267,0.908563,-0.364158
3208,1.604,4,2,4,0,0,0,0,0,0,44.1519,-19.5049,23.8007,-2.06468,18.3932,-17.6487,0,0,0,0,0,0,4.70288,-3.50084,3.11959,1.49642,0.897443,-0.324541
3209,1.6045,4,2,4,0,0,0,0,0,0,44.0694,-19.7085,23.7754,-2.00101,18.3705,-17.3991,0,0,0,0,0,0,4.66251,-3.51277,3.0924,1.48369,0.887134,-0.288085
3210,1.605,4,2,4,0,0,0,0,0,0,43.9863,-19.9126,23.7542,-1.92856,18.3465,-17.1523,0,0,0,0,0,0,4.64555,-3.54061,3.08586,1.48678,0.87914,-0.26622
3211,1.6055,4,2,4,0,0,0,0,0,0,43.9131,-20.1178,23.7395,-1.84357,18.3197,-16.9255,0,0,0,0,0,0,4.62142,-3.56457,3.07512,1.48279,0.872818,-0.233843
3212,1.606,4,2,4,0,0,0,0,0,0,43.8424,-20.3146,23.7248,-1.75528,18.2918,-16.7067,0,0,0,0,0,0,4.60013,-3.59503,3.06481,1.48376,0.861811,-0.215765
3213,1.6065,4,2,4,0,0,0,0,0,0,43.7681,-20.5042,23.7062,-1.672,18.2636,-16.4831,0,0,0,0,0,0,4.57008,-3.61555,3.04378,1.47116,0.850533,-0.183601
3214,1.607,4,2,4,0,0,0,0,0,0,43.6885,-20.6944,23.6824,-1.59863,18.2351,-16.2497,0,0,0,0,0,0,4.54,-3.633,3.0195,1.45497,0.837834,-0.15459
3215,1.6075,4,2,4,0,0,0,0,0,0,43.6121,-20.8902,23.66,-1.5295,18.208,-16.0128,0,0,0,0,0,0,4.52864,-3.65427,3.01086,1.45043,0.829406,-0.134831
3216,1.608,4,2,4,0,0,0,0,0,0,43.5434,-21.0886,23.6445,-1.45824,18.1833,-15.7757,0,0,0,0,0,0,4.52096,-3.67566,2.99798,1.43772,0.822236,-0.114165
3217,1.6085,4,2,4,0,0,0,0,0,0,43.4853,-21.2922,23.6414,-1.37509,18.1599,-15.5498,0,0,0,0,0,0,4.513,-3.69996,2.98916,1.42864,0.817169,-0.0974835
3218,1.609,4,2,4,0,0,0,0,0,0,43.4322,-21.4957,23.6465,-1.28261,18.1393,-15.3348,0,0,0,0,0,0,4.50516,-3.72752,2.98957,1.43303,0.812386,-0.0844344
3219,1.6095,4,2,4,0,0,0,0,0,0,43.376,-21.6916,23.653,-1.18773,18.1214,-15.118,0,0,0,0,0,0,4.48475,-3.75298,2.98194,1.42872,0.809091,-0.0539054
3220,1.61,4,2,4,0,0,0,0,0,0,43.3164,-21.8858,23.6581,-1.0932,18.1036,-14.8978,0,0,0,0,0,0,4.4542,-3.76941,2.96916,1.42033,0.806301,-0.0148398
3221,1.6105,4,2,4,0,0,0,0,0,0,43.2441,-22.0844,23.6597,-1.00184,18.084,-14.6652,0,0,0,0,0,0,4.42651,-3.78766,2.95384,1.40808,0.801238,0.0158826
3222,1.611,4,2,4,0,0,0,0,0,0,43.1599,-22.2805,23.6536,-0.917885,18.0607,-14.4224,0,0,0,0,0,0,4.39996,-3.80343,2.93006,1.39077,0.790897,0.0390408
3223,1.6115,4,2,4,0,0,0,0,0,0,43.0762,-22.4742,23.6372,-0.843007,18.0316,-14.186,0,0,0,0,0,0,4.37485,-3.82291,2.9055,1.37377,0.77875,0.060739
3224,1.612,4,2,4,0,0,0,0,0,0,43.003,-22.6673,23.6244,-0.759714,17.9968,-13.9695,0,0,0,0,0,0,4.36078,-3.84892,2.89408,1.37216,0.768011,0.0700237
3225,1.6125,4,2,4,0,0,0,0,0,0,42.9293,-22.8537,23.614,-0.671657,17.9609,-13.7565,0,0,0,0,0,0,4.33476,-3.86465,2.87835,1.36617,0.758808,0.0948646
3226,1.613,4,2,4,0,0,0,0,0,0,42.8527,-23.0324,23.6018,-0.584277,17.9257,-13.5413,0,0,0,0,0,0,4.30003,-3.88036,2.85647,1.35217,0.750329,0.127683
3227,1.6135,4,2,4,0,0,0,0,0,0,42.7752,-23.2143,23.593,-0.492046,17.8917,-13.3277,0,0,0,0,0,0,4.26902,-3.89926,2.83777,1.342,0.742193,0.154444
3228,1.614,4,2,4,0,0,0,0,0,0,42.6931,-23.3982,23.5825,-0.401457,17.8588,-13.1088,0,0,0,0,0,0,4.25367,-3.91629,2.82518,1.33927,0.732783,0.162862
3229,1.6145,4,2,4,0,0,0,0,0,0,42.6127,-23.5801,23.5729,-0.311102,17.8271,-12.8896,0,0,0,0,0,0,4.22977,-3.92792,2.80843,1.32883,0.726199,0.189249
3230,1.615,4,2,4,0,0,0,0,0,0,42.5379,-23.7631,23.5626,-0.222532,17.7928,-12.679,0,0,0,0,0,0,4.20212,-3.94297,2.79012,1.31637,0.718374,0.222797
3231,1.6155,4,2,4,0,0,0,0,0,0,42.4706,-23.9445,23.5525,-0.135261,17.7549,-12.4761,0,0,0,0,0,0,4.17469,-3.96006,2.77014,1.30314,0.708224,0.250108
3232,1.616,4,2,4,0,0,0,0,0,0,42.4057,-24.1215,23.5431,-0.0510498,17.717,-12.2704,0,0,0,0,0,0,4.15731,-3.97992,2.75751,1.29515,0.699434,0.270986
3233,1.6165,4,2,4,0,0,0,0,0,0,42.3405,-24.2989,23.5346,0.0320798,17.679,-12.0608,0,0,0,0,0,0,4.13865,-4.00096,2.75097,1.29406,0.692244,0.291283
3234,1.617,4,2,4,0,0,0,0,0,0,42.267,-24.4829,23.5257,0.113584,17.6424,-11.8413,0,0,0,0,0,0,4.11751,-4.01765,2.74032,1.28818,0.687916,0.31566
3235,1.6175,4,2,4,0,0,0,0,0,0,42.1898,-24.6681,23.5194,0.199334,17.6079,-11.6186,0,0,0,0,0,0,4.09385,-4.02941,2.72293,1.27561,0.684571,0.34307
3236,1.618,4,2,4,0,0,0,0,0,0,42.1107,-24.8496,23.5152,0.291363,17.5743,-11.3998,0,0,0,0,0,0,4.07413,-4.04718,2.71242,1.27496,0.679182,0.358555
3237,1.6185,4,2,4,0,0,0,0,0,0,42.0319,-25.0315,23.5122,0.389772,17.5382,-11.1902,0,0,0,0,0,0,4.05169,-4.06719,2.70074,1.27285,0.672615,0.378689
3238,1.619,4,2,4,0,0,0,0,0,0,41.9511,-25.2061,23.5022,0.485246,17.4977,-10.9799,0,0,0,0,0,0,4.01797,-4.08238,2.69005,1.27275,0.665577,0.407774
3239,1.6195,4,2,4,0,0,0,0,0,0,41.8685,-25.3746,23.4775,0.568863,17.451,-10.7661,0,0,0,0,0,0,3.97582,-4.08983,2.66279,1.25285,0.658014,0.450788
3240,1.62,4,2,4,0,0,0,0,0,0,41.7856,-25.5483,23.4439,0.646529,17.3968,-10.5566,0,0,0,0,0,0,3.94612,-4.10323,2.63681,1.23391,0.647411,0.479144
3241,1.6205,4,2,4,0,0,0,0,0,0,41.6947,-25.7224,23.402,0.71755,17.3388,-10.3378,0,0,0,0,0,0,3.92263,-4.11674,2.61681,1.2243,0.636378,0.498493
3242,1.621,4,2,4,0,0,0,0,0,0,41.6017,-25.8943,23.3545,0.785959,17.278,-10.1198,0,0,0,0,0,0,3.90043,-4.13055,2.59899,1.21753,0.627814,0.514071
3243,1.6215,4,2,4,0,0,0,0,0,0,41.5156,-26.0666,23.3124,0.86225,17.2174,-9.91343,0,0,0,0,0,0,3.88446,-4.14737,2.58649,1.2152,0.618941,0.524758
3244,1.622,4,2,4,0,0,0,0,0,0,41.4388,-26.2392,23.2791,0.948747,17.1583,-9.71935,0,0,0,0,0,0,3.86055,-4.16361,2.57683,1.21237,0.613936,0.552115
3245,1.6225,4,2,4,0,0,0,0,0,0,41.3641,-26.4038,23.2512,1.04091,17.1016,-9.526,0,0,0,0,0,0,3.83405,-4.1785,2.56551,1.20665,0.609457,0.585337
3246,1.623,4,2,4,0,0,0,0,0,0,41.2951,-26.5681,23.2295,1.13539,17.0481,-9.33553,0,0,0,0,0,0,3.81929,-4.19517,2.55026,1.19619,0.602106,0.601466
3247,1.6235,4,2,4,0,0,0,0,0,0,41.2312,-26.7422,23.2098,1.22665,16.9956,-9.14731,0,0,0,0,0,0,3.81751,-4.21688,2.53881,1.18907,0.59331,0.600975
3248,1.624,4,2,4,0,0,0,0,0,0,41.1658,-26.9164,23.1862,1.31114,16.9411,-8.95192,0,0,0,0,0,0,3.80967,-4.2329,2.5195,1.17453,0.583702,0.602276
3249,1.6245,4,2,4,0,0,0,0,0,0,41.0983,-27.09,23.1591,1.39143,16.8829,-8.75607,0,0,0,0,0,0,3.78685,-4.2445,2.49829,1.15873,0.57612,0.626785
3250,1.625,4,2,4,0,0,0,0,0,0,41.0301,-27.2636,23.13,1.47026,16.8213,-8.5641,0,0,0,0,0,0,3.7577,-4.25562,2.48362,1.14956,0.571622,0.661304
3251,1.6255,4,2,4,0,0,0,0,0,0,40.9639,-27.4355,23.0997,1.54891,16.7573,-8.37773,0,0,0,0,0,0,3.73195,-4.26814,2.47551,1.151,0.565714,0.687679
3252,1.626,4,2,4,0,0,0,0,0,0,40.8932,-27.5978,23.0692,1.62913,16.6935,-8.18856,0,0,0,0,0,0,3.69833,-4.27509,2.46168,1.14988,0.559476,0.709084
3253,1.6265,4,2,4,0,0,0,0,0,0,40.8153,-27.7598,23.0398,1.7137,16.6308,-7.99913,0,0,0,0,0,0,3.67152,-4.28901,2.44441,1.14242,0.553507,0.722829
3254,1.627,4,2,4,0,0,0,0,0,0,40.7303,-27.9233,23.0087,1.79754,16.5696,-7.80659,0,0,0,0,0,0,3.63868,-4.30126,2.42429,1.12885,0.549076,0.74916
3255,1.6275,4,2,4,0,0,0,0,0,0,40.6416,-28.0848,22.9811,1.88701,16.5085,-7.61332,0,0,0,0,0,0,3.61373,-4.31314,2.40568,1.11843,0.542739,0.769052
3256,1.628,4,2,4,0,0,0,0,0,0,40.5501,-28.2438,22.9517,1.97718,16.4443,-7.42225,0,0,0,0,0,0,3.58123,-4.32238,2.38594,1.11109,0.533516,0.794699
3257,1.6285,4,2,4,0,0,0,0,0,0,40.4531,-28.3991,22.9147,2.06036,16.3776,-7.22817,0,0,0,0,0,0,3.5471,-4.33209,2.366,1.1001,0.52478,0.827495
3258,1.629,4,2,4,0,0,0,0,0,0,40.3551,-28.5498,22.8712,2.13778,16.3077,-7.03542,0,0,0,0,0,0,3.52292,-4.34462,2.35079,1.09615,0.513089,0.845249
3259,1.6295,4,2,4,0,0,0,0,0,0,40.26,-28.694,22.8235,2.21037,16.236,-6.84537,0,0,0,0,0,0,3.49535,-4.3567,2.33231,1.09152,0.500907,0.858152
3260,1.63,4,2,4,0,0,0,0,0,0,40.167,-28.8428,22.7772,2.28169,16.165,-6.65732,0,0,0,0,0,0,3.46575,-4.36548,2.31141,1.07957,0.493307,0.886347
3261,1.6305,4,2,4,0,0,0,0,0,0,40.0735,-28.9956,22.7324,2.35112,16.097,-6.46541,0,0,0,0,0,0,3.4435,-4.37655,2.2931,1.06357,0.489002,0.912571
3262,1.631,4,2,4,0,0,0,0,0,0,39.9906,-29.1502,22.6996,2.4303,16.0331,-6.281,0,0,0,0,0,0,3.41844,-4.38638,2.27595,1.04965,0.485328,0.938382
3263,1.6315,4,2,4,0,0,0,0,0,0,39.9122,-29.3036,22.6735,2.51544,15.9715,-6.09808,0,0,0,0,0,0,3.39391,-4.39608,2.26301,1.04257,0.482502,0.962373
3264,1.632,4,2,4,0,0,0,0,0,0,39.8349,-29.4573,22.6496,2.60292,15.9092,-5.91463,0,0,0,0,0,0,3.38265,-4.41567,2.26673,1.05456,0.477642,0.967536
3265,1.6325,4,2,4,0,0,0,0,0,0,39.757,-29.6065,22.621,2.68541,15.846,-5.73033,0,0,0,0,0,0,3.36425,-4.42962,2.25816,1.0526,0.472912,0.982288
3266,1.633,4,2,4,0,0,0,0,0,0,39.6813,-29.7531,22.587,2.76233,15.7789,-5.55027,0,0,0,0,0,0,3.33543,-4.43691,2.23655,1.03744,0.4673,1.00324
3267,1.6335,4,2,4,0,0,0,0,0,0,39.6031,-29.9006,22.5473,2.83349,15.7076,-5.37145,0,0,0,0,0,0,3.31121,-4.44623,2.21971,1.02936,0.459527,1.01828
3268,1.634,4,2,4,0,0,0,0,0,0,39.5222,-30.051,22.5004,2.89877,15.6316,-5.19552,0,0,0,0,0,0,3.28531,-4.45368,2.19708,1.01595,0.450205,1.03403
3269,1.6345,4,2,4,0,0,0,0,0,0,39.4396,-30.1999,22.4516,2.96422,15.553,-5.02404,0,0,0,0,0,0,3.26238,-4.46241,2.17468,1.00191,0.441172,1.05077
3270,1.635,4,2,4,0,0,0,0,0,0,39.3573,-30.3452,22.4033,3.03168,15.4735,-4.85601,0,0,0,0,0,0,3.24417,-4.47889,2.16412,0.999824,0.434869,1.06321
3271,1.6355,4,2,4,0,0,0,0,0,0,39.2759,-30.4875,22.3565,3.10378,15.3941,-4.6936,0,0,0,0,0,0,3.21114,-4.48061,2.14421,0.991029,0.429516,1.08735
3272,1.636,4,2,4,0,0,0,0,0,0,39.198,-30.6236,22.3109,3.17844,15.3162,-4.53382,0,0,0,0,0,0,3.18325,-4.48132,2.13672,0.996042,0.423576,1.10767
3273,1.6365,4,2,4,0,0,0,0,0,0,39.122,-30.7631,22.2678,3.25526,15.24,-4.37979,0,0,0,0,0,0,3.15796,-4.488,2.12332,0.990936,0.418369,1.12437
3274,1.637,4,2,4,0,0,0,0,0,0,39.0431,-30.9043,22.2254,3.33263,15.1661,-4.22677,0,0,0,0,0,0,3.123,-4.49359,2.09992,0.976578,0.413317,1.14852
3275,1.6375,4,2,4,0,0,0,0,0,0,38.9615,-31.0461,22.1817,3.40867,15.0914,-4.07269,0,0,0,0,0,0,3.09709,-4.49726,2.07671,0.961766,0.404751,1.168
3276,1.638,4,2,4,0,0,0,0,0,0,38.8787,-31.187,22.1348,3.48093,15.015,-3.9148,0,0,0,0,0,0,3.07431,-4.50759,2.06416,0.95905,0.394197,1.17758
3277,1.6385,4,2,4,0,0,0,0,0,0,38.7978,-31.3244,22.0874,3.55024,14.9382,-3.75039,0,0,0,0,0,0,3.05305,-4.52028,2.04931,0.956679,0.383358,1.18169
3278,1.639,4,2,4,0,0,0,0,0,0,38.721,-31.4636,22.038,3.61633,14.8579,-3.5859,0,0,0,0,0,0,3.02858,-4.52766,2.03522,0.951234,0.376026,1.20566
3279,1.6395,4,2,4,0,0,0,0,0,0,38.6466,-31.5974,21.981,3.67603,14.7744,-3.4197,0,0,0,0,0,0,3.00787,-4.52974,2.01836,0.942065,0.370036,1.22513
3280,1.64,4,2,4,0,0,0,0,0,0,38.5683,-31.7359,21.9199,3.7341,14.6892,-3.2533,0,0,0,0,0,0,2.99133,-4.53908,2.00817,0.940829,0.366858,1.23526
3281,1.6405,4,2,4,0,0,0,0,0,0,38.4925,-31.8772,21.8598,3.79336,14.6052,-3.08988,0,0,0,0,0,0,2.97314,-4.54786,1.99407,0.935511,0.364144,1.24398
3282,1.641,4,2,4,0,0,0,0,0,0,38.426,-32.0197,21.8059,3.86029,14.5219,-2.93622,0,0,0,0,0,0,2.9636,-4.55989,1.9858,0.934217,0.359702,1.24524
3283,1.6415,4,2,4,0,0,0,0,0,0,38.3544,-32.1564,21.7514,3.93033,14.4389,-2.78351,0,0,0,0,0,0,2.94016,-4.5663,1.9737,0.928404,0.356936,1.26607
3284,1.642,4,2,4,0,0,0,0,0,0,38.2679,-32.2836,21.6905,3.99759,14.3562,-2.62124,0,0,0,0,0,0,2.90476,-4.56451,1.95303,0.917487,0.353676,1.29669
3285,1.6425,4,2,4,0,0,0,0,0,0,38.1802,-32.4117,21.6262,4.06395,14.2705,-2.46452,0,0,0,0,0,0,2.87767,-4.5703,1.93392,0.908081,0.347382,1.31954
3286,1.643,4,2,4,0,0,0,0,0,0,38.0913,-32.5324,21.5541,4.12212,14.1834,-2.30679,0,0,0,0,0,0,2.85639,-4.57392,1.91917,0.902285,0.340046,1.33404
3287,1.6435,4,2,4,0,0,0,0,0,0,38.0031,-32.6535,21.477,4.17613,14.0931,-2.15596,0,0,0,0,0,0,2.82663,-4.57366,1.9018,0.897464,0.33059,1.35128
3288,1.644,4,2,4,0,0,0,0,0,0,37.918,-32.7787,21.3962,4.22679,14.0002,-2.01428,0,0,0,0,0,0,2.79838,-4.57222,1.87941,0.887711,0.320585,1.36664
3289,1.6445,4,2,4,0,0,0,0,0,0,37.8413,-32.9059,21.3202,4.28254,13.9064,-1.88322,0,0,0,0,0,0,2.77575,-4.57867,1.85626,0.872729,0.314882,1.38281
3290,1.645,4,2,4,0,0,0,0,0,0,37.7713,-33.0351,21.249,4.34261,13.814,-1.7553,0,0,0,0,0,0,2.75812,-4.58744,1.83645,0.862712,0.307349,1.39352
3291,1.6455,4,2,4,0,0,0,0,0,0,37.7067,-33.163,21.1851,4.40649,13.7258,-1.62169,0,0,0,0,0,0,2.74293,-4.59131,1.82231,0.856355,0.302699,1.40349
3292,1.646,4,2,4,0,0,0,0,0,0,37.646,-33.2944,21.1261,4.47438,13.6389,-1.48996,0,0,0,0,0,0,2.73421,-4.60221,1.82181,0.864608,0.297591,1.40954
3293,1.6465,4,2,4,0,0,0,0,0,0,37.5864,-33.4229,21.0613,4.53624,13.5518,-1.35592,0,0,0,0,0,0,2.72302,-4.60899,1.81818,0.869929,0.292896,1.41931
3294,1.647,4,2,4,0,0,0,0,0,0,37.5267,-33.5507,20.9916,4.5914,13.4643,-1.21769,0,0,0,0,0,0,2.70916,-4.614,1.80441,0.863726,0.289688,1.42713
3295,1.6475,4,2,4,0,0,0,0,0,0,37.4638,-33.6824,20.9162,4.64118,13.3736,-1.08083,0,0,0,0,0,0,2.68536,-4.61613,1.78509,0.850131,0.287775,1.44632
3296,1.648,4,2,4,0,0,0,0,0,0,37.3992,-33.8116,20.8327,4.68565,13.278,-0.948064,0,0,0,0,0,0,2.66267,-4.61787,1.76328,0.833657,0.283782,1.46023
3297,1.6485,4,2,4,0,0,0,0,0,0,37.3344,-33.937,20.7453,4.72821,13.1793,-0.818017,0,0,0,0,0,0,2.64216,-4.62319,1.7444,0.824933,0.276413,1.46586
3298,1.649,4,2,4,0,0,0,0,0,0,37.2589,-34.0517,20.6546,4.76818,13.0798,-0.677566,0,0,0,0,0,0,2.61818,-4.62904,1.73096,0.824198,0.267487,1.47936
3299,1.6495,4,2,4,0,0,0,0,0,0,37.1772,-34.1645,20.5624,4.80965,12.9793,-0.54049,0,0,0,0,0,0,2.58552,-4.62361,1.70857,0.814426,0.259986,1.50021
3300,1.65,4,2,4,0,0,0,0,0,0,37.0934,-34.2715,20.469,4.85002,12.8808,-0.408219,0,0,0,0,0,0,2.56121,-4.61738,1.68734,0.806551,0.251089,1.50713
3301,1.6505,4,2,4,0,0,0,0,0,0,37.0097,-34.3739,20.3765,4.89008,12.7855,-0.279115,0,0,0,0,0,0,2.53566,-4.617,1.66912,0.800106,0.246576,1.5241
3302,1.651,4,2,4,0,0,0,0,0,0,36.9281,-34.4831,20.2905,4.93409,12.6933,-0.156711,0,0,0,0,0,0,2.51082,-4.62134,1.65396,0.792035,0.245098,1.54937
3303,1.6515,4,2,4,0,0,0,0,0,0,36.8498,-34.5907,20.209,4.98195,12.6038,-0.0412847,0,0,0,0,0,0,2.49702,-4.63094,1.64789,0.793343,0.239557,1.5568
3304,1.652,4,2,4,0,0,0,0,0,0,36.7803,-34.6991,20.1328,5.03402,12.5169,0.0678078,0,0,0,0,0,0,2.47331,-4.62424,1.63092,0.78624,0.234772,1.57313
3305,1.6525,4,2,4,0,0,0,0,0,0,36.7128,-34.8032,20.0589,5.08728,12.432,0.182365,0,0,0,0,0,0,2.46249,-4.61763,1.61701,0.784448,0.225972,1.56971
3306,1.653,4,2,4,0,0,0,0,0,0,36.645,-34.9093,19.9825,5.13789,12.3457,0.300016,0,0,0,0,0,0,2.45384,-4.61813,1.60403,0.782425,0.217611,1.56785
3307,1.6535,4,2,4,0,0,0,0,0,0,36.5781,-35.017,19.8991,5.18133,12.2565,0.418586,0,0,0,0,0,0,2.43725,-4.62375,1.59424,0.780171,0.212968,1.58483
3308,1.654,4,2,4,0,0,0,0,0,0,36.5123,-35.1225,19.8083,5.21691,12.1634,0.540083,0,0,0,0,0,0,2.42038,-4.63222,1.58279,0.776055,0.209202,1.59832
3309,1.6545,4,2,4,0,0,0,0,0,0,36.4484,-35.2324,19.7137,5.24902,12.066,0.658943,0,0,0,0,0,0,2.40114,-4.63305,1.5643,0.767325,0.204256,1.60229
3310,1.655,4,2,4,0,0,0,0,0,0,36.388,-35.3474,19.6184,5.28088,11.9669,0.76974,0,0,0,0,0,0,2.38189,-4.63095,1.54847,0.762211,0.197459,1.59936
3311,1.6555,4,2,4,0,0,0,0,0,0,36.3278,-35.4593,19.5263,5.31603,11.8691,0.877283,0,0,0,0,0,0,2.36015,-4.63206,1.53456,0.75729,0.194349,1.60461
3312,1.656,4,2,4,0,0,0,0,0,0,36.2605,-35.5651,19.437,5.35377,11.7744,0.990186,0,0,0,0,0,0,2.33897,-4.63054,1.51957,0.749605,0.190921,1.61227
3313,1.6565,4,2,4,0,0,0,0,0,0,36.1852,-35.6632,19.349,5.39479,11.6815,1.10555,0,0,0,0,0,0,2.31417,-4.6276,1.50593,0.744042,0.188125,1.63316
3314,1.657,4,2,4,0,0,0,0,0,0,36.1071,-35.7542,19.26,5.43588,11.5903,1.21818,0,0,0,0,0,0,2.28789,-4.62851,1.49433,0.741706,0.18529,1.65245
3315,1.6575,4,2,4,0,0,0,0,0,0,36.028,-35.8398,19.1685,5.47278,11.5016,1.33053,0,0,0,0,0,0,2.26969,-4.62195,1.47968,0.739228,0.179379,1.6613
3316,1.658,4,2,4,0,0,0,0,0,0,35.9533,-35.9254,19.0739,5.5063,11.413,1.43884,0,0,0,0,0,0,2.25193,-4.6135,1.46054,0.729868,0.173912,1.67337
3317,1.6585,4,2,4,0,0,0,0,0,0,35.8868,-36.015,18.9791,5.53966,11.3232,1.53598,0,0,0,0,0,0,2.23119,-4.60875,1.44525,0.723465,0.166992,1.68611
3318,1.659,4,2,4,0,0,0,0,0,0,35.8223,-36.1028,18.8807,5.57126,11.2326,1.62814,0,0,0,0,0,0,2.21734,-4.60913,1.42436,0.711472,0.161156,1.69269
3319,1.6595,4,2,4,0,0,0,0,0,0,35.7552,-36.189,18.779,5.6017,11.1417,1.72262,0,0,0,0,0,0,2.205,-4.60287,1.40408,0.701519,0.154211,1.69192
3320,1.66,4,2,4,0,0,0,0,0,0,35.6882,-36.2746,18.6773,5.63408,11.0498,1.81917,0,0,0,0,0,0,2.1886,-4.60261,1.38784,0.696448,0.147336,1.69126
3321,1.6605,4,2,4,0,0,0,0,0,0,35.6325,-36.3666,18.5774,5.66751,10.956,1.90995,0,0,0,0,0,0,2.17491,-4.60376,1.37568,0.696649,0.139272,1.68844
3322,1.661,4,2,4,0,0,0,0,0,0,35.5868,-36.4667,18.4786,5.69662,10.8627,2.00471,0,0,0,0,0,0,2.16286,-4.60741,1.36857,0.698367,0.134729,1.69358
3323,1.6615,4,2,4,0,0,0,0,0,0,35.5487,-36.5738,18.3813,5.72117,10.7707,2.10109,0,0,0,0,0,0,2.15636,-4.61296,1.36397,0.698243,0.132835,1.69842
3324,1.662,4,2,4,0,0,0,0,0,0,35.5128,-36.6838,18.2832,5.74477,10.6775,2.18802,0,0,0,0,0,0,2.13742,-4.61249,1.35164,0.691237,0.134211,1.71136
3325,1.6625,4,2,4,0,0,0,0,0,0,35.4621,-36.7818,18.1784,5.7673,10.5839,2.27133,0,0,0,0,0,0,2.12022,-4.60709,1.33872,0.687766,0.130896,1.70921
3326,1.663,4,2,4,0,0,0,0,0,0,35.3904,-36.8603,18.0642,5.78779,10.4905,2.3609,0,0,0,0,0,0,2.09352,-4.59638,1.32369,0.682887,0.126909,1.72153
3327,1.6635,4,2,4,0,0,0,0,0,0,35.3052,-36.9258,17.9434,5.80657,10.3967,2.45941,0,0,0,0,0,0,2.06088,-4.5791,1.30108,0.672173,0.122304,1.74189
3328,1.664,4,2,4,0,0,0,0,0,0,35.2219,-36.9913,17.8206,5.8262,10.3012,2.55738,0,0,0,0,0,0,2.04312,-4.56997,1.28296,0.666361,0.115579,1.74785
3329,1.6645,4,2,4,0,0,0,0,0,0,35.1487,-37.058,17.6982,5.84507,10.206,2.65458,0,0,0,0,0,0,2.02622,-4.56404,1.26635,0.664412,0.106168,1.75586
3330,1.665,4,2,4,0,0,0,0,0,0,35.0862,-37.1313,17.5783,5.86351,10.1124,2.74782,0,0,0,0,0,0,2.01239,-4.56431,1.24965,0.659538,0.098823,1.76261
3331,1.6655,4,2,4,0,0,0,0,0,0,35.0289,-37.2032,17.4582,5.88203,10.0196,2.83398,0,0,0,0,0,0,1.99753,-4.55919,1.23253,0.655873,0.0931437,1.76453
3332,1.666,4,2,4,0,0,0,0,0,0,34.9788,-37.2811,17.3434,5.90762,9.92616,2.90335,0,0,0,0,0,0,1.98883,-4.55885,1.22113,0.65257,0.0885147,1.76938
3333,1.6665,4,2,4,0,0,0,0,0,0,34.9301,-37.358,17.2311,5.93479,9.83641,2.96946,0,0,0,0,0,0,1.97841,-4.55954,1.21137,0.651183,0.0825851,1.76646
3334,1.667,4,2,4,0,0,0,0,0,0,34.8808,-37.4324,17.1239,5.96366,9.75182,3.04123,0,0,0,0,0,0,1.96497,-4.55545,1.19702,0.645346,0.0797842,1.7604
3335,1.6675,4,2,4,0,0,0,0,0,0,34.8295,-37.5124,17.0201,5.99254,9.66964,3.11693,0,0,0,0,0,0,1.94943,-4.55307,1.18727,0.641167,0.0796295,1.76406
3336,1.668,4,2,4,0,0,0,0,0,0,34.7782,-37.5964,16.9159,6.01923,9.58695,3.19074,0,0,0,0,0,0,1.93085,-4.5453,1.17503,0.63822,0.0781279,1.77094
3337,1.6685,4,2,4,0,0,0,0,0,0,34.7252,-37.6733,16.8041,6.03778,9.5039,3.26982,0,0,0,0,0,0,1.91247,-4.53722,1.16445,0.636745,0.0754047,1.78369
3338,1.669,4,2,4,0,0,0,0,0,0,34.6722,-37.7498,16.6831,6.04955,9.41642,3.34731,0,0,0,0,0,0,1.89568,-4.52964,1.15359,0.63476,0.0722084,1.78451
3339,1.6695,4,2,4,0,0,0,0,0,0,34.622,-37.8276,16.5526,6.05503,9.32425,3.42081,0,0,0,0,0,0,1.88013,-4.51246,1.13266,0.623315,0.0713056,1.79262
3340,1.67,4,2,4,0,0,0,0,0,0,34.5767,-37.9068,16.4175,6.0599,9.22856,3.48896,0,0,0,0,0,0,1.86887,-4.50587,1.11668,0.618663,0.0666983,1.80216
3341,1.6705,4,2,4,0,0,0,0,0,0,34.5288,-37.9754,16.274,6.06054,9.13326,3.56158,0,0,0,0,0,0,1.85781,-4.49733,1.09465,0.606233,0.0646188,1.8127
3342,1.671,4,2,4,0,0,0,0,0,0,34.4766,-38.0321,16.1258,6.05991,9.03808,3.63985,0,0,0,0,0,0,1.85102,-4.48935,1.07783,0.600367,0.0563005,1.81501
3343,1.6715,4,2,4,0,0,0,0,0,0,34.4244,-38.0871,15.9772,6.06094,8.94311,3.71719,0,0,0,0,0,0,1.83711,-4.48735,1.06248,0.594997,0.0518019,1.81853
3344,1.672,4,2,4,0,0,0,0,0,0,34.375,-38.1438,15.8292,6.06244,8.85074,3.789,0,0,0,0,0,0,1.82546,-4.47983,1.05071,0.594497,0.0460111,1.81574
3345,1.6725,4,2,4,0,0,0,0,0,0,34.3262,-38.1965,15.6834,6.06233,8.76468,3.86199,0,0,0,0,0,0,1.81901,-4.47631,1.04139,0.594992,0.0407633,1.81197
3346,1.673,4,2,4,0,0,0,0,0,0,34.2778,-38.2506,15.5431,6.06394,8.68397,3.92811,0,0,0,0,0,0,1.81236,-4.47763,1.03223,0.59427,0.0372956,1.81132
3347,1.6735,4,2,4,0,0,0,0,0,0,34.2335,-38.3077,15.4113,6.07303,8.60439,3.97938,0,0,0,0,0,0,1.80333,-4.4726,1.02046,0.591068,0.0348051,1.80801
3348,1.674,4,2,4,0,0,0,0,0,0,34.1923,-38.3695,15.2882,6.08873,8.52696,4.02264,0,0,0,0,0,0,1.79199,-4.46233,1.00801,0.585009,0.0331296,1.81326
3349,1.6745,4,2,4,0,0,0,0,0,0,34.1456,-38.4262,15.1649,6.10158,8.45357,4.07886,0,0,0,0,0,0,1.77765,-4.4494,0.994291,0.580886,0.031878,1.82036
3350,1.675,4,2,4,0,0,0,0,0,0,34.0951,-38.4785,15.0371,6.11072,8.38015,4.14445,0,0,0,0,0,0,1.76413,-4.42975,0.972814,0.570687,0.0313442,1.82415
3351,1.6755,4,2,4,0,0,0,0,0,0,34.0463,-38.5339,14.902,6.11708,8.30235,4.20907,0,0,0,0,0,0,1.74839,-4.41206,0.96099,0.570881,0.0273385,1.8237
3352,1.676,4,2,4,0,0,0,0,0,0,33.9989,-38.5903,14.7603,6.12066,8.21926,4.27367,0,0,0,0,0,0,1.73812,-4.40133,0.950192,0.5727,0.0231713,1.8202
3353,1.6765,4,2,4,0,0,0,0,0,0,33.953,-38.6449,14.6097,6.11824,8.13331,4.34033,0,0,0,0,0,0,1.7288,-4.38824,0.934317,0.571492,0.0168908,1.81101
3354,1.677,4,2,4,0,0,0,0,0,0,33.9137,-38.6997,14.4517,6.11074,8.04496,4.40289,0,0,0,0,0,0,1.71583,-4.37669,0.918882,0.569311,0.0125123,1.81686
3355,1.6775,4,2,4,0,0,0,0,0,0,33.8802,-38.7613,14.2908,6.10277,7.95513,4.45504,0,0,0,0,0,0,1.70667,-4.36857,0.903378,0.561917,0.0105928,1.81498
3356,1.678,4,2,4,0,0,0,0,0,0,33.8418,-38.8176,14.1306,6.09681,7.8667,4.50452,0,0,0,0,0,0,1.69442,-4.36378,0.890566,0.557731,0.00737756,1.81256
3357,1.6785,4,2,4,0,0,0,0,0,0,33.7964,-38.8604,13.9715,6.09094,7.78308,4.56039,0,0,0,0,0,0,1.68515,-4.36273,0.877262,0.551744,0.00437874,1.80821
3358,1.679,4,2,4,0,0,0,0,0,0,33.7442,-38.8929,13.8128,6.08509,7.70335,4.61899,0,0,0,0,0,0,1.67543,-4.35663,0.864764,0.547176,0.0011142,1.81418
3359,1.6795,4,2,4,0,0,0,0,0,0,33.6915,-38.9267,13.6586,6.08377,7.62415,4.66675,0,0,0,0,0,0,1.66002,-4.34632,0.847111,0.538002,0.000917176,1.82625
3360,1.68,4,2,4,0,0,0,0,0,0,33.6441,-38.9594,13.5089,6.08446,7.54807,4.70694,0,0,0,0,0,0,1.65076,-4.33722,0.831206,0.532302,-0.00124786,1.83075
3361,1.6805,4,2,4,0,0,0,0,0,0,33.6,-38.9899,13.3604,6.08367,7.476,4.74862,0,0,0,0,0,0,1.64301,-4.32325,0.8188,0.530701,-0.00542703,1.83084
3362,1.681,4,2,4,0,0,0,0,0,0,33.5596,-39.021,13.2096,6.08047,7.4072,4.78994,0,0,0,0,0,0,1.63742,-4.30977,0.802623,0.525255,-0.00749934,1.83783
3363,1.6815,4,2,4,0,0,0,0,0,0,33.5231,-39.0552,13.0582,6.07716,7.33957,4.82958,0,0,0,0,0,0,1.63283,-4.30282,0.788417,0.52338,-0.0125024,1.84455
3364,1.682,4,2,4,0,0,0,0,0,0,33.4884,-39.0959,12.905,6.07371,7.27144,4.86921,0,0,0,0,0,0,1.6305,-4.29293,0.771185,0.517203,-0.0150835,1.84125
3365,1.6825,4,2,4,0,0,0,0,0,0,33.4533,-39.1309,12.7454,6.067,7.2016,4.91565,0,0,0,0,0,0,1.61875,-4.27612,0.754846,0.510992,-0.0143396,1.84164
3366,1.683,4,2,4,0,0,0,0,0,0,33.4164,-39.1584,12.5788,6.05701,7.12933,4.97097,0,0,0,0,0,0,1.6124,-4.26157,0.74684,0.509838,-0.0165783,1.83081
3367,1.6835,4,2,4,0,0,0,0,0,0,33.3814,-39.1938,12.4097,6.04494,7.05404,5.02609,0,0,0,0,0,0,1.60563,-4.25021,0.741749,0.513539,-0.0223014,1.82751
3368,1.684,4,2,4,0,0,0,0,0,0,33.3516,-39.2386,12.2409,6.03096,6.97747,5.07766,0,0,0,0,0,0,1.59787,-4.24143,0.730769,0.514308,-0.024338,1.82536
3369,1.6845,4,2,4,0,0,0,0,0,0,33.3256,-39.2824,12.074,6.01533,6.90223,5.12911,0,0,0,0,0,0,1.5945,-4.23195,0.720658,0.513372,-0.0267826,1.82451
3370,1.685,4,2,4,0,0,0,0,0,0,33.2999,-39.3236,11.9086,6.00068,6.82897,5.17396,0,0,0,0,0,0,1.58574,-4.23022,0.711746,0.510954,-0.0285551,1.8256
3371,1.6855,4,2,4,0,0,0,0,0,0,33.2705,-39.3557,11.7426,5.98803,6.75792,5.20833,0,0,0,0,0,0,1.57898,-4.22235,0.699667,0.506419,-0.0296132,1.82451
3372,1.686,4,2,4,0,0,0,0,0,0,33.2352,-39.3796,11.5752,5.97809,6.6891,5.2347,0,0,0,0,0,0,1.56908,-4.20291,0.681871,0.498882,-0.0306975,1.82908
3373,1.6865,4,2,4,0,0,0,0,0,0,33.1948,-39.395,11.4032,5.96693,6.62356,5.26434,0,0,0,0,0,0,1.54988,-4.17991,0.661284,0.489634,-0.0286256,1.84139
3374,1.687,4,2,4,0,0,0,0,0,0,33.1526,-39.4002,11.2295,5.95581,6.55984,5.29979,0,0,0,0,0,0,1.54616,-4.1639,0.642248,0.48488,-0.0325499,1.83272
3375,1.6875,4,2,4,0,0,0,0,0,0,33.1056,-39.3974,11.0529,5.94306,6.49729,5.33885,0,0,0,0,0,0,1.54599,-4.15518,0.622542,0.478267,-0.0357171,1.83108
3376,1.688,4,2,4,0,0,0,0,0,0,33.0571,-39.3963,10.874,5.92853,6.43574,5.37448,0,0,0,0,0,0,1.53904,-4.14387,0.608064,0.477698,-0.0434583,1.81947
3377,1.6885,4,2,4,0,0,0,0,0,0,33.0114,-39.3965,10.6919,5.91043,6.37705,5.41246,0,0,0,0,0,0,1.52662,-4.11849,0.592633,0.474482,-0.0495089,1.81372
3378,1.689,4,2,4,0,0,0,0,0,0,32.9747,-39.4064,10.5129,5.89262,6.32044,5.45129,0,0,0,0,0,0,1.5227,-4.10152,0.58064,0.471563,-0.0526771,1.81392
3379,1.6895,4,2,4,0,0,0,0,0,0,32.9475,-39.4251,10.3384,5.87597,6.2656,5.48928,0,0,0,0,0,0,1.5215,-4.09829,0.573135,0.468291,-0.0524704,1.82298
3380,1.69,4,2,4,0,0,0,0,0,0,32.9229,-39.4493,10.1664,5.86063,6.21064,5.5234,0,0,0,0,0,0,1.51685,-4.08669,0.562635,0.46121,-0.0497176,1.83262
3381,1.6905,4,2,4,0,0,0,0,0,0,32.8952,-39.4728,9.9937,5.84458,6.155,5.55669,0,0,0,0,0,0,1.50933,-4.07257,0.555178,0.461778,-0.0489977,1.83259
3382,1.691,4,2,4,0,0,0,0,0,0,32.8663,-39.4903,9.81967,5.8272,6.09836,5.59001,0,0,0,0,0,0,1.49875,-4.04954,0.538247,0.454166,-0.0431264,1.84487
3383,1.6915,4,2,4,0,0,0,0,0,0,32.8413,-39.499,9.64372,5.81027,6.04027,5.62296,0,0,0,0,0,0,1.49797,-4.03547,0.526281,0.453612,-0.0430681,1.84524
3384,1.692,4,2,4,0,0,0,0,0,0,32.82,-39.5078,9.46322,5.79305,5.98132,5.65499,0,0,0,0,0,0,1.49668,-4.02031,0.509767,0.451455,-0.0439948,1.84143
3385,1.6925,4,2,4,0,0,0,0,0,0,32.7984,-39.5182,9.27671,5.77294,5.9229,5.68843,0,0,0,0,0,0,1.49591,-4.0059,0.496043,0.451743,-0.0471779,1.82595
3386,1.693,4,2,4,0,0,0,0,0,0,32.7784,-39.5242,9.08355,5.74941,5.86598,5.72436,0,0,0,0,0,0,1.50131,-3.99603,0.485714,0.452978,-0.0522193,1.81159
3387,1.6935,4,2,4,0,0,0,0,0,0,32.7634,-39.5288,8.88724,5.72575,5.81018,5.75413,0,0,0,0,0,0,1.49759,-3.98554,0.472715,0.450791,-0.0554234,1.80875
3388,1.694,4,2,4,0,0,0,0,0,0,32.7465,-39.5296,8.68996,5.70247,5.75622,5.77989,0,0,0,0,0,0,1.49348,-3.97409,0.46088,0.450632,-0.0608568,1.80613
3389,1.6945,4,2,4,0,0,0,0,0,0,32.7229,-39.5259,8.49237,5.67911,5.70434,5.80421,0,0,0,0,0,0,1.48972,-3.96114,0.442128,0.442454,-0.0611602,1.80403
3390,1.695,4,2,4,0,0,0,0,0,0,32.6918,-39.5161,8.29641,5.65597,5.65501,5.83059,0,0,0,0,0,0,1.47939,-3.95016,0.429726,0.435706,-0.0632081,1.8005
3391,1.6955,4,2,4,0,0,0,0,0,0,32.6578,-39.5021,8.10445,5.63508,5.60785,5.85847,0,0,0,0,0,0,1.46583,-3.92214,0.414842,0.426195,-0.0649817,1.81078
3392,1.696,4,2,4,0,0,0,0,0,0,32.6226,-39.482,7.91693,5.61717,5.56276,5.88726,0,0,0,0,0,0,1.45748,-3.8995,0.3985,0.41794,-0.0647026,1.8151
3393,1.6965,4,2,4,0,0,0,0,0,0,32.5897,-39.4623,7.73342,5.60114,5.52073,5.9142,0,0,0,0,0,0,1.4482,-3.8752,0.389373,0.414755,-0.0646065,1.82415
3394,1.697,4,2,4,0,0,0,0,0,0,32.5618,-39.4506,7.55222,5.58478,5.48288,5.9384,0,0,0,0,0,0,1.4442,-3.85471,0.375758,0.411982,-0.0629985,1.82076
3395,1.6975,4,2,4,0,0,0,0,0,0,32.5392,-39.4438,7.36867,5.56581,5.44796,5.9625,0,0,0,0,0,0,1.44566,-3.84515,0.364578,0.414284,-0.0627036,1.81452
3396,1.698,4,2,4,0,0,0,0,0,0,32.5212,-39.4371,7.18131,5.54421,5.41385,5.98743,0,0,0,0,0,0,1.45414,-3.83726,0.353583,0.416668,-0.0623759,1.80515
3397,1.6985,4,2,4,0,0,0,0,0,0,32.5076,-39.4322,6.98897,5.51995,5.37912,6.01215,0,0,0,0,0,0,1.46058,-3.81969,0.340705,0.418251,-0.0635344,1.79172
3398,1.699,4,2,4,0,0,0,0,0,0,32.4952,-39.4269,6.78888,5.49362,5.34196,6.0373,0,0,0,0,0,0,1.4616,-3.80961,0.330188,0.41682,-0.0639497,1.79234
3399,1.6995,4,2,4,0,0,0,0,0,0,32.4831,-39.4221,6.58132,5.46493,5.30332,6.06518,0,0,0,0,0,0,1.46499,-3.79444,0.319157,0.411136,-0.0622316,1.79246
3400,1.7,4,2,4,0,0,0,0,0,0,32.4687,-39.4113,6.36813,5.43566,5.26238,6.09607,0,0,0,0,0,0,1.45929,-3.77073,0.306797,0.40618,-0.0609969,1.78949
3401,1.7005,4,2,4,0,0,0,0,0,0,32.4512,-39.3943,6.153,5.40781,5.21904,6.12565,0,0,0,0,0,0,1.45309,-3.74973,0.295207,0.405024,-0.0618147,1.79172
3402,1.701,4,2,4,0,0,0,0,0,0,32.4297,-39.3702,5.93708,5.3801,5.17447,6.15558,0,0,0,0,0,0,1.44511,-3.72094,0.281184,0.402415,-0.0638615,1.79692
3403,1.7015,4,2,4,0,0,0,0,0,0,32.4076,-39.3429,5.72106,5.35164,5.13116,6.18506,0,0,0,0,0,0,1.43319,-3.7009,0.270006,0.400103,-0.0645918,1.80408
3404,1.702,4,2,4,0,0,0,0,0,0,32.3883,-39.3167,5.50785,5.32405,5.09109,6.20619,0,0,0,0,0,0,1.42629,-3.68441,0.257923,0.395786,-0.0660121,1.80431
3405,1.7025,4,2,4,0,0,0,0,0,0,32.3708,-39.2869,5.29845,5.29928,5.05514,6.22131,0,0,0,0,0,0,1.42398,-3.669,0.242809,0.390156,-0.0664049,1.80426
3406,1.703,4,2,4,0,0,0,0,0,0,32.3545,-39.2507,5.09049,5.27603,5.02493,6.23238,0,0,0,0,0,0,1.42639,-3.66027,0.231232,0.387718,-0.0681793,1.7938
3407,1.7035,4,2,4,0,0,0,0,0,0,32.3367,-39.2119,4.88453,5.25291,5.00045,6.24422,0,0,0,0,0,0,1.42812,-3.65075,0.218482,0.385638,-0.0683963,1.78097
3408,1.704,4,2,4,0,0,0,0,0,0,32.316,-39.1739,4.6818,5.22963,4.98138,6.26093,0,0,0,0,0,0,1.4341,-3.64041,0.199607,0.382021,-0.0661616,1.77512
3409,1.7045,4,2,4,0,0,0,0,0,0,32.2974,-39.1359,4.48183,5.20633,4.96633,6.2831,0,0,0,0,0,0,1.44324,-3.62782,0.183539,0.37727,-0.0644338,1.77358
3410,1.705,4,2,4,0,0,0,0,0,0,32.2816,-39.0979,4.28168,5.18368,4.95289,6.30934,0,0,0,0,0,0,1.44254,-3.60502,0.166964,0.371032,-0.0617664,1.7803
3411,1.7055,4,2,4,0,0,0,0,0,0,32.2643,-39.0605,4.07753,5.16031,4.93887,6.34033,0,0,0,0,0,0,1.44098,-3.57957,0.158539,0.368529,-0.0625674,1.78169
3412,1.706,4,2,4,0,0,0,0,0,0,32.2457,-39.0212,3.86816,5.13519,4.9225,6.37738,0,0,0,0,0,0,1.44091,-3.55192,0.152392,0.369168,-0.0663204,1.78346
3413,1.7065,4,2,4,0,0,0,0,0,0,32.2294,-38.987,3.65297,5.10825,4.90317,6.41007,0,0,0,0,0,0,1.43665,-3.52501,0.139733,0.368756,-0.0665271,1.79147
3414,1.707,4,2,4,0,0,0,0,0,0,32.2159,-38.9554,3.43365,5.07989,4.88107,6.43549,0,0,0,0,0,0,1.43456,-3.49711,0.125957,0.367082,-0.0641829,1.79386
3415,1.7075,4,2,4,0,0,0,0,0,0,32.2068,-38.9204,3.21319,5.052,4.85612,6.45712,0,0,0,0,0,0,1.43365,-3.47541,0.114044,0.365409,-0.0594898,1.80594
3416,1.708,4,2,4,0,0,0,0,0,0,32.1992,-38.8816,2.98985,5.02429,4.83066,6.47722,0,0,0,0,0,0,1.43157,-3.45338,0.105551,0.365378,-0.0566324,1.80382
3417,1.7085,4,2,4,0,0,0,0,0,0,32.1909,-38.8418,2.76344,4.99657,4.80716,6.49619,0,0,0,0,0,0,1.433,-3.43862,0.0983251,0.364009,-0.0546905,1.78932
3418,1.709,4,2,4,0,0,0,0,0,0,32.1803,-38.7978,2.53423,4.96845,4.78624,6.517,0,0,0,0,0,0,1.43457,-3.4276,0.0880321,0.361521,-0.0548757,1.77634
3419,1.7095,4,2,4,0,0,0,0,0,0,32.1699,-38.7483,2.30494,4.94029,4.76833,6.53734,0,0,0,0,0,0,1.43345,-3.41017,0.0697249,0.35718,-0.0531771,1.76362
3420,1.71,4,2,4,0,0,0,0,0,0,32.1576,-38.694,2.0742,4.91147,4.75389,6.55624,0,0,0,0,0,0,1.42975,-3.39136,0.0507003,0.354165,-0.0526388,1.76095
3421,1.7105,4,2,4,0,0,0,0,0,0,32.1415,-38.6371,1.84235,4.87944,4.74455,6.57865,0,0,0,0,0,0,1.42945,-3.36787,0.0325008,0.352064,-0.0518063,1.7568
3422,1.711,4,2,4,0,0,0,0,0,0,32.1243,-38.5789,1.61379,4.84648,4.73892,6.60411,0,0,0,0,0,0,1.43069,-3.35327,0.0227708,0.351168,-0.0536807,1.75728
3423,1.7115,4,2,4,0,0,0,0,0,0,32.1073,-38.518,1.38805,4.81517,4.73548,6.62305,0,0,0,0,0,0,1.43497,-3.34037,0.0172827,0.347435,-0.055248,1.76001
3424,1.712,4,2,4,0,0,0,0,0,0,32.0905,-38.4522,1.16333,4.7872,4.73312,6.63788,0,0,0,0,0,0,1.43797,-3.3239,0.00483459,0.338561,-0.0533835,1.7713
3425,1.7125,4,2,4,0,0,0,0,0,0,32.0761,-38.381,0.940908,4.76263,4.73106,6.65508,0,0,0,0,0,0,1.43706,-3.29079,-0.014226,0.331289,-0.052733,1.78422
3426,1.713,4,2,4,0,0,0,0,0,0,32.0634,-38.307,0.720745,4.74034,4.73034,6.67929,0,0,0,0,0,0,1.43947,-3.2602,-0.032458,0.32876,-0.0519256,1.7986
3427,1.7135,4,2,4,0,0,0,0,0,0,32.0529,-38.2389,0.501694,4.72061,4.7311,6.70385,0,0,0,0,0,0,1.45028,-3.24254,-0.04878,0.330047,-0.0499873,1.79605
3428,1.714,4,2,4,0,0,0,0,0,0,32.0465,-38.1745,0.282557,4.70203,4.7336,6.73092,0,0,0,0,0,0,1.46372,-3.22426,-0.0598328,0.331179,-0.0469865,1.78605
3429,1.7145,4,2,4,0,0,0,0,0,0,32.0429,-38.1135,0.0626948,4.68408,4.7361,6.75895,0,0,0,0,0,0,1.47315,-3.20882,-0.0675377,0.331001,-0.0432422,1.77385
3430,1.715,4,2,4,0,0,0,0,0,0,32.0363,-38.0514,-0.160657,4.66488,4.73924,6.78783,0,0,0,0,0,0,1.47482,-3.18308,-0.0770056,0.32746,-0.0387664,1.76711
3431,1.7155,4,2,4,0,0,0,0,0,0,32.0248,-37.9879,-0.392403,4.64185,4.74437,6.81674,0,0,0,0,0,0,1.47249,-3.16107,-0.0866241,0.325515,-0.0360876,1.76497
3432,1.716,4,2,4,0,0,0,0,0,0,32.0113,-37.9238,-0.630036,4.61451,4.75092,6.8453,0,0,0,0,0,0,1.46493,-3.13419,-0.0988809,0.326122,-0.0357523,1.75822
3433,1.7165,4,2,4,0,0,0,0,0,0,32.0004,-37.8578,-0.870749,4.58471,4.75785,6.87159,0,0,0,0,0,0,1.46036,-3.10839,-0.108848,0.328036,-0.0365296,1.76072
3434,1.717,4,2,4,0,0,0,0,0,0,31.9918,-37.7903,-1.11238,4.55259,4.76433,6.89162,0,0,0,0,0,0,1.45707,-3.08162,-0.120183,0.32634,-0.0340972,1.76359
3435,1.7175,4,2,4,0,0,0,0,0,0,31.982,-37.717,-1.35391,4.51915,4.77041,6.91235,0,0,0,0,0,0,1.45093,-3.04875,-0.134419,0.321888,-0.0293104,1.77019
3436,1.718,4,2,4,0,0,0,0,0,0,31.9721,-37.6378,-1.59453,4.48598,4.77655,6.9378,0,0,0,0,0,0,1.44602,-3.01775,-0.14746,0.317412,-0.0264991,1.78332
3437,1.7185,4,2,4,0,0,0,0,0,0,31.9614,-37.5557,-1.83785,4.45419,4.78331,6.96392,0,0,0,0,0,0,1.44838,-2.9994,-0.154957,0.315666,-0.0268208,1.78256
3438,1.719,4,2,4,0,0,0,0,0,0,31.9527,-37.4684,-2.08342,4.42479,4.79064,6.98727,0,0,0,0,0,0,1.45945,-2.97858,-0.169446,0.314198,-0.0261487,1.78008
3439,1.7195,4,2,4,0,0,0,0,0,0,31.9492,-37.379,-2.33062,4.39838,4.79951,7.00931,0,0,0,0,0,0,1.47413,-2.96556,-0.18706,0.313217,-0.0237846,1.77025
3440,1.72,4,2,4,0,0,0,0,0,0,31.9488,-37.287,-2.578,4.37444,4.81126,7.03452,0,0,0,0,0,0,1.49035,-2.95417,-0.203855,0.311824,-0.0203082,1.76351
3441,1.7205,4,2,4,0,0,0,0,0,0,31.948,-37.1967,-2.82301,4.35221,4.82694,7.0633,0,0,0,0,0,0,1.50719,-2.9466,-0.215144,0.310135,-0.0181601,1.76898
3442,1.721,4,2,4,0,0,0,0,0,0,31.9454,-37.1105,-3.06398,4.33132,4.8483,7.0914,0,0,0,0,0,0,1.51593,-2.94182,-0.222637,0.307502,-0.0165391,1.77277
3443,1.7215,4,2,4,0,0,0,0,0,0,31.9423,-37.0224,-3.30039,4.31202,4.87523,7.12215,0,0,0,0,0,0,1.51529,-2.91975,-0.229019,0.304263,-0.0165372,1.77751
3444,1.722,4,2,4,0,0,0,0,0,0,31.9388,-36.9323,-3.53149,4.29522,4.90536,7.14948,0,0,0,0,0,0,1.51499,-2.89092,-0.239927,0.299402,-0.0141702,1.7845
3445,1.7225,4,2,4,0,0,0,0,0,0,31.9338,-36.8402,-3.7572,4.27931,4.93831,7.17576,0,0,0,0,0,0,1.51193,-2.85699,-0.254924,0.293046,-0.00800654,1.79827
3446,1.723,4,2,4,0,0,0,0,0,0,31.9259,-36.7427,-3.97839,4.26327,4.97172,7.20568,0,0,0,0,0,0,1.50677,-2.81537,-0.266838,0.290169,-0.00340904,1.81241
3447,1.7235,4,2,4,0,0,0,0,0,0,31.9152,-36.6438,-4.19819,4.2462,5.00324,7.23613,0,0,0,0,0,0,1.50604,-2.78561,-0.278468,0.290881,-0.000698347,1.81702
3448,1.724,4,2,4,0,0,0,0,0,0,31.9028,-36.5433,-4.42045,4.22687,5.03249,7.26891,0,0,0,0,0,0,1.50783,-2.75597,-0.288836,0.293015,0.000160837,1.81513
3449,1.7245,4,2,4,0,0,0,0,0,0,31.8942,-36.4445,-4.64938,4.2063,5.05929,7.2997,0,0,0,0,0,0,1.50549,-2.72046,-0.298206,0.293531,0.000561809,1.80093
3450,1.725,4,2,4,0,0,0,0,0,0,31.892,-36.344,-4.88784,4.18456,5.08562,7.33214,0,0,0,0,0,0,1.50131,-2.6898,-0.31115,0.293039,0.00139433,1.77612
3451,1.7255,4,2,4,0,0,0,0,0,0,31.8977,-36.243,-5.13574,4.16137,5.11312,7.36829,0,0,0,0,0,0,1.50187,-2.65328,-0.330675,0.294581,0.00332804,1.76461
3452,1.726,4,2,4,0,0,0,0,0,0,31.9051,-36.1462,-5.39236,4.13694,5.14193,7.40261,0,0,0,0,0,0,1.50931,-2.63045,-0.34526,0.296826,0.00683492,1.75407
3453,1.7265,4,2,4,0,0,0,0,0,0,31.914,-36.0536,-5.65567,4.11193,5.17288,7.4372,0,0,0,0,0,0,1.51447,-2.60952,-0.354603,0.297835,0.0113754,1.75485
3454,1.727,4,2,4,0,0,0,0,0,0,31.926,-35.9618,-5.92278,4.08775,5.20598,7.47216,0,0,0,0,0,0,1.5147,-2.58632,-0.356886,0.295751,0.0155239,1.7692
3455,1.7275,4,2,4,0,0,0,0,0,0,31.9368,-35.8694,-6.19022,4.06463,5.24212,7.5048,0,0,0,0,0,0,1.51501,-2.56374,-0.360179,0.290423,0.0211814,1.78836
3456,1.728,4,2,4,0,0,0,0,0,0,31.9456,-35.7723,-6.4562,4.04324,5.281,7.53937,0,0,0,0,0,0,1.50873,-2.53203,-0.369016,0.284163,0.0278177,1.81306
3457,1.7285,4,2,4,0,0,0,0,0,0,31.9531,-35.6701,-6.71785,4.02271,5.32234,7.57854,0,0,0,0,0,0,1.50133,-2.49906,-0.381135,0.280626,0.0313378,1.8295
3458,1.729,4,2,4,0,0,0,0,0,0,31.9592,-35.563,-6.97252,4.00302,5.36505,7.61615,0,0,0,0,0,0,1.51082,-2.47797,-0.391204,0.279644,0.0325929,1.84102
3459,1.7295,4,2,4,0,0,0,0,0,0,31.9625,-35.4482,-7.21924,3.98404,5.40849,7.65155,0,0,0,0,0,0,1.52458,-2.45921,-0.399648,0.279681,0.0331008,1.84544
3460,1.73,4,2,4,0,0,0,0,0,0,31.9668,-35.3272,-7.46224,3.967,5.45289,7.68597,0,0,0,0,0,0,1.53492,-2.44352,-0.408119,0.278182,0.0339035,1.83657
3461,1.7305,4,2,4,0,0,0,0,0,0,31.9717,-35.1989,-7.70478,3.95313,5.49842,7.72275,0,0,0,0,0,0,1.54771,-2.43041,-0.423142,0.276384,0.0354124,1.82652
3462,1.731,4,2,4,0,0,0,0,0,0,31.9801,-35.0717,-7.94876,3.94132,5.54722,7.76049,0,0,0,0,0,0,1.55315,-2.4074,-0.445631,0.276777,0.0379139,1.82125
3463,1.7315,4,2,4,0,0,0,0,0,0,31.9893,-34.95,-8.19266,3.93062,5.60041,7.79792,0,0,0,0,0,0,1.55883,-2.38871,-0.469132,0.278297,0.0406779,1.80367
3464,1.732,4,2,4,0,0,0,0,0,0,31.9989,-34.8274,-8.4362,3.922,5.65681,7.83843,0,0,0,0,0,0,1.56695,-2.36469,-0.487379,0.280739,0.0426325,1.79406
3465,1.7325,4,2,4,0,0,0,0,0,0,32.0099,-34.7052,-8.67943,3.91484,5.71589,7.88026,0,0,0,0,0,0,1.57167,-2.33145,-0.496928,0.280714,0.0454747,1.79767
3466,1.733,4,2,4,0,0,0,0,0,0,32.0194,-34.5859,-8.92301,3.90859,5.77749,7.9247,0,0,0,0,0,0,1.57534,-2.30115,-0.502202,0.276317,0.0518858,1.80575
3467,1.7335,4,2,4,0,0,0,0,0,0,32.0225,-34.4638,-9.16684,3.90233,5.83973,7.97315,0,0,0,0,0,0,1.57238,-2.26451,-0.508198,0.270851,0.0597384,1.8286
3468,1.734,4,2,4,0,0,0,0,0,0,32.0191,-34.3389,-9.4107,3.89483,5.90147,8.02298,0,0,0,0,0,0,1.56398,-2.22489,-0.514654,0.268957,0.0637622,1.84824
3469,1.7345,4,2,4,0,0,0,0,0,0,32.0107,-34.2103,-9.65486,3.88617,5.96183,8.071,0,0,0,0,0,0,1.56162,-2.19204,-0.521239,0.26929,0.0660886,1.86015
3470,1.735,4,2,4,0,0,0,0,0,0,31.9986,-34.0789,-9.89671,3.87487,6.02047,8.12028,0,0,0,0,0,0,1.56245,-2.1585,-0.527917,0.270411,0.0688533,1.86278
3471,1.7355,4,2,4,0,0,0,0,0,0,31.9877,-33.9431,-10.136,3.86039,6.07758,8.17126,0,0,0,0,0,0,1.57039,-2.13098,-0.533065,0.27149,0.071397,1.85784
3472,1.736,4,2,4,0,0,0,0,0,0,31.976,-33.7982,-10.3754,3.84456,6.13293,8.22126,0,0,0,0,0,0,1.57768,-2.10313,-0.539531,0.271747,0.0745652,1.85929
3473,1.7365,4,2,4,0,0,0,0,0,0,31.9689,-33.6517,-10.6218,3.83041,6.18762,8.26975,0,0,0,0,0,0,1.58782,-2.07321,-0.553817,0.272265,0.0804506,1.86312
3474,1.737,4,2,4,0,0,0,0,0,0,31.9618,-33.5075,-10.8772,3.81622,6.24504,8.31684,0,0,0,0,0,0,1.59894,-2.05341,-0.572058,0.275351,0.0865153,1.85806
3475,1.7375,4,2,4,0,0,0,0,0,0,31.9552,-33.3621,-11.1377,3.80219,6.30436,8.3645,0,0,0,0,0,0,1.60784,-2.02486,-0.592137,0.279131,0.091046,1.85487
3476,1.738,4,2,4,0,0,0,0,0,0,31.9524,-33.215,-11.4039,3.78911,6.36605,8.41337,0,0,0,0,0,0,1.61954,-1.99575,-0.609173,0.281679,0.0942766,1.85889
3477,1.7385,4,2,4,0,0,0,0,0,0,31.9509,-33.0671,-11.6742,3.77607,6.4314,8.46118,0,0,0,0,0,0,1.62675,-1.96777,-0.619929,0.281159,0.0978554,1.85872
3478,1.739,4,2,4,0,0,0,0,0,0,31.9499,-32.9158,-11.944,3.76432,6.4987,8.51172,0,0,0,0,0,0,1.63349,-1.94453,-0.625252,0.278374,0.102232,1.87146
3479,1.7395,4,2,4,0,0,0,0,0,0,31.9473,-32.7635,-12.2119,3.75417,6.56922,8.56505,0,0,0,0,0,0,1.64298,-1.9291,-0.627384,0.27481,0.105777,1.88911
3480,1.74,4,2,4,0,0,0,0,0,0,31.9427,-32.6112,-12.4729,3.7455,6.64214,8.61804,0,0,0,0,0,0,1.65749,-1.92241,-0.62924,0.273155,0.108175,1.90916
3481,1.7405,4,2,4,0,0,0,0,0,0,31.938,-32.4561,-12.7257,3.73828,6.71677,8.67201,0,0,0,0,0,0,1.68188,-1.91476,-0.635676,0.273,0.109855,1.91901
3482,1.741,4,2,4,0,0,0,0,0,0,31.9307,-32.2986,-12.9687,3.73179,6.79319,8.72477,0,0,0,0,0,0,1.71238,-1.91484,-0.64689,0.272887,0.113898,1.92942
3483,1.7415,4,2,4,0,0,0,0,0,0,31.923,-32.1389,-13.2009,3.7251,6.8712,8.78257,0,0,0,0,0,0,1.74693,-1.91873,-0.661489,0.27408,0.118378,1.92978
3484,1.742,4,2,4,0,0,0,0,0,0,31.9242,-31.9778,-13.4252,3.7194,6.94993,8.84331,0,0,0,0,0,0,1.78174,-1.91572,-0.671373,0.273943,0.121535,1.93668
3485,1.7425,4,2,4,0,0,0,0,0,0,31.9315,-31.8202,-13.6524,3.7175,7.03171,8.90238,0,0,0,0,0,0,1.81326,-1.91006,-0.681459,0.272867,0.124493,1.93869
3486,1.743,4,2,4,0,0,0,0,0,0,31.943,-31.6658,-13.882,3.71825,7.11711,8.96731,0,0,0,0,0,0,1.84341,-1.90334,-0.69956,0.273881,0.130158,1.94186
3487,1.7435,4,2,4,0,0,0,0,0,0,31.9576,-31.5135,-14.1102,3.72157,7.20445,9.03381,0,0,0,0,0,0,1.85847,-1.87904,-0.719916,0.275776,0.135496,1.94881
3488,1.744,4,2,4,0,0,0,0,0,0,31.9764,-31.3619,-14.3418,3.72866,7.29573,9.1046,0,0,0,0,0,0,1.86925,-1.85382,-0.73427,0.276253,0.140136,1.95282
3489,1.7445,4,2,4,0,0,0,0,0,0,31.9932,-31.2102,-14.5776,3.7392,7.39031,9.1765,0,0,0,0,0,0,1.86049,-1.80998,-0.742633,0.275002,0.143481,1.94875
3490,1.745,4,2,4,0,0,0,0,0,0,32.0067,-31.0577,-14.8169,3.75098,7.48617,9.251,0,0,0,0,0,0,1.83662,-1.75794,-0.738456,0.271913,0.144938,1.94534
3491,1.7455,4,2,4,0,0,0,0,0,0,32.0172,-30.9046,-15.0612,3.76298,7.58186,9.32744,0,0,0,0,0,0,1.81387,-1.70631,-0.737561,0.270883,0.148646,1.94372
3492,1.746,4,2,4,0,0,0,0,0,0,32.0261,-30.7514,-15.3096,3.77443,7.67666,9.40563,0,0,0,0,0,0,1.79644,-1.65962,-0.735347,0.269927,0.152249,1.94524
3493,1.7465,4,2,4,0,0,0,0,0,0,32.0348,-30.5951,-15.5595,3.78357,7.76954,9.48466,0,0,0,0,0,0,1.78116,-1.60911,-0.740623,0.2706,0.15662,1.94828
3494,1.747,4,2,4,0,0,0,0,0,0,32.0416,-30.4364,-15.8081,3.79011,7.86012,9.56429,0,0,0,0,0,0,1.77457,-1.56603,-0.744673,0.270547,0.160674,1.94993
3495,1.7475,4,2,4,0,0,0,0,0,0,32.0462,-30.2748,-16.0532,3.79394,7.9483,9.64489,0,0,0,0,0,0,1.75944,-1.51758,-0.744773,0.26935,0.163432,1.94965
3496,1.748,4,2,4,0,0,0,0,0,0,32.0581,-30.1153,-16.2977,3.79618,8.03528,9.72763,0,0,0,0,0,0,1.74367,-1.46973,-0.747164,0.268439,0.166715,1.94694
3497,1.7485,4,2,4,0,0,0,0,0,0,32.0739,-29.9545,-16.5515,3.79982,8.12388,9.81051,0,0,0,0,0,0,1.73364,-1.41723,-0.764727,0.271516,0.173945,1.94845
3498,1.749,4,2,4,0,0,0,0,0,0,32.091,-29.7919,-16.8121,3.80484,8.21387,9.89418,0,0,0,0,0,0,1.71511,-1.35989,-0.781814,0.275038,0.18174,1.95066
3499,1.7495,4,2,4,0,0,0,0,0,0,32.1076,-29.6264,-17.0756,3.8104,8.30469,9.97784,0,0,0,0,0,0,1.68939,-1.29676,-0.800869,0.279035,0.189931,1.95678
3500,1.75,4,2,4,0,0,0,0,0,0,32.1257,-29.4572,-17.3443,3.81736,8.39708,10.063,0,0,0,0,0,0,1.67308,-1.24072,-0.819446,0.282894,0.198213,1.96019
3501,1.7505,4,2,4,0,0,0,0,0,0,32.1386,-29.2823,-17.6136,3.82423,8.49096,10.1482,0,0,0,0,0,0,1.6459,-1.18161,-0.829199,0.28489,0.203534,1.96073
3502,1.751,4,2,4,0,0,0,0,0,0,32.1448,-29.1024,-17.8809,3.83119,8.58639,10.2331,0,0,0,0,0,0,1.61491,-1.12453,-0.832923,0.285105,0.20773,1.95951
3503,1.7515,4,2,4,0,0,0,0,0,0,32.1443,-28.9169,-18.1435,3.83812,8.68287,10.3182,0,0,0,0,0,0,1.59135,-1.07637,-0.835921,0.285265,0.211651,1.965
3504,1.752,4,2,4,0,0,0,0,0,0,32.1371,-28.726,-18.3984,3.84483,8.78039,10.4039,0,0,0,0,0,0,1.57673,-1.03862,-0.837332,0.28483,0.215187,1.97519
3505,1.7525,4,2,4,0,0,0,0,0,0,32.1219,-28.5264,-18.6438,3.85086,8.87805,10.4886,0,0,0,0,0,0,1.57177,-1.00321,-0.84816,0.286918,0.220712,1.99165
3506,1.753,4,2,4,0,0,0,0,0,0,32.097,-28.3182,-18.875,3.85491,8.97514,10.5722,0,0,0,0,0,0,1.5803,-0.979647,-0.860204,0.289072,0.226101,2.00838
3507,1.7535,4,2,4,0,0,0,0,0,0,32.0622,-28.1012,-19.0908,3.85676,9.07098,10.6538,0,0,0,0,0,0,1.5894,-0.958883,-0.868414,0.290239,0.229834,2.02518
3508,1.754,4,2,4,0,0,0,0,0,0,32.0255,-27.879,-19.2977,3.85763,9.16745,10.7354,0,0,0,0,0,0,1.60398,-0.940403,-0.876808,0.291981,0.232975,2.04061
3509,1.7545,4,2,4,0,0,0,0,0,0,31.9858,-27.6491,-19.5091,3.86131,9.26802,10.8157,0,0,0,0,0,0,1.62544,-0.920439,-0.88998,0.295011,0.237541,2.05975
3510,1.755,4,2,4,0,0,0,0,0,0,31.9439,-27.4145,-19.7213,3.86649,9.37184,10.8969,0,0,0,0,0,0,1.64359,-0.89976,-0.907956,0.298882,0.243986,2.07892
3511,1.7555,4,2,4,0,0,0,0,0,0,31.9003,-27.1769,-19.9341,3.87339,9.47856,10.9787,0,0,0,0,0,0,1.66139,-0.877416,-0.928809,0.303711,0.250432,2.10004
3512,1.756,4,2,4,0,0,0,0,0,0,31.861,-26.9396,-20.1526,3.8836,9.58959,11.0629,0,0,0,0,0,0,1.68146,-0.861698,-0.940214,0.304961,0.254413,2.11475
3513,1.7565,4,2,4,0,0,0,0,0,0,31.8236,-26.7039,-20.3722,3.8954,9.70425,11.1479,0,0,0,0,0,0,1.69054,-0.840544,-0.944871,0.30472,0.256307,2.12087
3514,1.757,4,2,4,0,0,0,0,0,0,31.7929,-26.4743,-20.5906,3.90845,9.82148,11.2349,0,0,0,0,0,0,1.70089,-0.821266,-0.941305,0.302642,0.254899,2.12815
3515,1.7575,4,2,4,0,0,0,0,0,0,31.7714,-26.254,-20.8106,3.92378,9.94259,11.3252,0,0,0,0,0,0,1.72224,-0.814374,-0.939915,0.300705,0.254505,2.14347
3516,1.758,4,2,4,0,0,0,0,0,0,31.7579,-26.0429,-21.0337,3.94241,10.0681,11.417,0,0,0,0,0,0,1.755,-0.812595,-0.944172,0.30036,0.25633,2.16835
3517,1.7585,4,2,4,0,0,0,0,0,0,31.7471,-25.835,-21.2579,3.96259,10.1966,11.5121,0,0,0,0,0,0,1.78979,-0.805425,-0.951273,0.301984,0.25935,2.19395
3518,1.759,4,2,4,0,0,0,0,0,0,31.7352,-25.63,-21.4786,3.98235,10.3258,11.6065,0,0,0,0,0,0,1.82552,-0.800141,-0.957798,0.302331,0.264465,2.21674
3519,1.7595,4,2,4,0,0,0,0,0,0,31.7247,-25.425,-21.6938,4.00089,10.4542,11.7057,0,0,0,0,0,0,1.84702,-0.786768,-0.96059,0.303109,0.267405,2.22933
3520,1.76,4,2,4,0,0,0,0,0,0,31.7222,-25.2186,-21.9085,4.01995,10.5811,11.8075,0,0,0,0,0,0,1.86922,-0.763387,-0.958889,0.303284,0.267088,2.24633
3521,1.7605,4,2,4,0,0,0,0,0,0,31.7236,-25.0122,-22.1315,4.04204,10.7092,11.9088,0,0,0,0,0,0,1.8878,-0.738969,-0.966182,0.305736,0.271959,2.26047
3522,1.761,4,2,4,0,0,0,0,0,0,31.727,-24.8066,-22.362,4.0661,10.8388,12.0136,0,0,0,0,0,0,1.89749,-0.713665,-0.977338,0.308072,0.280432,2.26523
3523,1.7615,4,2,4,0,0,0,0,0,0,31.7327,-24.6008,-22.5963,4.09156,10.968,12.1199,0,0,0,0,0,0,1.89617,-0.67686,-0.990278,0.311539,0.28992,2.26977
3524,1.762,4,2,4,0,0,0,0,0,0,31.7416,-24.3941,-22.8363,4.11846,11.0979,12.2298,0,0,0,0,0,0,1.89335,-0.63508,-1.00295,0.315348,0.297897,2.27534
3525,1.7625,4,2,4,0,0,0,0,0,0,31.7487,-24.1865,-23.0772,4.14494,11.2278,12.3384,0,0,0,0,0,0,1.88535,-0.594973,-1.00553,0.316474,0.301893,2.27293
3526,1.763,4,2,4,0,0,0,0,0,0,31.7554,-23.9769,-23.3157,4.17134,11.3561,12.4515,0,0,0,0,0,0,1.87513,-0.553601,-1.0022,0.318047,0.302218,2.28421
3527,1.7635,4,2,4,0,0,0,0,0,0,31.7609,-23.7673,-23.5509,4.19739,11.4835,12.5689,0,0,0,0,0,0,1.86845,-0.51746,-1.00113,0.320269,0.303697,2.30943
3528,1.764,4,2,4,0,0,0,0,0,0,31.7627,-23.5567,-23.7782,4.22144,11.6094,12.6874,0,0,0,0,0,0,1.86026,-0.481229,-0.998253,0.320315,0.305802,2.33422
3529,1.7645,4,2,4,0,0,0,0,0,0,31.7598,-23.3426,-23.9961,4.24338,11.7337,12.8056,0,0,0,0,0,0,1.85036,-0.441006,-1.00129,0.321887,0.310825,2.35181
3530,1.765,4,2,4,0,0,0,0,0,0,31.7502,-23.1264,-24.1984,4.26076,11.8556,12.9235,0,0,0,0,0,0,1.84296,-0.40138,-1.01066,0.326726,0.316832,2.36443
3531,1.7655,4,2,4,0,0,0,0,0,0,31.7418,-22.9049,-24.384,4.27338,11.9733,13.0469,0,0,0,0,0,0,1.84223,-0.366178,-1.02047,0.331384,0.322776,2.37467
3532,1.766,4,2,4,0,0,0,0,0,0,31.7326,-22.675,-24.5574,4.2838,12.0873,13.1711,0,0,0,0,0,0,1.84333,-0.331587,-1.02956,0.334019,0.329627,2.3811
3533,1.7665,4,2,4,0,0,0,0,0,0,31.7249,-22.4432,-24.7284,4.29645,12.201,13.2957,0,0,0,0,0,0,1.8414,-0.293254,-1.03502,0.336795,0.33445,2.38333
3534,1.767,4,2,4,0,0,0,0,0,0,31.715,-22.2129,-24.9013,4.31137,12.3169,13.4186,0,0,0,0,0,0,1.83504,-0.253667,-1.03833,0.338078,0.340468,2.37967
3535,1.7675,4,2,4,0,0,0,0,0,0,31.7035,-21.9827,-25.0764,4.32902,12.4351,13.5445,0,0,0,0,0,0,1.83177,-0.211714,-1.05148,0.341725,0.350588,2.37577
3536,1.768,4,2,4,0,0,0,0,0,0,31.6929,-21.752,-25.2562,4.34993,12.5566,13.6706,0,0,0,0,0,0,1.83097,-0.168822,-1.06375,0.346347,0.357889,2.37617
3537,1.7685,4,2,4,0,0,0,0,0,0,31.6852,-21.5225,-25.4396,4.37197,12.6818,13.7985,0,0,0,0,0,0,1.83477,-0.134671,-1.06989,0.350112,0.360887,2.38768
3538,1.769,4,2,4,0,0,0,0,0,0,31.6796,-21.2953,-25.6279,4.397,12.81,13.9304,0,0,0,0,0,0,1.84561,-0.10885,-1.06657,0.351222,0.358905,2.41749
3539,1.7695,4,2,4,0,0,0,0,0,0,31.6726,-21.0688,-25.8199,4.42518,12.9408,14.0663,0,0,0,0,0,0,1.85777,-0.084572,-1.06209,0.353049,0.355768,2.44686
3540,1.77,4,2,4,0,0,0,0,0,0,31.662,-20.8438,-26.0163,4.45537,13.0763,14.2013,0,0,0,0,0,0,1.87095,-0.0652564,-1.05321,0.350286,0.353848,2.47579
3541,1.7705,4,2,4,0,0,0,0,0,0,31.6486,-20.6183,-26.2154,4.48658,13.2161,14.3354,0,0,0,0,0,0,1.87838,-0.0412888,-1.05156,0.349075,0.355761,2.49745
3542,1.771,4,2,4,0,0,0,0,0,0,31.6338,-20.387,-26.4123,4.51724,13.3571,14.4707,0,0,0,0,0,0,1.88977,-0.0167196,-1.05406,0.350851,0.3578,2.51083
3543,1.7715,4,2,4,0,0,0,0,0,0,31.6189,-20.1484,-26.6036,4.54554,13.4971,14.6087,0,0,0,0,0,0,1.90128,0.0076228,-1.05604,0.352917,0.358427,2.52573
3544,1.772,4,2,4,0,0,0,0,0,0,31.6046,-19.9062,-26.7891,4.57173,13.6355,14.7481,0,0,0,0,0,0,1.90187,0.0421963,-1.05193,0.35235,0.359358,2.53409
3545,1.7725,4,2,4,0,0,0,0,0,0,31.591,-19.6607,-26.9747,4.59942,13.7733,14.8898,0,0,0,0,0,0,1.89754,0.0795223,-1.05141,0.35028,0.365884,2.53099
3546,1.773,4,2,4,0,0,0,0,0,0,31.579,-19.4153,-27.1636,4.63056,13.9119,15.0328,0,0,0,0,0,0,1.89015,0.11921,-1.05834,0.35175,0.375154,2.52402
3547,1.7735,4,2,4,0,0,0,0,0,0,31.5684,-19.1709,-27.3536,4.66312,14.0517,15.1733,0,0,0,0,0,0,1.88415,0.156785,-1.06945,0.355624,0.384958,2.52192
3548,1.774,4,2,4,0,0,0,0,0,0,31.5602,-18.9266,-27.5439,4.69605,14.1931,15.3176,0,0,0,0,0,0,1.89239,0.186405,-1.08794,0.365263,0.39443,2.53763
3549,1.7745,4,2,4,0,0,0,0,0,0,31.5545,-18.6826,-27.7353,4.73033,14.3356,15.467,0,0,0,0,0,0,1.91083,0.208369,-1.10561,0.377052,0.400516,2.56976
3550,1.775,4,2,4,0,0,0,0,0,0,31.5472,-18.4392,-27.9233,4.76398,14.4774,15.6194,0,0,0,0,0,0,1.9159,0.236727,-1.11342,0.385372,0.402957,2.59839
3551,1.7755,4,2,4,0,0,0,0,0,0,31.5334,-18.1958,-28.1022,4.79478,14.6172,15.7725,0,0,0,0,0,0,1.91024,0.26857,-1.10863,0.386134,0.403499,2.62514
3552,1.776,4,2,4,0,0,0,0,0,0,31.5117,-17.9494,-28.2709,4.82246,14.7558,15.9242,0,0,0,0,0,0,1.89922,0.303654,-1.09804,0.382918,0.402827,2.63852
3553,1.7765,4,2,4,0,0,0,0,0,0,31.4888,-17.6974,-28.4287,4.84815,14.8908,16.0777,0,0,0,0,0,0,1.88936,0.338313,-1.09268,0.382232,0.402822,2.64765
3554,1.777,4,2,4,0,0,0,0,0,0,31.4656,-17.4421,-28.5756,4.8703,15.0228,16.2334,0,0,0,0,0,0,1.88348,0.374562,-1.09538,0.385195,0.405775,2.66241
3555,1.7775,4,2,4,0,0,0,0,0,0,31.4404,-17.1856,-28.7099,4.88728,15.1515,16.3899,0,0,0,0,0,0,1.87732,0.411231,-1.10239,0.388412,0.412565,2.67107
3556,1.778,4,2,4,0,0,0,0,0,0,31.4101,-16.9286,-28.8305,4.89808,15.2764,16.5429,0,0,0,0,0,0,1.87698,0.447252,-1.10727,0.39142,0.419733,2.67557
3557,1.7785,4,2,4,0,0,0,0,0,0,31.3812,-16.6737,-28.9428,4.90554,15.3987,16.6967,0,0,0,0,0,0,1.87656,0.484538,-1.10756,0.39293,0.423083,2.68275
3558,1.779,4,2,4,0,0,0,0,0,0,31.3531,-16.4198,-29.0562,4.91485,15.5235,16.8499,0,0,0,0,0,0,1.88334,0.517093,-1.10584,0.393947,0.423071,2.69503
3559,1.7795,4,2,4,0,0,0,0,0,0,31.3271,-16.167,-29.1769,4.92931,15.6532,17.0055,0,0,0,0,0,0,1.90461,0.540958,-1.1132,0.399797,0.425348,2.72398
3560,1.78,4,2,4,0,0,0,0,0,0,31.3066,-15.9169,-29.3094,4.95055,15.7887,17.1655,0,0,0,0,0,0,1.92681,0.562496,-1.12127,0.405366,0.42931,2.75152
3561,1.7805,4,2,4,0,0,0,0,0,0,31.2914,-15.6714,-29.4563,4.97819,15.9316,17.3268,0,0,0,0,0,0,1.93911,0.583532,-1.12961,0.411042,0.435563,2.77223
3562,1.781,4,2,4,0,0,0,0,0,0,31.281,-15.4283,-29.6175,5.0129,16.081,17.4924,0,0,0,0,0,0,1.94739,0.603135,-1.12979,0.413404,0.438288,2.78986
3563,1.7815,4,2,4,0,0,0,0,0,0,31.267,-15.1789,-29.7856,5.05055,16.2343,17.6554,0,0,0,0,0,0,1.95008,0.631788,-1.12362,0.412767,0.438071,2.80412
3564,1.782,4,2,4,0,0,0,0,0,0,31.2504,-14.9251,-29.9555,5.08828,16.3891,17.8212,0,0,0,0,0,0,1.94611,0.66427,-1.11957,0.41422,0.437667,2.81464
3565,1.7825,4,2,4,0,0,0,0,0,0,31.2343,-14.6666,-30.1241,5.12742,16.5408,17.9949,0,0,0,0,0,0,1.93378,0.699317,-1.11051,0.411072,0.438763,2.816
3566,1.783,4,2,4,0,0,0,0,0,0,31.2172,-14.4043,-30.2871,5.16745,16.6869,18.1743,0,0,0,0,0,0,1.91437,0.740846,-1.10246,0.407704,0.442683,2.81667
3567,1.7835,4,2,4,0,0,0,0,0,0,31.1938,-14.1422,-30.439,5.20239,16.8287,18.3489,0,0,0,0,0,0,1.90267,0.774129,-1.10204,0.408935,0.447673,2.82008
3568,1.784,4,2,4,0,0,0,0,0,0,31.1677,-13.8786,-30.5807,5.23214,16.9661,18.5216,0,0,0,0,0,0,1.89761,0.80581,-1.10446,0.413376,0.451056,2.83228
3569,1.7845,4,2,4,0,0,0,0,0,0,31.1405,-13.6129,-30.7097,5.25539,17.0992,18.6966,0,0,0,0,0,0,1.89848,0.840123,-1.10701,0.419218,0.453433,2.85967
3570,1.785,4,2,4,0,0,0,0,0,0,31.1117,-13.3483,-30.826,5.27026,17.2306,18.8718,0,0,0,0,0,0,1.90008,0.871239,-1.10909,0.423162,0.457207,2.88624
3571,1.7855,4,2,4,0,0,0,0,0,0,31.0835,-13.0845,-30.937,5.28194,17.363,19.0485,0,0,0,0,0,0,1.9002,0.906655,-1.11008,0.426589,0.461527,2.91047
3572,1.786,4,2,4,0,0,0,0,0,0,31.0557,-12.819,-31.0452,5.29409,17.4958,19.2263,0,0,0,0,0,0,1.90094,0.937815,-1.11499,0.432344,0.466776,2.93092
3573,1.7865,4,2,4,0,0,0,0,0,0,31.0298,-12.5522,-31.1527,5.30825,17.6298,19.4045,0,0,0,0,0,0,1.90552,0.969446,-1.12328,0.44061,0.472594,2.94839
3574,1.787,4,2,4,0,0,0,0,0,0,31.0082,-12.2883,-31.2591,5.32262,17.7656,19.585,0,0,0,0,0,0,1.90744,1.00013,-1.13113,0.449198,0.477865,2.962
3575,1.7875,4,2,4,0,0,0,0,0,0,30.9929,-12.0281,-31.3657,5.33952,17.9008,19.7718,0,0,0,0,0,0,1.90686,1.03157,-1.13126,0.454271,0.47892,2.96806
3576,1.788,4,2,4,0,0,0,0,0,0,30.9791,-11.7703,-31.4698,5.35838,18.033,19.9617,0,0,0,0,0,0,1.90351,1.06542,-1.11925,0.451283,0.475603,2.97149
3577,1.7885,4,2,4,0,0,0,0,0,0,30.9614,-11.5149,-31.5726,5.37846,18.1646,20.1535,0,0,0,0,0,0,1.90944,1.09455,-1.10756,0.446675,0.472888,2.98276
3578,1.789,4,2,4,0,0,0,0,0,0,30.937,-11.2573,-31.6784,5.40234,18.2979,20.3412,0,0,0,0,0,0,1.91646,1.12434,-1.09961,0.442251,0.471527,3.00148
3579,1.7895,4,2,4,0,0,0,0,0,0,30.9056,-10.9978,-31.7826,5.42742,18.4313,20.5255,0,0,0,0,0,0,1.92356,1.151,-1.09757,0.442597,0.471945,3.02226
3580,1.79,4,2,4,0,0,0,0,0,0,30.875,-10.738,-31.8855,5.4542,18.5636,20.7132,0,0,0,0,0,0,1.92935,1.17898,-1.09879,0.446748,0.473655,3.04573
3581,1.7905,4,2,4,0,0,0,0,0,0,30.8457,-10.4796,-31.9871,5.48001,18.6965,20.9024,0,0,0,0,0,0,1.92815,1.20474,-1.09563,0.450338,0.473864,3.06213
3582,1.791,4,2,4,0,0,0,0,0,0,30.8146,-10.2184,-32.089,5.50289,18.8336,21.0887,0,0,0,0,0,0,1.92055,1.23316,-1.0856,0.447632,0.475784,3.07821
3583,1.7915,4,2,4,0,0,0,0,0,0,30.7787,-9.95086,-32.1871,5.52104,18.9739,21.2736,0,0,0,0,0,0,1.90713,1.26316,-1.07129,0.440925,0.477605,3.085
3584,1.792,4,2,4,0,0,0,0,0,0,30.7441,-9.67919,-32.2818,5.53747,19.1138,21.4644,0,0,0,0,0,0,1.89684,1.29943,-1.06625,0.439369,0.483434,3.09642
3585,1.7925,4,2,4,0,0,0,0,0,0,30.7109,-9.4061,-32.3763,5.55294,19.2553,21.6571,0,0,0,0,0,0,1.88926,1.33691,-1.07296,0.44688,0.491299,3.10834
3586,1.793,4,2,4,0,0,0,0,0,0,30.6805,-9.13275,-32.475,5.57295,19.3976,21.855,0,0,0,0,0,0,1.88531,1.37133,-1.0802,0.457606,0.496947,3.11999
3587,1.7935,4,2,4,0,0,0,0,0,0,30.654,-8.86205,-32.5755,5.59429,19.5416,22.0604,0,0,0,0,0,0,1.88341,1.40499,-1.08554,0.467334,0.500451,3.14192
3588,1.794,4,2,4,0,0,0,0,0,0,30.6321,-8.59327,-32.6724,5.61577,19.682,22.2729,0,0,0,0,0,0,1.8868,1.43446,-1.08739,0.476552,0.500567,3.16691
3589,1.7945,4,2,4,0,0,0,0,0,0,30.6121,-8.32566,-32.7615,5.63726,19.8146,22.489,0,0,0,0,0,0,1.89675,1.46312,-1.08617,0.482273,0.498163,3.19689
3590,1.795,4,2,4,0,0,0,0,0,0,30.5863,-8.05874,-32.8382,5.65498,19.9396,22.7016,0,0,0,0,0,0,1.90067,1.48984,-1.08237,0.487019,0.493714,3.22234
3591,1.7955,4,2,4,0,0,0,0,0,0,30.5567,-7.79064,-32.9055,5.66835,20.0611,22.9113,0,0,0,0,0,0,1.89886,1.51617,-1.07517,0.48545,0.493285,3.23467
3592,1.796,4,2,4,0,0,0,0,0,0,30.5253,-7.51966,-32.9645,5.67847,20.179,23.1187,0,0,0,0,0,0,1.89411,1.54165,-1.07175,0.487016,0.493893,3.24111
3593,1.7965,4,2,4,0,0,0,0,0,0,30.4941,-7.24872,-33.0162,5.68695,20.2929,23.3245,0,0,0,0,0,0,1.88519,1.57167,-1.06627,0.485141,0.498855,3.24125
3594,1.797,4,2,4,0,0,0,0,0,0,30.4627,-6.97892,-33.0632,5.69521,20.4046,23.5298,0,0,0,0,0,0,1.88349,1.60512,-1.06254,0.485722,0.502775,3.25619
3595,1.7975,4,2,4,0,0,0,0,0,0,30.4278,-6.71341,-33.1075,5.70082,20.5185,23.7304,0,0,0,0,0,0,1.8763,1.63503,-1.05589,0.484036,0.505561,3.26263
3596,1.798,4,2,4,0,0,0,0,0,0,30.3905,-6.44912,-33.1509,5.70464,20.6359,23.9305,0,0,0,0,0,0,1.87583,1.66458,-1.04852,0.483501,0.506012,3.27613
3597,1.7985,4,2,4,0,0,0,0,0,0,30.3521,-6.18596,-33.1956,5.7067,20.7591,24.1332,0,0,0,0,0,0,1.87339,1.69414,-1.04065,0.484523,0.504009,3.29426
3598,1.799,4,2,4,0,0,0,0,0,0,30.3178,-5.92415,-33.2468,5.711,20.8887,24.3445,0,0,0,0,0,0,1.87753,1.7201,-1.03983,0.490372,0.502498,3.32286
3599,1.7995,4,2,4,0,0,0,0,0,0,30.2896,-5.66444,-33.3092,5.71977,21.026,24.5645,0,0,0,0,0,0,1.89166,1.74421,-1.03841,0.495724,0.501094,3.35697
3600,1.8,4,2,4,0,0,0,0,0,0,30.2609,-5.40104,-33.3771,5.72957,21.1697,24.7861,0,0,0,0,0,0,1.89476,1.77084,-1.03516,0.501605,0.499176,3.38518
3601,1.8005,4,2,4,0,0,0,0,0,0,30.2243,-5.12951,-33.4423,5.73826,21.3135,25.003,0,0,0,0,0,0,1.88872,1.80498,-1.02591,0.502082,0.498588,3.40257
3602,1.801,4,2,4,0,0,0,0,0,0,30.1835,-4.85399,-33.5005,5.74668,21.4502,25.2209,0,0,0,0,0,0,1.86765,1.83811,-1.01617,0.501134,0.501048,3.39734
3603,1.8015,4,2,4,0,0,0,0,0,0,30.1468,-4.577,-33.5512,5.75708,21.5754,25.446,0,0,0,0,0,0,1.85216,1.86757,-1.00768,0.499509,0.503288,3.39507
3604,1.802,4,2,4,0,0,0,0,0,0,30.1092,-4.30052,-33.5949,5.76808,21.6915,25.6703,0,0,0,0,0,0,1.84877,1.89946,-1.00253,0.500962,0.503134,3.40947
3605,1.8025,4,2,4,0,0,0,0,0,0,30.0709,-4.02551,-33.6323,5.77988,21.7997,25.895,0,0,0,0,0,0,1.84677,1.92645,-1.00132,0.503686,0.506816,3.42894
3606,1.803,4,2,4,0,0,0,0,0,0,30.0323,-3.75191,-33.6656,5.79161,21.9043,26.1214,0,0,0,0,0,0,1.85387,1.95196,-1.00779,0.514144,0.510522,3.45981
3607,1.8035,4,2,4,0,0,0,0,0,0,29.9954,-3.48183,-33.695,5.80029,22.0088,26.349,0,0,0,0,0,0,1.85754,1.98039,-1.01442,0.525093,0.514665,3.48666
3608,1.804,4,2,4,0,0,0,0,0,0,29.9624,-3.21545,-33.7185,5.80476,22.1121,26.5784,0,0,0,0,0,0,1.85655,2.00825,-1.01932,0.532316,0.519488,3.50748
3609,1.8045,4,2,4,0,0,0,0,0,0,29.9355,-2.9521,-33.7328,5.80203,22.2135,26.8119,0,0,0,0,0,0,1.85322,2.03173,-1.01086,0.530007,0.519239,3.52024
3610,1.805,4,2,4,0,0,0,0,0,0,29.9088,-2.68958,-33.7416,5.79409,22.3165,27.0445,0,0,0,0,0,0,1.84917,2.05825,-0.997141,0.522512,0.518092,3.53125
3611,1.8055,4,2,4,0,0,0,0,0,0,29.8764,-2.42668,-33.7487,5.78262,22.4244,27.2729,0,0,0,0,0,0,1.83931,2.08923,-0.983579,0.516396,0.516586,3.54299
3612,1.806,4,2,4,0,0,0,0,0,0,29.8378,-2.16129,-33.7578,5.77114,22.5373,27.4963,0,0,0,0,0,0,1.83303,2.122,-0.967428,0.511831,0.512626,3.55574
3613,1.8065,4,2,4,0,0,0,0,0,0,29.7948,-1.89482,-33.7698,5.7607,22.6537,27.7175,0,0,0,0,0,0,1.828,2.15027,-0.957832,0.513719,0.508489,3.56841
3614,1.807,4,2,4,0,0,0,0,0,0,29.7468,-1.62862,-33.783,5.75147,22.7709,27.9399,0,0,0,0,0,0,1.81962,2.17756,-0.944103,0.513947,0.503123,3.58029
3615,1.8075,4,2,4,0,0,0,0,0,0,29.6967,-1.36236,-33.7942,5.74281,22.8852,28.1637,0,0,0,0,0,0,1.82097,2.20298,-0.933254,0.515871,0.497621,3.60662
3616,1.808,4,2,4,0,0,0,0,0,0,29.6485,-1.09792,-33.8037,5.73402,22.9971,28.3913,0,0,0,0,0,0,1.81921,2.22658,-0.923021,0.518342,0.491563,3.63492
3617,1.8085,4,2,4,0,0,0,0,0,0,29.6049,-0.832196,-33.8091,5.72506,23.1043,28.6259,0,0,0,0,0,0,1.81511,2.24728,-0.912744,0.518892,0.488572,3.65125
3618,1.809,4,2,4,0,0,0,0,0,0,29.5618,-0.563043,-33.8104,5.7175,23.2069,28.863,0,0,0,0,0,0,1.81069,2.27544,-0.909371,0.524281,0.488301,3.66408
3619,1.8095,4,2,4,0,0,0,0,0,0,29.5191,-0.292359,-33.8099,5.71209,23.3071,29.102,0,0,0,0,0,0,1.80087,2.30776,-0.905371,0.526742,0.493456,3.6769
3620,1.81,4,2,4,0,0,0,0,0,0,29.4808,-0.0228256,-33.8102,5.70928,23.4063,29.3471,0,0,0,0,0,0,1.79015,2.34267,-0.905268,0.532968,0.498984,3.68891
3621,1.8105,4,2,4,0,0,0,0,0,0,29.4471,0.24663,-33.812,5.71,23.5021,29.5988,0,0,0,0,0,0,1.78751,2.37277,-0.908076,0.539616,0.504872,3.70453
3622,1.811,4,2,4,0,0,0,0,0,0,29.4115,0.514413,-33.8129,5.70889,23.5974,29.8472,0,0,0,0,0,0,1.78642,2.39771,-0.911121,0.548859,0.507738,3.7212
3623,1.8115,4,2,4,0,0,0,0,0,0,29.3759,0.779623,-33.8114,5.70403,23.6921,30.093,0,0,0,0,0,0,1.78408,2.42181,-0.908007,0.552343,0.506917,3.73631
3624,1.812,4,2,4,0,0,0,0,0,0,29.3457,1.03924,-33.8071,5.69399,23.7866,30.339,0,0,0,0,0,0,1.78843,2.4439,-0.899386,0.551271,0.502287,3.76271
3625,1.8125,4,2,4,0,0,0,0,0,0,29.3186,1.29601,-33.798,5.68084,23.8791,30.586,0,0,0,0,0,0,1.7931,2.45893,-0.883938,0.545496,0.493972,3.78213
3626,1.813,4,2,4,0,0,0,0,0,0,29.2833,1.55461,-33.7802,5.66305,23.9698,30.8289,0,0,0,0,0,0,1.80521,2.47422,-0.871241,0.542995,0.487227,3.80737
3627,1.8135,4,2,4,0,0,0,0,0,0,29.2332,1.81709,-33.7504,5.63881,24.0585,31.0622,0,0,0,0,0,0,1.79917,2.50255,-0.856461,0.540635,0.48158,3.82107
3628,1.814,4,2,4,0,0,0,0,0,0,29.1738,2.08029,-33.7109,5.61024,24.1435,31.2925,0,0,0,0,0,0,1.77475,2.5349,-0.840484,0.535178,0.481085,3.81667
3629,1.8145,4,2,4,0,0,0,0,0,0,29.1127,2.34329,-33.6635,5.57761,24.2239,31.5243,0,0,0,0,0,0,1.7551,2.56754,-0.823992,0.529623,0.479924,3.81562
3630,1.815,4,2,4,0,0,0,0,0,0,29.0552,2.60595,-33.6134,5.54423,24.301,31.7623,0,0,0,0,0,0,1.73053,2.59551,-0.805765,0.522205,0.47811,3.81471
3631,1.8155,4,2,4,0,0,0,0,0,0,28.9978,2.86912,-33.566,5.51205,24.3806,32.0025,0,0,0,0,0,0,1.71639,2.62225,-0.792612,0.520116,0.475753,3.83213
3632,1.816,4,2,4,0,0,0,0,0,0,28.9459,3.13032,-33.5273,5.48422,24.4656,32.2513,0,0,0,0,0,0,1.71374,2.64931,-0.788253,0.528126,0.472376,3.85951
3633,1.8165,4,2,4,0,0,0,0,0,0,28.9038,3.38672,-33.4972,5.46178,24.5538,32.5084,0,0,0,0,0,0,1.71565,2.67394,-0.791181,0.541315,0.472693,3.89158
3634,1.817,4,2,4,0,0,0,0,0,0,28.8725,3.64087,-33.4734,5.44457,24.6428,32.7726,0,0,0,0,0,0,1.72184,2.69657,-0.7922,0.550527,0.472725,3.9221
3635,1.8175,4,2,4,0,0,0,0,0,0,28.8437,3.89667,-33.4525,5.43,24.7326,33.0364,0,0,0,0,0,0,1.71956,2.72429,-0.790481,0.555617,0.47461,3.94542
3636,1.818,4,2,4,0,0,0,0,0,0,28.8093,4.15574,-33.4265,5.41365,24.819,33.2972,0,0,0,0,0,0,1.71785,2.74993,-0.782682,0.555407,0.474915,3.9625
3637,1.8185,4,2,4,0,0,0,0,0,0,28.7665,4.41729,-33.3918,5.3932,24.899,33.5537,0,0,0,0,0,0,1.7137,2.77259,-0.768772,0.551697,0.471303,3.97229
3638,1.819,4,2,4,0,0,0,0,0,0,28.7194,4.68163,-33.3482,5.36843,24.9716,33.8097,0,0,0,0,0,0,1.69855,2.79292,-0.756016,0.549421,0.466511,3.96839
3639,1.8195,4,2,4,0,0,0,0,0,0,28.6691,4.94429,-33.2973,5.34014,25.0378,34.063,0,0,0,0,0,0,1.6992,2.81663,-0.746764,0.550058,0.462144,3.98939
3640,1.82,4,2,4,0,0,0,0,0,0,28.6203,5.20251,-33.2399,5.30953,25.0976,34.3171,0,0,0,0,0,0,1.69867,2.84036,-0.73984,0.553042,0.457363,4.0128
3641,1.8205,4,2,4,0,0,0,0,0,0,28.5713,5.45473,-33.1758,5.27603,25.1523,34.5706,0,0,0,0,0,0,1.69749,2.86114,-0.730606,0.553997,0.452815,4.03431
3642,1.821,4,2,4,0,0,0,0,0,0,28.5236,5.70399,-33.1073,5.24153,25.2045,34.8243,0,0,0,0,0,0,1.69465,2.88252,-0.721077,0.552543,0.451676,4.04954
3643,1.8215,4,2,4,0,0,0,0,0,0,28.4787,5.95299,-33.0365,5.20378,25.2589,35.0804,0,0,0,0,0,0,1.68562,2.90375,-0.714921,0.554419,0.451512,4.05774
3644,1.822,4,2,4,0,0,0,0,0,0,28.4366,6.203,-32.9636,5.16341,25.3149,35.3428,0,0,0,0,0,0,1.67662,2.92488,-0.703588,0.551386,0.451646,4.071
3645,1.8225,4,2,4,0,0,0,0,0,0,28.3921,6.45189,-32.8876,5.12138,25.3704,35.606,0,0,0,0,0,0,1.66024,2.95111,-0.688842,0.547978,0.448085,4.08254
3646,1.823,4,2,4,0,0,0,0,0,0,28.341,6.70099,-32.8117,5.07845,25.4284,35.8608,0,0,0,0,0,0,1.65142,2.98052,-0.673138,0.54314,0.445257,4.1033
3647,1.8235,4,2,4,0,0,0,0,0,0,28.2842,6.95093,-32.7435,5.03775,25.4941,36.1097,0,0,0,0,0,0,1.6332,3.00133,-0.658257,0.539432,0.442556,4.10332
3648,1.824,4,2,4,0,0,0,0,0,0,28.2253,7.20104,-32.6849,5.00068,25.5666,36.3589,0,0,0,0,0,0,1.63567,3.02098,-0.645834,0.541972,0.434736,4.13143
3649,1.8245,4,2,4,0,0,0,0,0,0,28.1675,7.4494,-32.6294,4.96444,25.6396,36.6096,0,0,0,0,0,0,1.6322,3.03872,-0.636045,0.547239,0.426816,4.15409
3650,1.825,4,2,4,0,0,0,0,0,0,28.1087,7.6974,-32.5645,4.92197,25.7057,36.8602,0,0,0,0,0,0,1.62465,3.06159,-0.626135,0.549029,0.421491,4.17537
3651,1.8255,4,2,4,0,0,0,0,0,0,28.0518,7.94699,-32.4881,4.87575,25.7603,37.1139,0,0,0,0,0,0,1.6186,3.08588,-0.612952,0.546289,0.417461,4.1934
3652,1.826,4,2,4,0,0,0,0,0,0,27.9988,8.19656,-32.3993,4.82551,25.8023,37.3731,0,0,0,0,0,0,1.60834,3.10885,-0.603902,0.54608,0.416382,4.20252
3653,1.8265,4,2,4,0,0,0,0,0,0,27.9483,8.44467,-32.3,4.77235,25.8333,37.6353,0,0,0,0,0,0,1.60103,3.13338,-0.596974,0.546621,0.416271,4.21294
3654,1.827,4,2,4,0,0,0,0,0,0,27.9003,8.69259,-32.1979,4.7212,25.8576,37.8986,0,0,0,0,0,0,1.58929,3.1601,-0.587099,0.544722,0.415253,4.22462
3655,1.8275,4,2,4,0,0,0,0,0,0,27.8568,8.93963,-32.1002,4.67636,25.8812,38.1675,0,0,0,0,0,0,1.5851,3.18659,-0.583549,0.550397,0.415222,4.24331
3656,1.828,4,2,4,0,0,0,0,0,0,27.8207,9.18296,-32.0098,4.6389,25.906,38.4497,0,0,0,0,0,0,1.59095,3.2104,-0.585116,0.565028,0.41086,4.28088
3657,1.8285,4,2,4,0,0,0,0,0,0,27.785,9.42125,-31.9223,4.60207,25.9339,38.7357,0,0,0,0,0,0,1.60026,3.23226,-0.584303,0.580936,0.40228,4.32449
3658,1.829,4,2,4,0,0,0,0,0,0,27.7436,9.65841,-31.835,4.56007,25.9684,39.0118,0,0,0,0,0,0,1.59429,3.25151,-0.578556,0.586496,0.398812,4.34483
3659,1.8295,4,2,4,0,0,0,0,0,0,27.6936,9.8979,-31.7507,4.5141,26.0124,39.276,0,0,0,0,0,0,1.59284,3.26708,-0.559419,0.577729,0.38968,4.36147
3660,1.83,4,2,4,0,0,0,0,0,0,27.6379,10.139,-31.6677,4.46604,26.0613,39.5366,0,0,0,0,0,0,1.58014,3.28441,-0.535106,0.563787,0.382339,4.36514
3661,1.8305,4,2,4,0,0,0,0,0,0,27.5759,10.381,-31.5844,4.41924,26.1088,39.794,0,0,0,0,0,0,1.56021,3.30158,-0.512637,0.552865,0.374693,4.3591
3662,1.831,4,2,4,0,0,0,0,0,0,27.506,10.6221,-31.4949,4.37044,26.1503,40.0448,0,0,0,0,0,0,1.54343,3.32526,-0.491622,0.541978,0.370929,4.36465
3663,1.8315,4,2,4,0,0,0,0,0,0,27.4339,10.8616,-31.3986,4.31951,26.184,40.2924,0,0,0,0,0,0,1.52287,3.34503,-0.47793,0.537625,0.36879,4.36959
3664,1.832,4,2,4,0,0,0,0,0,0,27.3666,11.0991,-31.2941,4.26448,26.2084,40.5442,0,0,0,0,0,0,1.50526,3.36187,-0.466915,0.535684,0.367557,4.37263
3665,1.8325,4,2,4,0,0,0,0,0,0,27.3005,11.3354,-31.1753,4.19887,26.2233,40.7972,0,0,0,0,0,0,1.49537,3.38337,-0.459823,0.540132,0.365003,4.38924
3666,1.833,4,2,4,0,0,0,0,0,0,27.2361,11.5711,-31.0452,4.12505,26.2312,41.052,0,0,0,0,0,0,1.48518,3.404,-0.453978,0.543206,0.364906,4.40573
3667,1.8335,4,2,4,0,0,0,0,0,0,27.1798,11.8065,-30.9109,4.04839,26.236,41.3145,0,0,0,0,0,0,1.47513,3.4279,-0.446141,0.543769,0.366908,4.42162
3668,1.834,4,2,4,0,0,0,0,0,0,27.1317,12.039,-30.7758,3.97114,26.2386,41.585,0,0,0,0,0,0,1.47386,3.44754,-0.440845,0.548159,0.365869,4.44264
3669,1.8345,4,2,4,0,0,0,0,0,0,27.0936,12.2689,-30.6449,3.89826,26.2398,41.8675,0,0,0,0,0,0,1.47382,3.46888,-0.432011,0.551557,0.360266,4.46489
3670,1.835,4,2,4,0,0,0,0,0,0,27.0582,12.4979,-30.5244,3.83487,26.2447,42.1568,0,0,0,0,0,0,1.47055,3.49125,-0.420404,0.555701,0.349835,4.48779
3671,1.8355,4,2,4,0,0,0,0,0,0,27.0167,12.7264,-30.4133,3.77964,26.255,42.4441,0,0,0,0,0,0,1.47352,3.50331,-0.404506,0.555251,0.3362,4.51308
3672,1.836,4,2,4,0,0,0,0,0,0,26.9698,12.9534,-30.306,3.72753,26.2672,42.7272,0,0,0,0,0,0,1.47424,3.51402,-0.390454,0.558105,0.320621,4.53693
3673,1.8365,4,2,4,0,0,0,0,0,0,26.916,13.179,-30.1975,3.67268,26.2797,43.0005,0,0,0,0,0,0,1.48337,3.53127,-0.380605,0.564645,0.306434,4.5737
3674,1.837,4,2,4,0,0,0,0,0,0,26.8629,13.4052,-30.0852,3.61513,26.2893,43.2718,0,0,0,0,0,0,1.4802,3.54563,-0.365178,0.560042,0.29758,4.59171
3675,1.8375,4,2,4,0,0,0,0,0,0,26.8027,13.6337,-29.9655,3.55451,26.2938,43.537,0,0,0,0,0,0,1.45862,3.56154,-0.345176,0.549929,0.291601,4.58653
3676,1.838,4,2,4,0,0,0,0,0,0,26.7311,13.8635,-29.8358,3.48937,26.2919,43.7939,0,0,0,0,0,0,1.44702,3.58389,-0.327831,0.546519,0.284569,4.60066
3677,1.8385,4,2,4,0,0,0,0,0,0,26.6462,14.0944,-29.7001,3.42156,26.2871,44.0383,0,0,0,0,0,0,1.42146,3.60635,-0.31215,0.544569,0.283629,4.59961
3678,1.839,4,2,4,0,0,0,0,0,0,26.5572,14.3249,-29.5667,3.35673,26.2826,44.2804,0,0,0,0,0,0,1.40568,3.63062,-0.30662,0.553427,0.283782,4.615
3679,1.8395,4,2,4,0,0,0,0,0,0,26.4782,14.5525,-29.4406,3.29676,26.2786,44.5314,0,0,0,0,0,0,1.38525,3.64636,-0.298744,0.558865,0.281597,4.62252
3680,1.84,4,2,4,0,0,0,0,0,0,26.4172,14.7781,-29.317,3.23677,26.2715,44.7963,0,0,0,0,0,0,1.37547,3.66102,-0.287673,0.559503,0.276087,4.63545
3681,1.8405,4,2,4,0,0,0,0,0,0,26.3669,15.0029,-29.1916,3.17276,26.2627,45.0677,0,0,0,0,0,0,1.37161,3.67424,-0.277266,0.558935,0.269323,4.65264
3682,1.841,4,2,4,0,0,0,0,0,0,26.3207,15.2271,-29.061,3.10415,26.2501,45.3456,0,0,0,0,0,0,1.37187,3.69369,-0.265703,0.557784,0.261397,4.6745
3683,1.8415,4,2,4,0,0,0,0,0,0,26.2752,15.4492,-28.9247,3.03368,26.2324,45.6312,0,0,0,0,0,0,1.3605,3.70969,-0.247904,0.54845,0.255417,4.68005
3684,1.842,4,2,4,0,0,0,0,0,0,26.2231,15.6687,-28.7816,2.96048,26.2091,45.9123,0,0,0,0,0,0,1.34704,3.7255,-0.231224,0.540455,0.248579,4.68476
3685,1.8425,4,2,4,0,0,0,0,0,0,26.1626,15.8851,-28.6318,2.88431,26.1801,46.1836,0,0,0,0,0,0,1.33932,3.74246,-0.212356,0.533949,0.236916,4.69758
3686,1.843,4,2,4,0,0,0,0,0,0,26.0986,16.0978,-28.4761,2.80529,26.1449,46.451,0,0,0,0,0,0,1.33932,3.76261,-0.200238,0.53684,0.22563,4.72282
3687,1.8435,4,2,4,0,0,0,0,0,0,26.0325,16.3084,-28.3154,2.72133,26.1063,46.7154,0,0,0,0,0,0,1.33482,3.77525,-0.194725,0.543903,0.220825,4.7439
3688,1.844,4,2,4,0,0,0,0,0,0,25.9612,16.5203,-28.1509,2.63149,26.0698,46.9727,0,0,0,0,0,0,1.32666,3.78826,-0.183295,0.544616,0.214578,4.76395
3689,1.8445,4,2,4,0,0,0,0,0,0,25.8846,16.7351,-27.9872,2.54009,26.0389,47.2241,0,0,0,0,0,0,1.30433,3.8055,-0.163626,0.537099,0.207654,4.77282
3690,1.845,4,2,4,0,0,0,0,0,0,25.8087,16.9496,-27.8255,2.45039,26.0098,47.4777,0,0,0,0,0,0,1.28084,3.82326,-0.146692,0.533443,0.20224,4.77795
3691,1.8455,4,2,4,0,0,0,0,0,0,25.7376,17.1634,-27.6703,2.36934,25.9796,47.737,0,0,0,0,0,0,1.26561,3.84814,-0.131253,0.530957,0.199125,4.7905
3692,1.846,4,2,4,0,0,0,0,0,0,25.6707,17.3758,-27.5263,2.29983,25.9506,48.0014,0,0,0,0,0,0,1.2557,3.86402,-0.117352,0.530975,0.192467,4.80547
3693,1.8465,4,2,4,0,0,0,0,0,0,25.6068,17.5866,-27.3943,2.24302,25.9231,48.2712,0,0,0,0,0,0,1.25132,3.86898,-0.106334,0.532026,0.18371,4.82027
3694,1.847,4,2,4,0,0,0,0,0,0,25.5416,17.7954,-27.2635,2.18737,25.8934,48.5402,0,0,0,0,0,0,1.24547,3.87298,-0.0978721,0.536167,0.173713,4.83457
3695,1.8475,4,2,4,0,0,0,0,0,0,25.4731,18.0062,-27.1227,2.12278,25.8571,48.8061,0,0,0,0,0,0,1.23746,3.88623,-0.0864713,0.538046,0.16264,4.84858
3696,1.848,4,2,4,0,0,0,0,0,0,25.4023,18.2187,-26.968,2.04541,25.8127,49.0683,0,0,0,0,0,0,1.23966,3.90861,-0.0741869,0.538813,0.152,4.87873
3697,1.8485,4,2,4,0,0,0,0,0,0,25.3347,18.4313,-26.8017,1.96044,25.7578,49.335,0,0,0,0,0,0,1.23814,3.92767,-0.0640657,0.541488,0.144349,4.90097
3698,1.849,4,2,4,0,0,0,0,0,0,25.2727,18.6416,-26.6302,1.87212,25.6962,49.6082,0,0,0,0,0,0,1.23517,3.94472,-0.0579818,0.550955,0.135741,4.92446
3699,1.8495,4,2,4,0,0,0,0,0,0,25.2155,18.8507,-26.4625,1.78818,25.6339,49.8883,0,0,0,0,0,0,1.23,3.9645,-0.0489045,0.555714,0.130688,4.9427
3700,1.85,4,2,4,0,0,0,0,0,0,25.1624,19.0578,-26.3003,1.70929,25.5728,50.1752,0,0,0,0,0,0,1.22112,3.98403,-0.0405875,0.563096,0.123641,4.95791
3701,1.8505,4,2,4,0,0,0,0,0,0,25.1041,19.2606,-26.1402,1.63176,25.5139,50.4551,0,0,0,0,0,0,1.21465,4.00021,-0.0271509,0.564765,0.112101,4.98218
3702,1.851,4,2,4,0,0,0,0,0,0,25.043,19.4612,-25.9828,1.55547,25.4586,50.7303,0,0,0,0,0,0,1.20621,4.01157,-0.0106816,0.562485,0.100698,5.00299
3703,1.8515,4,2,4,0,0,0,0,0,0,24.9727,19.6619,-25.824,1.47666,25.4068,50.9949,0,0,0,0,0,0,1.19548,4.01577,0.000646248,0.565259,0.0909904,5.01906
3704,1.852,4,2,4,0,0,0,0,0,0,24.896,19.8614,-25.6637,1.39548,25.3566,51.2529,0,0,0,0,0,0,1.17515,4.02539,0.0214744,0.55634,0.0830462,5.02009
3705,1.8525,4,2,4,0,0,0,0,0,0,24.8154,20.0621,-25.502,1.31434,25.3051,51.5066,0,0,0,0,0,0,1.15595,4.03503,0.0471047,0.541049,0.0722049,5.02065
3706,1.853,4,2,4,0,0,0,0,0,0,24.7267,20.263,-25.3374,1.23162,25.2511,51.7481,0,0,0,0,0,0,1.13008,4.04448,0.0714374,0.527811,0.0620773,5.01324
3707,1.8535,4,2,4,0,0,0,0,0,0,24.6362,20.4614,-25.1682,1.14572,25.1909,51.987,0,0,0,0,0,0,1.11178,4.05826,0.0857459,0.524816,0.0579762,5.01475
3708,1.854,4,2,4,0,0,0,0,0,0,24.5427,20.656,-24.9902,1.05242,25.1225,52.2213,0,0,0,0,0,0,1.09748,4.07264,0.0926542,0.529145,0.0561247,5.02239
3709,1.8545,4,2,4,0,0,0,0,0,0,24.4518,20.8492,-24.8069,0.955957,25.0471,52.4568,0,0,0,0,0,0,1.08586,4.08579,0.0986078,0.535354,0.0517141,5.0334
3710,1.855,4,2,4,0,0,0,0,0,0,24.3674,21.0444,-24.6234,0.860059,24.9696,52.6976,0,0,0,0,0,0,1.07735,4.10191,0.109807,0.537225,0.044327,5.05012
3711,1.8555,4,2,4,0,0,0,0,0,0,24.2931,21.2398,-24.439,0.764139,24.8887,52.9499,0,0,0,0,0,0,1.06682,4.11504,0.121834,0.536777,0.0385048,5.06057
3712,1.856,4,2,4,0,0,0,0,0,0,24.2319,21.4372,-24.2593,0.675862,24.8047,53.2173,0,0,0,0,0,0,1.06048,4.13013,0.13504,0.535744,0.0315109,5.07704
3713,1.8565,4,2,4,0,0,0,0,0,0,24.175,21.6318,-24.0866,0.595783,24.7205,53.4875,0,0,0,0,0,0,1.0535,4.1468,0.150063,0.534827,0.020706,5.09691
3714,1.857,4,2,4,0,0,0,0,0,0,24.1157,21.8182,-23.9194,0.522208,24.6367,53.757,0,0,0,0,0,0,1.04453,4.15869,0.163477,0.536026,0.00854759,5.11422
3715,1.8575,4,2,4,0,0,0,0,0,0,24.0523,22.0002,-23.7522,0.450319,24.5512,54.0253,0,0,0,0,0,0,1.04634,4.17045,0.172565,0.543622,-0.00632921,5.14882
3716,1.858,4,2,4,0,0,0,0,0,0,23.98,22.1814,-23.5764,0.371055,24.4624,54.2836,0,0,0,0,0,0,1.03694,4.17498,0.191345,0.539124,-0.0223045,5.16055
3717,1.8585,4,2,4,0,0,0,0,0,0,23.9002,22.3629,-23.3917,0.283175,24.3698,54.5337,0,0,0,0,0,0,1.02876,4.18119,0.208963,0.534783,-0.0352437,5.17901
3718,1.859,4,2,4,0,0,0,0,0,0,23.8196,22.5456,-23.2007,0.187693,24.275,54.7843,0,0,0,0,0,0,1.01094,4.18623,0.221381,0.533602,-0.0414923,5.18497
3719,1.8595,4,2,4,0,0,0,0,0,0,23.7411,22.7298,-23.0094,0.0919637,24.1794,55.0397,0,0,0,0,0,0,0.999936,4.19664,0.235299,0.532733,-0.0491637,5.20005
3720,1.86,4,2,4,0,0,0,0,0,0,23.6585,22.9159,-22.8224,0.000636582,24.0868,55.292,0,0,0,0,0,0,0.982103,4.21093,0.251134,0.532079,-0.0565616,5.20931
3721,1.8605,4,2,4,0,0,0,0,0,0,23.5797,23.102,-22.6422,-0.0835123,23.9944,55.5498,0,0,0,0,0,0,0.969025,4.22602,0.254346,0.544857,-0.0604218,5.22371
3722,1.861,4,2,4,0,0,0,0,0,0,23.507,23.2876,-22.4698,-0.160145,23.9024,55.8098,0,0,0,0,0,0,0.973057,4.24113,0.260095,0.554606,-0.0711059,5.25635
3723,1.8615,4,2,4,0,0,0,0,0,0,23.4297,23.4712,-22.3013,-0.234599,23.8134,56.06,0,0,0,0,0,0,0.967446,4.24811,0.271201,0.555701,-0.0816224,5.26631
3724,1.862,4,2,4,0,0,0,0,0,0,23.3471,23.653,-22.133,-0.309787,23.7251,56.3011,0,0,0,0,0,0,0.957364,4.2517,0.281817,0.557729,-0.0920243,5.27592
3725,1.8625,4,2,4,0,0,0,0,0,0,23.263,23.8337,-21.9579,-0.390972,23.6317,56.5391,0,0,0,0,0,0,0.944823,4.25819,0.29628,0.553725,-0.101413,5.28362
3726,1.863,4,2,4,0,0,0,0,0,0,23.1796,24.0164,-21.7734,-0.479109,23.5297,56.7781,0,0,0,0,0,0,0.932866,4.26785,0.318121,0.54313,-0.114624,5.29015
3727,1.8635,4,2,4,0,0,0,0,0,0,23.0976,24.1996,-21.5807,-0.572064,23.4187,57.0169,0,0,0,0,0,0,0.919717,4.27914,0.334007,0.541973,-0.126184,5.30175
3728,1.864,4,2,4,0,0,0,0,0,0,23.0086,24.3766,-21.3812,-0.669338,23.3006,57.2477,0,0,0,0,0,0,0.907037,4.29432,0.343143,0.548565,-0.133311,5.31542
3729,1.8645,4,2,4,0,0,0,0,0,0,22.9152,24.5476,-21.1806,-0.766343,23.1803,57.4724,0,0,0,0,0,0,0.898832,4.31047,0.350666,0.559856,-0.143034,5.33708
3730,1.865,4,2,4,0,0,0,0,0,0,22.8212,24.7175,-20.9844,-0.860199,23.0638,57.6952,0,0,0,0,0,0,0.88524,4.32631,0.365489,0.560474,-0.151114,5.35033
3731,1.8655,4,2,4,0,0,0,0,0,0,22.7331,24.887,-20.7927,-0.950262,22.9491,57.9279,0,0,0,0,0,0,0.868613,4.33451,0.379228,0.561272,-0.160635,5.35571
3732,1.866,4,2,4,0,0,0,0,0,0,22.6519,25.0565,-20.6071,-1.03414,22.8361,58.1722,0,0,0,0,0,0,0.86563,4.3399,0.394764,0.560243,-0.175753,5.37625
3733,1.8665,4,2,4,0,0,0,0,0,0,22.5721,25.2256,-20.4251,-1.11294,22.7243,58.4203,0,0,0,0,0,0,0.85282,4.34146,0.414328,0.55414,-0.191493,5.38498
3734,1.867,4,2,4,0,0,0,0,0,0,22.4883,25.3935,-20.2447,-1.18817,22.6122,58.6636,0,0,0,0,0,0,0.830617,4.34267,0.430241,0.550132,-0.200798,5.3807
3735,1.8675,4,2,4,0,0,0,0,0,0,22.4014,25.5603,-20.0639,-1.26086,22.4962,58.9043,0,0,0,0,0,0,0.81896,4.35038,0.445742,0.547966,-0.212497,5.39575
3736,1.868,4,2,4,0,0,0,0,0,0,22.3064,25.7264,-19.8762,-1.34129,22.3766,59.1353,0,0,0,0,0,0,0.807925,4.35414,0.457409,0.549198,-0.22368,5.4105
3737,1.8685,4,2,4,0,0,0,0,0,0,22.2052,25.8919,-19.6798,-1.43172,22.2529,59.3594,0,0,0,0,0,0,0.798675,4.36323,0.462846,0.558906,-0.231881,5.4288
3738,1.869,4,2,4,0,0,0,0,0,0,22.106,26.0569,-19.4765,-1.53045,22.1246,59.5843,0,0,0,0,0,0,0.781012,4.37015,0.472157,0.560361,-0.235549,5.4305
3739,1.8695,4,2,4,0,0,0,0,0,0,22.0174,26.2242,-19.2753,-1.62559,21.9925,59.822,0,0,0,0,0,0,0.757192,4.37578,0.486021,0.557406,-0.24073,5.42501
3740,1.87,4,2,4,0,0,0,0,0,0,21.9399,26.3925,-19.0773,-1.71395,21.8556,60.0724,0,0,0,0,0,0,0.750372,4.39038,0.49621,0.560578,-0.247285,5.44057
3741,1.8705,4,2,4,0,0,0,0,0,0,21.8676,26.5597,-18.8845,-1.79591,21.7175,60.3242,0,0,0,0,0,0,0.745861,4.40624,0.507256,0.565706,-0.25733,5.46335
3742,1.871,4,2,4,0,0,0,0,0,0,21.7998,26.7267,-18.6999,-1.86785,21.5805,60.5793,0,0,0,0,0,0,0.735841,4.4125,0.518618,0.571699,-0.271155,5.48192
3743,1.8715,4,2,4,0,0,0,0,0,0,21.7197,26.8891,-18.5167,-1.94109,21.4478,60.816,0,0,0,0,0,0,0.732723,4.422,0.528786,0.578113,-0.285708,5.50821
3744,1.872,4,2,4,0,0,0,0,0,0,21.6243,27.0453,-18.3294,-2.02228,21.3186,61.0317,0,0,0,0,0,0,0.725514,4.42644,0.543408,0.577969,-0.300852,5.52215
3745,1.8725,4,2,4,0,0,0,0,0,0,21.5169,27.197,-18.1358,-2.11246,21.1902,61.232,0,0,0,0,0,0,0.715797,4.42997,0.559752,0.577646,-0.316556,5.53299
3746,1.873,4,2,4,0,0,0,0,0,0,21.4029,27.3476,-17.9343,-2.21016,21.0581,61.4261,0,0,0,0,0,0,0.69687,4.43338,0.577549,0.573871,-0.327937,5.53469
3747,1.8735,4,2,4,0,0,0,0,0,0,21.2868,27.4983,-17.7282,-2.31072,20.9214,61.6212,0,0,0,0,0,0,0.666089,4.43044,0.599833,0.560556,-0.33588,5.51576
3748,1.874,4,2,4,0,0,0,0,0,0,21.1743,27.6495,-17.5241,-2.40578,20.7806,61.8247,0,0,0,0,0,0,0.652682,4.43704,0.612869,0.562166,-0.344586,5.52789
3749,1.8745,4,2,4,0,0,0,0,0,0,21.0707,27.8028,-17.327,-2.49045,20.6384,62.0426,0,0,0,0,0,0,0.639497,4.44378,0.619619,0.572476,-0.352806,5.54069
3750,1.875,4,2,4,0,0,0,0,0,0,20.9648,27.957,-17.1322,-2.57313,20.498,62.2528,0,0,0,0,0,0,0.62323,4.446,0.627928,0.579999,-0.362587,5.54275
3751,1.8755,4,2,4,0,0,0,0,0,0,20.8586,28.1106,-16.9417,-2.65006,20.3586,62.4599,0,0,0,0,0,0,0.607723,4.45098,0.638987,0.582338,-0.370486,5.54406
3752,1.876,4,2,4,0,0,0,0,0,0,20.7533,28.2632,-16.7539,-2.72318,20.2203,62.6676,0,0,0,0,0,0,0.591132,4.45245,0.655169,0.576734,-0.380614,5.54668
3753,1.8765,4,2,4,0,0,0,0,0,0,20.6508,28.4151,-16.5665,-2.79457,20.0796,62.8773,0,0,0,0,0,0,0.583866,4.45666,0.673106,0.570099,-0.395177,5.56458
3754,1.877,4,2,4,0,0,0,0,0,0,20.5457,28.5638,-16.3749,-2.86932,19.9344,63.0834,0,0,0,0,0,0,0.571901,4.46125,0.688188,0.565993,-0.405952,5.5727
3755,1.8775,4,2,4,0,0,0,0,0,0,20.4389,28.7111,-16.178,-2.94954,19.7834,63.286,0,0,0,0,0,0,0.560037,4.46449,0.701113,0.565749,-0.416547,5.58259
3756,1.878,4,2,4,0,0,0,0,0,0,20.3368,28.8585,-15.9756,-3.03529,19.6248,63.4938,0,0,0,0,0,0,0.546492,4.47271,0.709852,0.572029,-0.425149,5.59403
3757,1.8785,4,2,4,0,0,0,0,0,0,20.2381,29.0062,-15.7728,-3.12163,19.4642,63.7065,0,0,0,0,0,0,0.540713,4.48828,0.713567,0.586883,-0.434321,5.61925
3758,1.879,4,2,4,0,0,0,0,0,0,20.1431,29.1545,-15.5736,-3.20343,19.3039,63.9226,0,0,0,0,0,0,0.538417,4.506,0.720505,0.601379,-0.447401,5.65069
3759,1.8795,4,2,4,0,0,0,0,0,0,20.0518,29.298,-15.3767,-3.2818,19.1424,64.1431,0,0,0,0,0,0,0.530287,4.51918,0.729537,0.613102,-0.459388,5.67599
3760,1.88,4,2,4,0,0,0,0,0,0,19.9666,29.4391,-15.188,-3.35052,18.9836,64.3731,0,0,0,0,0,0,0.521869,4.52407,0.741937,0.617564,-0.472948,5.69097
3761,1.8805,4,2,4,0,0,0,0,0,0,19.8783,29.5767,-15.0058,-3.41286,18.8295,64.5982,0,0,0,0,0,0,0.507019,4.52265,0.758873,0.612638,-0.486089,5.69431
3762,1.881,4,2,4,0,0,0,0,0,0,19.7781,29.7109,-14.8212,-3.4788,18.6777,64.8062,0,0,0,0,0,0,0.491457,4.51804,0.774742,0.608095,-0.498561,5.69485
3763,1.8815,4,2,4,0,0,0,0,0,0,19.6624,29.8437,-14.6291,-3.55243,18.5248,64.9914,0,0,0,0,0,0,0.471793,4.5138,0.789236,0.606354,-0.510111,5.69537
3764,1.882,4,2,4,0,0,0,0,0,0,19.5367,29.9746,-14.4257,-3.63674,18.3663,65.1619,0,0,0,0,0,0,0.455472,4.50895,0.804287,0.603828,-0.522453,5.6952
3765,1.8825,4,2,4,0,0,0,0,0,0,19.4098,30.1078,-14.2124,-3.72919,18.2003,65.3314,0,0,0,0,0,0,0.438508,4.51023,0.814397,0.608446,-0.530358,5.69588
3766,1.883,4,2,4,0,0,0,0,0,0,19.2928,30.243,-13.9986,-3.81825,18.0283,65.5179,0,0,0,0,0,0,0.42827,4.51564,0.826002,0.613651,-0.542167,5.70773
3767,1.8835,4,2,4,0,0,0,0,0,0,19.1862,30.3779,-13.7899,-3.89942,17.8541,65.7187,0,0,0,0,0,0,0.415207,4.5184,0.836278,0.619775,-0.55236,5.71716
3768,1.884,4,2,4,0,0,0,0,0,0,19.087,30.5142,-13.59,-3.97069,17.6824,65.9267,0,0,0,0,0,0,0.396183,4.5175,0.846975,0.62262,-0.56042,5.71439
3769,1.8845,4,2,4,0,0,0,0,0,0,18.9893,30.6518,-13.3997,-4.03214,17.515,66.1326,0,0,0,0,0,0,0.385675,4.52168,0.858543,0.624923,-0.57156,5.72361
3770,1.885,4,2,4,0,0,0,0,0,0,18.8848,30.7888,-13.2125,-4.09154,17.3506,66.3274,0,0,0,0,0,0,0.386258,4.52608,0.868061,0.631573,-0.587409,5.74916
3771,1.8855,4,2,4,0,0,0,0,0,0,18.7753,30.926,-13.0233,-4.15491,17.1866,66.5134,0,0,0,0,0,0,0.382866,4.52826,0.876074,0.638816,-0.600637,5.76771
3772,1.886,4,2,4,0,0,0,0,0,0,18.6612,31.0611,-12.8262,-4.22836,17.0192,66.6908,0,0,0,0,0,0,0.37894,4.53741,0.885243,0.644719,-0.611937,5.78587
3773,1.8865,4,2,4,0,0,0,0,0,0,18.5432,31.1895,-12.6214,-4.31134,16.8469,66.8635,0,0,0,0,0,0,0.365838,4.54606,0.894773,0.651546,-0.621288,5.79866
3774,1.887,4,2,4,0,0,0,0,0,0,18.4192,31.3111,-12.4134,-4.39909,16.6725,67.0255,0,0,0,0,0,0,0.335925,4.54319,0.910448,0.647008,-0.627056,5.78144
3775,1.8875,4,2,4,0,0,0,0,0,0,18.2986,31.4314,-12.2098,-4.48147,16.4976,67.1935,0,0,0,0,0,0,0.312067,4.54555,0.924823,0.646058,-0.634046,5.77549
3776,1.888,4,2,4,0,0,0,0,0,0,18.1767,31.5487,-12.0097,-4.56131,16.3239,67.359,0,0,0,0,0,0,0.302106,4.5562,0.936967,0.653525,-0.64768,5.79303
3777,1.8885,4,2,4,0,0,0,0,0,0,18.0583,31.667,-11.8173,-4.63086,16.1522,67.5319,0,0,0,0,0,0,0.283697,4.55494,0.947712,0.65979,-0.659469,5.79743
3778,1.889,4,2,4,0,0,0,0,0,0,17.9397,31.7868,-11.6291,-4.6956,15.9836,67.7068,0,0,0,0,0,0,0.267378,4.5519,0.964384,0.655216,-0.67274,5.80245
3779,1.8895,4,2,4,0,0,0,0,0,0,17.8166,31.9044,-11.4411,-4.76023,15.8164,67.8767,0,0,0,0,0,0,0.253402,4.54943,0.978448,0.653457,-0.684226,5.81268
3780,1.89,4,2,4,0,0,0,0,0,0,17.6906,32.0218,-11.2501,-4.8276,15.648,68.0444,0,0,0,0,0,0,0.232759,4.54443,0.992208,0.650797,-0.693248,5.8093
3781,1.8905,4,2,4,0,0,0,0,0,0,17.5542,32.1374,-11.0504,-4.90511,15.4765,68.1968,0,0,0,0,0,0,0.216251,4.54596,1.00661,0.651894,-0.705121,5.81157
3782,1.891,4,2,4,0,0,0,0,0,0,17.414,32.2536,-10.8444,-4.98636,15.2989,68.3448,0,0,0,0,0,0,0.200765,4.55011,1.01952,0.656863,-0.716848,5.81666
3783,1.8915,4,2,4,0,0,0,0,0,0,17.2782,32.3726,-10.6391,-5.06025,15.1155,68.4986,0,0,0,0,0,0,0.184981,4.55464,1.03034,0.664753,-0.727744,5.82372
3784,1.892,4,2,4,0,0,0,0,0,0,17.1583,32.4992,-10.4391,-5.12116,14.9264,68.675,0,0,0,0,0,0,0.180262,4.56406,1.03859,0.676324,-0.740963,5.84347
3785,1.8925,4,2,4,0,0,0,0,0,0,17.0496,32.628,-10.2462,-5.17262,14.7376,68.868,0,0,0,0,0,0,0.17912,4.57234,1.04744,0.686101,-0.756201,5.86247
3786,1.893,4,2,4,0,0,0,0,0,0,16.9547,32.7606,-10.0641,-5.20905,14.5506,69.081,0,0,0,0,0,0,0.173891,4.57358,1.05158,0.697746,-0.766791,5.87715
3787,1.8935,4,2,4,0,0,0,0,0,0,16.8591,32.8894,-9.88675,-5.24213,14.3672,69.2892,0,0,0,0,0,0,0.163636,4.57521,1.06155,0.704355,-0.779486,5.89502
3788,1.894,4,2,4,0,0,0,0,0,0,16.7476,33.0107,-9.70339,-5.28771,14.1866,69.4683,0,0,0,0,0,0,0.158337,4.58114,1.06856,0.716336,-0.791541,5.92108
3789,1.8945,4,2,4,0,0,0,0,0,0,16.6208,33.1248,-9.51063,-5.34888,14.0056,69.6231,0,0,0,0,0,0,0.152543,4.58474,1.07386,0.729324,-0.802553,5.93731
3790,1.895,4,2,4,0,0,0,0,0,0,16.4794,33.2295,-9.30839,-5.42461,13.8231,69.7544,0,0,0,0,0,0,0.140612,4.58934,1.08314,0.735418,-0.812051,5.94481
3791,1.8955,4,2,4,0,0,0,0,0,0,16.3358,33.3288,-9.10355,-5.50244,13.6378,69.881,0,0,0,0,0,0,0.128416,4.58714,1.08942,0.744483,-0.820414,5.95283
3792,1.896,4,2,4,0,0,0,0,0,0,16.1992,33.4245,-8.90129,-5.57482,13.4503,70.0164,0,0,0,0,0,0,0.0949348,4.583,1.1079,0.741698,-0.828876,5.93614
3793,1.8965,4,2,4,0,0,0,0,0,0,16.0745,33.5193,-8.70525,-5.63462,13.2586,70.1709,0,0,0,0,0,0,0.0745176,4.58194,1.12493,0.740417,-0.840309,5.93812
3794,1.897,4,2,4,0,0,0,0,0,0,15.9473,33.6128,-8.51444,-5.6857,13.0683,70.3239,0,0,0,0,0,0,0.0560511,4.57,1.13876,0.737973,-0.851477,5.94017
3795,1.8975,4,2,4,0,0,0,0,0,0,15.8113,33.7029,-8.3274,-5.73272,12.8824,70.4635,0,0,0,0,0,0,0.0268689,4.55054,1.153,0.733047,-0.86046,5.92354
3796,1.898,4,2,4,0,0,0,0,0,0,15.6632,33.787,-8.1395,-5.78426,12.7003,70.5846,0,0,0,0,0,0,0.0049313,4.53862,1.16578,0.734828,-0.872791,5.91665
3797,1.8985,4,2,4,0,0,0,0,0,0,15.4993,33.8648,-7.94361,-5.85215,12.5205,70.6789,0,0,0,0,0,0,-0.0195916,4.52979,1.17885,0.737476,-0.883943,5.91069
3798,1.899,4,2,4,0,0,0,0,0,0,15.3252,33.9366,-7.73922,-5.93618,12.3401,70.7563,0,0,0,0,0,0,-0.057211,4.51782,1.19806,0.730506,-0.891667,5.88034
3799,1.8995,4,2,4,0,0,0,0,0,0,15.1524,34.0057,-7.5328,-6.02395,12.1576,70.8373,0,0,0,0,0,0,-0.0766213,4.51067,1.21462,0.726965,-0.90291,5.87549
3800,1.9,4,2,4,0,0,0,0,0,0,14.9925,34.0804,-7.33103,-6.10282,11.9725,70.939,0,0,0,0,0,0,-0.0943749,4.50537,1.23032,0.72326,-0.913196,5.87085
3801,1.9005,4,2,4,0,0,0,0,0,0,14.8399,34.1622,-7.13442,-6.17417,11.7877,71.0492,0,0,0,0,0,0,-0.122101,4.50491,1.2498,0.719486,-0.923711,5.86081
3802,1.901,4,2,4,0,0,0,0,0,0,14.6986,34.2565,-6.94654,-6.22964,11.6035,71.178,0,0,0,0,0,0,-0.138809,4.51085,1.26338,0.723582,-0.93559,5.87056
3803,1.9015,4,2,4,0,0,0,0,0,0,14.5643,34.3622,-6.76601,-6.27222,11.4207,71.3176,0,0,0,0,0,0,-0.151186,4.52535,1.27267,0.736009,-0.94762,5.89447
3804,1.902,4,2,4,0,0,0,0,0,0,14.4422,34.4851,-6.59257,-6.30037,11.2375,71.4811,0,0,0,0,0,0,-0.153469,4.5385,1.27668,0.751845,-0.959422,5.92229
3805,1.9025,4,2,4,0,0,0,0,0,0,14.3372,34.6261,-6.42067,-6.32045,11.0488,71.6754,0,0,0,0,0,0,-0.136386,4.56576,1.27565,0.780217,-0.974178,5.97945
3806,1.903,4,2,4,0,0,0,0,0,0,14.2361,34.7666,-6.24409,-6.34362,10.8543,71.8745,0,0,0,0,0,0,-0.122664,4.59543,1.27811,0.808855,-0.99086,6.03179
3807,1.9035,4,2,4,0,0,0,0,0,0,14.131,34.8993,-6.06162,-6.37345,10.6563,72.0626,0,0,0,0,0,0,-0.116054,4.6183,1.28418,0.830274,-1.00656,6.06908
3808,1.904,4,2,4,0,0,0,0,0,0,14.0182,35.0204,-5.87374,-6.40851,10.4549,72.234,0,0,0,0,0,0,-0.112309,4.6297,1.28956,0.847192,-1.02059,6.09471
3809,1.9045,4,2,4,0,0,0,0,0,0,13.8989,35.1281,-5.68422,-6.44434,10.2513,72.3873,0,0,0,0,0,0,-0.119414,4.62506,1.29572,0.856174,-1.03059,6.09933
3810,1.905,4,2,4,0,0,0,0,0,0,13.7733,35.2256,-5.49667,-6.47936,10.0494,72.5246,0,0,0,0,0,0,-0.131269,4.61773,1.30312,0.861966,-1.03981,6.10129
3811,1.9055,4,2,4,0,0,0,0,0,0,13.6329,35.3082,-5.30945,-6.51934,9.85234,72.6344,0,0,0,0,0,0,-0.149287,4.60207,1.31434,0.859095,-1.0485,6.08882
3812,1.906,4,2,4,0,0,0,0,0,0,13.4768,35.3741,-5.11998,-6.56914,9.66044,72.7199,0,0,0,0,0,0,-0.182347,4.57089,1.32891,0.846584,-1.05416,6.04868
3813,1.9065,4,2,4,0,0,0,0,0,0,13.306,35.4309,-4.92385,-6.63262,9.47118,72.7842,0,0,0,0,0,0,-0.218781,4.54095,1.34522,0.832002,-1.05825,6.00614
3814,1.907,4,2,4,0,0,0,0,0,0,13.1261,35.4845,-4.71851,-6.70929,9.2795,72.8366,0,0,0,0,0,0,-0.252433,4.52121,1.36128,0.824662,-1.06347,5.9783
3815,1.9075,4,2,4,0,0,0,0,0,0,12.9504,35.5467,-4.51488,-6.7806,9.08589,72.9028,0,0,0,0,0,0,-0.279832,4.50404,1.37513,0.824385,-1.07227,5.9626
3816,1.908,4,2,4,0,0,0,0,0,0,12.7835,35.6198,-4.31909,-6.83748,8.89157,72.9906,0,0,0,0,0,0,-0.297259,4.49489,1.38546,0.830376,-1.08331,5.9632
3817,1.9085,4,2,4,0,0,0,0,0,0,12.6273,35.6986,-4.13436,-6.8764,8.69794,73.0991,0,0,0,0,0,0,-0.309785,4.48955,1.39053,0.843883,-1.09294,5.9746
3818,1.909,4,2,4,0,0,0,0,0,0,12.4788,35.7803,-3.96014,-6.90166,8.50759,73.2216,0,0,0,0,0,0,-0.323351,4.48788,1.40171,0.849877,-1.10529,5.98731
3819,1.9095,4,2,4,0,0,0,0,0,0,12.3233,35.8513,-3.78672,-6.9314,8.32158,73.3312,0,0,0,0,0,0,-0.339677,4.48512,1.41707,0.849093,-1.11867,5.99245
3820,1.91,4,2,4,0,0,0,0,0,0,12.156,35.9113,-3.6069,-6.97629,8.1383,73.4165,0,0,0,0,0,0,-0.364435,4.48329,1.4334,0.850023,-1.12963,5.9951
3821,1.9105,4,2,4,0,0,0,0,0,0,11.9741,35.9568,-3.41743,-7.03742,7.95469,73.4705,0,0,0,0,0,0,-0.401297,4.47262,1.45362,0.845644,-1.1395,5.97912
3822,1.911,4,2,4,0,0,0,0,0,0,11.7897,36.0021,-3.22328,-7.1033,7.76878,73.5138,0,0,0,0,0,0,-0.427,4.46923,1.46627,0.851074,-1.14715,5.97108
3823,1.9115,4,2,4,0,0,0,0,0,0,11.6192,36.0614,-3.03594,-7.15193,7.5796,73.5781,0,0,0,0,0,0,-0.443653,4.46918,1.47361,0.864679,-1.15589,5.97822
3824,1.912,4,2,4,0,0,0,0,0,0,11.4621,36.1285,-2.85699,-7.18366,7.3877,73.6612,0,0,0,0,0,0,-0.449703,4.47552,1.48258,0.879771,-1.17007,6.0042
3825,1.9125,4,2,4,0,0,0,0,0,0,11.3175,36.2034,-2.68789,-7.19834,7.19514,73.7666,0,0,0,0,0,0,-0.465496,4.48467,1.49557,0.891987,-1.1828,6.01717
3826,1.913,4,2,4,0,0,0,0,0,0,11.1755,36.2804,-2.52408,-7.20783,7.00575,73.8779,0,0,0,0,0,0,-0.474055,4.49656,1.50539,0.905991,-1.19527,6.03791
3827,1.9135,4,2,4,0,0,0,0,0,0,11.0269,36.3536,-2.35846,-7.22311,6.81859,73.9796,0,0,0,0,0,0,-0.481289,4.50041,1.51087,0.925799,-1.20786,6.0639
3828,1.914,4,2,4,0,0,0,0,0,0,10.8681,36.4206,-2.18298,-7.25518,6.62964,74.0639,0,0,0,0,0,0,-0.510797,4.49711,1.52727,0.928854,-1.2181,6.04949
3829,1.9145,4,2,4,0,0,0,0,0,0,10.7091,36.4908,-2.00247,-7.29151,6.43677,74.1514,0,0,0,0,0,0,-0.521079,4.50467,1.54094,0.93819,-1.23274,6.06573
3830,1.915,4,2,4,0,0,0,0,0,0,10.5566,36.5689,-1.8238,-7.32152,6.24126,74.2552,0,0,0,0,0,0,-0.532748,4.50926,1.54674,0.955706,-1.24261,6.07763
3831,1.9155,4,2,4,0,0,0,0,0,0,10.4077,36.6498,-1.65013,-7.3432,6.04656,74.3683,0,0,0,0,0,0,-0.545959,4.50969,1.55523,0.96687,-1.25323,6.0844
3832,1.916,4,2,4,0,0,0,0,0,0,10.2572,36.728,-1.47819,-7.36303,5.85347,74.4782,0,0,0,0,0,0,-0.552988,4.51081,1.56086,0.981162,-1.26411,6.10234
3833,1.9165,4,2,4,0,0,0,0,0,0,10.1021,36.8028,-1.30592,-7.38572,5.66301,74.5782,0,0,0,0,0,0,-0.572484,4.50147,1.57104,0.982921,-1.27161,6.094
3834,1.917,4,2,4,0,0,0,0,0,0,9.93466,36.8669,-1.12882,-7.41575,5.47442,74.6524,0,0,0,0,0,0,-0.595427,4.48659,1.58549,0.978278,-1.28088,6.08235
3835,1.9175,4,2,4,0,0,0,0,0,0,9.75425,36.918,-0.943732,-7.45598,5.28457,74.6969,0,0,0,0,0,0,-0.612615,4.47236,1.59702,0.974342,-1.28863,6.06922
3836,1.918,4,2,4,0,0,0,0,0,0,9.57114,36.9613,-0.755384,-7.49714,5.09121,74.7308,0,0,0,0,0,0,-0.638099,4.45382,1.60794,0.968727,-1.29302,6.03537
3837,1.9185,4,2,4,0,0,0,0,0,0,9.38983,37.0022,-0.566469,-7.53529,4.89441,74.7638,0,0,0,0,0,0,-0.662322,4.44253,1.61995,0.967558,-1.29919,6.01658
3838,1.919,4,2,4,0,0,0,0,0,0,9.21656,37.0495,-0.383331,-7.56194,4.69663,74.813,0,0,0,0,0,0,-0.684043,4.43783,1.6308,0.974713,-1.30776,6.01372
3839,1.9195,4,2,4,0,0,0,0,0,0,9.0485,37.1005,-0.205163,-7.58181,4.50038,74.875,0,0,0,0,0,0,-0.702718,4.43466,1.64264,0.985214,-1.31975,6.01801
3840,1.92,4,2,4,0,0,0,0,0,0,8.88398,37.1564,-0.0294417,-7.59961,4.30559,74.9463,0,0,0,0,0,0,-0.722783,4.41971,1.65236,0.995888,-1.32969,6.01402
3841,1.9205,4,2,4,0,0,0,0,0,0,8.71416,37.2083,0.146696,-7.62315,4.11417,75.0072,0,0,0,0,0,0,-0.748068,4.40655,1.66684,0.998594,-1.33934,6.00586
3842,1.921,4,2,4,0,0,0,0,0,0,8.5399,37.2542,0.319445,-7.64879,3.92809,75.059,0,0,0,0,0,0,-0.758669,4.40815,1.68055,1.00832,-1.35384,6.02812
3843,1.9215,4,2,4,0,0,0,0,0,0,8.35902,37.2926,0.487792,-7.67536,3.7484,75.0966,0,0,0,0,0,0,-0.767665,4.40901,1.69071,1.01931,-1.36597,6.04232
3844,1.922,4,2,4,0,0,0,0,0,0,8.17272,37.33,0.653498,-7.70406,3.57374,75.1276,0,0,0,0,0,0,-0.784953,4.40788,1.70229,1.02467,-1.3748,6.03913
3845,1.9225,4,2,4,0,0,0,0,0,0,7.98792,37.3708,0.816526,-7.73035,3.40015,75.1667,0,0,0,0,0,0,-0.804656,4.40363,1.71142,1.03133,-1.38182,6.03086
3846,1.923,4,2,4,0,0,0,0,0,0,7.80916,37.4145,0.976272,-7.75121,3.2263,75.2198,0,0,0,0,0,0,-0.824125,4.39748,1.71811,1.03929,-1.38653,6.02076
3847,1.9235,4,2,4,0,0,0,0,0,0,7.63566,37.463,1.1377,-7.7673,3.04825,75.2807,0,0,0,0,0,0,-0.848182,4.39412,1.73303,1.04474,-1.39717,6.02343
3848,1.924,4,2,4,0,0,0,0,0,0,7.46612,37.5106,1.30276,-7.7809,2.86359,75.3422,0,0,0,0,0,0,-0.861125,4.39738,1.74361,1.0586,-1.40883,6.04986
3849,1.9245,4,2,4,0,0,0,0,0,0,7.29805,37.5557,1.46897,-7.78982,2.67494,75.3995,0,0,0,0,0,0,-0.875983,4.3946,1.75329,1.07024,-1.41842,6.06752
3850,1.925,4,2,4,0,0,0,0,0,0,7.12301,37.5976,1.63641,-7.79695,2.48642,75.4441,0,0,0,0,0,0,-0.895197,4.39343,1.76453,1.07959,-1.42702,6.07621
3851,1.9255,4,2,4,0,0,0,0,0,0,6.93953,37.6369,1.80298,-7.80649,2.30202,75.4739,0,0,0,0,0,0,-0.910774,4.39218,1.77401,1.08934,-1.43591,6.07996
3852,1.926,4,2,4,0,0,0,0,0,0,6.7507,37.6707,1.96947,-7.82082,2.12029,75.4965,0,0,0,0,0,0,-0.933319,4.3818,1.78459,1.0976,-1.44528,6.06888
3853,1.9265,4,2,4,0,0,0,0,0,0,6.56452,37.7048,2.13626,-7.83728,1.93863,75.5261,0,0,0,0,0,0,-0.953205,4.36834,1.79323,1.10495,-1.45267,6.05398
3854,1.927,4,2,4,0,0,0,0,0,0,6.38378,37.7402,2.30242,-7.85277,1.75614,75.5647,0,0,0,0,0,0,-0.964932,4.35969,1.80728,1.10992,-1.46682,6.05645
3855,1.9275,4,2,4,0,0,0,0,0,0,6.20846,37.7746,2.46607,-7.86498,1.57274,75.612,0,0,0,0,0,0,-0.984787,4.34661,1.82166,1.11468,-1.479,6.04755
3856,1.928,4,2,4,0,0,0,0,0,0,6.03015,37.8081,2.6279,-7.8766,1.39161,75.6568,0,0,0,0,0,0,-1.00456,4.33425,1.83303,1.11967,-1.4874,6.03657
3857,1.9285,4,2,4,0,0,0,0,0,0,5.83924,37.8353,2.78779,-7.89213,1.21749,75.6831,0,0,0,0,0,0,-1.01593,4.32989,1.84061,1.13042,-1.49657,6.03913
3858,1.929,4,2,4,0,0,0,0,0,0,5.63974,37.864,2.94736,-7.90802,1.04723,75.6981,0,0,0,0,0,0,-1.03352,4.31842,1.8464,1.13774,-1.50129,6.02385
3859,1.9295,4,2,4,0,0,0,0,0,0,5.43532,37.8899,3.1095,-7.92555,0.876658,75.6985,0,0,0,0,0,0,-1.05372,4.31067,1.8556,1.14162,-1.5071,6.01872
3860,1.93,4,2,4,0,0,0,0,0,0,5.23535,37.9124,3.27581,-7.94225,0.699455,75.698,0,0,0,0,0,0,-1.07812,4.30454,1.86975,1.14181,-1.5155,6.0189
3861,1.9305,4,2,4,0,0,0,0,0,0,5.04852,37.9366,3.44146,-7.94996,0.51555,75.7123,0,0,0,0,0,0,-1.09728,4.29504,1.88198,1.14611,-1.52505,6.02101
3862,1.931,4,2,4,0,0,0,0,0,0,4.8723,37.9609,3.60367,-7.94969,0.328533,75.7415,0,0,0,0,0,0,-1.12111,4.28533,1.895,1.15381,-1.53417,6.01704
3863,1.9315,4,2,4,0,0,0,0,0,0,4.6948,37.9809,3.76248,-7.94852,0.14504,75.7693,0,0,0,0,0,0,-1.14005,4.2832,1.90457,1.16726,-1.54237,6.0214
3864,1.932,4,2,4,0,0,0,0,0,0,4.51005,38,3.9188,-7.94911,-0.032149,75.7888,0,0,0,0,0,0,-1.15815,4.28147,1.91289,1.18248,-1.55029,6.02646
3865,1.9325,4,2,4,0,0,0,0,0,0,4.31545,38.0168,4.07614,-7.95478,-0.204595,75.7915,0,0,0,0,0,0,-1.17303,4.27465,1.92005,1.19188,-1.5572,6.02024
3866,1.933,4,2,4,0,0,0,0,0,0,4.11009,38.0305,4.236,-7.96805,-0.372688,75.7768,0,0,0,0,0,0,-1.19186,4.26635,1.92967,1.19725,-1.56398,6.00865
3867,1.9335,4,2,4,0,0,0,0,0,0,3.90747,38.045,4.39707,-7.98158,-0.542843,75.7692,0,0,0,0,0,0,-1.21197,4.25855,1.94298,1.20525,-1.57424,6.00864
3868,1.934,4,2,4,0,0,0,0,0,0,3.71323,38.0644,4.55358,-7.9866,-0.713548,75.7811,0,0,0,0,0,0,-1.23158,4.25429,1.95932,1.21107,-1.58701,6.00898
3869,1.9345,4,2,4,0,0,0,0,0,0,3.52389,38.0851,4.7043,-7.98472,-0.882542,75.8078,0,0,0,0,0,0,-1.24168,4.25105,1.97335,1.21926,-1.6018,6.0189
3870,1.935,4,2,4,0,0,0,0,0,0,3.33299,38.0996,4.85222,-7.98238,-1.04953,75.8297,0,0,0,0,0,0,-1.25914,4.2432,1.98294,1.2285,-1.60932,6.01981
3871,1.9355,4,2,4,0,0,0,0,0,0,3.14253,38.1134,5.0019,-7.97894,-1.21915,75.8431,0,0,0,0,0,0,-1.27979,4.23788,1.98992,1.24043,-1.61385,6.02071
3872,1.936,4,2,4,0,0,0,0,0,0,2.94565,38.1239,5.15534,-7.97803,-1.38938,75.8369,0,0,0,0,0,0,-1.30636,4.23488,1.99997,1.25206,-1.61888,6.02032
3873,1.9365,4,2,4,0,0,0,0,0,0,2.73959,38.1274,5.31299,-7.98471,-1.55832,75.8096,0,0,0,0,0,0,-1.33458,4.22731,2.01151,1.25645,-1.62328,6.00684
3874,1.937,4,2,4,0,0,0,0,0,0,2.53646,38.1327,5.47261,-7.99116,-1.72932,75.7883,0,0,0,0,0,0,-1.35804,4.21094,2.02452,1.25935,-1.6319,5.99684
3875,1.9375,4,2,4,0,0,0,0,0,0,2.34076,38.1439,5.62879,-7.991,-1.90098,75.786,0,0,0,0,0,0,-1.37069,4.20136,2.03887,1.26673,-1.64622,6.00393
3876,1.938,4,2,4,0,0,0,0,0,0,2.14776,38.1554,5.78045,-7.98437,-2.07074,75.7914,0,0,0,0,0,0,-1.38674,4.19186,2.05265,1.27514,-1.65833,6.0048
3877,1.9385,4,2,4,0,0,0,0,0,0,1.95691,38.1612,5.92872,-7.97462,-2.23939,75.7969,0,0,0,0,0,0,-1.41028,4.17157,2.06395,1.27721,-1.66451,5.97735
3878,1.939,4,2,4,0,0,0,0,0,0,1.7626,38.1617,6.07606,-7.96622,-2.40616,75.7929,0,0,0,0,0,0,-1.43031,4.16242,2.07319,1.28634,-1.67037,5.96711
3879,1.9395,4,2,4,0,0,0,0,0,0,1.55808,38.1589,6.22535,-7.96445,-2.56917,75.7717,0,0,0,0,0,0,-1.44922,4.15522,2.08371,1.29495,-1.67739,5.95768
3880,1.94,4,2,4,0,0,0,0,0,0,1.34756,38.1512,6.37524,-7.97037,-2.72862,75.74,0,0,0,0,0,0,-1.4673,4.15754,2.0957,1.30921,-1.68692,5.9671
3881,1.9405,4,2,4,0,0,0,0,0,0,1.13786,38.1456,6.52391,-7.9778,-2.88621,75.7108,0,0,0,0,0,0,-1.48717,4.1547,2.1089,1.32278,-1.6978,5.98079
3882,1.941,4,2,4,0,0,0,0,0,0,0.933285,38.1422,6.67234,-7.98234,-3.04605,75.6872,0,0,0,0,0,0,-1.50956,4.14704,2.12235,1.33274,-1.70755,5.9916
3883,1.9415,4,2,4,0,0,0,0,0,0,0.731169,38.1396,6.82081,-7.97947,-3.20823,75.665,0,0,0,0,0,0,-1.53968,4.12273,2.1378,1.33119,-1.71482,5.97117
3884,1.942,4,2,4,0,0,0,0,0,0,0.531854,38.1388,6.96689,-7.96802,-3.37074,75.6479,0,0,0,0,0,0,-1.56211,4.10896,2.14942,1.33688,-1.72184,5.96217
3885,1.9425,4,2,4,0,0,0,0,0,0,0.328366,38.134,7.11108,-7.95579,-3.53001,75.6246,0,0,0,0,0,0,-1.58032,4.10437,2.15986,1.34683,-1.72906,5.95912
3886,1.943,4,2,4,0,0,0,0,0,0,0.117309,38.1211,7.25374,-7.94704,-3.68347,75.5882,0,0,0,0,0,0,-1.59456,4.1021,2.16898,1.35561,-1.73644,5.95677
3887,1.9435,4,2,4,0,0,0,0,0,0,-0.0958195,38.1065,7.39777,-7.94206,-3.83603,75.5476,0,0,0,0,0,0,-1.61692,4.08894,2.17789,1.35772,-1.73939,5.93547
3888,1.944,4,2,4,0,0,0,0,0,0,-0.309212,38.0913,7.54085,-7.93671,-3.98711,75.504,0,0,0,0,0,0,-1.63244,4.07996,2.18673,1.36402,-1.74561,5.92967
3889,1.9445,4,2,4,0,0,0,0,0,0,-0.519748,38.0767,7.68377,-7.9304,-4.13935,75.4643,0,0,0,0,0,0,-1.64843,4.06842,2.19677,1.37287,-1.75307,5.92962
3890,1.945,4,2,4,0,0,0,0,0,0,-0.728575,38.0639,7.82583,-7.921,-4.29141,75.4277,0,0,0,0,0,0,-1.66556,4.05689,2.20813,1.38413,-1.76266,5.92749
3891,1.9455,4,2,4,0,0,0,0,0,0,-0.934352,38.0539,7.96693,-7.90771,-4.44488,75.3945,0,0,0,0,0,0,-1.68918,4.04946,2.22148,1.39641,-1.77144,5.93031
3892,1.946,4,2,4,0,0,0,0,0,0,-1.14094,38.0403,8.10453,-7.8917,-4.5961,75.3583,0,0,0,0,0,0,-1.71376,4.03692,2.23703,1.40185,-1.78085,5.92023
3893,1.9465,4,2,4,0,0,0,0,0,0,-1.35211,38.0194,8.24096,-7.87907,-4.74359,75.3117,0,0,0,0,0,0,-1.73657,4.02805,2.24938,1.41009,-1.78796,5.91214
3894,1.947,4,2,4,0,0,0,0,0,0,-1.56356,37.9987,8.37591,-7.86632,-4.88918,75.268,0,0,0,0,0,0,-1.75366,4.02907,2.26003,1.42416,-1.79562,5.92002
3895,1.9475,4,2,4,0,0,0,0,0,0,-1.77797,37.974,8.51103,-7.85555,-5.03325,75.2175,0,0,0,0,0,0,-1.77046,4.02965,2.26904,1.43635,-1.80174,5.92583
3896,1.948,4,2,4,0,0,0,0,0,0,-1.99365,37.9495,8.64732,-7.84607,-5.17679,75.1673,0,0,0,0,0,0,-1.79439,4.01957,2.2793,1.4458,-1.80763,5.92049
3897,1.9485,4,2,4,0,0,0,0,0,0,-2.20747,37.9256,8.78468,-7.83503,-5.32173,75.1209,0,0,0,0,0,0,-1.81571,4.01048,2.28955,1.45815,-1.8144,5.9243
3898,1.949,4,2,4,0,0,0,0,0,0,-2.41891,37.9103,8.92363,-7.81988,-5.46886,75.0825,0,0,0,0,0,0,-1.83356,3.99288,2.29996,1.46161,-1.82075,5.91526
3899,1.9495,4,2,4,0,0,0,0,0,0,-2.63171,37.8918,9.06125,-7.80243,-5.61462,75.0398,0,0,0,0,0,0,-1.85232,3.96968,2.30845,1.46107,-1.82356,5.89435
3900,1.95,4,2,4,0,0,0,0,0,0,-2.84701,37.8678,9.19808,-7.78449,-5.75926,74.9907,0,0,0,0,0,0,-1.87403,3.95148,2.32013,1.46038,-1.82873,5.87257
3901,1.9505,4,2,4,0,0,0,0,0,0,-3.06196,37.8368,9.33507,-7.76732,-5.90502,74.9336,0,0,0,0,0,0,-1.89755,3.94047,2.32944,1.46489,-1.83092,5.85737
3902,1.951,4,2,4,0,0,0,0,0,0,-3.27924,37.8008,9.47034,-7.75165,-6.04825,74.8659,0,0,0,0,0,0,-1.92128,3.93309,2.34202,1.47297,-1.83755,5.85334
3903,1.9515,4,2,4,0,0,0,0,0,0,-3.49868,37.7618,9.60321,-7.73895,-6.18804,74.7933,0,0,0,0,0,0,-1.93847,3.92994,2.35242,1.48956,-1.84661,5.85763
3904,1.952,4,2,4,0,0,0,0,0,0,-3.71522,37.7285,9.7345,-7.72318,-6.32757,74.7313,0,0,0,0,0,0,-1.95536,3.91972,2.36346,1.50299,-1.85558,5.8521
3905,1.9525,4,2,4,0,0,0,0,0,0,-3.93165,37.6979,9.86553,-7.70629,-6.4654,74.6762,0,0,0,0,0,0,-1.97557,3.90258,2.37389,1.50806,-1.86096,5.83354
3906,1.953,4,2,4,0,0,0,0,0,0,-4.14604,37.6709,9.99709,-7.68902,-6.60337,74.628,0,0,0,0,0,0,-1.99653,3.8839,2.38771,1.51313,-1.86964,5.81787
3907,1.9535,4,2,4,0,0,0,0,0,0,-4.36205,37.6396,10.1298,-7.67126,-6.74164,74.5766,0,0,0,0,0,0,-2.01622,3.8658,2.39847,1.51597,-1.87428,5.80414
3908,1.954,4,2,4,0,0,0,0,0,0,-4.58076,37.6004,10.2625,-7.65215,-6.87919,74.5132,0,0,0,0,0,0,-2.03894,3.85056,2.41363,1.52013,-1.88305,5.79847
3909,1.9545,4,2,4,0,0,0,0,0,0,-4.8045,37.5512,10.3947,-7.63555,-7.01423,74.4303,0,0,0,0,0,0,-2.06581,3.83583,2.42826,1.52658,-1.88981,5.7907
3910,1.955,4,2,4,0,0,0,0,0,0,-5.0296,37.499,10.5269,-7.62063,-7.14872,74.3403,0,0,0,0,0,0,-2.08743,3.8295,2.44056,1.53593,-1.89659,5.79243
3911,1.9555,4,2,4,0,0,0,0,0,0,-5.25094,37.4493,10.6579,-7.60468,-7.28396,74.2477,0,0,0,0,0,0,-2.11585,3.82057,2.45269,1.54726,-1.90126,5.78848
3912,1.956,4,2,4,0,0,0,0,0,0,-5.46567,37.4038,10.787,-7.58437,-7.42032,74.1602,0,0,0,0,0,0,-2.14105,3.81633,2.46593,1.56286,-1.9084,5.79796
3913,1.9565,4,2,4,0,0,0,0,0,0,-5.67517,37.3601,10.9145,-7.5607,-7.5571,74.083,0,0,0,0,0,0,-2.15803,3.80528,2.47502,1.57436,-1.91396,5.79091
3914,1.957,4,2,4,0,0,0,0,0,0,-5.88288,37.3176,11.0406,-7.53781,-7.69219,74.0152,0,0,0,0,0,0,-2.17734,3.80002,2.4895,1.58891,-1.92443,5.79241
3915,1.9575,4,2,4,0,0,0,0,0,0,-6.0983,37.2734,11.1664,-7.51686,-7.82241,73.9459,0,0,0,0,0,0,-2.19913,3.77735,2.5042,1.59306,-1.93267,5.7722
3916,1.958,4,2,4,0,0,0,0,0,0,-6.32242,37.2217,11.292,-7.50066,-7.9478,73.8664,0,0,0,0,0,0,-2.2192,3.75702,2.52029,1.59457,-1.94282,5.75192
3917,1.9585,4,2,4,0,0,0,0,0,0,-6.55459,37.1633,11.4146,-7.48916,-8.06579,73.7769,0,0,0,0,0,0,-2.23924,3.74006,2.53162,1.59569,-1.94801,5.7401
3918,1.959,4,2,4,0,0,0,0,0,0,-6.79174,37.1024,11.5353,-7.47865,-8.17945,73.6848,0,0,0,0,0,0,-2.26605,3.72658,2.53951,1.59875,-1.94707,5.72792
3919,1.9595,4,2,4,0,0,0,0,0,0,-7.0234,37.0481,11.654,-7.45997,-8.29421,73.6024,0,0,0,0,0,0,-2.28999,3.73286,2.54987,1.61887,-1.95132,5.75041
3920,1.96,4,2,4,0,0,0,0,0,0,-7.24723,36.9979,11.7718,-7.4337,-8.41219,73.5263,0,0,0,0,0,0,-2.31327,3.73097,2.55734,1.63341,-1.95207,5.76084
3921,1.9605,4,2,4,0,0,0,0,0,0,-7.4636,36.9488,11.8892,-7.40077,-8.53359,73.4527,0,0,0,0,0,0,-2.33206,3.72123,2.56732,1.6416,-1.95688,5.76059
3922,1.961,4,2,4,0,0,0,0,0,0,-7.67589,36.8984,12.0099,-7.36845,-8.65944,73.3719,0,0,0,0,0,0,-2.35097,3.70473,2.5795,1.6481,-1.96378,5.7435
3923,1.9615,4,2,4,0,0,0,0,0,0,-7.89152,36.8429,12.1321,-7.34097,-8.78416,73.2793,0,0,0,0,0,0,-2.36572,3.68162,2.59121,1.65197,-1.9719,5.715
3924,1.962,4,2,4,0,0,0,0,0,0,-8.11549,36.7786,12.2559,-7.31983,-8.90565,73.1702,0,0,0,0,0,0,-2.38597,3.65939,2.6075,1.65868,-1.98289,5.69116
3925,1.9625,4,2,4,0,0,0,0,0,0,-8.34712,36.7078,12.3787,-7.30411,-9.02232,73.0535,0,0,0,0,0,0,-2.40632,3.64021,2.62107,1.66929,-1.99089,5.67906
3926,1.963,4,2,4,0,0,0,0,0,0,-8.58067,36.6324,12.4968,-7.28997,-9.1333,72.9393,0,0,0,0,0,0,-2.41832,3.62662,2.62817,1.67483,-1.9949,5.6686
3927,1.9635,4,2,4,0,0,0,0,0,0,-8.81271,36.5566,12.6106,-7.2741,-9.24047,72.8326,0,0,0,0,0,0,-2.44001,3.61803,2.63908,1.68377,-1.99929,5.67355
3928,1.964,4,2,4,0,0,0,0,0,0,-9.04042,36.4876,12.7207,-7.25103,-9.3461,72.7427,0,0,0,0,0,0,-2.45854,3.60342,2.64793,1.68951,-2.00305,5.66218
3929,1.9645,4,2,4,0,0,0,0,0,0,-9.26546,36.4222,12.8305,-7.2234,-9.45303,72.6564,0,0,0,0,0,0,-2.48293,3.5838,2.65749,1.68787,-2.00422,5.63656
3930,1.965,4,2,4,0,0,0,0,0,0,-9.48882,36.3603,12.9421,-7.19105,-9.56259,72.5656,0,0,0,0,0,0,-2.50937,3.56765,2.6664,1.68986,-2.00366,5.62465
3931,1.9655,4,2,4,0,0,0,0,0,0,-9.71159,36.296,13.0577,-7.15996,-9.67594,72.4637,0,0,0,0,0,0,-2.53545,3.55369,2.67574,1.6958,-2.00358,5.61827
3932,1.966,4,2,4,0,0,0,0,0,0,-9.93553,36.2221,13.1765,-7.13425,-9.79112,72.3435,0,0,0,0,0,0,-2.55742,3.52908,2.68195,1.69798,-2.00083,5.59387
3933,1.9665,4,2,4,0,0,0,0,0,0,-10.1568,36.1474,13.2986,-7.10989,-9.91042,72.219,0,0,0,0,0,0,-2.57713,3.50663,2.69436,1.70022,-2.00661,5.57557
3934,1.967,4,2,4,0,0,0,0,0,0,-10.3756,36.0697,13.4216,-7.08542,-10.0322,72.0959,0,0,0,0,0,0,-2.59639,3.49495,2.71335,1.71196,-2.02069,5.57046
3935,1.9675,4,2,4,0,0,0,0,0,0,-10.5922,35.9891,13.541,-7.05703,-10.1515,71.9787,0,0,0,0,0,0,-2.61573,3.48596,2.73116,1.72762,-2.03419,5.56901
3936,1.968,4,2,4,0,0,0,0,0,0,-10.8144,35.9063,13.6545,-7.02794,-10.2623,71.8692,0,0,0,0,0,0,-2.63794,3.47159,2.7452,1.73961,-2.04183,5.55696
3937,1.9685,4,2,4,0,0,0,0,0,0,-11.0425,35.8267,13.7632,-6.99842,-10.3651,71.7661,0,0,0,0,0,0,-2.65743,3.45483,2.75461,1.74693,-2.04494,5.53814
3938,1.969,4,2,4,0,0,0,0,0,0,-11.2779,35.7424,13.8688,-6.97314,-10.4605,71.6555,0,0,0,0,0,0,-2.67667,3.44142,2.75998,1.75736,-2.04411,5.53195
3939,1.9695,4,2,4,0,0,0,0,0,0,-11.5173,35.6529,13.9748,-6.95493,-10.5534,71.5344,0,0,0,0,0,0,-2.70108,3.42649,2.76966,1.76515,-2.04462,5.52398
3940,1.97,4,2,4,0,0,0,0,0,0,-11.7549,35.5646,14.0819,-6.93778,-10.6472,71.4082,0,0,0,0,0,0,-2.72004,3.41142,2.78154,1.76333,-2.04927,5.51042
3941,1.9705,4,2,4,0,0,0,0,0,0,-11.9855,35.4798,14.1907,-6.9153,-10.7457,71.2832,0,0,0,0,0,0,-2.73635,3.39917,2.78948,1.76013,-2.05078,5.50202
3942,1.971,4,2,4,0,0,0,0,0,0,-12.2068,35.3939,14.2986,-6.88438,-10.8481,71.157,0,0,0,0,0,0,-2.76149,3.38954,2.80079,1.76939,-2.05361,5.50914
3943,1.9715,4,2,4,0,0,0,0,0,0,-12.4208,35.3075,14.4062,-6.8483,-10.9536,71.0302,0,0,0,0,0,0,-2.79038,3.37232,2.8122,1.77955,-2.0546,5.4997
3944,1.972,4,2,4,0,0,0,0,0,0,-12.6322,35.2177,14.5133,-6.81353,-11.0593,70.8984,0,0,0,0,0,0,-2.82432,3.35388,2.83144,1.80111,-2.06258,5.49305
3945,1.9725,4,2,4,0,0,0,0,0,0,-12.8498,35.1241,14.6211,-6.78377,-11.1624,70.7626,0,0,0,0,0,0,-2.8476,3.33298,2.84737,1.81626,-2.07099,5.47768
3946,1.973,4,2,4,0,0,0,0,0,0,-13.0772,35.0281,14.7302,-6.75772,-11.2617,70.6276,0,0,0,0,0,0,-2.86842,3.31301,2.86322,1.82384,-2.07958,5.45998
3947,1.9735,4,2,4,0,0,0,0,0,0,-13.3131,34.928,14.8379,-6.73538,-11.3546,70.4933,0,0,0,0,0,0,-2.88325,3.29046,2.87489,1.82326,-2.08647,5.43563
3948,1.974,4,2,4,0,0,0,0,0,0,-13.5533,34.8282,14.943,-6.71552,-11.4416,70.3673,0,0,0,0,0,0,-2.89459,3.27415,2.87948,1.82444,-2.08728,5.41551
3949,1.9745,4,2,4,0,0,0,0,0,0,-13.7911,34.7334,15.0448,-6.69356,-11.5261,70.2559,0,0,0,0,0,0,-2.91308,3.26049,2.88478,1.83138,-2.08479,5.40665
3950,1.975,4,2,4,0,0,0,0,0,0,-14.0249,34.64,15.1441,-6.66478,-11.6103,70.146,0,0,0,0,0,0,-2.93762,3.25094,2.8944,1.84298,-2.08465,5.41124
3951,1.9755,4,2,4,0,0,0,0,0,0,-14.2531,34.5432,15.241,-6.63497,-11.6945,70.028,0,0,0,0,0,0,-2.9625,3.23672,2.9038,1.84707,-2.08401,5.4
3952,1.976,4,2,4,0,0,0,0,0,0,-14.4748,34.4447,15.3392,-6.60456,-11.7827,69.9005,0,0,0,0,0,0,-2.98661,3.22231,2.91142,1.84929,-2.08216,5.38823
3953,1.9765,4,2,4,0,0,0,0,0,0,-14.6924,34.3405,15.4392,-6.57544,-11.8735,69.754,0,0,0,0,0,0,-3.01132,3.21008,2.9232,1.85786,-2.08443,5.38672
3954,1.977,4,2,4,0,0,0,0,0,0,-14.9103,34.2341,15.5428,-6.54881,-11.967,69.5953,0,0,0,0,0,0,-3.03097,3.19475,2.93605,1.86676,-2.09044,5.37923
3955,1.9775,4,2,4,0,0,0,0,0,0,-15.1309,34.1232,15.6476,-6.52359,-12.0601,69.4304,0,0,0,0,0,0,-3.04967,3.17172,2.94846,1.87374,-2.09613,5.35998
3956,1.978,4,2,4,0,0,0,0,0,0,-15.3542,34.0128,15.751,-6.49883,-12.1504,69.2718,0,0,0,0,0,0,-3.06395,3.14508,2.95686,1.88158,-2.0991,5.33468
3957,1.9785,4,2,4,0,0,0,0,0,0,-15.5811,33.9039,15.8522,-6.47145,-12.237,69.1266,0,0,0,0,0,0,-3.08091,3.11318,2.9683,1.87964,-2.10388,5.29743
3958,1.979,4,2,4,0,0,0,0,0,0,-15.814,33.7964,15.9476,-6.43795,-12.3151,68.9939,0,0,0,0,0,0,-3.09697,3.08463,2.98064,1.87588,-2.11002,5.26576
3959,1.9795,4,2,4,0,0,0,0,0,0,-16.0492,33.6879,16.0397,-6.40194,-12.3883,68.869,0,0,0,0,0,0,-3.11411,3.06912,2.98974,1.88775,-2.11295,5.26087
3960,1.98,4,2,4,0,0,0,0,0,0,-16.284,33.5788,16.133,-6.37119,-12.4632,68.7457,0,0,0,0,0,0,-3.13876,3.06057,2.99877,1.90712,-2.1123,5.27198
3961,1.9805,4,2,4,0,0,0,0,0,0,-16.516,33.4653,16.2276,-6.34621,-12.5402,68.6123,0,0,0,0,0,0,-3.16873,3.04382,3.00873,1.9142,-2.10958,5.26934
3962,1.981,4,2,4,0,0,0,0,0,0,-16.7439,33.3479,16.3229,-6.32429,-12.6193,68.4659,0,0,0,0,0,0,-3.19559,3.01669,3.01928,1.91514,-2.10837,5.24537
3963,1.9815,4,2,4,0,0,0,0,0,0,-16.9663,33.2272,16.4181,-6.3017,-12.7004,68.3066,0,0,0,0,0,0,-3.22113,2.99376,3.03041,1.91702,-2.10891,5.22572
3964,1.982,4,2,4,0,0,0,0,0,0,-17.1828,33.1012,16.513,-6.278,-12.7836,68.1336,0,0,0,0,0,0,-3.24616,2.97677,3.0494,1.92827,-2.11843,5.21706
3965,1.9825,4,2,4,0,0,0,0,0,0,-17.396,32.9766,16.6083,-6.25011,-12.8681,67.9642,0,0,0,0,0,0,-3.26525,2.96671,3.06452,1.93925,-2.1273,5.2152
3966,1.983,4,2,4,0,0,0,0,0,0,-17.6089,32.8526,16.7032,-6.22018,-12.9517,67.7998,0,0,0,0,0,0,-3.27915,2.94957,3.06895,1.94489,-2.12667,5.20062
3967,1.9835,4,2,4,0,0,0,0,0,0,-17.8242,32.7295,16.7987,-6.18842,-13.0344,67.643,0,0,0,0,0,0,-3.29317,2.9338,3.07387,1.9478,-2.12582,5.18306
3968,1.984,4,2,4,0,0,0,0,0,0,-18.0474,32.6035,16.8934,-6.15628,-13.112,67.4893,0,0,0,0,0,0,-3.31294,2.9119,3.08418,1.95035,-2.12744,5.15673
3969,1.9845,4,2,4,0,0,0,0,0,0,-18.2787,32.4821,16.9882,-6.12675,-13.1851,67.3471,0,0,0,0,0,0,-3.33935,2.89352,3.10112,1.9593,-2.13334,5.14063
3970,1.985,4,2,4,0,0,0,0,0,0,-18.514,32.3572,17.0806,-6.10381,-13.2535,67.2008,0,0,0,0,0,0,-3.36076,2.87609,3.111,1.96573,-2.13374,5.12859
3971,1.9855,4,2,4,0,0,0,0,0,0,-18.7486,32.2292,17.1703,-6.08481,-13.319,67.0467,0,0,0,0,0,0,-3.38446,2.85599,3.12141,1.97068,-2.13306,5.12142
3972,1.986,4,2,4,0,0,0,0,0,0,-18.9791,32.1015,17.2599,-6.06356,-13.3863,66.8921,0,0,0,0,0,0,-3.40614,2.83505,3.12861,1.97423,-2.12976,5.11515
3973,1.9865,4,2,4,0,0,0,0,0,0,-19.2023,31.9753,17.3483,-6.03708,-13.455,66.7369,0,0,0,0,0,0,-3.42919,2.81526,3.13858,1.9762,-2.1298,5.10647
3974,1.987,4,2,4,0,0,0,0,0,0,-19.4178,31.8449,17.434,-6.00762,-13.5243,66.5688,0,0,0,0,0,0,-3.44961,2.7985,3.1517,1.98491,-2.13473,5.10364
3975,1.9875,4,2,4,0,0,0,0,0,0,-19.6297,31.7116,17.5196,-5.97817,-13.595,66.3944,0,0,0,0,0,0,-3.46617,2.77988,3.16529,1.99477,-2.14215,5.08906
3976,1.988,4,2,4,0,0,0,0,0,0,-19.8417,31.5721,17.607,-5.95087,-13.667,66.2149,0,0,0,0,0,0,-3.48374,2.76344,3.17646,2.00942,-2.14542,5.07202
3977,1.9885,4,2,4,0,0,0,0,0,0,-20.054,31.4285,17.6957,-5.92667,-13.7401,66.0346,0,0,0,0,0,0,-3.50703,2.73662,3.18817,2.01743,-2.14669,5.04231
3978,1.989,4,2,4,0,0,0,0,0,0,-20.2707,31.2857,17.7851,-5.90311,-13.8122,65.8633,0,0,0,0,0,0,-3.53047,2.70946,3.19997,2.01899,-2.14795,5.01303
3979,1.9895,4,2,4,0,0,0,0,0,0,-20.4949,31.1471,17.8741,-5.87586,-13.8801,65.7079,0,0,0,0,0,0,-3.55275,2.68182,3.2101,2.02384,-2.14863,4.99319
3980,1.99,4,2,4,0,0,0,0,0,0,-20.7229,31.0063,17.9623,-5.84639,-13.944,65.5493,0,0,0,0,0,0,-3.57205,2.65677,3.21925,2.02504,-2.14975,4.97706
3981,1.9905,4,2,4,0,0,0,0,0,0,-20.9511,30.8641,18.0482,-5.81949,-14.0048,65.3885,0,0,0,0,0,0,-3.5931,2.6427,3.22957,2.03384,-2.15092,4.97913
3982,1.991,4,2,4,0,0,0,0,0,0,-21.1785,30.7256,18.1299,-5.79402,-14.0615,65.2321,0,0,0,0,0,0,-3.6063,2.63075,3.23579,2.04413,-2.15005,4.97752
3983,1.9915,4,2,4,0,0,0,0,0,0,-21.4048,30.584,18.2059,-5.76927,-14.1126,65.0685,0,0,0,0,0,0,-3.62939,2.61209,3.24696,2.04707,-2.15035,4.9677
3984,1.992,4,2,4,0,0,0,0,0,0,-21.626,30.4375,18.2774,-5.74684,-14.1609,64.8942,0,0,0,0,0,0,-3.6451,2.58793,3.25149,2.041,-2.14698,4.93761
3985,1.9925,4,2,4,0,0,0,0,0,0,-21.841,30.2863,18.35,-5.72562,-14.2126,64.7109,0,0,0,0,0,0,-3.66113,2.56411,3.25632,2.04001,-2.14447,4.91393
3986,1.993,4,2,4,0,0,0,0,0,0,-22.0538,30.1317,18.4296,-5.70272,-14.2716,64.5222,0,0,0,0,0,0,-3.68374,2.53571,3.26676,2.04289,-2.14451,4.88807
3987,1.9935,4,2,4,0,0,0,0,0,0,-22.2641,29.9753,18.5158,-5.67726,-14.3381,64.3313,0,0,0,0,0,0,-3.71271,2.5099,3.28094,2.05196,-2.14563,4.87217
3988,1.994,4,2,4,0,0,0,0,0,0,-22.4746,29.8206,18.6053,-5.64624,-14.408,64.1411,0,0,0,0,0,0,-3.73789,2.48975,3.29692,2.06381,-2.15036,4.86607
3989,1.9945,4,2,4,0,0,0,0,0,0,-22.6874,29.6682,18.6906,-5.61499,-14.4724,63.9562,0,0,0,0,0,0,-3.76507,2.4699,3.31132,2.07737,-2.15228,4.86447
3990,1.995,4,2,4,0,0,0,0,0,0,-22.904,29.5197,18.7738,-5.58289,-14.5326,63.7882,0,0,0,0,0,0,-3.78229,2.45647,3.32413,2.08805,-2.15721,4.86267
3991,1.9955,4,2,4,0,0,0,0,0,0,-23.1223,29.3709,18.8543,-5.55351,-14.5888,63.6275,0,0,0,0,0,0,-3.79045,2.44104,3.32947,2.0988,-2.15801,4.85652
3992,1.996,4,2,4,0,0,0,0,0,0,-23.3406,29.219,18.9303,-5.53121,-14.6399,63.4619,0,0,0,0,0,0,-3.798,2.41653,3.33077,2.10307,-2.15431,4.82753
3993,1.9965,4,2,4,0,0,0,0,0,0,-23.5609,29.0646,19.0013,-5.51758,-14.6846,63.2948,0,0,0,0,0,0,-3.80817,2.39104,3.33483,2.10322,-2.15199,4.78984
3994,1.997,4,2,4,0,0,0,0,0,0,-23.7826,28.9078,19.0696,-5.50719,-14.7246,63.125,0,0,0,0,0,0,-3.82591,2.35609,3.3374,2.09157,-2.14561,4.74695
3995,1.9975,4,2,4,0,0,0,0,0,0,-24.0023,28.748,19.1377,-5.49431,-14.7649,62.9479,0,0,0,0,0,0,-3.84538,2.30918,3.34029,2.06908,-2.13952,4.69043
3996,1.998,4,2,4,0,0,0,0,0,0,-24.2199,28.587,19.2104,-5.47307,-14.8107,62.7666,0,0,0,0,0,0,-3.88111,2.26745,3.35447,2.05943,-2.13748,4.65792
3997,1.9985,4,2,4,0,0,0,0,0,0,-24.4342,28.4292,19.2892,-5.43991,-14.8642,62.5851,0,0,0,0,0,0,-3.9143,2.22923,3.3701,2.04926,-2.13789,4.63081
3998,1.999,4,2,4,0,0,0,0,0,0,-24.6402,28.2707,19.3721,-5.39839,-14.9253,62.3976,0,0,0,0,0,0,-3.96027,2.22213,3.40065,2.07687,-2.14825,4.66539
3999,1.9995,4,2,4,0,0,0,0,0,0,-24.8376,28.1045,19.449,-5.35967,-14.9838,62.1947,0,0,0,0,0,0,-4.00856,2.22778,3.44704,2.12286,-2.17387,4.71123
