iStep,time,X,Y,Z,Vx,Vy,Vz,Rx,Ry,Rz,Fx,Fy,Fz,Mx,My,Mz,Fcpx,Fcpy,Fcpz,Tcpx,Tcpy,Tcpz,SumUx,SumUy,SumUz,SumTx,SumTy,SumTz
0,0,4,2,4,0,0,0,0,0,0,0,0,0,0,0,0,0,0,0,0,0,0,0,0,0,0,0,0
1,0.0005,4,2,4,0,0,0,0,0,0,1.42109e-14,1739.35,0,815.809,2.4869e-14,2818.41,0,0,0,0,0,0,-0.785284,950.664,-0.463629,625.779,0.949008,1320.5
2,0.001,4,2,4,0,0,0,0,0,0,-10.0895,795.149,5.44663,8.53653,-2.00051,1730.38,0,0,0,0,0,0,-4.31971,374.405,2.87421,226.042,-0.605918,571.95
3,0.0015,4,2,4,0,0,0,0,0,0,-17.112,394.374,7.09897,-320.645,-2.93827,1199.52,0,0,0,0,0,0,-5.1313,140.469,4.08005,57.3899,-1.57044,248.615
4,0.002,4,2,4,0,0,0,0,0,0,-22.1178,237.263,6.83411,-407.261,-2.85038,939.728,0,0,0,0,0,0,-5.68461,55.5613,4.35712,0.257515,-1.77963,124.333
5,0.0025,4,2,4,0,0,0,0,0,0,-25.6694,173.195,6.14651,-394.863,-2.64462,785.094,0,0,0,0,0,0,-6.11334,25.774,4.35951,-14.758,-1.74768,76.046
6,0.003,4,2,4,0,0,0,0,0,0,-28.0777,144.421,5.67654,-347.404,-2.79205,673.524,0,0,0,0,0,0,-6.481,15.7913,4.30934,-15.4436,-1.66542,56.0176
7,0.0035,4,2,4,0,0,0,0,0,0,-29.6196,129.348,5.59199,-291.649,-3.36975,583.892,0,0,0,0,0,0,-6.66356,12.6144,4.27102,-11.9848,-1.63663,46.1272
8,0.004,4,2,4,0,0,0,0,0,0,-30.5608,119.871,5.86861,-238.418,-4.28753,509.126,0,0,0,0,0,0,-6.75531,11.7073,4.20265,-7.8523,-1.61809,40.0824
9,0.0045,4,2,4,0,0,0,0,0,0,-31.0748,112.926,6.46555,-191.654,-5.48477,446.546,0,0,0,0,0,0,-6.8563,11.3845,4.12579,-4.17163,-1.56605,35.6558
10,0.005,4,2,4,0,0,0,0,0,0,-31.3387,107.268,7.31132,-152.339,-6.84965,394.468,0,0,0,0,0,0,-6.86492,11.1251,4.04905,-1.28134,-1.53887,32.0228
11,0.0055,4,2,4,0,0,0,0,0,0,-31.4309,102.294,8.33533,-120.195,-8.30791,351.32,0,0,0,0,0,0,-6.92759,10.9394,4.01503,0.941356,-1.5209,29.2062
12,0.006,4,2,4,0,0,0,0,0,0,-31.409,97.834,9.49032,-94.3385,-9.81873,315.778,0,0,0,0,0,0,-6.91089,10.737,4.0145,2.58382,-1.5584,26.9008
13,0.0065,4,2,4,0,0,0,0,0,0,-31.3209,93.8804,10.71,-73.7215,-11.3234,286.708,0,0,0,0,0,0,-6.92129,10.4482,4.08516,3.82481,-1.64011,24.989
14,0.007,4,2,4,0,0,0,0,0,0,-31.187,90.4102,11.9207,-57.3854,-12.7623,262.984,0,0,0,0,0,0,-6.89014,10.1336,4.13414,4.75229,-1.70464,23.3879
15,0.0075,4,2,4,0,0,0,0,0,0,-31.0225,87.3601,13.0659,-44.5271,-14.0921,243.614,0,0,0,0,0,0,-6.88512,9.75271,4.16629,5.37194,-1.7389,21.9743
16,0.008,4,2,4,0,0,0,0,0,0,-30.858,84.6379,14.122,-34.472,-15.2942,227.746,0,0,0,0,0,0,-6.90276,9.39563,4.19877,5.85282,-1.75563,20.8436
17,0.0085,4,2,4,0,0,0,0,0,0,-30.7191,82.1343,15.1137,-26.6662,-16.4004,214.624,0,0,0,0,0,0,-6.9303,9.04246,4.24001,6.18412,-1.77813,19.8797
18,0.009,4,2,4,0,0,0,0,0,0,-30.6172,79.8137,16.0595,-20.641,-17.4371,203.716,0,0,0,0,0,0,-6.97862,8.7244,4.29232,6.40064,-1.80028,19.0458
19,0.0095,4,2,4,0,0,0,0,0,0,-30.589,77.656,16.9584,-15.9944,-18.3944,194.603,0,0,0,0,0,0,-6.95492,8.42895,4.33137,6.49777,-1.84359,18.2615
20,0.01,4,2,4,0,0,0,0,0,0,-30.6299,75.6316,17.806,-12.3918,-19.2667,186.905,0,0,0,0,0,0,-6.95404,8.17478,4.37806,6.56685,-1.88087,17.6652
21,0.0105,4,2,4,0,0,0,0,0,0,-30.7351,73.7365,18.5602,-9.62598,-20.0185,180.343,0,0,0,0,0,0,-6.9359,7.9531,4.42805,6.64491,-1.92261,17.1786
22,0.011,4,2,4,0,0,0,0,0,0,-30.8721,71.9639,19.2255,-7.51595,-20.6716,174.669,0,0,0,0,0,0,-6.9524,7.70935,4.47241,6.67623,-1.94466,16.7328
23,0.0115,4,2,4,0,0,0,0,0,0,-31.0357,70.2758,19.8128,-5.90194,-21.2345,169.683,0,0,0,0,0,0,-6.95892,7.46833,4.47824,6.65891,-1.93521,16.3076
24,0.012,4,2,4,0,0,0,0,0,0,-31.2083,68.6554,20.3551,-4.66927,-21.7515,165.217,0,0,0,0,0,0,-6.99325,7.27878,4.50587,6.65488,-1.93873,15.996
25,0.0125,4,2,4,0,0,0,0,0,0,-31.3898,67.1216,20.8778,-3.72719,-22.2502,161.224,0,0,0,0,0,0,-7.02699,7.07557,4.55904,6.67145,-1.95893,15.6607
26,0.013,4,2,4,0,0,0,0,0,0,-31.5942,65.6697,21.3838,-2.99716,-22.7282,157.639,0,0,0,0,0,0,-7.04406,6.87706,4.58994,6.62887,-1.96748,15.3308
27,0.0135,4,2,4,0,0,0,0,0,0,-31.8388,64.2878,21.8641,-2.43081,-23.1658,154.411,0,0,0,0,0,0,-7.07532,6.69505,4.62498,6.57566,-1.97731,15.0638
28,0.014,4,2,4,0,0,0,0,0,0,-32.1179,62.9614,22.2918,-2.02337,-23.5407,151.468,0,0,0,0,0,0,-7.10109,6.51047,4.653,6.5136,-1.98417,14.806
29,0.0145,4,2,4,0,0,0,0,0,0,-32.4276,61.6748,22.6777,-1.72458,-23.8619,148.733,0,0,0,0,0,0,-7.10943,6.3563,4.68742,6.47495,-2.00305,14.5718
30,0.015,4,2,4,0,0,0,0,0,0,-32.7584,60.4136,23.0244,-1.51562,-24.1384,146.159,0,0,0,0,0,0,-7.11957,6.19809,4.70443,6.41877,-2.00613,14.3376
31,0.0155,4,2,4,0,0,0,0,0,0,-33.1058,59.1825,23.342,-1.358,-24.3779,143.739,0,0,0,0,0,0,-7.15296,6.04915,4.71798,6.36931,-1.99815,14.1373
32,0.016,4,2,4,0,0,0,0,0,0,-33.448,58.0032,23.6303,-1.25395,-24.5919,141.477,0,0,0,0,0,0,-7.20314,5.91735,4.75226,6.37779,-1.99468,13.9929
33,0.0165,4,2,4,0,0,0,0,0,0,-33.7858,56.865,23.9078,-1.20303,-24.7964,139.353,0,0,0,0,0,0,-7.26185,5.79189,4.80429,6.40723,-2.00201,13.8582
34,0.017,4,2,4,0,0,0,0,0,0,-34.1229,55.7598,24.1639,-1.20642,-24.9822,137.332,0,0,0,0,0,0,-7.2791,5.65863,4.81809,6.36387,-1.99523,13.6714
35,0.0175,4,2,4,0,0,0,0,0,0,-34.4606,54.6963,24.41,-1.21922,-25.1602,135.403,0,0,0,0,0,0,-7.29888,5.49187,4.82594,6.25746,-1.99214,13.44
36,0.018,4,2,4,0,0,0,0,0,0,-34.7907,53.6474,24.6621,-1.21787,-25.344,133.508,0,0,0,0,0,0,-7.30852,5.349,4.8243,6.17559,-1.98104,13.2593
37,0.0185,4,2,4,0,0,0,0,0,0,-35.1125,52.6175,24.9123,-1.21364,-25.5264,131.647,0,0,0,0,0,0,-7.35421,5.2565,4.86912,6.18035,-1.99247,13.1802
38,0.019,4,2,4,0,0,0,0,0,0,-35.4513,51.6204,25.1493,-1.20156,-25.6858,129.878,0,0,0,0,0,0,-7.40343,5.16228,4.90278,6.17967,-1.99124,13.0967
39,0.0195,4,2,4,0,0,0,0,0,0,-35.807,50.6598,25.3548,-1.21036,-25.8076,128.231,0,0,0,0,0,0,-7.43704,5.06051,4.93948,6.18201,-1.99753,12.9705
40,0.02,4,2,4,0,0,0,0,0,0,-36.1795,49.7263,25.5404,-1.23936,-25.9024,126.696,0,0,0,0,0,0,-7.46338,4.96852,4.96151,6.19072,-1.99122,12.848
41,0.0205,4,2,4,0,0,0,0,0,0,-36.5495,48.8017,25.7163,-1.29607,-25.9923,125.21,0,0,0,0,0,0,-7.46978,4.82321,4.94257,6.11173,-1.96291,12.6433
42,0.021,4,2,4,0,0,0,0,0,0,-36.9017,47.8825,25.8954,-1.35731,-26.0914,123.73,0,0,0,0,0,0,-7.53377,4.71659,4.98088,6.09834,-1.96467,12.5562
43,0.0215,4,2,4,0,0,0,0,0,0,-37.2446,46.9765,26.0654,-1.43618,-26.1903,122.265,0,0,0,0,0,0,-7.58248,4.60923,5.03472,6.09413,-1.98268,12.4515
44,0.022,4,2,4,0,0,0,0,0,0,-37.5871,46.0823,26.2201,-1.51502,-26.2739,120.836,0,0,0,0,0,0,-7.57553,4.50485,5.0455,6.05814,-1.98509,12.3138
45,0.0225,4,2,4,0,0,0,0,0,0,-37.9377,45.2031,26.3578,-1.59502,-26.3325,119.452,0,0,0,0,0,0,-7.58292,4.39646,5.06036,6.01211,-1.98837,12.1741
46,0.023,4,2,4,0,0,0,0,0,0,-38.2829,44.3487,26.4998,-1.64793,-26.3902,118.113,0,0,0,0,0,0,-7.62138,4.28561,5.06372,5.95408,-1.96846,12.0563
47,0.0235,4,2,4,0,0,0,0,0,0,-38.6107,43.5225,26.6522,-1.67694,-26.4649,116.809,0,0,0,0,0,0,-7.67191,4.19868,5.0694,5.94386,-1.93915,11.9892
48,0.024,4,2,4,0,0,0,0,0,0,-38.9134,42.7003,26.8128,-1.68862,-26.5561,115.496,0,0,0,0,0,0,-7.70851,4.0972,5.08207,5.94194,-1.91984,11.8883
49,0.0245,4,2,4,0,0,0,0,0,0,-39.2216,41.8898,26.9644,-1.71163,-26.6363,114.222,0,0,0,0,0,0,-7.73146,3.99089,5.09539,5.92446,-1.90989,11.7646
50,0.025,4,2,4,0,0,0,0,0,0,-39.5386,41.0865,27.1014,-1.76368,-26.6994,112.987,0,0,0,0,0,0,-7.75745,3.89642,5.12641,5.90738,-1.91837,11.6433
51,0.0255,4,2,4,0,0,0,0,0,0,-39.8694,40.2831,27.214,-1.84381,-26.7332,111.786,0,0,0,0,0,0,-7.80509,3.80652,5.15736,5.88946,-1.91609,11.5698
52,0.026,4,2,4,0,0,0,0,0,0,-40.2044,39.4823,27.3198,-1.92862,-26.7618,110.616,0,0,0,0,0,0,-7.8286,3.68526,5.16071,5.81874,-1.90343,11.4426
53,0.0265,4,2,4,0,0,0,0,0,0,-40.5299,38.6924,27.4244,-1.99993,-26.7928,109.468,0,0,0,0,0,0,-7.84485,3.5809,5.17435,5.78896,-1.90022,11.3292
54,0.027,4,2,4,0,0,0,0,0,0,-40.8433,37.9203,27.5375,-2.04138,-26.8279,108.344,0,0,0,0,0,0,-7.88208,3.47741,5.19094,5.78143,-1.88828,11.2435
55,0.0275,4,2,4,0,0,0,0,0,0,-41.1634,37.1738,27.6398,-2.07296,-26.8476,107.265,0,0,0,0,0,0,-7.9202,3.39995,5.21929,5.80274,-1.88094,11.1805
56,0.028,4,2,4,0,0,0,0,0,0,-41.4893,36.4392,27.734,-2.11438,-26.8582,106.217,0,0,0,0,0,0,-7.95211,3.31854,5.22721,5.78728,-1.86356,11.1153
57,0.0285,4,2,4,0,0,0,0,0,0,-41.811,35.6914,27.82,-2.17367,-26.8626,105.161,0,0,0,0,0,0,-7.97063,3.24296,5.22369,5.7525,-1.84438,11.0303
58,0.029,4,2,4,0,0,0,0,0,0,-42.1095,34.9309,27.9,-2.24002,-26.8696,104.069,0,0,0,0,0,0,-7.981,3.17415,5.2402,5.74194,-1.8443,10.9401
59,0.0295,4,2,4,0,0,0,0,0,0,-42.3809,34.1793,27.9852,-2.28997,-26.8914,102.968,0,0,0,0,0,0,-7.98657,3.09389,5.26476,5.73561,-1.85217,10.8318
60,0.03,4,2,4,0,0,0,0,0,0,-42.6501,33.4502,28.0631,-2.33486,-26.9096,101.91,0,0,0,0,0,0,-8.01167,3.00765,5.29164,5.73553,-1.8511,10.7456
61,0.0305,4,2,4,0,0,0,0,0,0,-42.9278,32.7483,28.1605,-2.34705,-26.9363,100.924,0,0,0,0,0,0,-8.04747,2.90271,5.30967,5.7205,-1.83964,10.6559
62,0.031,4,2,4,0,0,0,0,0,0,-43.2179,32.0568,28.2552,-2.36266,-26.9525,99.9798,0,0,0,0,0,0,-8.08207,2.80055,5.3082,5.68514,-1.81372,10.5643
63,0.0315,4,2,4,0,0,0,0,0,0,-43.4979,31.3601,28.332,-2.39574,-26.9566,99.0272,0,0,0,0,0,0,-8.12504,2.70301,5.33137,5.66112,-1.80865,10.4972
64,0.032,4,2,4,0,0,0,0,0,0,-43.7724,30.6535,28.4002,-2.44118,-26.9548,98.0596,0,0,0,0,0,0,-8.12651,2.61345,5.34093,5.64743,-1.79957,10.3924
65,0.0325,4,2,4,0,0,0,0,0,0,-44.04,29.9386,28.4581,-2.49926,-26.9467,97.0777,0,0,0,0,0,0,-8.16223,2.51863,5.35674,5.62626,-1.78732,10.3219
66,0.033,4,2,4,0,0,0,0,0,0,-44.3155,29.2366,28.5105,-2.55117,-26.9305,96.1296,0,0,0,0,0,0,-8.19969,2.44048,5.37275,5.62403,-1.77364,10.2785
67,0.0335,4,2,4,0,0,0,0,0,0,-44.6053,28.5509,28.5602,-2.58813,-26.9028,95.233,0,0,0,0,0,0,-8.21733,2.35078,5.37928,5.5983,-1.76194,10.1802
68,0.034,4,2,4,0,0,0,0,0,0,-44.8881,27.869,28.6085,-2.61759,-26.8703,94.3481,0,0,0,0,0,0,-8.23648,2.25834,5.38014,5.56194,-1.74566,10.0824
69,0.0345,4,2,4,0,0,0,0,0,0,-45.1596,27.1942,28.6536,-2.64621,-26.8391,93.4631,0,0,0,0,0,0,-8.24456,2.17652,5.37174,5.52815,-1.72459,9.98052
70,0.035,4,2,4,0,0,0,0,0,0,-45.4104,26.5223,28.6996,-2.67974,-26.82,92.5722,0,0,0,0,0,0,-8.28939,2.10805,5.40353,5.54168,-1.71973,9.94894
71,0.0355,4,2,4,0,0,0,0,0,0,-45.656,25.855,28.7443,-2.71292,-26.8032,91.6868,0,0,0,0,0,0,-8.30297,2.03472,5.41583,5.54219,-1.70774,9.89377
72,0.036,4,2,4,0,0,0,0,0,0,-45.8995,25.1918,28.7828,-2.7462,-26.7793,90.8086,0,0,0,0,0,0,-8.29515,1.95113,5.4181,5.51122,-1.70412,9.76781
73,0.0365,4,2,4,0,0,0,0,0,0,-46.1445,24.5218,28.8118,-2.79053,-26.745,89.933,0,0,0,0,0,0,-8.31396,1.87691,5.42654,5.48935,-1.6971,9.69674
74,0.037,4,2,4,0,0,0,0,0,0,-46.3905,23.8495,28.8582,-2.80631,-26.7168,89.0642,0,0,0,0,0,0,-8.35768,1.80079,5.46062,5.50694,-1.6924,9.66007
75,0.0375,4,2,4,0,0,0,0,0,0,-46.6259,23.189,28.8928,-2.82759,-26.6823,88.204,0,0,0,0,0,0,-8.3608,1.70517,5.46183,5.47303,-1.68135,9.55376
76,0.038,4,2,4,0,0,0,0,0,0,-46.8572,22.5368,28.9274,-2.83998,-26.6505,87.3631,0,0,0,0,0,0,-8.37081,1.62368,5.4664,5.44988,-1.67014,9.46648
77,0.0385,4,2,4,0,0,0,0,0,0,-47.0826,21.8944,28.9663,-2.83907,-26.6223,86.5411,0,0,0,0,0,0,-8.39389,1.55783,5.48326,5.45088,-1.66303,9.41654
78,0.039,4,2,4,0,0,0,0,0,0,-47.3024,21.2499,28.9885,-2.86565,-26.5841,85.7185,0,0,0,0,0,0,-8.42115,1.48746,5.50242,5.45775,-1.65111,9.38518
79,0.0395,4,2,4,0,0,0,0,0,0,-47.5231,20.6046,29.0044,-2.90535,-26.5417,84.9071,0,0,0,0,0,0,-8.42462,1.40702,5.49751,5.42195,-1.63619,9.29782
80,0.04,4,2,4,0,0,0,0,0,0,-47.7451,19.9641,29.03,-2.92256,-26.5014,84.1134,0,0,0,0,0,0,-8.41167,1.30864,5.47444,5.34051,-1.62174,9.15665
81,0.0405,4,2,4,0,0,0,0,0,0,-47.962,19.322,29.0461,-2.94068,-26.4528,83.3222,0,0,0,0,0,0,-8.47497,1.22235,5.50807,5.35967,-1.6076,9.1413
82,0.041,4,2,4,0,0,0,0,0,0,-48.1706,18.6892,29.0652,-2.94727,-26.4078,82.5406,0,0,0,0,0,0,-8.50186,1.12565,5.50801,5.34246,-1.58293,9.08062
83,0.0415,4,2,4,0,0,0,0,0,0,-48.3703,18.0579,29.0817,-2.95629,-26.3622,81.7516,0,0,0,0,0,0,-8.48764,1.03236,5.49138,5.30503,-1.56472,8.97311
84,0.042,4,2,4,0,0,0,0,0,0,-48.5641,17.4267,29.0868,-2.98232,-26.3108,80.9591,0,0,0,0,0,0,-8.47398,0.942718,5.50003,5.28366,-1.56301,8.85443
85,0.0425,4,2,4,0,0,0,0,0,0,-48.764,16.7891,29.0799,-3.02637,-26.2491,80.1756,0,0,0,0,0,0,-8.49957,0.864308,5.52531,5.27702,-1.56,8.78923
86,0.043,4,2,4,0,0,0,0,0,0,-48.9734,16.15,29.0813,-3.06235,-26.1884,79.4081,0,0,0,0,0,0,-8.51099,0.77861,5.51599,5.22958,-1.54118,8.71849
87,0.0435,4,2,4,0,0,0,0,0,0,-49.1742,15.5208,29.0863,-3.07997,-26.1301,78.6406,0,0,0,0,0,0,-8.52178,0.700641,5.51337,5.20164,-1.52593,8.64799
88,0.044,4,2,4,0,0,0,0,0,0,-49.3647,14.898,29.0959,-3.0765,-26.0754,77.8762,0,0,0,0,0,0,-8.54444,0.627088,5.52868,5.20156,-1.51946,8.59917
89,0.0445,4,2,4,0,0,0,0,0,0,-49.5435,14.2755,29.0958,-3.08253,-26.0147,77.1122,0,0,0,0,0,0,-8.54875,0.542848,5.54527,5.20743,-1.51253,8.51663
90,0.045,4,2,4,0,0,0,0,0,0,-49.7186,13.6539,29.0756,-3.11375,-25.9421,76.3529,0,0,0,0,0,0,-8.53744,0.473965,5.54968,5.18464,-1.50656,8.42429
91,0.0455,4,2,4,0,0,0,0,0,0,-49.8991,13.0245,29.0592,-3.14503,-25.8708,75.6029,0,0,0,0,0,0,-8.5135,0.379629,5.53576,5.12507,-1.49907,8.30313
92,0.046,4,2,4,0,0,0,0,0,0,-50.0758,12.4031,29.0571,-3.15665,-25.8103,74.8578,0,0,0,0,0,0,-8.52948,0.311611,5.55385,5.12964,-1.49262,8.25851
93,0.0465,4,2,4,0,0,0,0,0,0,-50.2448,11.7889,29.0616,-3.15319,-25.7542,74.1206,0,0,0,0,0,0,-8.56009,0.230889,5.58061,5.13778,-1.48898,8.21698
94,0.047,4,2,4,0,0,0,0,0,0,-50.4083,11.1826,29.0588,-3.14881,-25.6907,73.3962,0,0,0,0,0,0,-8.5452,0.152713,5.58008,5.11177,-1.48461,8.10975
95,0.0475,4,2,4,0,0,0,0,0,0,-50.5657,10.581,29.0426,-3.15763,-25.6181,72.6794,0,0,0,0,0,0,-8.5466,0.0657037,5.579,5.09048,-1.46855,8.0296
96,0.048,4,2,4,0,0,0,0,0,0,-50.7202,9.97502,29.0112,-3.18928,-25.5403,71.9644,0,0,0,0,0,0,-8.5336,-0.02445,5.57509,5.06505,-1.45394,7.92286
97,0.0485,4,2,4,0,0,0,0,0,0,-50.8746,9.37116,28.9895,-3.20732,-25.4687,71.2528,0,0,0,0,0,0,-8.54517,-0.0968,5.5822,5.05458,-1.44227,7.85917
98,0.049,4,2,4,0,0,0,0,0,0,-51.0352,8.76705,28.9851,-3.19878,-25.4024,70.5532,0,0,0,0,0,0,-8.54095,-0.170241,5.56715,5.01938,-1.42381,7.7785
99,0.0495,4,2,4,0,0,0,0,0,0,-51.1888,8.16842,28.9839,-3.17941,-25.3355,69.8512,0,0,0,0,0,0,-8.56742,-0.245535,5.58585,5.03029,-1.41135,7.75243
100,0.05,4,2,4,0,0,0,0,0,0,-51.3277,7.57044,28.97,-3.17747,-25.2664,69.1408,0,0,0,0,0,0,-8.5685,-0.316411,5.58018,5.00813,-1.39461,7.68933
101,0.0505,4,2,4,0,0,0,0,0,0,-51.4515,6.97239,28.9376,-3.19716,-25.1925,68.4167,0,0,0,0,0,0,-8.52538,-0.426657,5.55311,4.9322,-1.38421,7.53013
102,0.051,4,2,4,0,0,0,0,0,0,-51.5732,6.37365,28.9054,-3.21012,-25.1166,67.6981,0,0,0,0,0,0,-8.50654,-0.516599,5.54499,4.90343,-1.37157,7.41885
103,0.0515,4,2,4,0,0,0,0,0,0,-51.7088,5.77789,28.8699,-3.22002,-25.0334,67.0094,0,0,0,0,0,0,-8.51716,-0.593548,5.5547,4.89894,-1.35864,7.36113
104,0.052,4,2,4,0,0,0,0,0,0,-51.8459,5.18467,28.8581,-3.1942,-24.9583,66.329,0,0,0,0,0,0,-8.53314,-0.672734,5.55601,4.88046,-1.34312,7.3117
105,0.0525,4,2,4,0,0,0,0,0,0,-51.9759,4.59379,28.8435,-3.16739,-24.8822,65.6496,0,0,0,0,0,0,-8.55336,-0.766185,5.56098,4.86444,-1.32828,7.26011
106,0.053,4,2,4,0,0,0,0,0,0,-52.0857,4.0031,28.8063,-3.17459,-24.8019,64.9454,0,0,0,0,0,0,-8.52186,-0.854887,5.5452,4.82278,-1.31632,7.14417
107,0.0535,4,2,4,0,0,0,0,0,0,-52.1867,3.40752,28.7634,-3.19301,-24.7208,64.2366,0,0,0,0,0,0,-8.52015,-0.923298,5.5532,4.81836,-1.30792,7.08326
108,0.054,4,2,4,0,0,0,0,0,0,-52.301,2.81567,28.7143,-3.2147,-24.6322,63.5637,0,0,0,0,0,0,-8.5028,-0.998534,5.54737,4.77659,-1.30489,6.98564
109,0.0545,4,2,4,0,0,0,0,0,0,-52.4226,2.23101,28.6829,-3.20544,-24.5448,62.9157,0,0,0,0,0,0,-8.51531,-1.09073,5.55154,4.75938,-1.2919,6.94091
110,0.055,4,2,4,0,0,0,0,0,0,-52.5395,1.64983,28.6565,-3.18037,-24.4567,62.2672,0,0,0,0,0,0,-8.53104,-1.18628,5.5633,4.76204,-1.27516,6.90211
111,0.0555,4,2,4,0,0,0,0,0,0,-52.6327,1.0682,28.6124,-3.18048,-24.3677,61.5844,0,0,0,0,0,0,-8.50846,-1.25391,5.54927,4.72787,-1.26363,6.80624
112,0.056,4,2,4,0,0,0,0,0,0,-52.7243,0.479537,28.5602,-3.19876,-24.2773,60.9003,0,0,0,0,0,0,-8.48731,-1.32754,5.54048,4.6948,-1.25582,6.70867
113,0.0565,4,2,4,0,0,0,0,0,0,-52.8244,-0.109724,28.5059,-3.22467,-24.1852,60.2378,0,0,0,0,0,0,-8.487,-1.40088,5.5382,4.66645,-1.24706,6.64427
114,0.057,4,2,4,0,0,0,0,0,0,-52.9306,-0.691759,28.4587,-3.23483,-24.0932,59.605,0,0,0,0,0,0,-8.48948,-1.48289,5.54126,4.64761,-1.23461,6.59855
115,0.0575,4,2,4,0,0,0,0,0,0,-53.0276,-1.25558,28.4314,-3.20333,-24.0088,58.9822,0,0,0,0,0,0,-8.50013,-1.55865,5.55141,4.64491,-1.22422,6.5587
116,0.058,4,2,4,0,0,0,0,0,0,-53.1027,-1.81968,28.3951,-3.17956,-23.9238,58.333,0,0,0,0,0,0,-8.49246,-1.63506,5.55587,4.63842,-1.21636,6.48936
117,0.0585,4,2,4,0,0,0,0,0,0,-53.173,-2.39309,28.3418,-3.18135,-23.8329,57.6749,0,0,0,0,0,0,-8.44582,-1.71192,5.51905,4.57132,-1.20211,6.36427
118,0.059,4,2,4,0,0,0,0,0,0,-53.2462,-2.97038,28.2806,-3.19629,-23.7362,57.0245,0,0,0,0,0,0,-8.44472,-1.79433,5.50951,4.54256,-1.18323,6.30372
119,0.0595,4,2,4,0,0,0,0,0,0,-53.3342,-3.54179,28.2152,-3.21387,-23.6333,56.4056,0,0,0,0,0,0,-8.43061,-1.86988,5.50313,4.5242,-1.16866,6.24024
120,0.06,4,2,4,0,0,0,0,0,0,-53.4135,-4.09904,28.1719,-3.19709,-23.5419,55.7845,0,0,0,0,0,0,-8.43006,-1.94381,5.49359,4.50263,-1.1504,6.19015
121,0.0605,4,2,4,0,0,0,0,0,0,-53.4803,-4.65785,28.1333,-3.17032,-23.4561,55.1512,0,0,0,0,0,0,-8.44358,-2.01141,5.51867,4.51878,-1.14734,6.14634
122,0.061,4,2,4,0,0,0,0,0,0,-53.5356,-5.22842,28.0928,-3.14764,-23.373,54.5118,0,0,0,0,0,0,-8.41291,-2.08649,5.502,4.47912,-1.1377,6.04859
123,0.0615,4,2,4,0,0,0,0,0,0,-53.5919,-5.79569,28.0353,-3.14187,-23.2794,53.8917,0,0,0,0,0,0,-8.38529,-2.17265,5.48449,4.44869,-1.11597,5.96864
124,0.062,4,2,4,0,0,0,0,0,0,-53.6445,-6.35785,27.9615,-3.15446,-23.1779,53.2795,0,0,0,0,0,0,-8.35166,-2.26688,5.47398,4.41917,-1.10474,5.86851
125,0.0625,4,2,4,0,0,0,0,0,0,-53.689,-6.90433,27.9008,-3.14685,-23.084,52.6597,0,0,0,0,0,0,-8.34108,-2.35879,5.46243,4.38471,-1.09152,5.79468
126,0.063,4,2,4,0,0,0,0,0,0,-53.7212,-7.46245,27.8545,-3.12112,-22.9981,52.0226,0,0,0,0,0,0,-8.31047,-2.4291,5.44669,4.35135,-1.08266,5.69865
127,0.0635,4,2,4,0,0,0,0,0,0,-53.7562,-8.02994,27.8081,-3.09335,-22.9093,51.3911,0,0,0,0,0,0,-8.29681,-2.50301,5.45453,4.34801,-1.07894,5.63132
128,0.064,4,2,4,0,0,0,0,0,0,-53.7983,-8.59361,27.7517,-3.07627,-22.8127,50.7796,0,0,0,0,0,0,-8.25488,-2.57794,5.43732,4.31367,-1.06851,5.53142
129,0.0645,4,2,4,0,0,0,0,0,0,-53.834,-9.1467,27.6721,-3.08971,-22.7098,50.1665,0,0,0,0,0,0,-8.22981,-2.67011,5.42077,4.2763,-1.05381,5.45656
130,0.065,4,2,4,0,0,0,0,0,0,-53.8495,-9.69477,27.5959,-3.09209,-22.6075,49.534,0,0,0,0,0,0,-8.20061,-2.74785,5.39763,4.22904,-1.04271,5.35618
131,0.0655,4,2,4,0,0,0,0,0,0,-53.8537,-10.2537,27.5255,-3.08246,-22.5051,48.8899,0,0,0,0,0,0,-8.19416,-2.82165,5.39686,4.21761,-1.03089,5.29117
132,0.066,4,2,4,0,0,0,0,0,0,-53.8781,-10.8138,27.4663,-3.05213,-22.3994,48.2833,0,0,0,0,0,0,-8.16039,-2.89246,5.39392,4.19813,-1.03081,5.18989
133,0.0665,4,2,4,0,0,0,0,0,0,-53.9259,-11.3646,27.409,-3.01881,-22.2904,47.7175,0,0,0,0,0,0,-8.15333,-2.97841,5.40369,4.19891,-1.02123,5.14633
134,0.067,4,2,4,0,0,0,0,0,0,-53.9636,-11.8983,27.3373,-3.00722,-22.1828,47.1468,0,0,0,0,0,0,-8.11235,-3.05568,5.38698,4.15931,-1.01393,5.05311
135,0.0675,4,2,4,0,0,0,0,0,0,-53.9755,-12.4319,27.2558,-3.01146,-22.0781,46.5461,0,0,0,0,0,0,-8.07612,-3.11409,5.35737,4.10533,-1.0005,4.96341
136,0.068,4,2,4,0,0,0,0,0,0,-53.9716,-12.9755,27.1809,-3.00599,-21.9763,45.9265,0,0,0,0,0,0,-8.05944,-3.16945,5.34631,4.08359,-0.98967,4.89248
137,0.0685,4,2,4,0,0,0,0,0,0,-53.9847,-13.523,27.1133,-2.98862,-21.8724,45.342,0,0,0,0,0,0,-8.07332,-3.24077,5.35688,4.09304,-0.977855,4.8712
138,0.069,4,2,4,0,0,0,0,0,0,-54.0113,-14.0582,27.0597,-2.94541,-21.771,44.7959,0,0,0,0,0,0,-8.06261,-3.32522,5.36258,4.09256,-0.967714,4.81961
139,0.0695,4,2,4,0,0,0,0,0,0,-54.0279,-14.5756,26.9949,-2.91229,-21.6714,44.2487,0,0,0,0,0,0,-8.0046,-3.40287,5.33427,4.04708,-0.95735,4.70028
140,0.07,4,2,4,0,0,0,0,0,0,-54.0196,-15.1013,26.9176,-2.898,-21.5733,43.6669,0,0,0,0,0,0,-7.97782,-3.472,5.31326,4.01365,-0.939265,4.63
141,0.0705,4,2,4,0,0,0,0,0,0,-53.9852,-15.6363,26.8357,-2.89081,-21.477,43.0525,0,0,0,0,0,0,-7.93061,-3.5242,5.27517,3.96403,-0.92114,4.53497
142,0.071,4,2,4,0,0,0,0,0,0,-53.9547,-16.1755,26.7492,-2.88738,-21.3759,42.4576,0,0,0,0,0,0,-7.90985,-3.59147,5.26735,3.95412,-0.907712,4.48575
143,0.0715,4,2,4,0,0,0,0,0,0,-53.9443,-16.7006,26.6739,-2.86422,-21.274,41.9012,0,0,0,0,0,0,-7.89182,-3.6707,5.27266,3.94668,-0.904884,4.42273
144,0.072,4,2,4,0,0,0,0,0,0,-53.9339,-17.2102,26.6046,-2.82976,-21.1755,41.3521,0,0,0,0,0,0,-7.8669,-3.76078,5.26837,3.93071,-0.896609,4.35159
145,0.0725,4,2,4,0,0,0,0,0,0,-53.9042,-17.7275,26.5277,-2.80607,-21.0789,40.7808,0,0,0,0,0,0,-7.82459,-3.83184,5.23527,3.88382,-0.885451,4.26688
146,0.073,4,2,4,0,0,0,0,0,0,-53.8517,-18.2534,26.4367,-2.79674,-20.9804,40.1817,0,0,0,0,0,0,-7.74812,-3.90265,5.18609,3.81247,-0.87353,4.13799
147,0.0735,4,2,4,0,0,0,0,0,0,-53.796,-18.7887,26.3296,-2.80653,-20.8713,39.5905,0,0,0,0,0,0,-7.69474,-3.97103,5.16824,3.78308,-0.865444,4.03422
148,0.074,4,2,4,0,0,0,0,0,0,-53.7471,-19.3086,26.2242,-2.80941,-20.757,39.0164,0,0,0,0,0,0,-7.66319,-4.04813,5.17492,3.78773,-0.857855,3.96761
149,0.0745,4,2,4,0,0,0,0,0,0,-53.7114,-19.8179,26.1315,-2.79508,-20.6427,38.4585,0,0,0,0,0,0,-7.62922,-4.12318,5.16334,3.76254,-0.854832,3.88756
150,0.075,4,2,4,0,0,0,0,0,0,-53.6864,-20.3363,26.0542,-2.76689,-20.5329,37.9115,0,0,0,0,0,0,-7.60687,-4.188,5.14192,3.7184,-0.851825,3.81852
151,0.0755,4,2,4,0,0,0,0,0,0,-53.6643,-20.8508,25.9903,-2.72505,-20.4298,37.3681,0,0,0,0,0,0,-7.59343,-4.25573,5.13942,3.69414,-0.849367,3.75391
152,0.076,4,2,4,0,0,0,0,0,0,-53.6526,-21.3638,25.9241,-2.69381,-20.328,36.8383,0,0,0,0,0,0,-7.57247,-4.32181,5.13901,3.6853,-0.836374,3.69425
153,0.0765,4,2,4,0,0,0,0,0,0,-53.6444,-21.8613,25.857,-2.66438,-20.2231,36.3187,0,0,0,0,0,0,-7.55302,-4.38006,5.13735,3.67687,-0.824042,3.63881
154,0.077,4,2,4,0,0,0,0,0,0,-53.6352,-22.3557,25.7915,-2.63251,-20.1178,35.8033,0,0,0,0,0,0,-7.53494,-4.4375,5.13431,3.65761,-0.81796,3.57377
155,0.0775,4,2,4,0,0,0,0,0,0,-53.623,-22.8604,25.7345,-2.58894,-20.0146,35.2932,0,0,0,0,0,0,-7.49477,-4.49216,5.10756,3.61253,-0.811623,3.48383
156,0.078,4,2,4,0,0,0,0,0,0,-53.5959,-23.365,25.6814,-2.53571,-19.9187,34.7803,0,0,0,0,0,0,-7.50657,-4.56156,5.11635,3.61751,-0.798918,3.47292
157,0.0785,4,2,4,0,0,0,0,0,0,-53.548,-23.8645,25.6233,-2.48579,-19.8308,34.2549,0,0,0,0,0,0,-7.47357,-4.61892,5.09638,3.59459,-0.785795,3.41996
158,0.079,4,2,4,0,0,0,0,0,0,-53.4685,-24.3529,25.5494,-2.44473,-19.744,33.7051,0,0,0,0,0,0,-7.40635,-4.6691,5.04537,3.5336,-0.769468,3.32432
159,0.0795,4,2,4,0,0,0,0,0,0,-53.3649,-24.8422,25.4526,-2.42636,-19.6522,33.1416,0,0,0,0,0,0,-7.34367,-4.7269,5.01901,3.49655,-0.760099,3.22622
160,0.08,4,2,4,0,0,0,0,0,0,-53.2603,-25.3388,25.3514,-2.41009,-19.552,32.5892,0,0,0,0,0,0,-7.29618,-4.7912,4.99932,3.47923,-0.744997,3.15903
161,0.0805,4,2,4,0,0,0,0,0,0,-53.1591,-25.8362,25.2524,-2.39014,-19.4472,32.0455,0,0,0,0,0,0,-7.24698,-4.86486,4.97103,3.45414,-0.727966,3.09664
162,0.081,4,2,4,0,0,0,0,0,0,-53.0762,-26.3241,25.1593,-2.36107,-19.3414,31.5265,0,0,0,0,0,0,-7.19437,-4.93937,4.94506,3.42352,-0.719454,3.02079
163,0.0815,4,2,4,0,0,0,0,0,0,-53.0021,-26.7984,25.0799,-2.30944,-19.2375,31.0257,0,0,0,0,0,0,-7.16406,-5.00667,4.94528,3.42888,-0.706298,2.97706
164,0.082,4,2,4,0,0,0,0,0,0,-52.912,-27.275,24.9898,-2.26727,-19.1336,30.515,0,0,0,0,0,0,-7.11695,-5.07747,4.9272,3.41311,-0.691062,2.91805
165,0.0825,4,2,4,0,0,0,0,0,0,-52.7972,-27.7585,24.8804,-2.24165,-19.0236,29.9917,0,0,0,0,0,0,-7.064,-5.15274,4.89021,3.36546,-0.678395,2.84203
166,0.083,4,2,4,0,0,0,0,0,0,-52.649,-28.2358,24.7466,-2.23837,-18.9069,29.4398,0,0,0,0,0,0,-6.99426,-5.21863,4.84798,3.30783,-0.672295,2.73393
167,0.0835,4,2,4,0,0,0,0,0,0,-52.4866,-28.6991,24.5968,-2.24565,-18.784,28.8818,0,0,0,0,0,0,-6.91888,-5.27641,4.81044,3.266,-0.665269,2.629
168,0.084,4,2,4,0,0,0,0,0,0,-52.3415,-29.1508,24.4548,-2.23787,-18.6579,28.3504,0,0,0,0,0,0,-6.86647,-5.33856,4.79059,3.24522,-0.655946,2.55328
169,0.0845,4,2,4,0,0,0,0,0,0,-52.2124,-29.6071,24.3301,-2.21331,-18.5376,27.838,0,0,0,0,0,0,-6.82264,-5.40185,4.77066,3.21883,-0.648612,2.48596
170,0.085,4,2,4,0,0,0,0,0,0,-52.1021,-30.0675,24.2293,-2.16618,-18.4245,27.3467,0,0,0,0,0,0,-6.76719,-5.44828,4.73621,3.1731,-0.646592,2.3964
171,0.0855,4,2,4,0,0,0,0,0,0,-51.9985,-30.5237,24.1406,-2.11658,-18.3203,26.8466,0,0,0,0,0,0,-6.75433,-5.50332,4.73909,3.18132,-0.633192,2.36276
172,0.086,4,2,4,0,0,0,0,0,0,-51.9261,-30.974,24.0682,-2.06265,-18.2193,26.3623,0,0,0,0,0,0,-6.71854,-5.55257,4.71455,3.14073,-0.627516,2.27887
173,0.0865,4,2,4,0,0,0,0,0,0,-51.9123,-31.4264,24.0277,-1.99148,-18.1219,25.9265,0,0,0,0,0,0,-6.73475,-5.61017,4.72936,3.14304,-0.617255,2.25077
174,0.087,4,2,4,0,0,0,0,0,0,-51.9167,-31.8987,24.006,-1.91118,-18.0283,25.5131,0,0,0,0,0,0,-6.73998,-5.65717,4.73698,3.12721,-0.619054,2.19874
175,0.0875,4,2,4,0,0,0,0,0,0,-51.8952,-32.377,23.979,-1.83288,-17.9378,25.0942,0,0,0,0,0,0,-6.75927,-5.72347,4.75671,3.13187,-0.617389,2.18652
176,0.088,4,2,4,0,0,0,0,0,0,-51.8241,-32.8336,23.9365,-1.75994,-17.8552,24.6357,0,0,0,0,0,0,-6.71696,-5.7682,4.72306,3.0889,-0.614105,2.1234
177,0.0885,4,2,4,0,0,0,0,0,0,-51.7168,-33.2785,23.8729,-1.70007,-17.7761,24.152,0,0,0,0,0,0,-6.67927,-5.81911,4.70686,3.07425,-0.605328,2.07662
178,0.089,4,2,4,0,0,0,0,0,0,-51.5787,-33.71,23.7887,-1.65292,-17.6916,23.6531,0,0,0,0,0,0,-6.59796,-5.84613,4.6686,3.04392,-0.592833,1.98747
179,0.0895,4,2,4,0,0,0,0,0,0,-51.4274,-34.1549,23.684,-1.62116,-17.5938,23.1583,0,0,0,0,0,0,-6.49297,-5.88485,4.61237,2.99028,-0.580022,1.87181
180,0.09,4,2,4,0,0,0,0,0,0,-51.2783,-34.6025,23.5678,-1.59655,-17.4831,22.6801,0,0,0,0,0,0,-6.39622,-5.9326,4.55922,2.93486,-0.572002,1.75902
181,0.0905,4,2,4,0,0,0,0,0,0,-51.114,-35.0317,23.441,-1.58117,-17.3707,22.1843,0,0,0,0,0,0,-6.34481,-5.99818,4.53299,2.91987,-0.552144,1.71866
182,0.091,4,2,4,0,0,0,0,0,0,-50.9455,-35.4579,23.3109,-1.56571,-17.2585,21.6863,0,0,0,0,0,0,-6.2948,-6.06233,4.51433,2.90525,-0.541856,1.66746
183,0.0915,4,2,4,0,0,0,0,0,0,-50.7866,-35.8747,23.1983,-1.52486,-17.1501,21.2081,0,0,0,0,0,0,-6.24158,-6.10298,4.49513,2.88565,-0.539658,1.60757
184,0.092,4,2,4,0,0,0,0,0,0,-50.6346,-36.3058,23.0963,-1.46904,-17.0425,20.7548,0,0,0,0,0,0,-6.18016,-6.1442,4.46904,2.86018,-0.533254,1.53719
185,0.0925,4,2,4,0,0,0,0,0,0,-50.4801,-36.7306,22.9937,-1.41003,-16.9326,20.3134,0,0,0,0,0,0,-6.16012,-6.21347,4.4561,2.85022,-0.516756,1.51691
186,0.093,4,2,4,0,0,0,0,0,0,-50.311,-37.1327,22.8742,-1.36995,-16.8227,19.8528,0,0,0,0,0,0,-6.10061,-6.2582,4.41738,2.81334,-0.50309,1.43743
187,0.0935,4,2,4,0,0,0,0,0,0,-50.1419,-37.5264,22.7505,-1.34038,-16.7136,19.3828,0,0,0,0,0,0,-6.04302,-6.29821,4.38394,2.78199,-0.489498,1.36075
188,0.094,4,2,4,0,0,0,0,0,0,-49.9963,-37.9197,22.637,-1.30437,-16.6041,18.9371,0,0,0,0,0,0,-6.01063,-6.33639,4.36476,2.76306,-0.476585,1.31491
189,0.0945,4,2,4,0,0,0,0,0,0,-49.8748,-38.3363,22.5446,-1.25127,-16.4953,18.5236,0,0,0,0,0,0,-5.98591,-6.39322,4.35507,2.75059,-0.468828,1.28409
190,0.095,4,2,4,0,0,0,0,0,0,-49.7625,-38.7543,22.4683,-1.18189,-16.3917,18.1259,0,0,0,0,0,0,-5.94948,-6.44505,4.34046,2.73071,-0.468731,1.2292
191,0.0955,4,2,4,0,0,0,0,0,0,-49.635,-39.1547,22.3912,-1.11361,-16.2981,17.7094,0,0,0,0,0,0,-5.90574,-6.48155,4.32174,2.70828,-0.467158,1.16692
192,0.096,4,2,4,0,0,0,0,0,0,-49.4837,-39.5482,22.3077,-1.05123,-16.2095,17.2705,0,0,0,0,0,0,-5.8612,-6.51278,4.31172,2.7048,-0.458726,1.11908
193,0.0965,4,2,4,0,0,0,0,0,0,-49.324,-39.9374,22.2196,-0.991351,-16.1169,16.8319,0,0,0,0,0,0,-5.78727,-6.53012,4.27201,2.66744,-0.452365,1.03831
194,0.097,4,2,4,0,0,0,0,0,0,-49.1624,-40.3409,22.1255,-0.938661,-16.0161,16.4072,0,0,0,0,0,0,-5.72459,-6.56501,4.22964,2.62306,-0.444177,0.952146
195,0.0975,4,2,4,0,0,0,0,0,0,-49.0025,-40.7441,22.0295,-0.886131,-15.9081,15.9951,0,0,0,0,0,0,-5.6751,-6.61554,4.20139,2.59472,-0.432152,0.889315
196,0.098,4,2,4,0,0,0,0,0,0,-48.8318,-41.125,21.9242,-0.842559,-15.8024,15.5663,0,0,0,0,0,0,-5.61754,-6.66221,4.17303,2.56328,-0.425312,0.828048
197,0.0985,4,2,4,0,0,0,0,0,0,-48.6518,-41.4972,21.8254,-0.789123,-15.7,15.1271,0,0,0,0,0,0,-5.56468,-6.70472,4.14643,2.53654,-0.422501,0.774849
198,0.099,4,2,4,0,0,0,0,0,0,-48.477,-41.8696,21.7358,-0.724829,-15.6026,14.7063,0,0,0,0,0,0,-5.50794,-6.72453,4.12297,2.52309,-0.415803,0.709867
199,0.0995,4,2,4,0,0,0,0,0,0,-48.3119,-42.2501,21.6582,-0.647286,-15.5087,14.3109,0,0,0,0,0,0,-5.46063,-6.7615,4.09789,2.50456,-0.405394,0.666879
200,0.1,4,2,4,0,0,0,0,0,0,-48.147,-42.6288,21.5789,-0.572434,-15.4167,13.9298,0,0,0,0,0,0,-5.41736,-6.82373,4.07364,2.48115,-0.39483,0.635273
201,0.1005,4,2,4,0,0,0,0,0,0,-47.9635,-42.9841,21.4832,-0.513081,-15.325,13.5242,0,0,0,0,0,0,-5.34569,-6.84948,4.03767,2.45456,-0.385647,0.559062
202,0.101,4,2,4,0,0,0,0,0,0,-47.7722,-43.3329,21.3846,-0.455619,-15.2308,13.1051,0,0,0,0,0,0,-5.30871,-6.90369,4.02453,2.44222,-0.375714,0.514377
203,0.1015,4,2,4,0,0,0,0,0,0,-47.5883,-43.6896,21.2887,-0.396231,-15.132,12.6953,0,0,0,0,0,0,-5.23845,-6.90712,3.98544,2.41424,-0.3663,0.450987
204,0.102,4,2,4,0,0,0,0,0,0,-47.4149,-44.0608,21.2035,-0.325964,-15.028,12.3046,0,0,0,0,0,0,-5.19666,-6.95178,3.97473,2.40288,-0.360609,0.39925
205,0.1025,4,2,4,0,0,0,0,0,0,-47.2573,-44.4375,21.125,-0.25183,-14.9239,11.9381,0,0,0,0,0,0,-5.1597,-7.00506,3.955,2.38281,-0.354511,0.364027
206,0.103,4,2,4,0,0,0,0,0,0,-47.0902,-44.7885,21.0416,-0.183031,-14.829,11.5547,0,0,0,0,0,0,-5.11372,-7.03049,3.92128,2.35521,-0.345801,0.334744
207,0.1035,4,2,4,0,0,0,0,0,0,-46.9117,-45.1307,20.9553,-0.117852,-14.7418,11.1597,0,0,0,0,0,0,-5.06408,-7.0603,3.90654,2.34123,-0.345664,0.275779
208,0.104,4,2,4,0,0,0,0,0,0,-46.7314,-45.4748,20.8677,-0.0500016,-14.6531,10.7704,0,0,0,0,0,0,-5.0079,-7.07046,3.8925,2.3426,-0.337809,0.222114
209,0.1045,4,2,4,0,0,0,0,0,0,-46.5457,-45.8292,20.7739,0.0174889,-14.5558,10.391,0,0,0,0,0,0,-4.9481,-7.08857,3.86223,2.32763,-0.325156,0.175409
210,0.105,4,2,4,0,0,0,0,0,0,-46.3626,-46.1859,20.6708,0.0811292,-14.4485,10.0303,0,0,0,0,0,0,-4.86739,-7.1073,3.80563,2.27385,-0.321412,0.082987
211,0.1055,4,2,4,0,0,0,0,0,0,-46.1683,-46.5176,20.553,0.135845,-14.339,9.65615,0,0,0,0,0,0,-4.80532,-7.14196,3.75964,2.22618,-0.315699,0.00705516
212,0.106,4,2,4,0,0,0,0,0,0,-45.9598,-46.8351,20.4291,0.187006,-14.2301,9.26419,0,0,0,0,0,0,-4.77081,-7.1924,3.74456,2.21051,-0.306362,-0.0345958
213,0.1065,4,2,4,0,0,0,0,0,0,-45.7537,-47.1542,20.3113,0.245675,-14.1216,8.87936,0,0,0,0,0,0,-4.74836,-7.24193,3.73313,2.19933,-0.297093,-0.0636008
214,0.107,4,2,4,0,0,0,0,0,0,-45.5685,-47.4847,20.2123,0.322979,-14.0135,8.52707,0,0,0,0,0,0,-4.69911,-7.25514,3.69423,2.1672,-0.28983,-0.112913
215,0.1075,4,2,4,0,0,0,0,0,0,-45.4022,-47.8268,20.129,0.409541,-13.9115,8.20576,0,0,0,0,0,0,-4.64913,-7.27965,3.66103,2.14013,-0.285694,-0.151199
216,0.108,4,2,4,0,0,0,0,0,0,-45.2376,-48.1532,20.0468,0.491414,-13.8189,7.87575,0,0,0,0,0,0,-4.60426,-7.307,3.64351,2.13555,-0.278632,-0.176563
217,0.1085,4,2,4,0,0,0,0,0,0,-45.0533,-48.4638,19.9608,0.567452,-13.7328,7.51564,0,0,0,0,0,0,-4.55761,-7.32895,3.62833,2.1317,-0.271898,-0.208177
218,0.109,4,2,4,0,0,0,0,0,0,-44.8545,-48.7727,19.8689,0.636906,-13.6464,7.14293,0,0,0,0,0,0,-4.50634,-7.35719,3.61185,2.12187,-0.266766,-0.258426
219,0.1095,4,2,4,0,0,0,0,0,0,-44.6582,-49.0874,19.7764,0.70785,-13.5514,6.78715,0,0,0,0,0,0,-4.43709,-7.37421,3.56232,2.07543,-0.263579,-0.327587
220,0.11,4,2,4,0,0,0,0,0,0,-44.4728,-49.4099,19.6861,0.784434,-13.4457,6.46376,0,0,0,0,0,0,-4.3749,-7.39091,3.52766,2.04843,-0.251818,-0.393575
221,0.1105,4,2,4,0,0,0,0,0,0,-44.2866,-49.7259,19.5895,0.855155,-13.3353,6.14882,0,0,0,0,0,0,-4.31556,-7.42241,3.4996,2.02916,-0.237735,-0.443992
222,0.111,4,2,4,0,0,0,0,0,0,-44.0866,-50.0229,19.4858,0.920356,-13.2259,5.81916,0,0,0,0,0,0,-4.26605,-7.45921,3.47761,2.0186,-0.226366,-0.469425
223,0.1115,4,2,4,0,0,0,0,0,0,-43.871,-50.3076,19.379,0.982662,-13.1209,5.47615,0,0,0,0,0,0,-4.20916,-7.47954,3.44417,1.99353,-0.220982,-0.509146
224,0.112,4,2,4,0,0,0,0,0,0,-43.6517,-50.5871,19.2779,1.0517,-13.0211,5.14148,0,0,0,0,0,0,-4.15446,-7.48924,3.41801,1.97601,-0.217371,-0.559933
225,0.1125,4,2,4,0,0,0,0,0,0,-43.4328,-50.8704,19.1867,1.13248,-12.925,4.82314,0,0,0,0,0,0,-4.10045,-7.5008,3.38761,1.95033,-0.214433,-0.624726
226,0.113,4,2,4,0,0,0,0,0,0,-43.2214,-51.1535,19.0961,1.21228,-12.8336,4.52217,0,0,0,0,0,0,-4.05303,-7.5267,3.36249,1.93255,-0.206616,-0.673002
227,0.1135,4,2,4,0,0,0,0,0,0,-43.007,-51.4166,18.9999,1.28556,-12.7482,4.20555,0,0,0,0,0,0,-4.01236,-7.55564,3.32537,1.90401,-0.199451,-0.702369
228,0.114,4,2,4,0,0,0,0,0,0,-42.7932,-51.6745,18.9056,1.3577,-12.665,3.87654,0,0,0,0,0,0,-3.97451,-7.57744,3.30329,1.89313,-0.186664,-0.729713
229,0.1145,4,2,4,0,0,0,0,0,0,-42.5802,-51.9384,18.8153,1.431,-12.5788,3.54402,0,0,0,0,0,0,-3.91619,-7.58507,3.27294,1.86946,-0.179939,-0.783466
230,0.115,4,2,4,0,0,0,0,0,0,-42.3746,-52.2183,18.7329,1.51122,-12.4849,3.22279,0,0,0,0,0,0,-3.84625,-7.5918,3.23487,1.84022,-0.176039,-0.848578
231,0.1155,4,2,4,0,0,0,0,0,0,-42.1777,-52.5052,18.6552,1.59536,-12.3848,2.921,0,0,0,0,0,0,-3.79279,-7.61898,3.21785,1.83072,-0.169886,-0.890141
232,0.116,4,2,4,0,0,0,0,0,0,-41.9786,-52.7748,18.5662,1.66685,-12.2872,2.61777,0,0,0,0,0,0,-3.73762,-7.65062,3.20078,1.81871,-0.164473,-0.933268
233,0.1165,4,2,4,0,0,0,0,0,0,-41.7655,-53.0253,18.4746,1.73741,-12.1926,2.30238,0,0,0,0,0,0,-3.676,-7.65427,3.1655,1.78931,-0.164547,-0.984696
234,0.117,4,2,4,0,0,0,0,0,0,-41.5468,-53.2672,18.3855,1.81174,-12.1003,1.99175,0,0,0,0,0,0,-3.61759,-7.6471,3.12592,1.7638,-0.160727,-1.01847
235,0.1175,4,2,4,0,0,0,0,0,0,-41.3314,-53.5109,18.3001,1.89178,-12.0095,1.70517,0,0,0,0,0,0,-3.58283,-7.66435,3.10218,1.75809,-0.148758,-1.02696
236,0.118,4,2,4,0,0,0,0,0,0,-41.1237,-53.7651,18.2214,1.98123,-11.9171,1.44661,0,0,0,0,0,0,-3.54062,-7.68065,3.07775,1.74295,-0.144257,-1.06632
237,0.1185,4,2,4,0,0,0,0,0,0,-40.9271,-54.0173,18.1393,2.06526,-11.8256,1.19895,0,0,0,0,0,0,-3.49953,-7.71395,3.05315,1.72351,-0.13966,-1.09646
238,0.119,4,2,4,0,0,0,0,0,0,-40.7271,-54.2574,18.0498,2.14158,-11.7359,0.940496,0,0,0,0,0,0,-3.44091,-7.7283,3.0154,1.69293,-0.135333,-1.13873
239,0.1195,4,2,4,0,0,0,0,0,0,-40.5158,-54.4797,17.9587,2.21995,-11.646,0.667337,0,0,0,0,0,0,-3.39992,-7.74361,2.99921,1.68866,-0.120936,-1.15682
240,0.12,4,2,4,0,0,0,0,0,0,-40.3001,-54.701,17.8709,2.30317,-11.5554,0.389582,0,0,0,0,0,0,-3.33477,-7.72988,2.97076,1.67259,-0.11166,-1.21692
241,0.1205,4,2,4,0,0,0,0,0,0,-40.0897,-54.9376,17.7944,2.39509,-11.4617,0.120173,0,0,0,0,0,0,-3.27375,-7.73746,2.94186,1.65719,-0.103022,-1.25927
242,0.121,4,2,4,0,0,0,0,0,0,-39.8939,-55.1823,17.723,2.49039,-11.3642,-0.129927,0,0,0,0,0,0,-3.22375,-7.75101,2.91442,1.64138,-0.0971527,-1.29932
243,0.1215,4,2,4,0,0,0,0,0,0,-39.6855,-55.4101,17.6421,2.57414,-11.2708,-0.399076,0,0,0,0,0,0,-3.19244,-7.77487,2.89388,1.63228,-0.088264,-1.32503
244,0.122,4,2,4,0,0,0,0,0,0,-39.4581,-55.6234,17.5505,2.64837,-11.1836,-0.692955,0,0,0,0,0,0,-3.13926,-7.78098,2.85996,1.60802,-0.0863533,-1.37003
245,0.1225,4,2,4,0,0,0,0,0,0,-39.2398,-55.835,17.4642,2.7287,-11.099,-0.982072,0,0,0,0,0,0,-3.09008,-7.78879,2.82921,1.58332,-0.0922063,-1.41813
246,0.123,4,2,4,0,0,0,0,0,0,-39.0333,-56.0541,17.3874,2.81811,-11.0143,-1.25175,0,0,0,0,0,0,-3.05183,-7.80023,2.80841,1.57447,-0.0909201,-1.43263
247,0.1235,4,2,4,0,0,0,0,0,0,-38.8338,-56.2913,17.3095,2.91034,-10.9225,-1.48473,0,0,0,0,0,0,-3.01263,-7.81515,2.79566,1.57774,-0.079472,-1.43808
248,0.124,4,2,4,0,0,0,0,0,0,-38.6386,-56.5202,17.2251,2.99922,-10.8249,-1.70269,0,0,0,0,0,0,-2.95218,-7.8175,2.76366,1.55813,-0.0735323,-1.49044
249,0.1245,4,2,4,0,0,0,0,0,0,-38.4353,-56.7333,17.1294,3.07723,-10.7278,-1.93319,0,0,0,0,0,0,-2.8969,-7.81738,2.72986,1.53562,-0.0660117,-1.53677
250,0.125,4,2,4,0,0,0,0,0,0,-38.2156,-56.9246,17.0236,3.14823,-10.6323,-2.17834,0,0,0,0,0,0,-2.85185,-7.82994,2.70478,1.52258,-0.053226,-1.56257
251,0.1255,4,2,4,0,0,0,0,0,0,-37.9845,-57.0979,16.9176,3.22371,-10.5359,-2.43318,0,0,0,0,0,0,-2.79019,-7.80942,2.66726,1.49399,-0.0519736,-1.63259
252,0.126,4,2,4,0,0,0,0,0,0,-37.7553,-57.2674,16.8152,3.30303,-10.4414,-2.68463,0,0,0,0,0,0,-2.7448,-7.80856,2.62896,1.46764,-0.0480544,-1.67576
253,0.1265,4,2,4,0,0,0,0,0,0,-37.5468,-57.4631,16.7265,3.39221,-10.3458,-2.90781,0,0,0,0,0,0,-2.71297,-7.82803,2.59682,1.45071,-0.0394427,-1.68073
254,0.127,4,2,4,0,0,0,0,0,0,-37.3543,-57.6589,16.6403,3.47716,-10.2552,-3.12826,0,0,0,0,0,0,-2.68656,-7.84946,2.575,1.44223,-0.0289467,-1.679
255,0.1275,4,2,4,0,0,0,0,0,0,-37.1653,-57.8535,16.5506,3.55169,-10.1698,-3.35742,0,0,0,0,0,0,-2.64657,-7.85221,2.54088,1.4192,-0.0303044,-1.71707
256,0.128,4,2,4,0,0,0,0,0,0,-36.9739,-58.0427,16.46,3.62022,-10.0875,-3.59335,0,0,0,0,0,0,-2.61709,-7.87074,2.52754,1.41216,-0.0260776,-1.73484
257,0.1285,4,2,4,0,0,0,0,0,0,-36.783,-58.2299,16.374,3.69332,-10.0038,-3.81811,0,0,0,0,0,0,-2.56633,-7.86211,2.50865,1.39926,-0.024429,-1.776
258,0.129,4,2,4,0,0,0,0,0,0,-36.593,-58.4186,16.2896,3.76981,-9.9158,-4.02234,0,0,0,0,0,0,-2.5058,-7.84455,2.48043,1.38271,-0.0215518,-1.82338
259,0.1295,4,2,4,0,0,0,0,0,0,-36.4018,-58.6118,16.2063,3.84955,-9.82088,-4.2032,0,0,0,0,0,0,-2.44855,-7.83557,2.45081,1.36996,-0.014964,-1.8588
260,0.13,4,2,4,0,0,0,0,0,0,-36.1945,-58.7765,16.111,3.9225,-9.72628,-4.39574,0,0,0,0,0,0,-2.40458,-7.83979,2.41702,1.3552,-0.00523658,-1.87769
261,0.1305,4,2,4,0,0,0,0,0,0,-35.9736,-58.9196,16.0071,3.99113,-9.63277,-4.59775,0,0,0,0,0,0,-2.36374,-7.83682,2.37371,1.32744,-0.00203248,-1.90674
262,0.131,4,2,4,0,0,0,0,0,0,-35.7466,-59.0485,15.8959,4.05509,-9.54252,-4.81066,0,0,0,0,0,0,-2.33548,-7.84783,2.34823,1.31467,0.00648731,-1.90898
263,0.1315,4,2,4,0,0,0,0,0,0,-35.5248,-59.1838,15.791,4.12404,-9.45365,-5.02472,0,0,0,0,0,0,-2.29218,-7.83496,2.31894,1.30085,0.0147664,-1.93105
264,0.132,4,2,4,0,0,0,0,0,0,-35.3157,-59.3326,15.7002,4.20383,-9.36473,-5.22793,0,0,0,0,0,0,-2.244,-7.8141,2.28788,1.28222,0.0197513,-1.96825
265,0.1325,4,2,4,0,0,0,0,0,0,-35.1267,-59.5072,15.6239,4.29121,-9.27599,-5.40199,0,0,0,0,0,0,-2.20863,-7.82382,2.26924,1.27538,0.0293228,-1.98164
266,0.133,4,2,4,0,0,0,0,0,0,-34.9445,-59.6741,15.5549,4.37852,-9.19276,-5.57798,0,0,0,0,0,0,-2.17068,-7.82857,2.25282,1.27374,0.0397083,-2.00039
267,0.1335,4,2,4,0,0,0,0,0,0,-34.758,-59.8353,15.4877,4.46255,-9.11414,-5.76058,0,0,0,0,0,0,-2.12696,-7.82093,2.2253,1.25552,0.0387954,-2.041
268,0.134,4,2,4,0,0,0,0,0,0,-34.5668,-59.9837,15.4174,4.54148,-9.03827,-5.94674,0,0,0,0,0,0,-2.09176,-7.84221,2.20546,1.24285,0.0389371,-2.06664
269,0.1345,4,2,4,0,0,0,0,0,0,-34.364,-60.1132,15.3404,4.61642,-8.96255,-6.14332,0,0,0,0,0,0,-2.04931,-7.84079,2.18335,1.23529,0.0432904,-2.09598
270,0.135,4,2,4,0,0,0,0,0,0,-34.1521,-60.2308,15.2564,4.68916,-8.88539,-6.33903,0,0,0,0,0,0,-2.00358,-7.8152,2.15127,1.22088,0.0457104,-2.13084
271,0.1355,4,2,4,0,0,0,0,0,0,-33.9477,-60.3598,15.1707,4.76539,-8.80169,-6.50454,0,0,0,0,0,0,-1.96708,-7.82351,2.12329,1.20803,0.0491128,-2.13871
272,0.136,4,2,4,0,0,0,0,0,0,-33.748,-60.4788,15.0792,4.83823,-8.71585,-6.66627,0,0,0,0,0,0,-1.93,-7.82673,2.09925,1.20234,0.0552111,-2.1391
273,0.1365,4,2,4,0,0,0,0,0,0,-33.5495,-60.5985,14.9871,4.91034,-8.62811,-6.82461,0,0,0,0,0,0,-1.88355,-7.80872,2.07092,1.18765,0.0596142,-2.16806
274,0.137,4,2,4,0,0,0,0,0,0,-33.3505,-60.7134,14.8979,4.98547,-8.53938,-6.98418,0,0,0,0,0,0,-1.84172,-7.80342,2.04782,1.17521,0.0662664,-2.19403
275,0.1375,4,2,4,0,0,0,0,0,0,-33.153,-60.8234,14.8137,5.06469,-8.45074,-7.14486,0,0,0,0,0,0,-1.80679,-7.80122,2.02934,1.16435,0.0733374,-2.21187
276,0.138,4,2,4,0,0,0,0,0,0,-32.9589,-60.9299,14.7376,5.14918,-8.36408,-7.29919,0,0,0,0,0,0,-1.76865,-7.77814,2.0029,1.15209,0.0828796,-2.24237
277,0.1385,4,2,4,0,0,0,0,0,0,-32.7664,-61.0364,14.6679,5.23688,-8.27971,-7.43824,0,0,0,0,0,0,-1.72249,-7.74737,1.9618,1.13217,0.0881166,-2.26367
278,0.139,4,2,4,0,0,0,0,0,0,-32.5683,-61.1207,14.5907,5.31413,-8.20563,-7.58755,0,0,0,0,0,0,-1.69821,-7.74581,1.93733,1.125,0.0972095,-2.25989
279,0.1395,4,2,4,0,0,0,0,0,0,-32.3734,-61.202,14.506,5.37973,-8.13978,-7.748,0,0,0,0,0,0,-1.67267,-7.75534,1.91899,1.11949,0.103204,-2.25958
280,0.14,4,2,4,0,0,0,0,0,0,-32.1991,-61.3136,14.4281,5.44264,-8.07529,-7.90842,0,0,0,0,0,0,-1.64852,-7.74668,1.89073,1.09939,0.0998126,-2.26365
281,0.1405,4,2,4,0,0,0,0,0,0,-32.0495,-61.4563,14.3639,5.50884,-8.00862,-8.06225,0,0,0,0,0,0,-1.62599,-7.75218,1.88377,1.09483,0.099705,-2.28689
282,0.141,4,2,4,0,0,0,0,0,0,-31.9011,-61.5991,14.3026,5.57687,-7.93723,-8.21017,0,0,0,0,0,0,-1.5898,-7.7366,1.85826,1.0806,0.101029,-2.32082
283,0.1415,4,2,4,0,0,0,0,0,0,-31.7306,-61.7235,14.2331,5.64768,-7.85799,-8.34152,0,0,0,0,0,0,-1.54856,-7.71297,1.82795,1.06818,0.105791,-2.3508
284,0.142,4,2,4,0,0,0,0,0,0,-31.5382,-61.8139,14.1475,5.71538,-7.77357,-8.46159,0,0,0,0,0,0,-1.50601,-7.69121,1.79956,1.05636,0.11105,-2.3675
285,0.1425,4,2,4,0,0,0,0,0,0,-31.3319,-61.8624,14.0424,5.77196,-7.69084,-8.59506,0,0,0,0,0,0,-1.46419,-7.66492,1.77588,1.05311,0.125435,-2.36945
286,0.143,4,2,4,0,0,0,0,0,0,-31.1273,-61.9032,13.934,5.82691,-7.60847,-8.73202,0,0,0,0,0,0,-1.41628,-7.63772,1.7371,1.0352,0.1325,-2.39023
287,0.1435,4,2,4,0,0,0,0,0,0,-30.9368,-61.9501,13.8324,5.8852,-7.52813,-8.86594,0,0,0,0,0,0,-1.38941,-7.64536,1.7082,1.02006,0.137334,-2.40266
288,0.144,4,2,4,0,0,0,0,0,0,-30.7572,-62.0081,13.741,5.94971,-7.44974,-8.98721,0,0,0,0,0,0,-1.35708,-7.63358,1.67021,0.999772,0.139333,-2.4127
289,0.1445,4,2,4,0,0,0,0,0,0,-30.5875,-62.0789,13.6595,6.02133,-7.3727,-9.09264,0,0,0,0,0,0,-1.33914,-7.63075,1.65811,0.99994,0.15022,-2.40263
290,0.145,4,2,4,0,0,0,0,0,0,-30.4312,-62.1736,13.5908,6.10039,-7.29665,-9.17771,0,0,0,0,0,0,-1.30844,-7.62036,1.63318,0.986485,0.150777,-2.41966
291,0.1455,4,2,4,0,0,0,0,0,0,-30.2803,-62.2703,13.5259,6.17626,-7.22851,-9.27478,0,0,0,0,0,0,-1.28621,-7.61703,1.618,0.977775,0.151269,-2.44327
292,0.146,4,2,4,0,0,0,0,0,0,-30.1218,-62.3504,13.4566,6.24408,-7.16791,-9.40104,0,0,0,0,0,0,-1.24765,-7.58273,1.59845,0.970886,0.151727,-2.48498
293,0.1465,4,2,4,0,0,0,0,0,0,-29.9611,-62.4214,13.3848,6.30687,-7.10759,-9.53449,0,0,0,0,0,0,-1.21407,-7.5492,1.57872,0.968593,0.155244,-2.51175
294,0.147,4,2,4,0,0,0,0,0,0,-29.8009,-62.4814,13.3079,6.36427,-7.04463,-9.66923,0,0,0,0,0,0,-1.19195,-7.53004,1.55682,0.957923,0.151104,-2.5312
295,0.1475,4,2,4,0,0,0,0,0,0,-29.6389,-62.5348,13.2213,6.41437,-6.97919,-9.80289,0,0,0,0,0,0,-1.17263,-7.52578,1.53217,0.947424,0.150719,-2.52929
296,0.148,4,2,4,0,0,0,0,0,0,-29.4866,-62.5978,13.1314,6.46624,-6.90821,-9.90921,0,0,0,0,0,0,-1.153,-7.51985,1.513,0.942662,0.156187,-2.52097
297,0.1485,4,2,4,0,0,0,0,0,0,-29.3407,-62.6759,13.0399,6.52053,-6.8327,-9.98535,0,0,0,0,0,0,-1.12385,-7.51196,1.49093,0.938676,0.161487,-2.51743
298,0.149,4,2,4,0,0,0,0,0,0,-29.1915,-62.7416,12.9402,6.56972,-6.75808,-10.0617,0,0,0,0,0,0,-1.09548,-7.49301,1.46503,0.931199,0.169135,-2.50904
299,0.1495,4,2,4,0,0,0,0,0,0,-29.0368,-62.7875,12.8361,6.6152,-6.68533,-10.147,0,0,0,0,0,0,-1.06793,-7.4809,1.43531,0.917847,0.173511,-2.52253
300,0.15,4,2,4,0,0,0,0,0,0,-28.8785,-62.8201,12.7322,6.66031,-6.61422,-10.238,0,0,0,0,0,0,-1.02785,-7.44931,1.40875,0.902457,0.177987,-2.56481
301,0.1505,4,2,4,0,0,0,0,0,0,-28.7194,-62.8408,12.6303,6.70807,-6.54603,-10.3319,0,0,0,0,0,0,-1.00303,-7.42947,1.38951,0.892881,0.184903,-2.58391
302,0.151,4,2,4,0,0,0,0,0,0,-28.5586,-62.8516,12.5342,6.76187,-6.47958,-10.426,0,0,0,0,0,0,-0.981981,-7.39098,1.35203,0.872074,0.186892,-2.59269
303,0.1515,4,2,4,0,0,0,0,0,0,-28.4025,-62.8676,12.4437,6.81845,-6.41566,-10.5107,0,0,0,0,0,0,-0.964796,-7.37861,1.32608,0.862824,0.192675,-2.58586
304,0.152,4,2,4,0,0,0,0,0,0,-28.2569,-62.8983,12.3604,6.87563,-6.35368,-10.585,0,0,0,0,0,0,-0.956825,-7.37535,1.30543,0.859448,0.200476,-2.58492
305,0.1525,4,2,4,0,0,0,0,0,0,-28.1162,-62.9357,12.2739,6.92429,-6.29619,-10.6681,0,0,0,0,0,0,-0.949084,-7.38109,1.29307,0.861476,0.204755,-2.56864
306,0.153,4,2,4,0,0,0,0,0,0,-27.9811,-62.9815,12.18,6.96299,-6.24117,-10.755,0,0,0,0,0,0,-0.927425,-7.34952,1.27501,0.856289,0.205393,-2.57011
307,0.1535,4,2,4,0,0,0,0,0,0,-27.8504,-63.0339,12.0818,6.99637,-6.18462,-10.842,0,0,0,0,0,0,-0.902224,-7.3266,1.2527,0.845968,0.201761,-2.57892
308,0.154,4,2,4,0,0,0,0,0,0,-27.7207,-63.0817,11.9799,7.02651,-6.12656,-10.9349,0,0,0,0,0,0,-0.872244,-7.28559,1.22421,0.832331,0.200258,-2.62402
309,0.1545,4,2,4,0,0,0,0,0,0,-27.591,-63.1173,11.8779,7.05703,-6.06608,-11.0214,0,0,0,0,0,0,-0.84489,-7.25734,1.19827,0.820342,0.19727,-2.65846
310,0.155,4,2,4,0,0,0,0,0,0,-27.456,-63.1338,11.7774,7.09281,-6.00204,-11.0906,0,0,0,0,0,0,-0.822614,-7.23279,1.17069,0.806674,0.198291,-2.6603
311,0.1555,4,2,4,0,0,0,0,0,0,-27.3222,-63.1415,11.6771,7.13221,-5.93591,-11.1374,0,0,0,0,0,0,-0.805829,-7.22392,1.165,0.81503,0.213283,-2.63921
312,0.156,4,2,4,0,0,0,0,0,0,-27.1864,-63.1255,11.5732,7.16946,-5.87351,-11.1912,0,0,0,0,0,0,-0.794887,-7.208,1.13955,0.806396,0.219626,-2.61938
313,0.1565,4,2,4,0,0,0,0,0,0,-27.0511,-63.1025,11.471,7.20653,-5.81655,-11.2523,0,0,0,0,0,0,-0.784425,-7.20374,1.12019,0.804338,0.22918,-2.62191
314,0.157,4,2,4,0,0,0,0,0,0,-26.9219,-63.09,11.375,7.24501,-5.76435,-11.312,0,0,0,0,0,0,-0.767423,-7.19285,1.0902,0.790685,0.229014,-2.63502
315,0.1575,4,2,4,0,0,0,0,0,0,-26.8013,-63.0892,11.2867,7.28773,-5.7152,-11.3671,0,0,0,0,0,0,-0.749097,-7.16545,1.06711,0.78123,0.229607,-2.65451
316,0.158,4,2,4,0,0,0,0,0,0,-26.6826,-63.0933,11.2025,7.33281,-5.67073,-11.4259,0,0,0,0,0,0,-0.723973,-7.12255,1.04135,0.765567,0.224816,-2.69366
317,0.1585,4,2,4,0,0,0,0,0,0,-26.5652,-63.1042,11.1164,7.37612,-5.62742,-11.4803,0,0,0,0,0,0,-0.711252,-7.09935,1.01844,0.75444,0.221831,-2.71151
318,0.159,4,2,4,0,0,0,0,0,0,-26.4543,-63.119,11.0257,7.41504,-5.58008,-11.52,0,0,0,0,0,0,-0.704708,-7.08586,0.9974,0.750608,0.225514,-2.69404
319,0.1595,4,2,4,0,0,0,0,0,0,-26.3471,-63.1245,10.9281,7.44418,-5.5317,-11.5663,0,0,0,0,0,0,-0.698825,-7.06206,0.982211,0.752294,0.233738,-2.6608
320,0.16,4,2,4,0,0,0,0,0,0,-26.2411,-63.1236,10.8262,7.46405,-5.48363,-11.632,0,0,0,0,0,0,-0.681217,-7.03336,0.971106,0.750741,0.236944,-2.65787
321,0.1605,4,2,4,0,0,0,0,0,0,-26.1381,-63.1235,10.7223,7.47724,-5.43725,-11.7093,0,0,0,0,0,0,-0.671972,-7.01334,0.966525,0.749108,0.237771,-2.65556
322,0.161,4,2,4,0,0,0,0,0,0,-26.0332,-63.1244,10.6145,7.48572,-5.39298,-11.7854,0,0,0,0,0,0,-0.652537,-6.98134,0.944343,0.739073,0.235956,-2.67504
323,0.1615,4,2,4,0,0,0,0,0,0,-25.9221,-63.1099,10.5039,7.49592,-5.34846,-11.8464,0,0,0,0,0,0,-0.631168,-6.94132,0.911526,0.722471,0.231899,-2.69918
324,0.162,4,2,4,0,0,0,0,0,0,-25.8053,-63.0804,10.393,7.51065,-5.30311,-11.8918,0,0,0,0,0,0,-0.612777,-6.90348,0.87803,0.70675,0.23087,-2.71052
325,0.1625,4,2,4,0,0,0,0,0,0,-25.6957,-63.0543,10.2856,7.53172,-5.25583,-11.9101,0,0,0,0,0,0,-0.6012,-6.87934,0.84934,0.695772,0.233544,-2.69093
326,0.163,4,2,4,0,0,0,0,0,0,-25.5974,-63.0223,10.1756,7.55369,-5.2105,-11.9123,0,0,0,0,0,0,-0.598173,-6.88488,0.830462,0.693081,0.243215,-2.66698
327,0.1635,4,2,4,0,0,0,0,0,0,-25.5002,-62.9695,10.0601,7.57332,-5.17048,-11.9186,0,0,0,0,0,0,-0.598796,-6.86167,0.805461,0.689993,0.254466,-2.65435
328,0.164,4,2,4,0,0,0,0,0,0,-25.3992,-62.9044,9.94685,7.59263,-5.13556,-11.9464,0,0,0,0,0,0,-0.588284,-6.82394,0.781549,0.686574,0.258288,-2.66621
329,0.1645,4,2,4,0,0,0,0,0,0,-25.3029,-62.8457,9.84402,7.61257,-5.10566,-11.9962,0,0,0,0,0,0,-0.583089,-6.78793,0.764576,0.67982,0.257556,-2.67868
330,0.165,4,2,4,0,0,0,0,0,0,-25.2091,-62.808,9.75132,7.63455,-5.07907,-12.0572,0,0,0,0,0,0,-0.565131,-6.75219,0.754485,0.675857,0.25477,-2.7156
331,0.1655,4,2,4,0,0,0,0,0,0,-25.1157,-62.7781,9.65972,7.65575,-5.05303,-12.1196,0,0,0,0,0,0,-0.557958,-6.72339,0.742872,0.669445,0.253231,-2.75627
332,0.166,4,2,4,0,0,0,0,0,0,-25.0276,-62.755,9.56458,7.67289,-5.02579,-12.1685,0,0,0,0,0,0,-0.546184,-6.70716,0.72224,0.66265,0.249451,-2.77425
333,0.1665,4,2,4,0,0,0,0,0,0,-24.9482,-62.7468,9.46701,7.68695,-4.99378,-12.1888,0,0,0,0,0,0,-0.545499,-6.70018,0.694929,0.653913,0.246105,-2.7503
334,0.167,4,2,4,0,0,0,0,0,0,-24.876,-62.7349,9.36511,7.69441,-4.95974,-12.2023,0,0,0,0,0,0,-0.551683,-6.69746,0.67539,0.65041,0.247302,-2.71214
335,0.1675,4,2,4,0,0,0,0,0,0,-24.8071,-62.7113,9.25301,7.69334,-4.92727,-12.222,0,0,0,0,0,0,-0.556439,-6.68001,0.661878,0.647547,0.249147,-2.69957
336,0.168,4,2,4,0,0,0,0,0,0,-24.737,-62.6707,9.12913,7.6862,-4.89722,-12.2558,0,0,0,0,0,0,-0.541218,-6.63267,0.645397,0.641952,0.248901,-2.72014
337,0.1685,4,2,4,0,0,0,0,0,0,-24.6669,-62.6157,9.00214,7.67846,-4.86961,-12.2986,0,0,0,0,0,0,-0.534292,-6.59035,0.617577,0.632977,0.247134,-2.72318
338,0.169,4,2,4,0,0,0,0,0,0,-24.5928,-62.5478,8.87734,7.67252,-4.84454,-12.3422,0,0,0,0,0,0,-0.525389,-6.55295,0.600594,0.627155,0.248961,-2.74019
339,0.1695,4,2,4,0,0,0,0,0,0,-24.5173,-62.4653,8.75727,7.67024,-4.82069,-12.3826,0,0,0,0,0,0,-0.509294,-6.49524,0.581562,0.61833,0.252486,-2.74419
340,0.17,4,2,4,0,0,0,0,0,0,-24.4453,-62.3815,8.64154,7.67123,-4.80017,-12.4149,0,0,0,0,0,0,-0.508081,-6.47329,0.566157,0.610244,0.25945,-2.73117
341,0.1705,4,2,4,0,0,0,0,0,0,-24.3828,-62.312,8.53167,7.67671,-4.78202,-12.4194,0,0,0,0,0,0,-0.509204,-6.45052,0.540367,0.598434,0.259201,-2.70688
342,0.171,4,2,4,0,0,0,0,0,0,-24.3307,-62.2588,8.42956,7.68545,-4.76613,-12.4015,0,0,0,0,0,0,-0.518826,-6.43832,0.513024,0.590353,0.258462,-2.67563
343,0.1715,4,2,4,0,0,0,0,0,0,-24.2787,-62.2057,8.33205,7.69252,-4.75507,-12.3931,0,0,0,0,0,0,-0.523293,-6.41344,0.491537,0.586861,0.258177,-2.67123
344,0.172,4,2,4,0,0,0,0,0,0,-24.2211,-62.146,8.23387,7.69637,-4.74677,-12.4032,0,0,0,0,0,0,-0.516776,-6.37642,0.479938,0.586275,0.257038,-2.69972
345,0.1725,4,2,4,0,0,0,0,0,0,-24.1626,-62.0823,8.12792,7.6953,-4.73924,-12.4249,0,0,0,0,0,0,-0.511837,-6.34286,0.467625,0.583105,0.253996,-2.71906
346,0.173,4,2,4,0,0,0,0,0,0,-24.1004,-62.0108,8.01262,7.68776,-4.73309,-12.4596,0,0,0,0,0,0,-0.504636,-6.32351,0.449514,0.581879,0.249701,-2.73654
347,0.1735,4,2,4,0,0,0,0,0,0,-24.0421,-61.9416,7.89282,7.6743,-4.72689,-12.5012,0,0,0,0,0,0,-0.505712,-6.29572,0.428795,0.579072,0.245596,-2.74172
348,0.174,4,2,4,0,0,0,0,0,0,-23.99,-61.871,7.77067,7.656,-4.72,-12.5476,0,0,0,0,0,0,-0.510074,-6.2581,0.418312,0.57525,0.246652,-2.74565
349,0.1745,4,2,4,0,0,0,0,0,0,-23.9443,-61.7982,7.64439,7.63434,-4.71121,-12.5847,0,0,0,0,0,0,-0.507796,-6.21643,0.406452,0.568133,0.246706,-2.7626
350,0.175,4,2,4,0,0,0,0,0,0,-23.9079,-61.7373,7.51443,7.61321,-4.69911,-12.5914,0,0,0,0,0,0,-0.518748,-6.18917,0.396555,0.564945,0.252436,-2.74785
351,0.1755,4,2,4,0,0,0,0,0,0,-23.8767,-61.6781,7.38265,7.59111,-4.68882,-12.5956,0,0,0,0,0,0,-0.526765,-6.16677,0.370957,0.556041,0.250713,-2.72562
352,0.176,4,2,4,0,0,0,0,0,0,-23.8474,-61.6073,7.2526,7.56927,-4.68168,-12.6007,0,0,0,0,0,0,-0.529431,-6.14275,0.344958,0.545558,0.24563,-2.73113
353,0.1765,4,2,4,0,0,0,0,0,0,-23.8167,-61.5159,7.12602,7.55067,-4.67719,-12.6047,0,0,0,0,0,0,-0.529121,-6.10311,0.318921,0.536088,0.244271,-2.74187
354,0.177,4,2,4,0,0,0,0,0,0,-23.7839,-61.41,7.00039,7.53419,-4.67829,-12.6139,0,0,0,0,0,0,-0.528124,-6.07404,0.29937,0.530527,0.245978,-2.74331
355,0.1775,4,2,4,0,0,0,0,0,0,-23.753,-61.2985,6.87631,7.51952,-4.68506,-12.6266,0,0,0,0,0,0,-0.535006,-6.04715,0.279985,0.526523,0.248482,-2.72303
356,0.178,4,2,4,0,0,0,0,0,0,-23.722,-61.1818,6.75698,7.50641,-4.6965,-12.6443,0,0,0,0,0,0,-0.537777,-6.01616,0.259969,0.522147,0.246727,-2.72296
357,0.1785,4,2,4,0,0,0,0,0,0,-23.694,-61.0673,6.6432,7.49324,-4.71092,-12.6661,0,0,0,0,0,0,-0.53883,-5.97254,0.242812,0.514031,0.239892,-2.72573
358,0.179,4,2,4,0,0,0,0,0,0,-23.6667,-60.9649,6.53049,7.47958,-4.72424,-12.684,0,0,0,0,0,0,-0.543116,-5.93189,0.234474,0.510564,0.238866,-2.72975
359,0.1795,4,2,4,0,0,0,0,0,0,-23.639,-60.8751,6.41783,7.46387,-4.73515,-12.6915,0,0,0,0,0,0,-0.546694,-5.89608,0.224988,0.505156,0.234056,-2.72936
360,0.18,4,2,4,0,0,0,0,0,0,-23.6142,-60.79,6.30284,7.44376,-4.74569,-12.6996,0,0,0,0,0,0,-0.557343,-5.85372,0.218615,0.503792,0.233797,-2.72596
361,0.1805,4,2,4,0,0,0,0,0,0,-23.5922,-60.7042,6.1832,7.41661,-4.75716,-12.7088,0,0,0,0,0,0,-0.564913,-5.80831,0.200794,0.500945,0.229382,-2.73197
362,0.181,4,2,4,0,0,0,0,0,0,-23.5721,-60.6123,6.05415,7.38129,-4.77209,-12.7193,0,0,0,0,0,0,-0.570253,-5.76918,0.174571,0.499127,0.226059,-2.73313
363,0.1815,4,2,4,0,0,0,0,0,0,-23.5559,-60.5148,5.91627,7.34115,-4.79001,-12.735,0,0,0,0,0,0,-0.584344,-5.76617,0.156487,0.498219,0.22545,-2.72615
364,0.182,4,2,4,0,0,0,0,0,0,-23.5456,-60.4094,5.77239,7.29853,-4.8085,-12.7558,0,0,0,0,0,0,-0.597925,-5.74948,0.139001,0.493993,0.22216,-2.72061
365,0.1825,4,2,4,0,0,0,0,0,0,-23.536,-60.2943,5.6237,7.25439,-4.8271,-12.7778,0,0,0,0,0,0,-0.607918,-5.72069,0.11947,0.487044,0.218162,-2.72899
366,0.183,4,2,4,0,0,0,0,0,0,-23.5264,-60.1719,5.47236,7.21019,-4.84686,-12.8022,0,0,0,0,0,0,-0.607787,-5.67604,0.100012,0.477307,0.213306,-2.74707
367,0.1835,4,2,4,0,0,0,0,0,0,-23.5207,-60.0509,5.32531,7.16854,-4.8683,-12.8223,0,0,0,0,0,0,-0.607142,-5.62574,0.0870166,0.471126,0.215726,-2.77152
368,0.184,4,2,4,0,0,0,0,0,0,-23.5214,-59.9309,5.19077,7.13389,-4.88986,-12.8265,0,0,0,0,0,0,-0.619846,-5.58818,0.0722604,0.464261,0.215572,-2.77535
369,0.1845,4,2,4,0,0,0,0,0,0,-23.5235,-59.7973,5.0673,7.10524,-4.91202,-12.8282,0,0,0,0,0,0,-0.636373,-5.56183,0.0585364,0.459002,0.217931,-2.76304
370,0.185,4,2,4,0,0,0,0,0,0,-23.5248,-59.6476,4.94667,7.07813,-4.93849,-12.8375,0,0,0,0,0,0,-0.655488,-5.54348,0.0426842,0.456322,0.218473,-2.7523
371,0.1855,4,2,4,0,0,0,0,0,0,-23.5305,-59.4981,4.8245,7.05106,-4.97183,-12.8505,0,0,0,0,0,0,-0.671315,-5.52247,0.0186764,0.453022,0.212447,-2.73858
372,0.186,4,2,4,0,0,0,0,0,0,-23.5384,-59.362,4.70347,7.02354,-5.0109,-12.8626,0,0,0,0,0,0,-0.692168,-5.50112,0.00303733,0.450138,0.205928,-2.74265
373,0.1865,4,2,4,0,0,0,0,0,0,-23.5417,-59.2343,4.58277,6.99195,-5.05283,-12.8777,0,0,0,0,0,0,-0.709897,-5.46477,-0.0135242,0.443954,0.198293,-2.75389
374,0.187,4,2,4,0,0,0,0,0,0,-23.5404,-59.1081,4.45708,6.95364,-5.09647,-12.8961,0,0,0,0,0,0,-0.715991,-5.40893,-0.0313129,0.435501,0.188815,-2.76962
375,0.1875,4,2,4,0,0,0,0,0,0,-23.5379,-58.9745,4.32112,6.90747,-5.14167,-12.9197,0,0,0,0,0,0,-0.70997,-5.34597,-0.0501379,0.431633,0.183507,-2.77403
376,0.188,4,2,4,0,0,0,0,0,0,-23.5397,-58.8368,4.17621,6.85592,-5.18544,-12.9425,0,0,0,0,0,0,-0.702987,-5.28701,-0.056275,0.432407,0.185779,-2.77713
377,0.1885,4,2,4,0,0,0,0,0,0,-23.5493,-58.7044,4.02854,6.80191,-5.22523,-12.9584,0,0,0,0,0,0,-0.718655,-5.24676,-0.0671101,0.430069,0.183002,-2.76656
378,0.189,4,2,4,0,0,0,0,0,0,-23.5667,-58.576,3.88071,6.74678,-5.26156,-12.971,0,0,0,0,0,0,-0.746408,-5.21871,-0.0793687,0.427549,0.180275,-2.74548
379,0.1895,4,2,4,0,0,0,0,0,0,-23.5877,-58.443,3.73084,6.69058,-5.29855,-12.9857,0,0,0,0,0,0,-0.766105,-5.18119,-0.0887387,0.425225,0.178374,-2.75168
380,0.19,4,2,4,0,0,0,0,0,0,-23.6111,-58.3006,3.57637,6.6341,-5.33952,-13.0068,0,0,0,0,0,0,-0.777485,-5.1464,-0.106269,0.424563,0.174207,-2.75531
381,0.1905,4,2,4,0,0,0,0,0,0,-23.6352,-58.15,3.4196,6.57851,-5.38297,-13.0317,0,0,0,0,0,0,-0.794804,-5.11974,-0.123311,0.420971,0.169499,-2.75825
382,0.191,4,2,4,0,0,0,0,0,0,-23.6634,-57.9941,3.2625,6.52424,-5.42888,-13.06,0,0,0,0,0,0,-0.817583,-5.09366,-0.139654,0.414386,0.16688,-2.76374
383,0.1915,4,2,4,0,0,0,0,0,0,-23.6956,-57.8388,3.10969,6.47115,-5.4789,-13.0869,0,0,0,0,0,0,-0.83413,-5.05869,-0.159153,0.404729,0.161094,-2.78755
384,0.192,4,2,4,0,0,0,0,0,0,-23.731,-57.6852,2.96373,6.42092,-5.53208,-13.1118,0,0,0,0,0,0,-0.845663,-5.03084,-0.177104,0.396513,0.154184,-2.80304
385,0.1925,4,2,4,0,0,0,0,0,0,-23.763,-57.5193,2.82583,6.37163,-5.59077,-13.1386,0,0,0,0,0,0,-0.860523,-5.00664,-0.187632,0.390428,0.15093,-2.8145
386,0.193,4,2,4,0,0,0,0,0,0,-23.7946,-57.3441,2.69528,6.32355,-5.65354,-13.165,0,0,0,0,0,0,-0.879434,-4.98215,-0.201054,0.385545,0.149486,-2.82625
387,0.1935,4,2,4,0,0,0,0,0,0,-23.8293,-57.1727,2.56965,6.27658,-5.71867,-13.1786,0,0,0,0,0,0,-0.90477,-4.95172,-0.21696,0.381641,0.14915,-2.81417
388,0.194,4,2,4,0,0,0,0,0,0,-23.8676,-57.0123,2.44514,6.22942,-5.78672,-13.1859,0,0,0,0,0,0,-0.928475,-4.9081,-0.232835,0.378432,0.149243,-2.81178
389,0.1945,4,2,4,0,0,0,0,0,0,-23.9043,-56.8553,2.31941,6.17999,-5.85548,-13.1983,0,0,0,0,0,0,-0.936751,-4.84683,-0.252222,0.375755,0.14412,-2.80975
390,0.195,4,2,4,0,0,0,0,0,0,-23.9419,-56.6979,2.19069,6.12617,-5.92404,-13.2288,0,0,0,0,0,0,-0.932565,-4.77872,-0.26844,0.371842,0.134444,-2.81461
391,0.1955,4,2,4,0,0,0,0,0,0,-23.9879,-56.5403,2.05492,6.06888,-5.99092,-13.2725,0,0,0,0,0,0,-0.93399,-4.71109,-0.270802,0.368352,0.129329,-2.82979
392,0.196,4,2,4,0,0,0,0,0,0,-24.0405,-56.3777,1.90838,6.00851,-6.05517,-13.3173,0,0,0,0,0,0,-0.947338,-4.64736,-0.27064,0.365297,0.124887,-2.82857
393,0.1965,4,2,4,0,0,0,0,0,0,-24.0958,-56.2111,1.75057,5.94418,-6.11956,-13.3615,0,0,0,0,0,0,-0.960739,-4.58723,-0.281219,0.363402,0.119207,-2.80775
394,0.197,4,2,4,0,0,0,0,0,0,-24.152,-56.0498,1.58796,5.87772,-6.18483,-13.4035,0,0,0,0,0,0,-0.978553,-4.55002,-0.298833,0.36365,0.112485,-2.79973
395,0.1975,4,2,4,0,0,0,0,0,0,-24.2096,-55.8959,1.42295,5.80911,-6.25263,-13.4451,0,0,0,0,0,0,-0.999573,-4.51674,-0.317975,0.36419,0.106252,-2.80352
396,0.198,4,2,4,0,0,0,0,0,0,-24.2691,-55.7425,1.25306,5.73904,-6.32488,-13.4839,0,0,0,0,0,0,-1.01853,-4.47411,-0.335085,0.362145,0.100047,-2.81553
397,0.1985,4,2,4,0,0,0,0,0,0,-24.3355,-55.5899,1.07639,5.66906,-6.40025,-13.5186,0,0,0,0,0,0,-1.03372,-4.42139,-0.349377,0.357929,0.0953915,-2.83923
398,0.199,4,2,4,0,0,0,0,0,0,-24.4062,-55.4392,0.897568,5.59912,-6.47816,-13.5419,0,0,0,0,0,0,-1.05488,-4.38609,-0.361406,0.352236,0.0927367,-2.87291
399,0.1995,4,2,4,0,0,0,0,0,0,-24.4797,-55.2843,0.723044,5.52974,-6.55809,-13.5665,0,0,0,0,0,0,-1.08109,-4.36478,-0.379971,0.346157,0.0871477,-2.8929
400,0.2,4,2,4,0,0,0,0,0,0,-24.5584,-55.1213,0.554793,5.46249,-6.63975,-13.591,0,0,0,0,0,0,-1.09761,-4.34755,-0.394117,0.342999,0.0836134,-2.90008
401,0.2005,4,2,4,0,0,0,0,0,0,-24.6463,-54.9487,0.39211,5.39783,-6.72349,-13.6327,0,0,0,0,0,0,-1.12405,-4.33531,-0.399753,0.339834,0.0845778,-2.89808
402,0.201,4,2,4,0,0,0,0,0,0,-24.7392,-54.7651,0.233895,5.33661,-6.80874,-13.6891,0,0,0,0,0,0,-1.1474,-4.30514,-0.40653,0.336481,0.083428,-2.9166
403,0.2015,4,2,4,0,0,0,0,0,0,-24.829,-54.5724,0.0854278,5.27922,-6.89588,-13.7519,0,0,0,0,0,0,-1.1549,-4.24449,-0.416997,0.33292,0.0798475,-2.93358
404,0.202,4,2,4,0,0,0,0,0,0,-24.9145,-54.3766,-0.0522814,5.22394,-6.98714,-13.8168,0,0,0,0,0,0,-1.16675,-4.19277,-0.43826,0.326736,0.0674862,-2.92578
405,0.2025,4,2,4,0,0,0,0,0,0,-25.0001,-54.1935,-0.185379,5.16934,-7.08507,-13.8772,0,0,0,0,0,0,-1.19255,-4.15188,-0.463209,0.321805,0.0535384,-2.92687
406,0.203,4,2,4,0,0,0,0,0,0,-25.0824,-54.0127,-0.316779,5.11293,-7.18596,-13.9347,0,0,0,0,0,0,-1.2184,-4.10546,-0.48459,0.319169,0.0440026,-2.93057
407,0.2035,4,2,4,0,0,0,0,0,0,-25.1622,-53.8261,-0.456185,5.05304,-7.28611,-13.9917,0,0,0,0,0,0,-1.23712,-4.03903,-0.499829,0.318592,0.0396081,-2.92935
408,0.204,4,2,4,0,0,0,0,0,0,-25.2381,-53.6331,-0.603455,4.9883,-7.38451,-14.0406,0,0,0,0,0,0,-1.26152,-3.97686,-0.508957,0.316461,0.0350935,-2.92199
409,0.2045,4,2,4,0,0,0,0,0,0,-25.3107,-53.4381,-0.759372,4.91693,-7.48219,-14.0779,0,0,0,0,0,0,-1.27911,-3.91177,-0.515281,0.313604,0.0309588,-2.92903
410,0.205,4,2,4,0,0,0,0,0,0,-25.3831,-53.2377,-0.922606,4.8394,-7.57854,-14.1164,0,0,0,0,0,0,-1.30052,-3.85695,-0.52024,0.312261,0.0290746,-2.93457
411,0.2055,4,2,4,0,0,0,0,0,0,-25.4586,-53.0313,-1.08929,4.75799,-7.6722,-14.166,0,0,0,0,0,0,-1.33008,-3.8207,-0.528685,0.310898,0.0241988,-2.92891
412,0.206,4,2,4,0,0,0,0,0,0,-25.5378,-52.8168,-1.25827,4.6761,-7.76218,-14.2307,0,0,0,0,0,0,-1.3599,-3.78844,-0.533616,0.309583,0.019279,-2.94534
413,0.2065,4,2,4,0,0,0,0,0,0,-25.6158,-52.5951,-1.42927,4.59406,-7.85246,-14.3047,0,0,0,0,0,0,-1.38255,-3.75052,-0.542711,0.310615,0.0140396,-2.98402
414,0.207,4,2,4,0,0,0,0,0,0,-25.6953,-52.3686,-1.60116,4.51188,-7.94636,-14.3885,0,0,0,0,0,0,-1.41171,-3.7266,-0.554865,0.310178,0.00567925,-3.01802
415,0.2075,4,2,4,0,0,0,0,0,0,-25.776,-52.1359,-1.7719,4.42969,-8.04327,-14.4765,0,0,0,0,0,0,-1.43564,-3.69336,-0.570044,0.307636,-0.00536855,-3.05301
416,0.208,4,2,4,0,0,0,0,0,0,-25.8619,-51.9017,-1.94063,4.34842,-8.14122,-14.5635,0,0,0,0,0,0,-1.48262,-3.68649,-0.580016,0.30481,-0.0108236,-3.0746
417,0.2085,4,2,4,0,0,0,0,0,0,-25.9522,-51.6726,-2.11108,4.26796,-8.24265,-14.6423,0,0,0,0,0,0,-1.5361,-3.68807,-0.589121,0.299651,-0.0144641,-3.07914
418,0.209,4,2,4,0,0,0,0,0,0,-26.0373,-51.4419,-2.27901,4.18573,-8.35037,-14.7116,0,0,0,0,0,0,-1.59,-3.68597,-0.59516,0.295064,-0.0161245,-3.08377
419,0.2095,4,2,4,0,0,0,0,0,0,-26.1224,-51.2067,-2.44568,4.10201,-8.4647,-14.7772,0,0,0,0,0,0,-1.6199,-3.67205,-0.60448,0.291958,-0.0217379,-3.07807
420,0.21,4,2,4,0,0,0,0,0,0,-26.2095,-50.9733,-2.60692,4.01885,-8.58253,-14.8382,0,0,0,0,0,0,-1.65969,-3.67442,-0.614862,0.286813,-0.0289312,-3.06316
421,0.2105,4,2,4,0,0,0,0,0,0,-26.3096,-50.7496,-2.76235,3.94018,-8.70049,-14.9017,0,0,0,0,0,0,-1.69147,-3.66606,-0.633842,0.283222,-0.0388233,-3.06776
422,0.211,4,2,4,0,0,0,0,0,0,-26.423,-50.5314,-2.91315,3.86508,-8.82086,-14.9761,0,0,0,0,0,0,-1.73291,-3.65133,-0.646482,0.28057,-0.0435114,-3.07149
423,0.2115,4,2,4,0,0,0,0,0,0,-26.5412,-50.3144,-3.05344,3.79181,-8.94387,-15.061,0,0,0,0,0,0,-1.77302,-3.63869,-0.655062,0.279279,-0.0455522,-3.07909
424,0.212,4,2,4,0,0,0,0,0,0,-26.6604,-50.0969,-3.18264,3.72157,-9.06962,-15.1562,0,0,0,0,0,0,-1.80395,-3.60202,-0.666191,0.276038,-0.0512857,-3.09147
425,0.2125,4,2,4,0,0,0,0,0,0,-26.7808,-49.8752,-3.30647,3.65735,-9.19446,-15.2669,0,0,0,0,0,0,-1.82203,-3.55077,-0.678487,0.273649,-0.0586641,-3.11961
426,0.213,4,2,4,0,0,0,0,0,0,-26.8977,-49.6484,-3.43402,3.59816,-9.31673,-15.3929,0,0,0,0,0,0,-1.86361,-3.50393,-0.682231,0.269269,-0.0638023,-3.13535
427,0.2135,4,2,4,0,0,0,0,0,0,-27.0052,-49.4163,-3.56954,3.53903,-9.43792,-15.5218,0,0,0,0,0,0,-1.89101,-3.43257,-0.682275,0.266389,-0.0628715,-3.15927
428,0.214,4,2,4,0,0,0,0,0,0,-27.1051,-49.1825,-3.71667,3.4782,-9.55727,-15.6457,0,0,0,0,0,0,-1.9016,-3.32824,-0.679748,0.263523,-0.0626244,-3.18281
429,0.2145,4,2,4,0,0,0,0,0,0,-27.2048,-48.9572,-3.87718,3.41332,-9.67796,-15.7623,0,0,0,0,0,0,-1.90383,-3.23584,-0.684097,0.262577,-0.068327,-3.20012
430,0.215,4,2,4,0,0,0,0,0,0,-27.314,-48.7435,-4.0517,3.34604,-9.79873,-15.8804,0,0,0,0,0,0,-1.88925,-3.13184,-0.69526,0.260795,-0.0815414,-3.18558
431,0.2155,4,2,4,0,0,0,0,0,0,-27.4425,-48.5393,-4.2416,3.27727,-9.92021,-16.009,0,0,0,0,0,0,-1.87019,-3.03753,-0.709414,0.259263,-0.0980606,-3.16286
432,0.216,4,2,4,0,0,0,0,0,0,-27.5802,-48.3415,-4.43957,3.20443,-10.0437,-16.1392,0,0,0,0,0,0,-1.85294,-2.91905,-0.718827,0.257166,-0.110248,-3.12394
433,0.2165,4,2,4,0,0,0,0,0,0,-27.7228,-48.1482,-4.63796,3.12605,-10.1685,-16.2581,0,0,0,0,0,0,-1.84575,-2.81451,-0.728512,0.257647,-0.117943,-3.10496
434,0.217,4,2,4,0,0,0,0,0,0,-27.8709,-47.955,-4.83781,3.04516,-10.2923,-16.3798,0,0,0,0,0,0,-1.84382,-2.70268,-0.738944,0.258659,-0.123196,-3.10118
435,0.2175,4,2,4,0,0,0,0,0,0,-28.0193,-47.756,-5.04142,2.9643,-10.4136,-16.5075,0,0,0,0,0,0,-1.84473,-2.59534,-0.751125,0.261992,-0.128231,-3.11897
436,0.218,4,2,4,0,0,0,0,0,0,-28.1561,-47.5441,-5.24153,2.88156,-10.5324,-16.6318,0,0,0,0,0,0,-1.84907,-2.49092,-0.764155,0.262848,-0.135173,-3.1243
437,0.2185,4,2,4,0,0,0,0,0,0,-28.277,-47.3129,-5.43353,2.79513,-10.652,-16.7553,0,0,0,0,0,0,-1.85651,-2.41,-0.773361,0.261789,-0.141367,-3.14603
438,0.219,4,2,4,0,0,0,0,0,0,-28.3908,-47.0625,-5.61337,2.70658,-10.7701,-16.8851,0,0,0,0,0,0,-1.85758,-2.31594,-0.781899,0.261793,-0.145874,-3.1819
439,0.2195,4,2,4,0,0,0,0,0,0,-28.5038,-46.7949,-5.78644,2.61967,-10.8865,-17.024,0,0,0,0,0,0,-1.87305,-2.25892,-0.793705,0.263254,-0.153418,-3.23343
440,0.22,4,2,4,0,0,0,0,0,0,-28.6251,-46.5139,-5.95681,2.53488,-11.003,-17.1788,0,0,0,0,0,0,-1.88897,-2.20258,-0.807608,0.264901,-0.163722,-3.28095
441,0.2205,4,2,4,0,0,0,0,0,0,-28.7432,-46.2191,-6.11903,2.44872,-11.1228,-17.3322,0,0,0,0,0,0,-1.90616,-2.16023,-0.820373,0.265024,-0.173613,-3.32584
442,0.221,4,2,4,0,0,0,0,0,0,-28.8504,-45.9107,-6.27134,2.35947,-11.248,-17.469,0,0,0,0,0,0,-1.93334,-2.1249,-0.834896,0.264887,-0.181589,-3.33853
443,0.2215,4,2,4,0,0,0,0,0,0,-28.9522,-45.5904,-6.41879,2.26946,-11.3771,-17.6014,0,0,0,0,0,0,-1.97589,-2.1096,-0.839462,0.260958,-0.183281,-3.36111
444,0.222,4,2,4,0,0,0,0,0,0,-29.048,-45.2562,-6.56464,2.17974,-11.5107,-17.7342,0,0,0,0,0,0,-2.03143,-2.09703,-0.841835,0.256162,-0.180296,-3.39578
445,0.2225,4,2,4,0,0,0,0,0,0,-29.1313,-44.9057,-6.70571,2.08685,-11.65,-17.8531,0,0,0,0,0,0,-2.08038,-2.09146,-0.846215,0.252228,-0.181187,-3.42609
446,0.223,4,2,4,0,0,0,0,0,0,-29.2067,-44.5528,-6.84345,1.99155,-11.7953,-17.9546,0,0,0,0,0,0,-2.10992,-2.07698,-0.854309,0.249216,-0.185956,-3.41628
447,0.2235,4,2,4,0,0,0,0,0,0,-29.2859,-44.2072,-6.97509,1.89655,-11.9419,-18.0564,0,0,0,0,0,0,-2.1624,-2.0824,-0.867172,0.244332,-0.192812,-3.43452
448,0.224,4,2,4,0,0,0,0,0,0,-29.3855,-43.8773,-7.10978,1.80961,-12.0865,-18.1743,0,0,0,0,0,0,-2.21803,-2.08149,-0.877214,0.241023,-0.196716,-3.46064
449,0.2245,4,2,4,0,0,0,0,0,0,-29.5075,-43.5642,-7.25635,1.73175,-12.2351,-18.3092,0,0,0,0,0,0,-2.28162,-2.09246,-0.883898,0.241087,-0.19779,-3.50866
450,0.225,4,2,4,0,0,0,0,0,0,-29.6385,-43.2571,-7.41367,1.6605,-12.3893,-18.4568,0,0,0,0,0,0,-2.33373,-2.08339,-0.887937,0.240877,-0.201079,-3.56288
451,0.2255,4,2,4,0,0,0,0,0,0,-29.7716,-42.9536,-7.57729,1.59304,-12.5472,-18.6145,0,0,0,0,0,0,-2.3793,-2.05714,-0.894202,0.241664,-0.205152,-3.62202
452,0.226,4,2,4,0,0,0,0,0,0,-29.9085,-42.6599,-7.746,1.5289,-12.7034,-18.7893,0,0,0,0,0,0,-2.42047,-2.02243,-0.900899,0.242189,-0.211793,-3.66355
453,0.2265,4,2,4,0,0,0,0,0,0,-30.0472,-42.371,-7.92111,1.46749,-12.8558,-18.974,0,0,0,0,0,0,-2.47913,-2.00005,-0.901798,0.239447,-0.214851,-3.70999
454,0.227,4,2,4,0,0,0,0,0,0,-30.1763,-42.0776,-8.09935,1.40422,-13.0082,-19.1444,0,0,0,0,0,0,-2.51804,-1.96069,-0.896973,0.235062,-0.214579,-3.74029
455,0.2275,4,2,4,0,0,0,0,0,0,-30.3057,-41.7881,-8.28022,1.33647,-13.1644,-19.3052,0,0,0,0,0,0,-2.53577,-1.91039,-0.892731,0.23222,-0.217179,-3.75193
456,0.228,4,2,4,0,0,0,0,0,0,-30.4384,-41.5049,-8.46101,1.26486,-13.3214,-19.4683,0,0,0,0,0,0,-2.52856,-1.84187,-0.892556,0.230646,-0.226118,-3.74487
457,0.2285,4,2,4,0,0,0,0,0,0,-30.5894,-41.225,-8.64258,1.19382,-13.4727,-19.6514,0,0,0,0,0,0,-2.52343,-1.7757,-0.900388,0.22956,-0.24186,-3.73633
458,0.229,4,2,4,0,0,0,0,0,0,-30.747,-40.943,-8.82121,1.12086,-13.6196,-19.8366,0,0,0,0,0,0,-2.51436,-1.68692,-0.912124,0.23356,-0.254356,-3.73008
459,0.2295,4,2,4,0,0,0,0,0,0,-30.9059,-40.6622,-8.9943,1.04527,-13.7637,-20.0202,0,0,0,0,0,0,-2.53162,-1.61824,-0.928957,0.24228,-0.262949,-3.75241
460,0.23,4,2,4,0,0,0,0,0,0,-31.0663,-40.3847,-9.16141,0.966656,-13.9054,-20.2085,0,0,0,0,0,0,-2.5514,-1.5545,-0.939509,0.246524,-0.269107,-3.78309
461,0.2305,4,2,4,0,0,0,0,0,0,-31.2251,-40.1048,-9.32325,0.887107,-14.042,-20.4084,0,0,0,0,0,0,-2.56811,-1.47819,-0.94685,0.249571,-0.273689,-3.80182
462,0.231,4,2,4,0,0,0,0,0,0,-31.3766,-39.8169,-9.47948,0.805217,-14.1761,-20.6085,0,0,0,0,0,0,-2.59232,-1.40612,-0.948728,0.251789,-0.273152,-3.84291
463,0.2315,4,2,4,0,0,0,0,0,0,-31.5133,-39.5179,-9.62565,0.717717,-14.3111,-20.8048,0,0,0,0,0,0,-2.61372,-1.34147,-0.947045,0.24756,-0.277149,-3.87679
464,0.232,4,2,4,0,0,0,0,0,0,-31.6437,-39.2074,-9.76184,0.627102,-14.4449,-21.0111,0,0,0,0,0,0,-2.63223,-1.27808,-0.945493,0.241648,-0.285031,-3.89878
465,0.2325,4,2,4,0,0,0,0,0,0,-31.78,-38.8878,-9.88763,0.535853,-14.5742,-21.2373,0,0,0,0,0,0,-2.66527,-1.22895,-0.945785,0.242147,-0.286289,-3.93277
466,0.233,4,2,4,0,0,0,0,0,0,-31.9194,-38.56,-10.0054,0.447756,-14.6963,-21.4744,0,0,0,0,0,0,-2.69845,-1.18104,-0.943302,0.241054,-0.287555,-3.97519
467,0.2335,4,2,4,0,0,0,0,0,0,-32.0553,-38.2295,-10.1129,0.358487,-14.8173,-21.7073,0,0,0,0,0,0,-2.72204,-1.12433,-0.940155,0.238813,-0.288589,-3.99434
468,0.234,4,2,4,0,0,0,0,0,0,-32.1924,-37.9065,-10.2215,0.2706,-14.945,-21.9378,0,0,0,0,0,0,-2.75605,-1.0728,-0.945846,0.240138,-0.291309,-4.00922
469,0.2345,4,2,4,0,0,0,0,0,0,-32.3296,-37.5881,-10.3415,0.186749,-15.0831,-22.1653,0,0,0,0,0,0,-2.79846,-1.03633,-0.953227,0.239119,-0.298612,-4.03254
470,0.235,4,2,4,0,0,0,0,0,0,-32.4663,-37.2658,-10.4836,0.11207,-15.2293,-22.3866,0,0,0,0,0,0,-2.83204,-0.988674,-0.959339,0.237384,-0.306124,-4.05428
471,0.2355,4,2,4,0,0,0,0,0,0,-32.5934,-36.9392,-10.6416,0.0419097,-15.3833,-22.5963,0,0,0,0,0,0,-2.86289,-0.936629,-0.963122,0.241201,-0.304399,-4.07238
472,0.236,4,2,4,0,0,0,0,0,0,-32.7177,-36.6099,-10.8111,-0.0271679,-15.5446,-22.8017,0,0,0,0,0,0,-2.89061,-0.893578,-0.959329,0.240226,-0.30036,-4.09623
473,0.2365,4,2,4,0,0,0,0,0,0,-32.8547,-36.2827,-10.9928,-0.0920104,-15.7087,-23.0204,0,0,0,0,0,0,-2.90013,-0.837717,-0.94948,0.231718,-0.303677,-4.11194
474,0.237,4,2,4,0,0,0,0,0,0,-33.0155,-35.9612,-11.1857,-0.151653,-15.8719,-23.2608,0,0,0,0,0,0,-2.91593,-0.782267,-0.940035,0.225967,-0.306419,-4.1551
475,0.2375,4,2,4,0,0,0,0,0,0,-33.1793,-35.6395,-11.3786,-0.209859,-16.0322,-23.5069,0,0,0,0,0,0,-2.93841,-0.731919,-0.940856,0.225461,-0.314388,-4.19427
476,0.238,4,2,4,0,0,0,0,0,0,-33.3435,-35.3184,-11.5588,-0.272225,-16.1872,-23.7609,0,0,0,0,0,0,-2.95092,-0.67273,-0.944016,0.229239,-0.320194,-4.21654
477,0.2385,4,2,4,0,0,0,0,0,0,-33.5019,-34.998,-11.721,-0.341072,-16.3363,-24.0165,0,0,0,0,0,0,-2.9665,-0.609461,-0.955122,0.237579,-0.325552,-4.24561
478,0.239,4,2,4,0,0,0,0,0,0,-33.6569,-34.6753,-11.8734,-0.411543,-16.4805,-24.2707,0,0,0,0,0,0,-2.99223,-0.541187,-0.967248,0.244278,-0.330367,-4.28874
479,0.2395,4,2,4,0,0,0,0,0,0,-33.8044,-34.3459,-12.0169,-0.482296,-16.6204,-24.5221,0,0,0,0,0,0,-3.01798,-0.482232,-0.978745,0.246727,-0.339086,-4.31754
480,0.24,4,2,4,0,0,0,0,0,0,-33.9421,-34.0039,-12.1454,-0.55882,-16.7584,-24.7673,0,0,0,0,0,0,-3.01812,-0.413861,-0.985572,0.249511,-0.348237,-4.32557
481,0.2405,4,2,4,0,0,0,0,0,0,-34.0742,-33.6524,-12.2589,-0.642847,-16.8949,-25.0121,0,0,0,0,0,0,-3.01382,-0.343573,-0.990044,0.252602,-0.354007,-4.33454
482,0.241,4,2,4,0,0,0,0,0,0,-34.2195,-33.3023,-12.3681,-0.727016,-17.0263,-25.277,0,0,0,0,0,0,-3.03413,-0.288525,-0.989915,0.251106,-0.358458,-4.36214
483,0.2415,4,2,4,0,0,0,0,0,0,-34.3694,-32.9514,-12.4772,-0.810114,-17.1561,-25.5444,0,0,0,0,0,0,-3.06475,-0.246027,-0.985207,0.249665,-0.354738,-4.38924
484,0.242,4,2,4,0,0,0,0,0,0,-34.5175,-32.5973,-12.5811,-0.895689,-17.2866,-25.8149,0,0,0,0,0,0,-3.11246,-0.212864,-0.980911,0.249308,-0.34758,-4.43931
485,0.2425,4,2,4,0,0,0,0,0,0,-34.6594,-32.2475,-12.6783,-0.985527,-17.4195,-26.0926,0,0,0,0,0,0,-3.16178,-0.187291,-0.980678,0.251313,-0.342415,-4.48492
486,0.243,4,2,4,0,0,0,0,0,0,-34.7906,-31.8964,-12.7713,-1.0796,-17.5589,-26.3732,0,0,0,0,0,0,-3.19966,-0.151815,-0.982708,0.253038,-0.341515,-4.5273
487,0.2435,4,2,4,0,0,0,0,0,0,-34.9137,-31.5338,-12.871,-1.17005,-17.7035,-26.6499,0,0,0,0,0,0,-3.23971,-0.108986,-0.982312,0.250914,-0.343977,-4.57257
488,0.244,4,2,4,0,0,0,0,0,0,-35.0316,-31.1622,-12.9826,-1.25512,-17.8549,-26.9145,0,0,0,0,0,0,-3.25396,-0.0528933,-0.975545,0.242061,-0.352669,-4.58633
489,0.2445,4,2,4,0,0,0,0,0,0,-35.1596,-30.7932,-13.1129,-1.32985,-18.0105,-27.1836,0,0,0,0,0,0,-3.26195,-0.000657938,-0.965559,0.233142,-0.361112,-4.59545
490,0.245,4,2,4,0,0,0,0,0,0,-35.2986,-30.4274,-13.2531,-1.39786,-18.1661,-27.4654,0,0,0,0,0,0,-3.27467,0.0577013,-0.965069,0.236083,-0.364162,-4.60981
491,0.2455,4,2,4,0,0,0,0,0,0,-35.4406,-30.058,-13.4005,-1.45852,-18.3183,-27.751,0,0,0,0,0,0,-3.28822,0.124435,-0.966842,0.242764,-0.364169,-4.63251
492,0.246,4,2,4,0,0,0,0,0,0,-35.5878,-29.6885,-13.551,-1.51447,-18.4638,-28.0455,0,0,0,0,0,0,-3.30484,0.18549,-0.967345,0.245266,-0.367377,-4.67251
493,0.2465,4,2,4,0,0,0,0,0,0,-35.7367,-29.3256,-13.6998,-1.56988,-18.6033,-28.3466,0,0,0,0,0,0,-3.3306,0.237953,-0.969629,0.247332,-0.372837,-4.72819
494,0.247,4,2,4,0,0,0,0,0,0,-35.8845,-28.9673,-13.8442,-1.62915,-18.7423,-28.6468,0,0,0,0,0,0,-3.35258,0.29021,-0.973721,0.256518,-0.370321,-4.7768
495,0.2475,4,2,4,0,0,0,0,0,0,-36.0286,-28.6079,-13.9771,-1.6962,-18.8797,-28.9462,0,0,0,0,0,0,-3.36154,0.353553,-0.975539,0.266134,-0.365968,-4.81731
496,0.248,4,2,4,0,0,0,0,0,0,-36.1753,-28.2468,-14.1004,-1.7704,-19.0155,-29.2535,0,0,0,0,0,0,-3.37121,0.420689,-0.965074,0.267468,-0.362047,-4.84905
497,0.2485,4,2,4,0,0,0,0,0,0,-36.3243,-27.8794,-14.2155,-1.85151,-19.1501,-29.5672,0,0,0,0,0,0,-3.38887,0.476142,-0.955214,0.262187,-0.365602,-4.87517
498,0.249,4,2,4,0,0,0,0,0,0,-36.4732,-27.5066,-14.3223,-1.93774,-19.2822,-29.884,0,0,0,0,0,0,-3.39395,0.533021,-0.950332,0.25613,-0.374007,-4.87321
499,0.2495,4,2,4,0,0,0,0,0,0,-36.617,-27.131,-14.4213,-2.02783,-19.4128,-30.1965,0,0,0,0,0,0,-3.41452,0.578535,-0.952579,0.256225,-0.381359,-4.88764
500,0.25,4,2,4,0,0,0,0,0,0,-36.7597,-26.7566,-14.5129,-2.11999,-19.5419,-30.5125,0,0,0,0,0,0,-3.4499,0.62082,-0.962057,0.262521,-0.38746,-4.92054
501,0.2505,4,2,4,0,0,0,0,0,0,-36.9018,-26.388,-14.6009,-2.20835,-19.6656,-30.8381,0,0,0,0,0,0,-3.4974,0.663502,-0.974082,0.270451,-0.389779,-4.97355
502,0.251,4,2,4,0,0,0,0,0,0,-37.0274,-26.0154,-14.6826,-2.29622,-19.7898,-31.1568,0,0,0,0,0,0,-3.54258,0.703656,-0.973846,0.272127,-0.38689,-5.04171
503,0.2515,4,2,4,0,0,0,0,0,0,-37.1351,-25.6327,-14.758,-2.3868,-19.9188,-31.4606,0,0,0,0,0,0,-3.57234,0.758851,-0.967545,0.273544,-0.37776,-5.09362
504,0.252,4,2,4,0,0,0,0,0,0,-37.2444,-25.2426,-14.8395,-2.47137,-20.0499,-31.7691,0,0,0,0,0,0,-3.58371,0.821516,-0.957833,0.273569,-0.369991,-5.1274
505,0.2525,4,2,4,0,0,0,0,0,0,-37.3759,-24.8601,-14.9399,-2.54348,-20.1832,-32.105,0,0,0,0,0,0,-3.59578,0.879974,-0.945525,0.271838,-0.36575,-5.16022
506,0.253,4,2,4,0,0,0,0,0,0,-37.5199,-24.4795,-15.0573,-2.60618,-20.321,-32.4545,0,0,0,0,0,0,-3.6058,0.931285,-0.932409,0.265933,-0.36703,-5.19053
507,0.2535,4,2,4,0,0,0,0,0,0,-37.6573,-24.089,-15.1801,-2.66543,-20.4606,-32.7969,0,0,0,0,0,0,-3.60202,0.980805,-0.924391,0.263604,-0.372641,-5.20356
508,0.254,4,2,4,0,0,0,0,0,0,-37.7881,-23.6879,-15.2989,-2.72568,-20.596,-33.1356,0,0,0,0,0,0,-3.60355,1.03182,-0.910707,0.260038,-0.374119,-5.21786
509,0.2545,4,2,4,0,0,0,0,0,0,-37.9204,-23.2866,-15.416,-2.78315,-20.7232,-33.4806,0,0,0,0,0,0,-3.60803,1.09516,-0.899814,0.262914,-0.371482,-5.24423
510,0.255,4,2,4,0,0,0,0,0,0,-38.0512,-22.8896,-15.5266,-2.84395,-20.8467,-33.8255,0,0,0,0,0,0,-3.62417,1.15577,-0.896019,0.272448,-0.364475,-5.27994
511,0.2555,4,2,4,0,0,0,0,0,0,-38.1707,-22.4935,-15.6254,-2.91612,-20.9753,-34.1521,0,0,0,0,0,0,-3.65029,1.20672,-0.899671,0.280605,-0.365838,-5.32716
512,0.256,4,2,4,0,0,0,0,0,0,-38.2934,-22.1032,-15.7133,-2.99972,-21.1078,-34.4817,0,0,0,0,0,0,-3.66543,1.25332,-0.900026,0.28098,-0.373108,-5.3583
513,0.2565,4,2,4,0,0,0,0,0,0,-38.4401,-21.7175,-15.8007,-3.08165,-21.2337,-34.8438,0,0,0,0,0,0,-3.68299,1.30704,-0.906987,0.287133,-0.376815,-5.39833
514,0.257,4,2,4,0,0,0,0,0,0,-38.5903,-21.3309,-15.8822,-3.16412,-21.3532,-35.2199,0,0,0,0,0,0,-3.71001,1.35832,-0.913238,0.292897,-0.38055,-5.44872
515,0.2575,4,2,4,0,0,0,0,0,0,-38.7371,-20.9476,-15.9497,-3.25347,-21.4655,-35.6023,0,0,0,0,0,0,-3.72885,1.4091,-0.912498,0.294231,-0.382962,-5.48818
516,0.258,4,2,4,0,0,0,0,0,0,-38.8752,-20.5629,-16.0042,-3.34808,-21.5709,-35.9772,0,0,0,0,0,0,-3.74601,1.46853,-0.908013,0.296914,-0.379982,-5.51877
517,0.2585,4,2,4,0,0,0,0,0,0,-39.001,-20.1705,-16.054,-3.44204,-21.6743,-36.3426,0,0,0,0,0,0,-3.7779,1.51497,-0.895926,0.295171,-0.369482,-5.56328
518,0.259,4,2,4,0,0,0,0,0,0,-39.1173,-19.7727,-16.1071,-3.5295,-21.7794,-36.704,0,0,0,0,0,0,-3.79852,1.56872,-0.886315,0.298429,-0.359813,-5.59909
519,0.2595,4,2,4,0,0,0,0,0,0,-39.2138,-19.3651,-16.1628,-3.61352,-21.8939,-37.0467,0,0,0,0,0,0,-3.81801,1.62086,-0.873342,0.298258,-0.351278,-5.64637
520,0.26,4,2,4,0,0,0,0,0,0,-39.2999,-18.9519,-16.2232,-3.69319,-22.0156,-37.3873,0,0,0,0,0,0,-3.83322,1.67596,-0.857501,0.295515,-0.344975,-5.69272
521,0.2605,4,2,4,0,0,0,0,0,0,-39.4027,-18.5408,-16.2947,-3.76493,-22.1389,-37.7527,0,0,0,0,0,0,-3.84154,1.73517,-0.844638,0.292271,-0.342927,-5.73497
522,0.261,4,2,4,0,0,0,0,0,0,-39.5221,-18.1338,-16.375,-3.82988,-22.2591,-38.1338,0,0,0,0,0,0,-3.85248,1.78317,-0.829917,0.286492,-0.341386,-5.77788
523,0.2615,4,2,4,0,0,0,0,0,0,-39.6529,-17.7307,-16.4556,-3.89247,-22.3713,-38.5366,0,0,0,0,0,0,-3.84487,1.83465,-0.815354,0.283166,-0.340204,-5.80128
524,0.262,4,2,4,0,0,0,0,0,0,-39.7805,-17.3263,-16.5301,-3.96055,-22.4806,-38.9397,0,0,0,0,0,0,-3.84636,1.88308,-0.809958,0.289179,-0.33766,-5.82009
525,0.2625,4,2,4,0,0,0,0,0,0,-39.9044,-16.9183,-16.5998,-4.03499,-22.5894,-39.3314,0,0,0,0,0,0,-3.84719,1.93589,-0.814898,0.299016,-0.339859,-5.8291
526,0.263,4,2,4,0,0,0,0,0,0,-40.0311,-16.5058,-16.6699,-4.11008,-22.6975,-39.7214,0,0,0,0,0,0,-3.8551,1.98854,-0.816489,0.304547,-0.34482,-5.84663
527,0.2635,4,2,4,0,0,0,0,0,0,-40.1456,-16.0872,-16.7345,-4.18834,-22.8063,-40.0976,0,0,0,0,0,0,-3.87295,2.03194,-0.821757,0.315346,-0.346145,-5.87774
528,0.264,4,2,4,0,0,0,0,0,0,-40.2526,-15.6702,-16.7853,-4.27591,-22.9134,-40.4677,0,0,0,0,0,0,-3.89666,2.07854,-0.822499,0.323336,-0.346399,-5.92286
529,0.2645,4,2,4,0,0,0,0,0,0,-40.3697,-15.2606,-16.8237,-4.3691,-23.0114,-40.8536,0,0,0,0,0,0,-3.92531,2.12623,-0.820867,0.327342,-0.345813,-5.97999
530,0.265,4,2,4,0,0,0,0,0,0,-40.4929,-14.8572,-16.8491,-4.46827,-23.1011,-41.2504,0,0,0,0,0,0,-3.96507,2.17085,-0.81155,0.326109,-0.341801,-6.04383
531,0.2655,4,2,4,0,0,0,0,0,0,-40.6152,-14.4605,-16.8681,-4.56746,-23.1857,-41.6631,0,0,0,0,0,0,-3.99366,2.21707,-0.794595,0.320531,-0.32933,-6.10561
532,0.266,4,2,4,0,0,0,0,0,0,-40.7355,-14.0711,-16.891,-4.65897,-23.2698,-42.0953,0,0,0,0,0,0,-4.00621,2.27019,-0.785098,0.325379,-0.314554,-6.14973
533,0.2665,4,2,4,0,0,0,0,0,0,-40.8407,-13.6692,-16.9173,-4.7457,-23.3589,-42.513,0,0,0,0,0,0,-4.0047,2.32756,-0.767677,0.323712,-0.301857,-6.17552
534,0.267,4,2,4,0,0,0,0,0,0,-40.9306,-13.2539,-16.9465,-4.82873,-23.4521,-42.9147,0,0,0,0,0,0,-3.99482,2.38931,-0.750216,0.320365,-0.2951,-6.19938
535,0.2675,4,2,4,0,0,0,0,0,0,-41.0101,-12.8274,-16.9803,-4.90694,-23.5474,-43.3017,0,0,0,0,0,0,-3.98982,2.44601,-0.737144,0.319366,-0.291007,-6.22759
536,0.268,4,2,4,0,0,0,0,0,0,-41.0922,-12.3997,-17.0219,-4.97745,-23.6418,-43.6891,0,0,0,0,0,0,-4.00958,2.49274,-0.732674,0.326147,-0.288063,-6.28459
537,0.2685,4,2,4,0,0,0,0,0,0,-41.1785,-11.9688,-17.0622,-5.04725,-23.7315,-44.0814,0,0,0,0,0,0,-4.0219,2.54142,-0.721016,0.329565,-0.280887,-6.33569
538,0.269,4,2,4,0,0,0,0,0,0,-41.2672,-11.5364,-17.094,-5.12521,-23.8193,-44.4784,0,0,0,0,0,0,-4.02863,2.58522,-0.702044,0.324218,-0.278365,-6.3793
539,0.2695,4,2,4,0,0,0,0,0,0,-41.3659,-11.1109,-17.1196,-5.2105,-23.9049,-44.8952,0,0,0,0,0,0,-4.0319,2.62651,-0.688214,0.320428,-0.277307,-6.40582
540,0.27,4,2,4,0,0,0,0,0,0,-41.4792,-10.7,-17.1447,-5.29741,-23.9878,-45.3404,0,0,0,0,0,0,-4.02972,2.67262,-0.686884,0.327457,-0.279879,-6.42092
541,0.2705,4,2,4,0,0,0,0,0,0,-41.5963,-10.2893,-17.1674,-5.38783,-24.0704,-45.7888,0,0,0,0,0,0,-4.02893,2.72767,-0.691709,0.34055,-0.280309,-6.43967
542,0.271,4,2,4,0,0,0,0,0,0,-41.712,-9.87526,-17.1866,-5.48225,-24.1524,-46.2257,0,0,0,0,0,0,-4.04189,2.7775,-0.695128,0.351373,-0.277447,-6.46763
543,0.2715,4,2,4,0,0,0,0,0,0,-41.8296,-9.46524,-17.2028,-5.57956,-24.2309,-46.6534,0,0,0,0,0,0,-4.07355,2.81787,-0.698254,0.360885,-0.273208,-6.51303
544,0.272,4,2,4,0,0,0,0,0,0,-41.9402,-9.05748,-17.2106,-5.68103,-24.3041,-47.0722,0,0,0,0,0,0,-4.11374,2.84648,-0.696788,0.366181,-0.261594,-6.57401
545,0.2725,4,2,4,0,0,0,0,0,0,-42.0285,-8.64197,-17.2059,-5.78581,-24.3727,-47.4795,0,0,0,0,0,0,-4.14367,2.88617,-0.68846,0.36863,-0.252487,-6.62917
546,0.273,4,2,4,0,0,0,0,0,0,-42.1028,-8.21852,-17.1948,-5.88675,-24.4361,-47.8933,0,0,0,0,0,0,-4.17436,2.93883,-0.673965,0.369202,-0.23971,-6.69535
547,0.2735,4,2,4,0,0,0,0,0,0,-42.1663,-7.79605,-17.1821,-5.98546,-24.5004,-48.3131,0,0,0,0,0,0,-4.17613,2.99495,-0.649025,0.361387,-0.228704,-6.73287
548,0.274,4,2,4,0,0,0,0,0,0,-42.2337,-7.38384,-17.1733,-6.07837,-24.5649,-48.7543,0,0,0,0,0,0,-4.16603,3.04036,-0.62338,0.352848,-0.219072,-6.76272
549,0.2745,4,2,4,0,0,0,0,0,0,-42.3037,-6.96293,-17.1693,-6.16256,-24.6293,-49.1989,0,0,0,0,0,0,-4.13823,3.09842,-0.608126,0.355578,-0.214362,-6.78197
550,0.275,4,2,4,0,0,0,0,0,0,-42.3754,-6.53397,-17.1733,-6.23801,-24.6939,-49.6394,0,0,0,0,0,0,-4.1076,3.16309,-0.601343,0.365826,-0.212113,-6.79982
551,0.2755,4,2,4,0,0,0,0,0,0,-42.451,-6.10532,-17.1814,-6.31136,-24.7577,-50.0701,0,0,0,0,0,0,-4.10606,3.20433,-0.590819,0.367349,-0.20653,-6.85012
552,0.276,4,2,4,0,0,0,0,0,0,-42.5385,-5.68044,-17.1885,-6.38918,-24.8181,-50.5049,0,0,0,0,0,0,-4.11212,3.24478,-0.580238,0.370811,-0.197048,-6.89738
553,0.2765,4,2,4,0,0,0,0,0,0,-42.6294,-5.24986,-17.188,-6.47511,-24.8749,-50.9396,0,0,0,0,0,0,-4.13084,3.28336,-0.56655,0.369539,-0.187994,-6.94461
554,0.277,4,2,4,0,0,0,0,0,0,-42.7184,-4.81919,-17.1751,-6.5707,-24.9257,-51.3856,0,0,0,0,0,0,-4.14697,3.33215,-0.561445,0.375783,-0.184012,-6.9829
555,0.2775,4,2,4,0,0,0,0,0,0,-42.8055,-4.3952,-17.1508,-6.6744,-24.9704,-51.8482,0,0,0,0,0,0,-4.1603,3.37962,-0.550851,0.375597,-0.181386,-7.0209
556,0.278,4,2,4,0,0,0,0,0,0,-42.8869,-3.98195,-17.1155,-6.78723,-25.0119,-52.3117,0,0,0,0,0,0,-4.16126,3.42937,-0.538309,0.37586,-0.17498,-7.04488
557,0.2785,4,2,4,0,0,0,0,0,0,-42.9667,-3.56894,-17.0761,-6.90282,-25.0532,-52.7653,0,0,0,0,0,0,-4.1793,3.46406,-0.530797,0.384232,-0.160668,-7.08534
558,0.279,4,2,4,0,0,0,0,0,0,-43.0437,-3.15478,-17.0366,-7.01715,-25.0964,-53.2132,0,0,0,0,0,0,-4.20082,3.50547,-0.527441,0.396844,-0.145427,-7.13004
559,0.2795,4,2,4,0,0,0,0,0,0,-43.1142,-2.74446,-16.9989,-7.12803,-25.1397,-53.6576,0,0,0,0,0,0,-4.2258,3.53918,-0.519471,0.404141,-0.131024,-7.19956
560,0.28,4,2,4,0,0,0,0,0,0,-43.1747,-2.32744,-16.961,-7.23535,-25.1824,-54.0953,0,0,0,0,0,0,-4.23493,3.57773,-0.509395,0.40923,-0.116669,-7.25553
561,0.2805,4,2,4,0,0,0,0,0,0,-43.2205,-1.90186,-16.9166,-7.34452,-25.2234,-54.5272,0,0,0,0,0,0,-4.23621,3.62295,-0.48861,0.406585,-0.104745,-7.29694
562,0.281,4,2,4,0,0,0,0,0,0,-43.2624,-1.47717,-16.8712,-7.44915,-25.2585,-54.9725,0,0,0,0,0,0,-4.23722,3.67109,-0.471956,0.405577,-0.099506,-7.33241
563,0.2815,4,2,4,0,0,0,0,0,0,-43.3173,-1.05938,-16.8327,-7.54242,-25.287,-55.4493,0,0,0,0,0,0,-4.22907,3.72325,-0.459119,0.409806,-0.0926787,-7.36316
564,0.282,4,2,4,0,0,0,0,0,0,-43.3727,-0.638437,-16.7998,-7.63013,-25.3165,-55.9193,0,0,0,0,0,0,-4.21514,3.78109,-0.446953,0.413706,-0.0895017,-7.39624
565,0.2825,4,2,4,0,0,0,0,0,0,-43.4276,-0.210993,-16.7683,-7.71881,-25.3482,-56.3726,0,0,0,0,0,0,-4.19576,3.82944,-0.437584,0.419043,-0.0857913,-7.41445
566,0.283,4,2,4,0,0,0,0,0,0,-43.486,0.221023,-16.7349,-7.81014,-25.3782,-56.8199,0,0,0,0,0,0,-4.21133,3.85794,-0.432952,0.42734,-0.0794405,-7.46804
567,0.2835,4,2,4,0,0,0,0,0,0,-43.5548,0.654665,-16.6957,-7.90566,-25.4024,-57.2781,0,0,0,0,0,0,-4.21597,3.88338,-0.429089,0.436682,-0.0680825,-7.51044
568,0.284,4,2,4,0,0,0,0,0,0,-43.6267,1.084,-16.648,-8.00812,-25.4204,-57.7409,0,0,0,0,0,0,-4.22265,3.93306,-0.41593,0.436795,-0.0625662,-7.5532
569,0.2845,4,2,4,0,0,0,0,0,0,-43.6995,1.50352,-16.5929,-8.11744,-25.4322,-58.2131,0,0,0,0,0,0,-4.24293,3.9762,-0.405495,0.438501,-0.0516823,-7.60813
570,0.285,4,2,4,0,0,0,0,0,0,-43.769,1.90989,-16.5315,-8.23261,-25.44,-58.698,0,0,0,0,0,0,-4.25722,4.01576,-0.39657,0.444622,-0.0362964,-7.65209
571,0.2855,4,2,4,0,0,0,0,0,0,-43.8224,2.31725,-16.4637,-8.35159,-25.4484,-59.175,0,0,0,0,0,0,-4.2491,4.06311,-0.375528,0.441405,-0.0213911,-7.66742
572,0.286,4,2,4,0,0,0,0,0,0,-43.8641,2.73021,-16.3935,-8.47002,-25.4583,-59.6422,0,0,0,0,0,0,-4.25224,4.11157,-0.358799,0.444486,-0.00450369,-7.70626
573,0.2865,4,2,4,0,0,0,0,0,0,-43.89,3.1508,-16.3211,-8.58698,-25.4689,-60.0893,0,0,0,0,0,0,-4.26578,4.14781,-0.339645,0.444894,0.0129162,-7.76817
574,0.287,4,2,4,0,0,0,0,0,0,-43.9025,3.57589,-16.246,-8.70087,-25.4767,-60.5243,0,0,0,0,0,0,-4.26896,4.17252,-0.318864,0.443825,0.0290522,-7.82365
575,0.2875,4,2,4,0,0,0,0,0,0,-43.9115,4.00186,-16.1658,-8.81466,-25.4792,-60.962,0,0,0,0,0,0,-4.25243,4.20995,-0.303326,0.445992,0.0363362,-7.84391
576,0.288,4,2,4,0,0,0,0,0,0,-43.9312,4.42177,-16.0828,-8.92772,-25.4742,-61.4224,0,0,0,0,0,0,-4.23255,4.25376,-0.28895,0.44997,0.0425438,-7.86187
577,0.2885,4,2,4,0,0,0,0,0,0,-43.9721,4.83177,-16.0046,-9.03407,-25.4623,-61.9183,0,0,0,0,0,0,-4.21465,4.29275,-0.27926,0.45987,0.0527042,-7.8887
578,0.289,4,2,4,0,0,0,0,0,0,-44.0142,5.24528,-15.9272,-9.1409,-25.4505,-62.4086,0,0,0,0,0,0,-4.21355,4.337,-0.268591,0.468301,0.0641458,-7.9425
579,0.2895,4,2,4,0,0,0,0,0,0,-44.0504,5.66387,-15.8471,-9.25279,-25.4392,-62.885,0,0,0,0,0,0,-4.19776,4.38304,-0.261241,0.478349,0.0711822,-7.96717
580,0.29,4,2,4,0,0,0,0,0,0,-44.0896,6.08245,-15.7667,-9.36954,-25.4283,-63.3616,0,0,0,0,0,0,-4.22302,4.42292,-0.256223,0.488626,0.0833545,-8.03325
581,0.2905,4,2,4,0,0,0,0,0,0,-44.1333,6.50502,-15.6836,-9.49181,-25.418,-63.8354,0,0,0,0,0,0,-4.24976,4.4677,-0.255876,0.503674,0.0938287,-8.10901
582,0.291,4,2,4,0,0,0,0,0,0,-44.185,6.92455,-15.598,-9.61962,-25.4079,-64.3149,0,0,0,0,0,0,-4.2686,4.51658,-0.250888,0.51104,0.102925,-8.16077
583,0.2915,4,2,4,0,0,0,0,0,0,-44.239,7.33054,-15.5141,-9.74293,-25.3928,-64.8108,0,0,0,0,0,0,-4.28115,4.54702,-0.243246,0.518505,0.116854,-8.20847
584,0.292,4,2,4,0,0,0,0,0,0,-44.2796,7.73085,-15.4262,-9.86552,-25.3745,-65.3065,0,0,0,0,0,0,-4.27327,4.57406,-0.232266,0.526046,0.131379,-8.22751
585,0.2925,4,2,4,0,0,0,0,0,0,-44.3008,8.13798,-15.3342,-9.98759,-25.3569,-65.7845,0,0,0,0,0,0,-4.27859,4.606,-0.212771,0.525485,0.148727,-8.26756
586,0.293,4,2,4,0,0,0,0,0,0,-44.3167,8.54812,-15.2461,-10.1013,-25.3362,-66.2624,0,0,0,0,0,0,-4.29829,4.63772,-0.199417,0.533286,0.174206,-8.33817
587,0.2935,4,2,4,0,0,0,0,0,0,-44.3262,8.9626,-15.1555,-10.2111,-25.3094,-66.736,0,0,0,0,0,0,-4.30007,4.67086,-0.185396,0.54079,0.194664,-8.39338
588,0.294,4,2,4,0,0,0,0,0,0,-44.3123,9.38116,-15.0524,-10.3278,-25.2804,-67.1873,0,0,0,0,0,0,-4.28516,4.71224,-0.166431,0.543528,0.207093,-8.42858
589,0.2945,4,2,4,0,0,0,0,0,0,-44.2808,9.80097,-14.9396,-10.4493,-25.2482,-67.6271,0,0,0,0,0,0,-4.23714,4.7492,-0.142542,0.538706,0.212021,-8.42682
590,0.295,4,2,4,0,0,0,0,0,0,-44.2578,10.2112,-14.8299,-10.5656,-25.2101,-68.0878,0,0,0,0,0,0,-4.20757,4.78817,-0.12411,0.538751,0.217186,-8.44578
591,0.2955,4,2,4,0,0,0,0,0,0,-44.2583,10.6174,-14.726,-10.68,-25.1693,-68.5639,0,0,0,0,0,0,-4.20088,4.83037,-0.112496,0.545949,0.228046,-8.48447
592,0.296,4,2,4,0,0,0,0,0,0,-44.2875,11.0248,-14.6288,-10.7914,-25.1226,-69.0518,0,0,0,0,0,0,-4.20452,4.861,-0.109252,0.556944,0.236945,-8.53218
593,0.2965,4,2,4,0,0,0,0,0,0,-44.3268,11.4322,-14.5297,-10.9065,-25.0704,-69.5396,0,0,0,0,0,0,-4.22413,4.9005,-0.105954,0.569874,0.248745,-8.60309
594,0.297,4,2,4,0,0,0,0,0,0,-44.3548,11.8421,-14.4148,-11.0361,-25.0138,-70.0194,0,0,0,0,0,0,-4.2273,4.94009,-0.0961563,0.576382,0.260498,-8.6469
595,0.2975,4,2,4,0,0,0,0,0,0,-44.358,12.254,-14.2853,-11.1778,-24.9574,-70.48,0,0,0,0,0,0,-4.24582,4.97504,-0.0833636,0.580078,0.279546,-8.70495
596,0.298,4,2,4,0,0,0,0,0,0,-44.3583,12.6567,-14.1538,-11.3189,-24.8978,-70.9589,0,0,0,0,0,0,-4.22733,5.01192,-0.0654192,0.582143,0.295505,-8.71927
597,0.2985,4,2,4,0,0,0,0,0,0,-44.3666,13.0487,-14.0265,-11.454,-24.8355,-71.4643,0,0,0,0,0,0,-4.23182,5.0473,-0.0509491,0.59129,0.320968,-8.77044
598,0.299,4,2,4,0,0,0,0,0,0,-44.3578,13.4422,-13.8977,-11.5899,-24.7775,-71.9499,0,0,0,0,0,0,-4.24245,5.0888,-0.0379685,0.602868,0.344962,-8.83174
599,0.2995,4,2,4,0,0,0,0,0,0,-44.3333,13.8412,-13.7655,-11.7257,-24.7199,-72.4177,0,0,0,0,0,0,-4.24162,5.11834,-0.025172,0.610722,0.362033,-8.88534
600,0.3,4,2,4,0,0,0,0,0,0,-44.3024,14.2477,-13.6311,-11.8589,-24.6587,-72.8763,0,0,0,0,0,0,-4.23422,5.15124,-0.00703991,0.612823,0.376073,-8.92637
601,0.3005,4,2,4,0,0,0,0,0,0,-44.262,14.6558,-13.4932,-11.9913,-24.5921,-73.3221,0,0,0,0,0,0,-4.21771,5.19147,0.0113671,0.616743,0.387564,-8.94948
602,0.301,4,2,4,0,0,0,0,0,0,-44.2272,15.0528,-13.3546,-12.1213,-24.5166,-73.7824,0,0,0,0,0,0,-4.18484,5.20897,0.0279651,0.621079,0.396705,-8.95251
603,0.3015,4,2,4,0,0,0,0,0,0,-44.1985,15.4389,-13.2178,-12.2483,-24.4361,-74.2551,0,0,0,0,0,0,-4.16166,5.22687,0.042497,0.627703,0.409498,-8.97553
604,0.302,4,2,4,0,0,0,0,0,0,-44.1748,15.8263,-13.0842,-12.3747,-24.3569,-74.7272,0,0,0,0,0,0,-4.13809,5.26004,0.0534127,0.640431,0.42134,-9.00034
605,0.3025,4,2,4,0,0,0,0,0,0,-44.1613,16.2191,-12.9556,-12.4986,-24.2781,-75.2023,0,0,0,0,0,0,-4.12307,5.28868,0.0593871,0.654572,0.434018,-9.03737
606,0.303,4,2,4,0,0,0,0,0,0,-44.1657,16.6161,-12.8333,-12.6182,-24.1974,-75.6964,0,0,0,0,0,0,-4.15809,5.32551,0.0620967,0.670874,0.453977,-9.1307
607,0.3035,4,2,4,0,0,0,0,0,0,-44.1808,17.0127,-12.712,-12.7376,-24.1126,-76.2017,0,0,0,0,0,0,-4.19491,5.36899,0.0654671,0.690238,0.47588,-9.22195
608,0.304,4,2,4,0,0,0,0,0,0,-44.1892,17.4042,-12.5849,-12.8617,-24.0254,-76.7069,0,0,0,0,0,0,-4.21,5.40488,0.0666584,0.711556,0.495334,-9.28018
609,0.3045,4,2,4,0,0,0,0,0,0,-44.1865,17.7898,-12.4507,-12.9911,-23.9362,-77.2121,0,0,0,0,0,0,-4.20671,5.43763,0.0791696,0.719712,0.512706,-9.31546
610,0.305,4,2,4,0,0,0,0,0,0,-44.1619,18.1782,-12.3076,-13.1258,-23.8477,-77.6958,0,0,0,0,0,0,-4.22419,5.46682,0.0974756,0.721312,0.536398,-9.37543
611,0.3055,4,2,4,0,0,0,0,0,0,-44.1136,18.5664,-12.1526,-13.2677,-23.7555,-78.1555,0,0,0,0,0,0,-4.22266,5.49306,0.112624,0.729179,0.558379,-9.42312
612,0.306,4,2,4,0,0,0,0,0,0,-44.0436,18.958,-11.9895,-13.4114,-23.6594,-78.5908,0,0,0,0,0,0,-4.19274,5.52945,0.134381,0.730584,0.571621,-9.44505
613,0.3065,4,2,4,0,0,0,0,0,0,-43.9703,19.3493,-11.825,-13.5506,-23.5564,-79.0247,0,0,0,0,0,0,-4.15864,5.55982,0.156168,0.728918,0.583437,-9.45823
614,0.307,4,2,4,0,0,0,0,0,0,-43.9105,19.7333,-11.6668,-13.6799,-23.4455,-79.4781,0,0,0,0,0,0,-4.13476,5.58827,0.168713,0.737182,0.596057,-9.49898
615,0.3075,4,2,4,0,0,0,0,0,0,-43.8636,20.1096,-11.5125,-13.8064,-23.3322,-79.9486,0,0,0,0,0,0,-4.106,5.60962,0.178234,0.748984,0.60501,-9.51434
616,0.308,4,2,4,0,0,0,0,0,0,-43.8213,20.4877,-11.3579,-13.9358,-23.2209,-80.4228,0,0,0,0,0,0,-4.09367,5.64137,0.187782,0.759829,0.615056,-9.54849
617,0.3085,4,2,4,0,0,0,0,0,0,-43.7788,20.8687,-11.2051,-14.0681,-23.1135,-80.8886,0,0,0,0,0,0,-4.09147,5.67938,0.194537,0.774444,0.627106,-9.59729
618,0.309,4,2,4,0,0,0,0,0,0,-43.736,21.2514,-11.0498,-14.2064,-23.0055,-81.3427,0,0,0,0,0,0,-4.08711,5.70694,0.205269,0.781932,0.640769,-9.63798
619,0.3095,4,2,4,0,0,0,0,0,0,-43.6982,21.633,-10.8932,-14.3455,-22.891,-81.8009,0,0,0,0,0,0,-4.07931,5.73834,0.221965,0.782303,0.653454,-9.66574
620,0.31,4,2,4,0,0,0,0,0,0,-43.6717,22.0058,-10.7378,-14.4781,-22.7658,-82.285,0,0,0,0,0,0,-4.09558,5.76626,0.234435,0.792403,0.679944,-9.72811
621,0.3105,4,2,4,0,0,0,0,0,0,-43.6343,22.3691,-10.5745,-14.615,-22.6358,-82.7697,0,0,0,0,0,0,-4.08396,5.78735,0.246419,0.807213,0.706244,-9.76316
622,0.311,4,2,4,0,0,0,0,0,0,-43.5721,22.7316,-10.3991,-14.7609,-22.5054,-83.2275,0,0,0,0,0,0,-4.0811,5.81256,0.266941,0.809882,0.73053,-9.8094
623,0.3115,4,2,4,0,0,0,0,0,0,-43.4869,23.0996,-10.2128,-14.9138,-22.3738,-83.6586,0,0,0,0,0,0,-4.06841,5.83674,0.286245,0.811656,0.747995,-9.84697
624,0.312,4,2,4,0,0,0,0,0,0,-43.3978,23.4723,-10.0212,-15.0673,-22.2364,-84.085,0,0,0,0,0,0,-4.04906,5.8767,0.300883,0.824291,0.764982,-9.88732
625,0.3125,4,2,4,0,0,0,0,0,0,-43.3192,23.8444,-9.83226,-15.2133,-22.0903,-84.5281,0,0,0,0,0,0,-4.02095,5.90771,0.311696,0.840142,0.778745,-9.90752
626,0.313,4,2,4,0,0,0,0,0,0,-43.2535,24.203,-9.64817,-15.3544,-21.9391,-84.9992,0,0,0,0,0,0,-4.00996,5.93546,0.326639,0.848791,0.794085,-9.94647
627,0.3135,4,2,4,0,0,0,0,0,0,-43.1964,24.5599,-9.46841,-15.4959,-21.7925,-85.4818,0,0,0,0,0,0,-3.99936,5.95406,0.339035,0.859113,0.812779,-9.98832
628,0.314,4,2,4,0,0,0,0,0,0,-43.1497,24.923,-9.29821,-15.6338,-21.6545,-85.9677,0,0,0,0,0,0,-4.00744,5.98047,0.338478,0.885488,0.83045,-10.0465
629,0.3145,4,2,4,0,0,0,0,0,0,-43.0929,25.2917,-9.13535,-15.7681,-21.5266,-86.4331,0,0,0,0,0,0,-3.99739,6.00417,0.348774,0.897579,0.844649,-10.082
630,0.315,4,2,4,0,0,0,0,0,0,-43.0224,25.6611,-8.97489,-15.8995,-21.4014,-86.8792,0,0,0,0,0,0,-4.00243,6.02763,0.356693,0.914042,0.865579,-10.1407
631,0.3155,4,2,4,0,0,0,0,0,0,-42.9609,26.0281,-8.81578,-16.023,-21.2631,-87.3391,0,0,0,0,0,0,-3.99265,6.05499,0.36383,0.930174,0.883757,-10.1772
632,0.316,4,2,4,0,0,0,0,0,0,-42.9086,26.3872,-8.65095,-16.1454,-21.1075,-87.8136,0,0,0,0,0,0,-3.99028,6.07841,0.368874,0.951225,0.905732,-10.2294
633,0.3165,4,2,4,0,0,0,0,0,0,-42.8402,26.7418,-8.47076,-16.2792,-20.9426,-88.2667,0,0,0,0,0,0,-3.99488,6.10203,0.377273,0.966631,0.92932,-10.2853
634,0.317,4,2,4,0,0,0,0,0,0,-42.7501,27.0961,-8.27716,-16.4234,-20.7731,-88.6905,0,0,0,0,0,0,-3.99565,6.13448,0.387543,0.978575,0.946907,-10.3329
635,0.3175,4,2,4,0,0,0,0,0,0,-42.641,27.4472,-8.07633,-16.5713,-20.5998,-89.0913,0,0,0,0,0,0,-3.9767,6.16507,0.408259,0.97996,0.965989,-10.3552
636,0.318,4,2,4,0,0,0,0,0,0,-42.5283,27.7962,-7.87438,-16.7183,-20.4245,-89.4951,0,0,0,0,0,0,-3.96307,6.20764,0.424329,0.993275,0.986661,-10.4105
637,0.3185,4,2,4,0,0,0,0,0,0,-42.428,28.1372,-7.67905,-16.8569,-20.2468,-89.9258,0,0,0,0,0,0,-3.95566,6.23916,0.434739,1.01193,1.00746,-10.4697
638,0.319,4,2,4,0,0,0,0,0,0,-42.3377,28.4762,-7.48938,-16.9891,-20.0701,-90.3787,0,0,0,0,0,0,-3.94626,6.2566,0.442762,1.03084,1.02538,-10.5172
639,0.3195,4,2,4,0,0,0,0,0,0,-42.248,28.8214,-7.30509,-17.1198,-19.9035,-90.8339,0,0,0,0,0,0,-3.91402,6.27451,0.45497,1.04165,1.03603,-10.5347
640,0.32,4,2,4,0,0,0,0,0,0,-42.1478,29.1733,-7.12457,-17.2502,-19.7455,-91.2734,0,0,0,0,0,0,-3.90132,6.30131,0.466804,1.05593,1.05126,-10.5821
641,0.3205,4,2,4,0,0,0,0,0,0,-42.0415,29.5251,-6.95137,-17.3741,-19.5907,-91.7072,0,0,0,0,0,0,-3.88584,6.32194,0.483024,1.06451,1.06913,-10.617
642,0.321,4,2,4,0,0,0,0,0,0,-41.9416,29.8696,-6.78158,-17.4919,-19.4282,-92.1517,0,0,0,0,0,0,-3.87022,6.33562,0.496576,1.07722,1.0937,-10.6462
643,0.3215,4,2,4,0,0,0,0,0,0,-41.8509,30.2062,-6.60958,-17.6088,-19.2528,-92.6069,0,0,0,0,0,0,-3.85545,6.35834,0.505628,1.096,1.11509,-10.6807
644,0.322,4,2,4,0,0,0,0,0,0,-41.7628,30.5403,-6.42306,-17.7387,-19.0639,-93.0596,0,0,0,0,0,0,-3.84755,6.38216,0.508356,1.11848,1.13096,-10.7234
645,0.3225,4,2,4,0,0,0,0,0,0,-41.67,30.8793,-6.21661,-17.8864,-18.8633,-93.4959,0,0,0,0,0,0,-3.85997,6.41031,0.518753,1.13244,1.1536,-10.7852
646,0.323,4,2,4,0,0,0,0,0,0,-41.5639,31.2207,-5.99757,-18.0444,-18.6559,-93.9138,0,0,0,0,0,0,-3.86294,6.45118,0.525639,1.1548,1.17398,-10.8391
647,0.3235,4,2,4,0,0,0,0,0,0,-41.4429,31.557,-5.77839,-18.2025,-18.4513,-94.3183,0,0,0,0,0,0,-3.83616,6.4803,0.540849,1.16585,1.19204,-10.8576
648,0.324,4,2,4,0,0,0,0,0,0,-41.3198,31.8856,-5.57113,-18.3476,-18.2512,-94.7307,0,0,0,0,0,0,-3.82395,6.50648,0.549586,1.18766,1.21177,-10.9071
649,0.3245,4,2,4,0,0,0,0,0,0,-41.1941,32.2084,-5.37631,-18.4818,-18.0613,-95.1464,0,0,0,0,0,0,-3.81148,6.52453,0.55805,1.21074,1.23278,-10.9565
650,0.325,4,2,4,0,0,0,0,0,0,-41.0653,32.5348,-5.19013,-18.6108,-17.883,-95.5605,0,0,0,0,0,0,-3.78387,6.54099,0.575202,1.21881,1.25099,-10.9769
651,0.3255,4,2,4,0,0,0,0,0,0,-40.9329,32.865,-5.00312,-18.7424,-17.7078,-95.9759,0,0,0,0,0,0,-3.75855,6.55249,0.594887,1.21756,1.26591,-10.9947
652,0.326,4,2,4,0,0,0,0,0,0,-40.7963,33.192,-4.81219,-18.8767,-17.5281,-96.3873,0,0,0,0,0,0,-3.73646,6.55433,0.610711,1.21695,1.28171,-11.0053
653,0.3265,4,2,4,0,0,0,0,0,0,-40.6559,33.511,-4.61906,-19.0079,-17.3392,-96.7932,0,0,0,0,0,0,-3.70998,6.56231,0.612234,1.23689,1.2931,-11.0107
654,0.327,4,2,4,0,0,0,0,0,0,-40.5127,33.823,-4.4158,-19.145,-17.1378,-97.194,0,0,0,0,0,0,-3.71218,6.59065,0.612918,1.27022,1.31302,-11.0853
655,0.3275,4,2,4,0,0,0,0,0,0,-40.364,34.1337,-4.19943,-19.2929,-16.9281,-97.5844,0,0,0,0,0,0,-3.69128,6.62123,0.623757,1.28707,1.32491,-11.1227
656,0.328,4,2,4,0,0,0,0,0,0,-40.2103,34.4476,-3.97716,-19.4448,-16.7155,-97.958,0,0,0,0,0,0,-3.64155,6.65399,0.650394,1.2873,1.33511,-11.1222
657,0.3285,4,2,4,0,0,0,0,0,0,-40.069,34.7671,-3.76056,-19.5858,-16.4969,-98.3364,0,0,0,0,0,0,-3.6294,6.69123,0.667874,1.30264,1.35664,-11.1718
658,0.329,4,2,4,0,0,0,0,0,0,-39.9516,35.0864,-3.55955,-19.7059,-16.2718,-98.7454,0,0,0,0,0,0,-3.65256,6.72356,0.660758,1.34981,1.38582,-11.268
659,0.3295,4,2,4,0,0,0,0,0,0,-39.8443,35.4005,-3.37349,-19.8079,-16.0468,-99.1717,0,0,0,0,0,0,-3.65639,6.75018,0.660686,1.38469,1.40986,-11.3383
660,0.33,4,2,4,0,0,0,0,0,0,-39.7321,35.7073,-3.19091,-19.9068,-15.8246,-99.5986,0,0,0,0,0,0,-3.62096,6.76536,0.679519,1.39097,1.42547,-11.3438
661,0.3305,4,2,4,0,0,0,0,0,0,-39.5926,36.0089,-2.99671,-20.0222,-15.608,-99.9967,0,0,0,0,0,0,-3.59908,6.79202,0.699783,1.40043,1.44786,-11.3858
662,0.331,4,2,4,0,0,0,0,0,0,-39.4244,36.311,-2.78917,-20.1541,-15.3948,-100.366,0,0,0,0,0,0,-3.58928,6.81221,0.711372,1.42038,1.47297,-11.4384
663,0.3315,4,2,4,0,0,0,0,0,0,-39.2403,36.6084,-2.57635,-20.2917,-15.1801,-100.72,0,0,0,0,0,0,-3.5719,6.82151,0.715418,1.44067,1.48831,-11.4659
664,0.332,4,2,4,0,0,0,0,0,0,-39.0489,36.8988,-2.36027,-20.4328,-14.961,-101.067,0,0,0,0,0,0,-3.53781,6.83732,0.731732,1.44632,1.49959,-11.4746
665,0.3325,4,2,4,0,0,0,0,0,0,-38.8711,37.1927,-2.14434,-20.5704,-14.736,-101.433,0,0,0,0,0,0,-3.49817,6.86498,0.751766,1.45833,1.51697,-11.4975
666,0.333,4,2,4,0,0,0,0,0,0,-38.7132,37.4975,-1.93132,-20.7044,-14.5097,-101.826,0,0,0,0,0,0,-3.47601,6.87062,0.757349,1.47633,1.53059,-11.5162
667,0.3335,4,2,4,0,0,0,0,0,0,-38.5664,37.8104,-1.72839,-20.8276,-14.2871,-102.233,0,0,0,0,0,0,-3.49973,6.91484,0.766158,1.50863,1.56453,-11.6162
668,0.334,4,2,4,0,0,0,0,0,0,-38.4271,38.1236,-1.53982,-20.9341,-14.0686,-102.649,0,0,0,0,0,0,-3.4925,6.93974,0.773244,1.52916,1.58311,-11.6578
669,0.3345,4,2,4,0,0,0,0,0,0,-38.2867,38.4279,-1.35964,-21.0305,-13.8501,-103.059,0,0,0,0,0,0,-3.47711,6.94828,0.770539,1.5598,1.59662,-11.6923
670,0.335,4,2,4,0,0,0,0,0,0,-38.1396,38.7241,-1.17497,-21.1287,-13.6267,-103.456,0,0,0,0,0,0,-3.45723,6.96417,0.776715,1.58519,1.61325,-11.7225
671,0.3355,4,2,4,0,0,0,0,0,0,-37.9839,39.0155,-0.973048,-21.2421,-13.3918,-103.833,0,0,0,0,0,0,-3.45243,6.99285,0.781943,1.6147,1.63176,-11.7869
672,0.336,4,2,4,0,0,0,0,0,0,-37.8074,39.2955,-0.748911,-21.3791,-13.147,-104.172,0,0,0,0,0,0,-3.43589,7.02411,0.799059,1.63013,1.65327,-11.8317
673,0.3365,4,2,4,0,0,0,0,0,0,-37.6228,39.5654,-0.521791,-21.5161,-12.8955,-104.499,0,0,0,0,0,0,-3.41273,7.05488,0.80517,1.66179,1.67154,-11.8656
674,0.337,4,2,4,0,0,0,0,0,0,-37.4401,39.8327,-0.303205,-21.6415,-12.6447,-104.837,0,0,0,0,0,0,-3.39541,7.07143,0.806753,1.6953,1.69102,-11.9166
675,0.3375,4,2,4,0,0,0,0,0,0,-37.2599,40.1032,-0.0950409,-21.7576,-12.4018,-105.186,0,0,0,0,0,0,-3.36671,7.09137,0.81976,1.71322,1.70836,-11.945
676,0.338,4,2,4,0,0,0,0,0,0,-37.0743,40.3752,0.10877,-21.8721,-12.169,-105.531,0,0,0,0,0,0,-3.35902,7.10693,0.839281,1.71893,1.73137,-11.9888
677,0.3385,4,2,4,0,0,0,0,0,0,-36.8737,40.6463,0.31643,-21.9932,-11.9416,-105.857,0,0,0,0,0,0,-3.33209,7.12666,0.861719,1.72413,1.7494,-12.0127
678,0.339,4,2,4,0,0,0,0,0,0,-36.667,40.9134,0.525225,-22.1124,-11.7096,-106.177,0,0,0,0,0,0,-3.28787,7.14678,0.881987,1.73373,1.76324,-12.022
679,0.3395,4,2,4,0,0,0,0,0,0,-36.4503,41.1743,0.738716,-22.229,-11.4685,-106.484,0,0,0,0,0,0,-3.27222,7.16284,0.88764,1.76232,1.78344,-12.0599
680,0.34,4,2,4,0,0,0,0,0,0,-36.2309,41.4355,0.963999,-22.3523,-11.2166,-106.79,0,0,0,0,0,0,-3.2302,7.17394,0.892703,1.78914,1.79173,-12.057
681,0.3405,4,2,4,0,0,0,0,0,0,-36.0185,41.7096,1.19582,-22.4778,-10.9577,-107.108,0,0,0,0,0,0,-3.22358,7.20976,0.905388,1.81934,1.81561,-12.1242
682,0.341,4,2,4,0,0,0,0,0,0,-35.821,41.9971,1.41928,-22.5911,-10.6972,-107.449,0,0,0,0,0,0,-3.18684,7.24793,0.927236,1.83217,1.83154,-12.1561
683,0.3415,4,2,4,0,0,0,0,0,0,-35.6551,42.2945,1.61688,-22.6712,-10.4363,-107.84,0,0,0,0,0,0,-3.19619,7.28549,0.938757,1.85879,1.86027,-12.2394
684,0.342,4,2,4,0,0,0,0,0,0,-35.5052,42.5852,1.79004,-22.7238,-10.1775,-108.253,0,0,0,0,0,0,-3.21552,7.32049,0.930667,1.91274,1.88719,-12.3313
685,0.3425,4,2,4,0,0,0,0,0,0,-35.3537,42.8679,1.96034,-22.7793,-9.92252,-108.661,0,0,0,0,0,0,-3.20023,7.32973,0.925789,1.95083,1.90361,-12.3543
686,0.343,4,2,4,0,0,0,0,0,0,-35.1751,43.1409,2.14695,-22.8659,-9.67487,-109.033,0,0,0,0,0,0,-3.19573,7.3603,0.930401,1.98209,1.9251,-12.4111
687,0.3435,4,2,4,0,0,0,0,0,0,-34.9571,43.3982,2.35704,-22.9942,-9.4347,-109.351,0,0,0,0,0,0,-3.18001,7.38531,0.945647,1.99872,1.94454,-12.4509
688,0.344,4,2,4,0,0,0,0,0,0,-34.7141,43.6367,2.57706,-23.1366,-9.19452,-109.634,0,0,0,0,0,0,-3.1699,7.40241,0.948061,2.03025,1.96196,-12.498
689,0.3445,4,2,4,0,0,0,0,0,0,-34.4733,43.8656,2.78787,-23.2607,-8.94946,-109.923,0,0,0,0,0,0,-3.1266,7.41282,0.950621,2.06068,1.96987,-12.5096
690,0.345,4,2,4,0,0,0,0,0,0,-34.2422,44.0955,2.98874,-23.3648,-8.7014,-110.229,0,0,0,0,0,0,-3.0912,7.42239,0.961483,2.07854,1.98231,-12.5257
691,0.3455,4,2,4,0,0,0,0,0,0,-34.0172,44.326,3.18644,-23.4555,-8.45076,-110.546,0,0,0,0,0,0,-3.06512,7.42658,0.974433,2.0953,2.00006,-12.569
692,0.346,4,2,4,0,0,0,0,0,0,-33.7795,44.5474,3.39459,-23.5528,-8.19724,-110.833,0,0,0,0,0,0,-2.99872,7.41722,1.00158,2.09168,2.00867,-12.5564
693,0.3465,4,2,4,0,0,0,0,0,0,-33.5266,44.7529,3.61088,-23.6533,-7.93733,-111.085,0,0,0,0,0,0,-2.96257,7.43401,1.01656,2.11399,2.02444,-12.5864
694,0.347,4,2,4,0,0,0,0,0,0,-33.2483,44.9405,3.83705,-23.766,-7.67699,-111.289,0,0,0,0,0,0,-2.91232,7.43767,1.02932,2.13648,2.0365,-12.5947
695,0.3475,4,2,4,0,0,0,0,0,0,-32.9521,45.1211,4.07151,-23.8955,-7.42018,-111.465,0,0,0,0,0,0,-2.86954,7.45247,1.04518,2.15934,2.05271,-12.6104
696,0.348,4,2,4,0,0,0,0,0,0,-32.6604,45.3097,4.30715,-24.0335,-7.16541,-111.652,0,0,0,0,0,0,-2.79106,7.45687,1.07521,2.1535,2.05561,-12.5594
697,0.3485,4,2,4,0,0,0,0,0,0,-32.3892,45.5185,4.53414,-24.168,-6.91414,-111.876,0,0,0,0,0,0,-2.774,7.48564,1.10287,2.16134,2.08,-12.6044
698,0.349,4,2,4,0,0,0,0,0,0,-32.1622,45.7558,4.73337,-24.2635,-6.66052,-112.172,0,0,0,0,0,0,-2.75768,7.51729,1.11135,2.19316,2.0979,-12.6489
699,0.3495,4,2,4,0,0,0,0,0,0,-31.9665,46.026,4.90735,-24.3163,-6.40392,-112.525,0,0,0,0,0,0,-2.77568,7.5682,1.10681,2.24795,2.12585,-12.7482
700,0.35,4,2,4,0,0,0,0,0,0,-31.7994,46.3367,5.07401,-24.347,-6.14065,-112.934,0,0,0,0,0,0,-2.78004,7.63934,1.10259,2.3143,2.15163,-12.8497
701,0.3505,4,2,4,0,0,0,0,0,0,-31.6284,46.6508,5.2496,-24.3884,-5.8757,-113.34,0,0,0,0,0,0,-2.81186,7.71723,1.10206,2.37511,2.18191,-12.9877
702,0.351,4,2,4,0,0,0,0,0,0,-31.4241,46.9388,5.44565,-24.459,-5.61046,-113.691,0,0,0,0,0,0,-2.82407,7.76861,1.11087,2.40998,2.20578,-13.063
703,0.3515,4,2,4,0,0,0,0,0,0,-31.214,47.2033,5.64562,-24.5259,-5.33408,-114.029,0,0,0,0,0,0,-2.81154,7.80881,1.11934,2.44615,2.225,-13.1158
704,0.352,4,2,4,0,0,0,0,0,0,-31.0051,47.4515,5.83425,-24.5688,-5.05276,-114.362,0,0,0,0,0,0,-2.81138,7.83241,1.11871,2.48718,2.24761,-13.1753
705,0.3525,4,2,4,0,0,0,0,0,0,-30.7787,47.6739,6.0208,-24.6112,-4.77828,-114.653,0,0,0,0,0,0,-2.79585,7.82176,1.11246,2.52699,2.26209,-13.1991
706,0.353,4,2,4,0,0,0,0,0,0,-30.5143,47.869,6.22404,-24.6857,-4.51416,-114.876,0,0,0,0,0,0,-2.73271,7.79256,1.13161,2.51945,2.26151,-13.1526
707,0.3535,4,2,4,0,0,0,0,0,0,-30.2036,48.0409,6.44436,-24.7951,-4.26269,-115.028,0,0,0,0,0,0,-2.64899,7.76022,1.15819,2.50097,2.25575,-13.0779
708,0.354,4,2,4,0,0,0,0,0,0,-29.8695,48.2004,6.67204,-24.9157,-4.0133,-115.152,0,0,0,0,0,0,-2.6013,7.75923,1.18047,2.50483,2.26662,-13.081
709,0.3545,4,2,4,0,0,0,0,0,0,-29.5456,48.3688,6.8894,-25.0233,-3.76124,-115.309,0,0,0,0,0,0,-2.54544,7.75551,1.18351,2.53922,2.27119,-13.0806
710,0.355,4,2,4,0,0,0,0,0,0,-29.2522,48.558,7.08937,-25.1053,-3.50325,-115.534,0,0,0,0,0,0,-2.50807,7.76692,1.19297,2.56961,2.28698,-13.1069
711,0.3555,4,2,4,0,0,0,0,0,0,-28.9888,48.7662,7.27886,-25.1691,-3.24133,-115.814,0,0,0,0,0,0,-2.47234,7.78913,1.21139,2.58758,2.30099,-13.1368
712,0.356,4,2,4,0,0,0,0,0,0,-28.7206,48.9675,7.46456,-25.2325,-2.98602,-116.087,0,0,0,0,0,0,-2.45411,7.80791,1.2277,2.61115,2.32243,-13.1976
713,0.3565,4,2,4,0,0,0,0,0,0,-28.4271,49.1497,7.64993,-25.2997,-2.73826,-116.312,0,0,0,0,0,0,-2.4349,7.8332,1.23714,2.64569,2.34152,-13.2653
714,0.357,4,2,4,0,0,0,0,0,0,-28.1045,49.3106,7.84241,-25.3792,-2.49581,-116.477,0,0,0,0,0,0,-2.39261,7.86316,1.24539,2.68191,2.35207,-13.2909
715,0.3575,4,2,4,0,0,0,0,0,0,-27.7743,49.4549,8.04794,-25.4745,-2.24751,-116.609,0,0,0,0,0,0,-2.31132,7.8598,1.27055,2.68907,2.3566,-13.2365
716,0.358,4,2,4,0,0,0,0,0,0,-27.4681,49.6089,8.25741,-25.5656,-1.98577,-116.775,0,0,0,0,0,0,-2.28216,7.88335,1.29382,2.7134,2.37758,-13.2767
717,0.3585,4,2,4,0,0,0,0,0,0,-27.1947,49.784,8.45379,-25.6234,-1.71354,-116.995,0,0,0,0,0,0,-2.28005,7.92432,1.30795,2.75801,2.40838,-13.3758
718,0.359,4,2,4,0,0,0,0,0,0,-26.9389,49.9752,8.63028,-25.6478,-1.44229,-117.245,0,0,0,0,0,0,-2.25867,7.96137,1.31433,2.80786,2.42866,-13.4333
719,0.3595,4,2,4,0,0,0,0,0,0,-26.6737,50.1707,8.79801,-25.6682,-1.18165,-117.487,0,0,0,0,0,0,-2.23617,7.99533,1.31778,2.86166,2.44848,-13.4732
720,0.36,4,2,4,0,0,0,0,0,0,-26.3901,50.3638,8.97261,-25.7054,-0.928383,-117.712,0,0,0,0,0,0,-2.21355,8.0177,1.32177,2.90477,2.4616,-13.505
721,0.3605,4,2,4,0,0,0,0,0,0,-26.0882,50.5535,9.16056,-25.7712,-0.681107,-117.925,0,0,0,0,0,0,-2.18956,8.04598,1.34169,2.92269,2.47769,-13.5528
722,0.361,4,2,4,0,0,0,0,0,0,-25.7975,50.7553,9.35344,-25.8367,-0.423746,-118.176,0,0,0,0,0,0,-2.16004,8.08508,1.3554,2.95182,2.49067,-13.61
723,0.3615,4,2,4,0,0,0,0,0,0,-25.5256,50.9665,9.53563,-25.8716,-0.156752,-118.453,0,0,0,0,0,0,-2.13025,8.13277,1.35975,3.00308,2.50624,-13.6953
724,0.362,4,2,4,0,0,0,0,0,0,-25.2533,51.174,9.71282,-25.891,0.112461,-118.711,0,0,0,0,0,0,-2.0898,8.14545,1.35786,3.04683,2.51013,-13.7241
725,0.3625,4,2,4,0,0,0,0,0,0,-24.9572,51.3565,9.89741,-25.9288,0.374197,-118.917,0,0,0,0,0,0,-2.06817,8.15688,1.37031,3.07527,2.52596,-13.7628
726,0.363,4,2,4,0,0,0,0,0,0,-24.6361,51.5138,10.0946,-25.9852,0.63206,-119.069,0,0,0,0,0,0,-2.02715,8.13868,1.38994,3.07121,2.52948,-13.7244
727,0.3635,4,2,4,0,0,0,0,0,0,-24.2907,51.6501,10.3047,-26.0589,0.888094,-119.174,0,0,0,0,0,0,-1.97582,8.13308,1.41369,3.07499,2.53857,-13.6947
728,0.364,4,2,4,0,0,0,0,0,0,-23.9507,51.7882,10.5069,-26.123,1.1454,-119.297,0,0,0,0,0,0,-1.92511,8.14693,1.42821,3.11109,2.55282,-13.7063
729,0.3645,4,2,4,0,0,0,0,0,0,-23.6265,51.9427,10.6914,-26.163,1.4016,-119.458,0,0,0,0,0,0,-1.87961,8.15815,1.43985,3.14259,2.56403,-13.7197
730,0.365,4,2,4,0,0,0,0,0,0,-23.3152,52.1049,10.8628,-26.1963,1.65024,-119.654,0,0,0,0,0,0,-1.85351,8.17709,1.45217,3.17132,2.57734,-13.7599
731,0.3655,4,2,4,0,0,0,0,0,0,-23.0009,52.2636,11.0295,-26.2328,1.8894,-119.849,0,0,0,0,0,0,-1.81532,8.19325,1.47386,3.19363,2.59206,-13.8079
732,0.366,4,2,4,0,0,0,0,0,0,-22.6623,52.401,11.2011,-26.2809,2.12154,-119.994,0,0,0,0,0,0,-1.76597,8.20897,1.48365,3.22624,2.59402,-13.841
733,0.3665,4,2,4,0,0,0,0,0,0,-22.3018,52.5199,11.3773,-26.3392,2.34835,-120.099,0,0,0,0,0,0,-1.71212,8.23449,1.49451,3.25669,2.5949,-13.8655
734,0.367,4,2,4,0,0,0,0,0,0,-21.9493,52.6461,11.5558,-26.3905,2.58341,-120.213,0,0,0,0,0,0,-1.6636,8.25851,1.51048,3.28759,2.60602,-13.8891
735,0.3675,4,2,4,0,0,0,0,0,0,-21.6266,52.7878,11.7322,-26.4178,2.83533,-120.366,0,0,0,0,0,0,-1.64278,8.2875,1.5287,3.32064,2.62943,-13.9432
736,0.368,4,2,4,0,0,0,0,0,0,-21.3259,52.9394,11.9048,-26.4239,3.09804,-120.551,0,0,0,0,0,0,-1.62613,8.30265,1.54102,3.35437,2.64647,-13.9805
737,0.3685,4,2,4,0,0,0,0,0,0,-21.0105,53.0833,12.0724,-26.433,3.34911,-120.716,0,0,0,0,0,0,-1.58981,8.32117,1.55412,3.39089,2.65749,-14.016
738,0.369,4,2,4,0,0,0,0,0,0,-20.6656,53.2096,12.2388,-26.4571,3.58455,-120.837,0,0,0,0,0,0,-1.53462,8.35064,1.57073,3.43061,2.66575,-14.0369
739,0.3695,4,2,4,0,0,0,0,0,0,-20.2946,53.3268,12.41,-26.5005,3.80928,-120.931,0,0,0,0,0,0,-1.48988,8.3798,1.5906,3.46621,2.68269,-14.0675
740,0.37,4,2,4,0,0,0,0,0,0,-19.9391,53.4569,12.5802,-26.5376,4.04155,-121.065,0,0,0,0,0,0,-1.45434,8.38941,1.60462,3.49786,2.69615,-14.1107
741,0.3705,4,2,4,0,0,0,0,0,0,-19.6065,53.6004,12.7444,-26.5561,4.28197,-121.252,0,0,0,0,0,0,-1.42427,8.39612,1.60873,3.53291,2.70133,-14.1496
742,0.371,4,2,4,0,0,0,0,0,0,-19.2733,53.7441,12.9044,-26.5641,4.52166,-121.438,0,0,0,0,0,0,-1.36308,8.39521,1.62859,3.54453,2.70358,-14.1292
743,0.3715,4,2,4,0,0,0,0,0,0,-18.9258,53.8715,13.0711,-26.572,4.76371,-121.576,0,0,0,0,0,0,-1.34209,8.42055,1.63432,3.58216,2.7148,-14.1676
744,0.372,4,2,4,0,0,0,0,0,0,-18.5581,53.9805,13.2472,-26.5895,5.0045,-121.658,0,0,0,0,0,0,-1.30521,8.43268,1.64671,3.59964,2.71941,-14.1573
745,0.3725,4,2,4,0,0,0,0,0,0,-18.1825,54.0795,13.4281,-26.618,5.24476,-121.723,0,0,0,0,0,0,-1.25203,8.44322,1.67195,3.61907,2.73145,-14.1793
746,0.373,4,2,4,0,0,0,0,0,0,-17.8181,54.1805,13.6014,-26.6408,5.48419,-121.813,0,0,0,0,0,0,-1.19635,8.43739,1.69213,3.65375,2.74493,-14.2042
747,0.3735,4,2,4,0,0,0,0,0,0,-17.4638,54.2896,13.765,-26.6484,5.72248,-121.927,0,0,0,0,0,0,-1.15102,8.43317,1.7071,3.68957,2.75787,-14.2177
748,0.374,4,2,4,0,0,0,0,0,0,-17.1056,54.4034,13.9207,-26.6514,5.95179,-122.044,0,0,0,0,0,0,-1.10733,8.45558,1.72932,3.7246,2.77617,-14.2362
749,0.3745,4,2,4,0,0,0,0,0,0,-16.7267,54.5068,14.0723,-26.6656,6.16474,-122.134,0,0,0,0,0,0,-1.08964,8.49214,1.73981,3.7629,2.78985,-14.2888
750,0.375,4,2,4,0,0,0,0,0,0,-16.3341,54.5937,14.2264,-26.6888,6.37286,-122.198,0,0,0,0,0,0,-1.03597,8.49345,1.75446,3.7679,2.786,-14.2705
751,0.3755,4,2,4,0,0,0,0,0,0,-15.9559,54.6787,14.3896,-26.7065,6.59775,-122.27,0,0,0,0,0,0,-1.00172,8.50835,1.76572,3.79437,2.79173,-14.3008
752,0.376,4,2,4,0,0,0,0,0,0,-15.6005,54.7757,14.5523,-26.7032,6.8369,-122.365,0,0,0,0,0,0,-0.955409,8.54132,1.79097,3.83621,2.81117,-14.3671
753,0.3765,4,2,4,0,0,0,0,0,0,-15.2426,54.8748,14.715,-26.6935,7.07721,-122.457,0,0,0,0,0,0,-0.902179,8.57565,1.81767,3.88091,2.83016,-14.4173
754,0.377,4,2,4,0,0,0,0,0,0,-14.8748,54.9661,14.8699,-26.6858,7.3067,-122.537,0,0,0,0,0,0,-0.860295,8.60488,1.83625,3.92781,2.84454,-14.4729
755,0.3775,4,2,4,0,0,0,0,0,0,-14.4937,55.0436,15.016,-26.6833,7.52063,-122.59,0,0,0,0,0,0,-0.812518,8.60348,1.84866,3.95204,2.84558,-14.4635
756,0.378,4,2,4,0,0,0,0,0,0,-14.096,55.1053,15.162,-26.6983,7.72228,-122.623,0,0,0,0,0,0,-0.76359,8.61665,1.87043,3.98061,2.8574,-14.4802
757,0.3785,4,2,4,0,0,0,0,0,0,-13.6997,55.1777,15.3075,-26.7167,7.92175,-122.696,0,0,0,0,0,0,-0.708542,8.62889,1.89734,4.00116,2.87106,-14.4929
758,0.379,4,2,4,0,0,0,0,0,0,-13.3122,55.259,15.4561,-26.7238,8.1306,-122.792,0,0,0,0,0,0,-0.662382,8.66183,1.91824,4.042,2.88429,-14.5643
759,0.3795,4,2,4,0,0,0,0,0,0,-12.9421,55.3468,15.6066,-26.7121,8.35304,-122.889,0,0,0,0,0,0,-0.609724,8.6705,1.92222,4.06973,2.87362,-14.5796
760,0.38,4,2,4,0,0,0,0,0,0,-12.5687,55.4259,15.7553,-26.6874,8.57701,-122.958,0,0,0,0,0,0,-0.570509,8.67855,1.92811,4.10248,2.87261,-14.6086
761,0.3805,4,2,4,0,0,0,0,0,0,-12.1742,55.4888,15.9102,-26.6746,8.7935,-122.99,0,0,0,0,0,0,-0.502346,8.66494,1.95288,4.11383,2.87591,-14.5677
762,0.381,4,2,4,0,0,0,0,0,0,-11.7711,55.5444,16.0721,-26.6775,9.009,-123.014,0,0,0,0,0,0,-0.444467,8.68147,1.98809,4.15655,2.90004,-14.6133
763,0.3815,4,2,4,0,0,0,0,0,0,-11.3775,55.5991,16.2277,-26.6818,9.22191,-123.065,0,0,0,0,0,0,-0.399058,8.69288,2.01142,4.19541,2.91426,-14.6346
764,0.382,4,2,4,0,0,0,0,0,0,-10.9956,55.6697,16.3682,-26.6729,9.42732,-123.163,0,0,0,0,0,0,-0.381473,8.70365,2.02603,4.22503,2.93088,-14.6541
765,0.3825,4,2,4,0,0,0,0,0,0,-10.5955,55.7413,16.4903,-26.6585,9.60789,-123.254,0,0,0,0,0,0,-0.336544,8.72205,2.03556,4.27105,2.93271,-14.6891
766,0.383,4,2,4,0,0,0,0,0,0,-10.1702,55.7955,16.617,-26.6519,9.7788,-123.288,0,0,0,0,0,0,-0.251872,8.73287,2.06181,4.29096,2.92939,-14.7003
767,0.3835,4,2,4,0,0,0,0,0,0,-9.74096,55.823,16.7663,-26.6641,9.96767,-123.263,0,0,0,0,0,0,-0.187177,8.75466,2.0819,4.3236,2.92976,-14.7637
768,0.384,4,2,4,0,0,0,0,0,0,-9.33148,55.8509,16.923,-26.6649,10.1767,-123.256,0,0,0,0,0,0,-0.141511,8.73697,2.10428,4.31984,2.93545,-14.7389
769,0.3845,4,2,4,0,0,0,0,0,0,-8.94377,55.8916,17.067,-26.6389,10.3887,-123.3,0,0,0,0,0,0,-0.114767,8.73405,2.11972,4.3476,2.94883,-14.7287
770,0.385,4,2,4,0,0,0,0,0,0,-8.56175,55.9459,17.1981,-26.5964,10.5931,-123.356,0,0,0,0,0,0,-0.0588406,8.7483,2.13277,4.39646,2.9516,-14.7325
771,0.3855,4,2,4,0,0,0,0,0,0,-8.15421,55.985,17.323,-26.5646,10.7769,-123.372,0,0,0,0,0,0,-0.00254652,8.77593,2.16025,4.44779,2.96828,-14.7682
772,0.386,4,2,4,0,0,0,0,0,0,-7.70457,55.9993,17.4524,-26.5688,10.9368,-123.335,0,0,0,0,0,0,0.0433305,8.76744,2.17903,4.4652,2.97069,-14.7606
773,0.3865,4,2,4,0,0,0,0,0,0,-7.25495,56.0107,17.5882,-26.5823,11.1033,-123.305,0,0,0,0,0,0,0.0871302,8.77928,2.20295,4.4723,2.97644,-14.7929
774,0.387,4,2,4,0,0,0,0,0,0,-6.84219,56.032,17.7228,-26.5627,11.295,-123.308,0,0,0,0,0,0,0.137437,8.80412,2.21472,4.49999,2.97343,-14.8417
775,0.3875,4,2,4,0,0,0,0,0,0,-6.45033,56.0661,17.8536,-26.51,11.5007,-123.327,0,0,0,0,0,0,0.214098,8.81262,2.22975,4.53797,2.96853,-14.8492
776,0.388,4,2,4,0,0,0,0,0,0,-6.0498,56.0997,17.9826,-26.4565,11.7003,-123.339,0,0,0,0,0,0,0.271076,8.82497,2.24835,4.58433,2.97596,-14.8719
777,0.3885,4,2,4,0,0,0,0,0,0,-5.6228,56.103,18.1173,-26.4312,11.8855,-123.295,0,0,0,0,0,0,0.312827,8.83752,2.27432,4.62442,2.9916,-14.8996
778,0.389,4,2,4,0,0,0,0,0,0,-5.18851,56.0972,18.262,-26.4273,12.071,-123.24,0,0,0,0,0,0,0.363893,8.83802,2.31541,4.64282,3.01476,-14.9203
779,0.3895,4,2,4,0,0,0,0,0,0,-4.75761,56.0886,18.3921,-26.414,12.2469,-123.214,0,0,0,0,0,0,0.40577,8.84099,2.33886,4.67734,3.02812,-14.9305
780,0.39,4,2,4,0,0,0,0,0,0,-4.33751,56.1051,18.5021,-26.3779,12.4104,-123.232,0,0,0,0,0,0,0.45221,8.85584,2.35169,4.72351,3.03069,-14.9565
781,0.3905,4,2,4,0,0,0,0,0,0,-3.92208,56.1322,18.6123,-26.3352,12.5767,-123.24,0,0,0,0,0,0,0.522728,8.86883,2.36877,4.75716,3.0247,-14.9682
782,0.391,4,2,4,0,0,0,0,0,0,-3.49239,56.1379,18.7324,-26.3059,12.7427,-123.208,0,0,0,0,0,0,0.573905,8.88539,2.38424,4.79541,3.0266,-15.0089
783,0.3915,4,2,4,0,0,0,0,0,0,-3.04691,56.1206,18.8644,-26.2961,12.9071,-123.146,0,0,0,0,0,0,0.654722,8.84756,2.41047,4.78411,3.01718,-14.9608
784,0.392,4,2,4,0,0,0,0,0,0,-2.60211,56.0947,18.9945,-26.2818,13.0712,-123.099,0,0,0,0,0,0,0.691377,8.86058,2.42736,4.81957,3.02343,-15.0108
785,0.3925,4,2,4,0,0,0,0,0,0,-2.17283,56.0822,19.1092,-26.2425,13.2312,-123.089,0,0,0,0,0,0,0.730368,8.90482,2.44876,4.86989,3.03634,-15.0794
786,0.393,4,2,4,0,0,0,0,0,0,-1.74678,56.088,19.2167,-26.1935,13.3859,-123.097,0,0,0,0,0,0,0.817715,8.90013,2.47824,4.88736,3.03354,-15.0287
787,0.3935,4,2,4,0,0,0,0,0,0,-1.30366,56.0771,19.3228,-26.1589,13.529,-123.063,0,0,0,0,0,0,0.886137,8.90511,2.50068,4.935,3.03831,-15.0467
788,0.394,4,2,4,0,0,0,0,0,0,-0.849015,56.045,19.4334,-26.1445,13.669,-122.992,0,0,0,0,0,0,0.926147,8.89458,2.51751,4.96216,3.04145,-15.0696
789,0.3945,4,2,4,0,0,0,0,0,0,-0.396579,56.007,19.5579,-26.1279,13.8257,-122.917,0,0,0,0,0,0,0.979719,8.88316,2.54742,4.97337,3.05034,-15.081
790,0.395,4,2,4,0,0,0,0,0,0,0.0492584,55.9777,19.6791,-26.0877,13.9871,-122.866,0,0,0,0,0,0,1.0409,8.87396,2.57075,4.98749,3.05005,-15.0674
791,0.3955,4,2,4,0,0,0,0,0,0,0.488259,55.9611,19.7941,-26.0301,14.1478,-122.843,0,0,0,0,0,0,1.10409,8.87016,2.58596,5.00441,3.04207,-15.0581
792,0.396,4,2,4,0,0,0,0,0,0,0.926931,55.9368,19.9048,-25.9828,14.3006,-122.797,0,0,0,0,0,0,1.15384,8.89284,2.5998,5.04965,3.04256,-15.0975
793,0.3965,4,2,4,0,0,0,0,0,0,1.3722,55.9026,20.0128,-25.9467,14.4445,-122.733,0,0,0,0,0,0,1.23063,8.89745,2.62674,5.07963,3.04079,-15.1034
794,0.397,4,2,4,0,0,0,0,0,0,1.82651,55.849,20.1224,-25.9228,14.5842,-122.638,0,0,0,0,0,0,1.31566,8.87242,2.67547,5.08479,3.05554,-15.0815
795,0.3975,4,2,4,0,0,0,0,0,0,2.2795,55.7957,20.2323,-25.8979,14.7256,-122.55,0,0,0,0,0,0,1.34848,8.87397,2.69663,5.13374,3.06831,-15.1212
796,0.398,4,2,4,0,0,0,0,0,0,2.72796,55.7449,20.3332,-25.8596,14.863,-122.481,0,0,0,0,0,0,1.40334,8.88378,2.71919,5.17857,3.07323,-15.1416
797,0.3985,4,2,4,0,0,0,0,0,0,3.17459,55.6932,20.4343,-25.8239,14.9997,-122.423,0,0,0,0,0,0,1.47449,8.89805,2.74573,5.19912,3.07131,-15.1424
798,0.399,4,2,4,0,0,0,0,0,0,3.62516,55.6407,20.5377,-25.7845,15.1359,-122.362,0,0,0,0,0,0,1.53616,8.90036,2.76353,5.22584,3.06678,-15.1564
799,0.3995,4,2,4,0,0,0,0,0,0,4.08957,55.5719,20.6389,-25.7453,15.2615,-122.259,0,0,0,0,0,0,1.59588,8.92105,2.78838,5.27506,3.07269,-15.2139
800,0.4,4,2,4,0,0,0,0,0,0,4.54936,55.5015,20.7465,-25.71,15.393,-122.156,0,0,0,0,0,0,1.66004,8.91283,2.80583,5.31054,3.0664,-15.2341
801,0.4005,4,2,4,0,0,0,0,0,0,4.99391,55.4283,20.8478,-25.6712,15.525,-122.049,0,0,0,0,0,0,1.73267,8.89313,2.84658,5.31862,3.07578,-15.2039
802,0.401,4,2,4,0,0,0,0,0,0,5.43371,55.3567,20.9433,-25.633,15.6542,-121.961,0,0,0,0,0,0,1.77546,8.88552,2.86756,5.35339,3.08197,-15.2121
803,0.4015,4,2,4,0,0,0,0,0,0,5.88434,55.2812,21.0369,-25.5971,15.7765,-121.872,0,0,0,0,0,0,1.81799,8.88241,2.88008,5.38802,3.0793,-15.2169
804,0.402,4,2,4,0,0,0,0,0,0,6.36111,55.1949,21.126,-25.5658,15.8808,-121.759,0,0,0,0,0,0,1.87779,8.88819,2.90383,5.40592,3.07818,-15.2183
805,0.4025,4,2,4,0,0,0,0,0,0,6.84447,55.1142,21.2166,-25.5335,15.982,-121.651,0,0,0,0,0,0,1.94979,8.8868,2.92427,5.402,3.0668,-15.2124
806,0.403,4,2,4,0,0,0,0,0,0,7.31467,55.0427,21.3059,-25.4861,16.0883,-121.562,0,0,0,0,0,0,2.02294,8.88224,2.94943,5.42372,3.06247,-15.2436
807,0.4035,4,2,4,0,0,0,0,0,0,7.76802,54.9767,21.3995,-25.4274,16.2078,-121.491,0,0,0,0,0,0,2.08529,8.85871,2.97106,5.4459,3.05727,-15.2284
808,0.404,4,2,4,0,0,0,0,0,0,8.2143,54.8902,21.4979,-25.3744,16.3374,-121.385,0,0,0,0,0,0,2.1546,8.83052,2.9982,5.47766,3.05691,-15.1971
809,0.4045,4,2,4,0,0,0,0,0,0,8.66636,54.7757,21.5988,-25.3414,16.4669,-121.236,0,0,0,0,0,0,2.21559,8.80766,3.02953,5.49425,3.06436,-15.1591
810,0.405,4,2,4,0,0,0,0,0,0,9.13395,54.6499,21.6944,-25.3143,16.5831,-121.065,0,0,0,0,0,0,2.27862,8.80806,3.05625,5.52196,3.06694,-15.1681
811,0.4055,4,2,4,0,0,0,0,0,0,9.60066,54.5374,21.7813,-25.2784,16.6897,-120.918,0,0,0,0,0,0,2.33165,8.83985,3.08979,5.57196,3.08329,-15.2273
812,0.406,4,2,4,0,0,0,0,0,0,10.0668,54.4357,21.8579,-25.2304,16.7852,-120.808,0,0,0,0,0,0,2.38618,8.84919,3.1113,5.61576,3.08289,-15.25
813,0.4065,4,2,4,0,0,0,0,0,0,10.5279,54.3335,21.937,-25.1843,16.8836,-120.709,0,0,0,0,0,0,2.45811,8.82879,3.12963,5.62055,3.06695,-15.228
814,0.407,4,2,4,0,0,0,0,0,0,10.9866,54.2269,22.0267,-25.1372,16.9937,-120.591,0,0,0,0,0,0,2.55102,8.80466,3.15302,5.642,3.0494,-15.2477
815,0.4075,4,2,4,0,0,0,0,0,0,11.4474,54.0979,22.1268,-25.0948,17.1125,-120.43,0,0,0,0,0,0,2.61908,8.80799,3.18735,5.6742,3.05598,-15.2908
816,0.408,4,2,4,0,0,0,0,0,0,11.908,53.9591,22.228,-25.0533,17.2325,-120.247,0,0,0,0,0,0,2.67379,8.80576,3.22141,5.72042,3.06923,-15.3139
817,0.4085,4,2,4,0,0,0,0,0,0,12.3743,53.8253,22.3102,-25.0083,17.3301,-120.082,0,0,0,0,0,0,2.72481,8.80517,3.26014,5.76053,3.0874,-15.3144
818,0.409,4,2,4,0,0,0,0,0,0,12.8482,53.7077,22.3769,-24.9585,17.4088,-119.962,0,0,0,0,0,0,2.79018,8.78747,3.29069,5.77429,3.09044,-15.2821
819,0.4095,4,2,4,0,0,0,0,0,0,13.327,53.5908,22.4384,-24.9132,17.4766,-119.855,0,0,0,0,0,0,2.84669,8.76191,3.29341,5.78181,3.06613,-15.2463
820,0.41,4,2,4,0,0,0,0,0,0,13.81,53.4578,22.5093,-24.8763,17.5471,-119.727,0,0,0,0,0,0,2.91028,8.73425,3.3001,5.7705,3.04024,-15.2185
821,0.4105,4,2,4,0,0,0,0,0,0,14.2912,53.3165,22.5923,-24.8436,17.6269,-119.569,0,0,0,0,0,0,2.97294,8.69628,3.31362,5.77466,3.02267,-15.1819
822,0.411,4,2,4,0,0,0,0,0,0,14.7588,53.1709,22.6811,-24.8136,17.7216,-119.398,0,0,0,0,0,0,3.06588,8.68876,3.36465,5.81422,3.03395,-15.2197
823,0.4115,4,2,4,0,0,0,0,0,0,15.2122,53.0181,22.7591,-24.7715,17.817,-119.22,0,0,0,0,0,0,3.1487,8.70241,3.41282,5.86342,3.04913,-15.2729
824,0.412,4,2,4,0,0,0,0,0,0,15.6637,52.8612,22.8318,-24.7098,17.9106,-119.049,0,0,0,0,0,0,3.20802,8.69377,3.43519,5.88913,3.0466,-15.2458
825,0.4125,4,2,4,0,0,0,0,0,0,16.1316,52.6992,22.8988,-24.6561,17.9896,-118.885,0,0,0,0,0,0,3.25202,8.68478,3.45296,5.92199,3.04582,-15.2305
826,0.413,4,2,4,0,0,0,0,0,0,16.6204,52.5403,22.9642,-24.6219,18.0543,-118.731,0,0,0,0,0,0,3.29944,8.64307,3.46577,5.92505,3.03492,-15.1705
827,0.4135,4,2,4,0,0,0,0,0,0,17.1169,52.3888,23.0248,-24.5991,18.1066,-118.585,0,0,0,0,0,0,3.37537,8.61919,3.49782,5.9411,3.03241,-15.1879
828,0.414,4,2,4,0,0,0,0,0,0,17.594,52.2368,23.0911,-24.557,18.173,-118.437,0,0,0,0,0,0,3.44964,8.59834,3.53107,5.93428,3.02981,-15.186
829,0.4145,4,2,4,0,0,0,0,0,0,18.0411,52.0758,23.1648,-24.4961,18.2614,-118.257,0,0,0,0,0,0,3.55926,8.58757,3.56612,5.96964,3.0171,-15.2257
830,0.415,4,2,4,0,0,0,0,0,0,18.4821,51.8964,23.2413,-24.4431,18.3556,-118.05,0,0,0,0,0,0,3.6255,8.58024,3.58683,6.02331,3.00879,-15.2544
831,0.4155,4,2,4,0,0,0,0,0,0,18.9337,51.6936,23.3207,-24.4128,18.4472,-117.811,0,0,0,0,0,0,3.67721,8.56809,3.61969,6.05297,3.01796,-15.2357
832,0.416,4,2,4,0,0,0,0,0,0,19.4053,51.4829,23.3918,-24.3922,18.5196,-117.577,0,0,0,0,0,0,3.71832,8.52554,3.64564,6.05297,3.02394,-15.1667
833,0.4165,4,2,4,0,0,0,0,0,0,19.8899,51.2942,23.4566,-24.3625,18.5788,-117.397,0,0,0,0,0,0,3.76817,8.53184,3.6737,6.09223,3.02891,-15.1878
834,0.417,4,2,4,0,0,0,0,0,0,20.377,51.1265,23.5109,-24.317,18.6267,-117.266,0,0,0,0,0,0,3.85365,8.52465,3.7078,6.13437,3.02186,-15.2203
835,0.4175,4,2,4,0,0,0,0,0,0,20.8551,50.9606,23.5637,-24.2667,18.6767,-117.136,0,0,0,0,0,0,3.94277,8.51862,3.74177,6.1625,3.01269,-15.2414
836,0.418,4,2,4,0,0,0,0,0,0,21.3187,50.7776,23.6201,-24.2194,18.7355,-116.955,0,0,0,0,0,0,4.0207,8.50843,3.76662,6.18133,3.00016,-15.2579
837,0.4185,4,2,4,0,0,0,0,0,0,21.7687,50.5757,23.6865,-24.1822,18.8079,-116.722,0,0,0,0,0,0,4.09637,8.49706,3.78816,6.21461,2.98827,-15.2883
838,0.419,4,2,4,0,0,0,0,0,0,22.2189,50.3623,23.7554,-24.1522,18.8809,-116.473,0,0,0,0,0,0,4.15884,8.45722,3.81297,6.21997,2.9842,-15.2524
839,0.4195,4,2,4,0,0,0,0,0,0,22.6741,50.1484,23.8166,-24.1213,18.9425,-116.246,0,0,0,0,0,0,4.19262,8.39144,3.83453,6.19333,2.98653,-15.1494
840,0.42,4,2,4,0,0,0,0,0,0,23.1494,49.9307,23.8603,-24.0848,18.9768,-116.042,0,0,0,0,0,0,4.24651,8.36372,3.86435,6.21405,2.99114,-15.1324
841,0.4205,4,2,4,0,0,0,0,0,0,23.6401,49.7213,23.9087,-24.0413,19.0102,-115.875,0,0,0,0,0,0,4.309,8.35464,3.87934,6.26096,2.97558,-15.1669
842,0.421,4,2,4,0,0,0,0,0,0,24.1242,49.5096,23.9647,-24.0029,19.054,-115.698,0,0,0,0,0,0,4.41166,8.32118,3.91354,6.27564,2.95864,-15.1634
843,0.4215,4,2,4,0,0,0,0,0,0,24.5961,49.2903,24.0215,-23.9696,19.1034,-115.492,0,0,0,0,0,0,4.49671,8.28699,3.94545,6.29193,2.94677,-15.1397
844,0.422,4,2,4,0,0,0,0,0,0,25.0511,49.0656,24.0762,-23.9364,19.159,-115.26,0,0,0,0,0,0,4.57657,8.27046,3.99491,6.31396,2.9575,-15.1454
845,0.4225,4,2,4,0,0,0,0,0,0,25.4909,48.8382,24.1344,-23.8987,19.226,-115.013,0,0,0,0,0,0,4.62651,8.27652,4.02375,6.36494,2.96325,-15.1842
846,0.423,4,2,4,0,0,0,0,0,0,25.9306,48.6124,24.1883,-23.8591,19.2876,-114.781,0,0,0,0,0,0,4.68188,8.24437,4.04383,6.35915,2.95566,-15.1368
847,0.4235,4,2,4,0,0,0,0,0,0,26.3818,48.3737,24.2389,-23.8223,19.3369,-114.555,0,0,0,0,0,0,4.75282,8.20609,4.06093,6.35034,2.93816,-15.0817
848,0.424,4,2,4,0,0,0,0,0,0,26.8596,48.1365,24.2977,-23.7865,19.3802,-114.354,0,0,0,0,0,0,4.82715,8.18522,4.09426,6.3833,2.93466,-15.0832
849,0.4245,4,2,4,0,0,0,0,0,0,27.3452,47.8898,24.3519,-23.7633,19.4146,-114.139,0,0,0,0,0,0,4.89308,8.15525,4.11863,6.40715,2.92235,-15.0914
850,0.425,4,2,4,0,0,0,0,0,0,27.8177,47.6496,24.4001,-23.7477,19.4498,-113.921,0,0,0,0,0,0,4.97235,8.11599,4.14332,6.41316,2.90492,-15.0889
851,0.4255,4,2,4,0,0,0,0,0,0,28.2712,47.414,24.4476,-23.71,19.4929,-113.702,0,0,0,0,0,0,5.03957,8.09478,4.16769,6.41667,2.89512,-15.1046
852,0.426,4,2,4,0,0,0,0,0,0,28.7047,47.1699,24.4951,-23.6664,19.5452,-113.449,0,0,0,0,0,0,5.10192,8.07799,4.21042,6.45642,2.90832,-15.1048
853,0.4265,4,2,4,0,0,0,0,0,0,29.1348,46.9099,24.5426,-23.6322,19.5979,-113.182,0,0,0,0,0,0,5.17675,8.04665,4.25995,6.5046,2.91884,-15.063
854,0.427,4,2,4,0,0,0,0,0,0,29.5726,46.6363,24.5889,-23.6137,19.6453,-112.915,0,0,0,0,0,0,5.25106,8.01008,4.29499,6.51685,2.91529,-15.0196
855,0.4275,4,2,4,0,0,0,0,0,0,30.033,46.3611,24.6312,-23.597,19.6783,-112.679,0,0,0,0,0,0,5.322,7.96636,4.31287,6.52168,2.89839,-15.0017
856,0.428,4,2,4,0,0,0,0,0,0,30.5057,46.0894,24.6849,-23.5633,19.7163,-112.456,0,0,0,0,0,0,5.38274,7.93037,4.324,6.52472,2.87864,-15.0128
857,0.4285,4,2,4,0,0,0,0,0,0,30.9754,45.8292,24.737,-23.5257,19.7535,-112.243,0,0,0,0,0,0,5.43002,7.90539,4.34841,6.55246,2.87352,-15.0095
858,0.429,4,2,4,0,0,0,0,0,0,31.4363,45.5671,24.7733,-23.4873,19.7775,-112.012,0,0,0,0,0,0,5.50235,7.86692,4.3774,6.54652,2.86407,-14.9692
859,0.4295,4,2,4,0,0,0,0,0,0,31.8725,45.2947,24.7978,-23.4594,19.7992,-111.751,0,0,0,0,0,0,5.56264,7.81967,4.3887,6.5351,2.84395,-14.9167
860,0.43,4,2,4,0,0,0,0,0,0,32.2975,45.0053,24.8305,-23.441,19.8325,-111.464,0,0,0,0,0,0,5.66588,7.78347,4.43134,6.56183,2.8369,-14.9087
861,0.4305,4,2,4,0,0,0,0,0,0,32.7236,44.7064,24.8771,-23.4231,19.8783,-111.172,0,0,0,0,0,0,5.75198,7.77605,4.48108,6.62009,2.84399,-14.958
862,0.431,4,2,4,0,0,0,0,0,0,33.1566,44.4096,24.9239,-23.3995,19.9203,-110.889,0,0,0,0,0,0,5.83582,7.74774,4.51562,6.64356,2.83499,-14.987
863,0.4315,4,2,4,0,0,0,0,0,0,33.6022,44.1309,24.9786,-23.3591,19.9662,-110.658,0,0,0,0,0,0,5.86632,7.71814,4.5306,6.65103,2.8275,-14.9747
864,0.432,4,2,4,0,0,0,0,0,0,34.0496,43.8509,25.0339,-23.3155,20.0123,-110.435,0,0,0,0,0,0,5.89046,7.66137,4.53675,6.64669,2.81224,-14.8831
865,0.4325,4,2,4,0,0,0,0,0,0,34.5034,43.5695,25.0774,-23.2902,20.0418,-110.214,0,0,0,0,0,0,5.93906,7.60193,4.55761,6.64083,2.80311,-14.7801
866,0.433,4,2,4,0,0,0,0,0,0,34.9449,43.2784,25.1046,-23.2842,20.0577,-109.959,0,0,0,0,0,0,6.02161,7.51243,4.57921,6.60285,2.78433,-14.6718
867,0.4335,4,2,4,0,0,0,0,0,0,35.3748,42.9759,25.1272,-23.2814,20.0725,-109.674,0,0,0,0,0,0,6.14376,7.44174,4.62286,6.59592,2.77114,-14.6477
868,0.434,4,2,4,0,0,0,0,0,0,35.8009,42.6793,25.1599,-23.2615,20.0989,-109.398,0,0,0,0,0,0,6.25374,7.3997,4.65539,6.60682,2.75066,-14.6963
869,0.4345,4,2,4,0,0,0,0,0,0,36.2148,42.3844,25.2078,-23.22,20.1472,-109.127,0,0,0,0,0,0,6.38581,7.45445,4.75586,6.73604,2.78763,-14.8919
870,0.435,4,2,4,0,0,0,0,0,0,36.6174,42.0683,25.2593,-23.1655,20.2037,-108.829,0,0,0,0,0,0,6.44405,7.51421,4.81598,6.80812,2.81455,-14.99
871,0.4355,4,2,4,0,0,0,0,0,0,37.0294,41.722,25.3017,-23.126,20.2446,-108.522,0,0,0,0,0,0,6.48062,7.52626,4.86386,6.83262,2.8363,-14.9439
872,0.436,4,2,4,0,0,0,0,0,0,37.4446,41.3445,25.3266,-23.137,20.2659,-108.197,0,0,0,0,0,0,6.50823,7.51323,4.88454,6.8288,2.83595,-14.8545
873,0.4365,4,2,4,0,0,0,0,0,0,37.8536,40.9559,25.3403,-23.1782,20.276,-107.849,0,0,0,0,0,0,6.54198,7.42565,4.86351,6.77538,2.7946,-14.7315
874,0.437,4,2,4,0,0,0,0,0,0,38.2751,40.6049,25.3562,-23.2039,20.2807,-107.543,0,0,0,0,0,0,6.60877,7.27232,4.8616,6.71684,2.7576,-14.602
875,0.4375,4,2,4,0,0,0,0,0,0,38.6972,40.3209,25.3846,-23.1899,20.2998,-107.296,0,0,0,0,0,0,6.67827,7.10861,4.85139,6.65902,2.70556,-14.4928
876,0.438,4,2,4,0,0,0,0,0,0,39.1309,40.0744,25.4531,-23.1136,20.3571,-107.099,0,0,0,0,0,0,6.76444,7.02926,4.8652,6.6728,2.6694,-14.515
877,0.4385,4,2,4,0,0,0,0,0,0,39.558,39.8381,25.5385,-22.9952,20.435,-106.917,0,0,0,0,0,0,6.79285,6.99649,4.87534,6.70363,2.65572,-14.4999
878,0.439,4,2,4,0,0,0,0,0,0,39.981,39.5621,25.6102,-22.9016,20.4996,-106.696,0,0,0,0,0,0,6.85428,7.03495,4.93308,6.76962,2.6778,-14.5382
879,0.4395,4,2,4,0,0,0,0,0,0,40.3934,39.2123,25.669,-22.8644,20.5531,-106.397,0,0,0,0,0,0,6.91232,7.06995,4.97415,6.81233,2.68428,-14.561
880,0.44,4,2,4,0,0,0,0,0,0,40.7993,38.8085,25.7093,-22.875,20.5885,-106.053,0,0,0,0,0,0,7.01836,7.05598,5.03019,6.84237,2.68449,-14.5759
881,0.4405,4,2,4,0,0,0,0,0,0,41.183,38.3832,25.7148,-22.9304,20.5987,-105.658,0,0,0,0,0,0,7.1114,6.99574,5.06795,6.8446,2.67328,-14.5632
882,0.441,4,2,4,0,0,0,0,0,0,41.5636,37.9983,25.7207,-22.9713,20.611,-105.305,0,0,0,0,0,0,7.17976,6.89515,5.09973,6.82512,2.66699,-14.4849
883,0.4415,4,2,4,0,0,0,0,0,0,41.9479,37.6532,25.7333,-22.9762,20.6279,-105.003,0,0,0,0,0,0,7.23606,6.82907,5.1399,6.84262,2.67168,-14.4486
884,0.442,4,2,4,0,0,0,0,0,0,42.3365,37.3404,25.7602,-22.9361,20.6552,-104.735,0,0,0,0,0,0,7.26851,6.75213,5.13927,6.81692,2.64404,-14.3647
885,0.4425,4,2,4,0,0,0,0,0,0,42.7217,37.0275,25.791,-22.8863,20.6877,-104.472,0,0,0,0,0,0,7.32642,6.70915,5.1586,6.82281,2.62748,-14.3393
886,0.443,4,2,4,0,0,0,0,0,0,43.1096,36.6785,25.8238,-22.8486,20.7194,-104.181,0,0,0,0,0,0,7.39073,6.69296,5.17773,6.84272,2.61168,-14.3579
887,0.4435,4,2,4,0,0,0,0,0,0,43.4783,36.2918,25.8712,-22.8152,20.7723,-103.831,0,0,0,0,0,0,7.48975,6.6496,5.20711,6.86034,2.59034,-14.3758
888,0.444,4,2,4,0,0,0,0,0,0,43.8362,35.9066,25.9282,-22.7887,20.843,-103.477,0,0,0,0,0,0,7.55088,6.58537,5.22143,6.83929,2.57029,-14.3168
889,0.4445,4,2,4,0,0,0,0,0,0,44.208,35.5276,25.9849,-22.7661,20.9073,-103.148,0,0,0,0,0,0,7.58887,6.52554,5.24947,6.83156,2.57269,-14.2452
890,0.445,4,2,4,0,0,0,0,0,0,44.5803,35.1606,26.0324,-22.7394,20.9588,-102.84,0,0,0,0,0,0,7.65716,6.45691,5.29676,6.84484,2.58023,-14.2096
891,0.4455,4,2,4,0,0,0,0,0,0,44.9588,34.8037,26.0619,-22.725,20.9878,-102.553,0,0,0,0,0,0,7.70484,6.40848,5.32569,6.86458,2.57543,-14.1776
892,0.446,4,2,4,0,0,0,0,0,0,45.3432,34.4459,26.0813,-22.7184,21.0035,-102.285,0,0,0,0,0,0,7.76721,6.35127,5.34789,6.86102,2.55978,-14.1366
893,0.4465,4,2,4,0,0,0,0,0,0,45.7161,34.0733,26.0986,-22.708,21.0199,-101.989,0,0,0,0,0,0,7.8344,6.3026,5.35898,6.85316,2.53273,-14.1213
894,0.447,4,2,4,0,0,0,0,0,0,46.0572,33.684,26.1316,-22.6867,21.064,-101.632,0,0,0,0,0,0,7.91329,6.26731,5.38784,6.87205,2.51783,-14.1269
895,0.4475,4,2,4,0,0,0,0,0,0,46.3833,33.2952,26.1861,-22.645,21.1355,-101.264,0,0,0,0,0,0,7.96445,6.20733,5.41602,6.88503,2.50838,-14.0759
896,0.448,4,2,4,0,0,0,0,0,0,46.6983,32.9152,26.2464,-22.5977,21.2171,-100.89,0,0,0,0,0,0,8.02329,6.13536,5.44154,6.88045,2.49648,-14.0191
897,0.4485,4,2,4,0,0,0,0,0,0,47.035,32.5446,26.3025,-22.5594,21.2852,-100.559,0,0,0,0,0,0,8.09307,6.07971,5.46628,6.87233,2.48191,-14.0031
898,0.449,4,2,4,0,0,0,0,0,0,47.3847,32.1679,26.3442,-22.5351,21.3331,-100.242,0,0,0,0,0,0,8.14367,6.02533,5.49356,6.87577,2.47438,-13.9597
899,0.4495,4,2,4,0,0,0,0,0,0,47.7366,31.781,26.379,-22.5169,21.3732,-99.9157,0,0,0,0,0,0,8.1871,5.96291,5.52153,6.86399,2.47277,-13.8917
900,0.45,4,2,4,0,0,0,0,0,0,48.0893,31.3806,26.4138,-22.4926,21.4133,-99.5867,0,0,0,0,0,0,8.23166,5.88744,5.52432,6.8301,2.44764,-13.8196
901,0.4505,4,2,4,0,0,0,0,0,0,48.4309,30.9695,26.4452,-22.4637,21.4525,-99.2403,0,0,0,0,0,0,8.29986,5.84195,5.54243,6.84193,2.42664,-13.8158
902,0.451,4,2,4,0,0,0,0,0,0,48.7632,30.5613,26.4786,-22.4304,21.4957,-98.9021,0,0,0,0,0,0,8.39247,5.80592,5.60422,6.91266,2.42988,-13.8497
903,0.4515,4,2,4,0,0,0,0,0,0,49.0866,30.1511,26.5084,-22.417,21.5391,-98.5588,0,0,0,0,0,0,8.44122,5.74063,5.63823,6.9347,2.42565,-13.8008
904,0.452,4,2,4,0,0,0,0,0,0,49.4041,29.7492,26.5323,-22.4193,21.5808,-98.2135,0,0,0,0,0,0,8.48688,5.66949,5.65551,6.91121,2.41468,-13.7379
905,0.4525,4,2,4,0,0,0,0,0,0,49.7129,29.3449,26.5704,-22.4068,21.6402,-97.8454,0,0,0,0,0,0,8.52634,5.57844,5.6456,6.84562,2.38248,-13.6465
906,0.453,4,2,4,0,0,0,0,0,0,50.006,28.9355,26.6344,-22.3655,21.7273,-97.4464,0,0,0,0,0,0,8.58103,5.53489,5.66035,6.83201,2.36612,-13.6295
907,0.4535,4,2,4,0,0,0,0,0,0,50.2862,28.5251,26.7118,-22.3018,21.8284,-97.0277,0,0,0,0,0,0,8.64238,5.46993,5.69242,6.84471,2.35753,-13.5964
908,0.454,4,2,4,0,0,0,0,0,0,50.5769,28.1259,26.7798,-22.2353,21.9157,-96.646,0,0,0,0,0,0,8.70989,5.41121,5.72852,6.87016,2.3504,-13.5801
909,0.4545,4,2,4,0,0,0,0,0,0,50.8823,27.7314,26.8308,-22.1829,21.9815,-96.3132,0,0,0,0,0,0,8.76183,5.38028,5.77066,6.91097,2.3533,-13.5633
910,0.455,4,2,4,0,0,0,0,0,0,51.1946,27.3332,26.8735,-22.1427,22.0374,-96.0061,0,0,0,0,0,0,8.79425,5.31412,5.7839,6.89521,2.33825,-13.4804
911,0.4555,4,2,4,0,0,0,0,0,0,51.4953,26.9173,26.9144,-22.1161,22.0971,-95.6734,0,0,0,0,0,0,8.83798,5.24046,5.7823,6.85068,2.31198,-13.4177
912,0.456,4,2,4,0,0,0,0,0,0,51.7725,26.4926,26.9599,-22.0931,22.171,-95.2995,0,0,0,0,0,0,8.93487,5.17695,5.84854,6.8923,2.32046,-13.4348
913,0.4565,4,2,4,0,0,0,0,0,0,52.0369,26.0649,27.0032,-22.0762,22.2495,-94.9057,0,0,0,0,0,0,8.95837,5.08711,5.87196,6.88096,2.31933,-13.3466
914,0.457,4,2,4,0,0,0,0,0,0,52.3123,25.6396,27.0393,-22.0581,22.3153,-94.5287,0,0,0,0,0,0,8.97352,5.01894,5.87933,6.87151,2.30748,-13.2772
915,0.4575,4,2,4,0,0,0,0,0,0,52.5919,25.2159,27.0827,-22.0208,22.3793,-94.1579,0,0,0,0,0,0,9.01614,4.94613,5.88988,6.8496,2.28949,-13.215
916,0.458,4,2,4,0,0,0,0,0,0,52.862,24.7999,27.1378,-21.9631,22.4524,-93.7864,0,0,0,0,0,0,9.07686,4.88562,5.88899,6.81846,2.25535,-13.1891
917,0.4585,4,2,4,0,0,0,0,0,0,53.1092,24.3906,27.2103,-21.8782,22.5499,-93.3954,0,0,0,0,0,0,9.14901,4.8291,5.91347,6.82083,2.23665,-13.1628
918,0.459,4,2,4,0,0,0,0,0,0,53.3372,23.9687,27.2856,-21.791,22.657,-92.9707,0,0,0,0,0,0,9.20603,4.75824,5.93923,6.82929,2.22025,-13.1198
919,0.4595,4,2,4,0,0,0,0,0,0,53.5654,23.5404,27.3487,-21.7279,22.7544,-92.5468,0,0,0,0,0,0,9.23987,4.68933,5.96347,6.82937,2.21637,-13.0576
920,0.46,4,2,4,0,0,0,0,0,0,53.8039,23.1079,27.3951,-21.6862,22.8309,-92.1378,0,0,0,0,0,0,9.29842,4.62006,6.00939,6.84387,2.22149,-13.0181
921,0.4605,4,2,4,0,0,0,0,0,0,54.0512,22.6676,27.4373,-21.6538,22.8983,-91.7389,0,0,0,0,0,0,9.34758,4.5435,6.02238,6.82372,2.20053,-12.9815
922,0.461,4,2,4,0,0,0,0,0,0,54.2952,22.2281,27.4697,-21.6316,22.9631,-91.3396,0,0,0,0,0,0,9.37496,4.44707,6.02051,6.77744,2.17747,-12.8915
923,0.4615,4,2,4,0,0,0,0,0,0,54.5388,21.7882,27.5286,-21.5703,23.0468,-90.9458,0,0,0,0,0,0,9.41752,4.37171,6.034,6.77885,2.15955,-12.8422
924,0.462,4,2,4,0,0,0,0,0,0,54.7799,21.3585,27.5965,-21.4936,23.135,-90.5579,0,0,0,0,0,0,9.45561,4.29012,6.04866,6.77599,2.14419,-12.7824
925,0.4625,4,2,4,0,0,0,0,0,0,55.022,20.9388,27.6675,-21.4129,23.225,-90.183,0,0,0,0,0,0,9.50981,4.23991,6.07569,6.80071,2.12994,-12.7676
926,0.463,4,2,4,0,0,0,0,0,0,55.2583,20.5088,27.7303,-21.3482,23.3112,-89.8008,0,0,0,0,0,0,9.56441,4.1738,6.08834,6.77441,2.11152,-12.7333
927,0.4635,4,2,4,0,0,0,0,0,0,55.4733,20.0607,27.7816,-21.2998,23.3952,-89.3742,0,0,0,0,0,0,9.59825,4.12365,6.10278,6.76311,2.10009,-12.6835
928,0.464,4,2,4,0,0,0,0,0,0,55.6591,19.6073,27.8339,-21.2472,23.4899,-88.9107,0,0,0,0,0,0,9.6218,4.05378,6.13078,6.76231,2.10289,-12.6133
929,0.4645,4,2,4,0,0,0,0,0,0,55.831,19.16,27.8848,-21.1938,23.5913,-88.4393,0,0,0,0,0,0,9.63844,3.98967,6.15829,6.76155,2.10732,-12.5346
930,0.465,4,2,4,0,0,0,0,0,0,56.0096,18.7238,27.9559,-21.1123,23.7069,-87.9993,0,0,0,0,0,0,9.67292,3.89847,6.17647,6.75664,2.09247,-12.4623
931,0.4655,4,2,4,0,0,0,0,0,0,56.2072,18.3001,28.0508,-21.0008,23.8292,-87.6041,0,0,0,0,0,0,9.72429,3.81181,6.18845,6.74369,2.06996,-12.4162
932,0.466,4,2,4,0,0,0,0,0,0,56.4086,17.8765,28.1349,-20.8986,23.9372,-87.2217,0,0,0,0,0,0,9.76743,3.73157,6.19615,6.71744,2.05071,-12.3653
933,0.4665,4,2,4,0,0,0,0,0,0,56.5894,17.4389,28.2075,-20.8143,24.0426,-86.7979,0,0,0,0,0,0,9.81632,3.64726,6.22125,6.72239,2.03634,-12.3305
934,0.467,4,2,4,0,0,0,0,0,0,56.7574,16.9861,28.2722,-20.7443,24.1459,-86.3444,0,0,0,0,0,0,9.8444,3.56331,6.23497,6.70948,2.02053,-12.2545
935,0.4675,4,2,4,0,0,0,0,0,0,56.9227,16.5284,28.3265,-20.6819,24.2408,-85.8837,0,0,0,0,0,0,9.90818,3.49017,6.26246,6.71296,2.00463,-12.2364
936,0.468,4,2,4,0,0,0,0,0,0,57.0953,16.0814,28.3765,-20.6133,24.3283,-85.4471,0,0,0,0,0,0,9.94011,3.41342,6.27388,6.70256,1.98893,-12.1879
937,0.4685,4,2,4,0,0,0,0,0,0,57.2836,15.6344,28.4417,-20.5231,24.4172,-85.0392,0,0,0,0,0,0,9.96976,3.33166,6.28378,6.68597,1.9733,-12.1171
938,0.469,4,2,4,0,0,0,0,0,0,57.4656,15.1932,28.5142,-20.4198,24.5124,-84.6273,0,0,0,0,0,0,9.98616,3.26003,6.2711,6.64283,1.94739,-12.0385
939,0.4695,4,2,4,0,0,0,0,0,0,57.6282,14.7531,28.5854,-20.3204,24.6138,-84.1944,0,0,0,0,0,0,10.0214,3.19285,6.27994,6.63338,1.92752,-11.9939
940,0.47,4,2,4,0,0,0,0,0,0,57.7755,14.309,28.6544,-20.2321,24.7227,-83.7458,0,0,0,0,0,0,10.0714,3.12219,6.31947,6.65491,1.92248,-11.9687
941,0.4705,4,2,4,0,0,0,0,0,0,57.911,13.8668,28.729,-20.1369,24.8398,-83.2874,0,0,0,0,0,0,10.0817,3.04011,6.32392,6.63268,1.90775,-11.8877
942,0.471,4,2,4,0,0,0,0,0,0,58.0421,13.4181,28.7913,-20.0585,24.9485,-82.8193,0,0,0,0,0,0,10.0994,2.96957,6.32875,6.6066,1.89766,-11.8016
943,0.4715,4,2,4,0,0,0,0,0,0,58.1775,12.963,28.8701,-19.9566,25.0633,-82.3567,0,0,0,0,0,0,10.1354,2.9075,6.3532,6.6116,1.89165,-11.7644
944,0.472,4,2,4,0,0,0,0,0,0,58.3071,12.5128,28.9638,-19.8304,25.1879,-81.8955,0,0,0,0,0,0,10.1808,2.82514,6.3823,6.6222,1.88067,-11.7319
945,0.4725,4,2,4,0,0,0,0,0,0,58.4321,12.0679,29.0452,-19.717,25.3062,-81.4438,0,0,0,0,0,0,10.1674,2.73575,6.36816,6.5724,1.86299,-11.6064
946,0.473,4,2,4,0,0,0,0,0,0,58.5445,11.6256,29.1307,-19.594,25.432,-80.9892,0,0,0,0,0,0,10.2053,2.66505,6.38592,6.56511,1.85145,-11.5623
947,0.4735,4,2,4,0,0,0,0,0,0,58.6468,11.1831,29.2171,-19.4716,25.5601,-80.5234,0,0,0,0,0,0,10.2466,2.59047,6.40878,6.57874,1.83688,-11.5417
948,0.474,4,2,4,0,0,0,0,0,0,58.7485,10.7329,29.292,-19.3696,25.6791,-80.0492,0,0,0,0,0,0,10.2756,2.52512,6.42296,6.57106,1.82333,-11.5013
949,0.4745,4,2,4,0,0,0,0,0,0,58.8503,10.2857,29.3772,-19.2577,25.8031,-79.5793,0,0,0,0,0,0,10.2688,2.4347,6.40731,6.51337,1.80652,-11.3876
950,0.475,4,2,4,0,0,0,0,0,0,58.9622,9.84205,29.4706,-19.1244,25.9243,-79.1346,0,0,0,0,0,0,10.2917,2.35632,6.40531,6.4764,1.78712,-11.3168
951,0.4755,4,2,4,0,0,0,0,0,0,59.0654,9.39747,29.5535,-18.9975,26.0401,-78.6809,0,0,0,0,0,0,10.3587,2.26644,6.43655,6.49841,1.76613,-11.314
952,0.476,4,2,4,0,0,0,0,0,0,59.1534,8.95583,29.6387,-18.8634,26.1598,-78.2115,0,0,0,0,0,0,10.3718,2.17017,6.42121,6.4612,1.73646,-11.2401
953,0.4765,4,2,4,0,0,0,0,0,0,59.2269,8.50546,29.7175,-18.7401,26.278,-77.7202,0,0,0,0,0,0,10.348,2.08075,6.40956,6.42351,1.72477,-11.1199
954,0.477,4,2,4,0,0,0,0,0,0,59.2986,8.05221,29.7896,-18.6276,26.392,-77.223,0,0,0,0,0,0,10.3731,2.00338,6.44451,6.44499,1.721,-11.0613
955,0.4775,4,2,4,0,0,0,0,0,0,59.3824,7.59573,29.8674,-18.5095,26.5033,-76.7446,0,0,0,0,0,0,10.3984,1.9313,6.44973,6.40848,1.70704,-10.9987
956,0.478,4,2,4,0,0,0,0,0,0,59.4719,7.14449,29.9529,-18.3791,26.6164,-76.278,0,0,0,0,0,0,10.4086,1.83713,6.43223,6.35562,1.67939,-10.9213
957,0.4785,4,2,4,0,0,0,0,0,0,59.5485,6.70269,30.0386,-18.2372,26.7331,-75.8024,0,0,0,0,0,0,10.4314,1.76429,6.44428,6.3434,1.67021,-10.8646
958,0.479,4,2,4,0,0,0,0,0,0,59.6047,6.25405,30.1262,-18.0897,26.8553,-75.3042,0,0,0,0,0,0,10.4519,1.68318,6.46086,6.34443,1.66158,-10.8101
959,0.4795,4,2,4,0,0,0,0,0,0,59.6498,5.80626,30.2073,-17.95,26.9736,-74.7973,0,0,0,0,0,0,10.4605,1.60393,6.47933,6.3502,1.65177,-10.7352
960,0.48,4,2,4,0,0,0,0,0,0,59.7022,5.35623,30.277,-17.8282,27.0822,-74.3039,0,0,0,0,0,0,10.4391,1.52745,6.46962,6.3061,1.64174,-10.6247
961,0.4805,4,2,4,0,0,0,0,0,0,59.7582,4.90613,30.367,-17.6827,27.2011,-73.8179,0,0,0,0,0,0,10.4313,1.43749,6.45889,6.25985,1.62731,-10.5303
962,0.481,4,2,4,0,0,0,0,0,0,59.81,4.46142,30.469,-17.5191,27.3274,-73.3319,0,0,0,0,0,0,10.4663,1.36077,6.4934,6.28571,1.62036,-10.4988
963,0.4815,4,2,4,0,0,0,0,0,0,59.8519,4.01983,30.5677,-17.3577,27.4542,-72.8379,0,0,0,0,0,0,10.4809,1.28087,6.50188,6.26953,1.60938,-10.4309
964,0.482,4,2,4,0,0,0,0,0,0,59.881,3.58292,30.6646,-17.1928,27.5783,-72.3397,0,0,0,0,0,0,10.4775,1.20566,6.50839,6.25622,1.60075,-10.3394
965,0.4825,4,2,4,0,0,0,0,0,0,59.9097,3.14406,30.7433,-17.052,27.6913,-71.8459,0,0,0,0,0,0,10.4784,1.10901,6.5096,6.23955,1.58321,-10.2617
966,0.483,4,2,4,0,0,0,0,0,0,59.9363,2.70553,30.8237,-16.9104,27.8061,-71.3484,0,0,0,0,0,0,10.4719,1.02822,6.50619,6.2089,1.56905,-10.1632
967,0.4835,4,2,4,0,0,0,0,0,0,59.9699,2.2636,30.9206,-16.746,27.9261,-70.8598,0,0,0,0,0,0,10.4884,0.958951,6.50454,6.17746,1.55254,-10.0964
968,0.484,4,2,4,0,0,0,0,0,0,60.0026,1.82225,31.0244,-16.5659,28.0467,-70.371,0,0,0,0,0,0,10.4941,0.881874,6.50039,6.15909,1.5329,-10.0304
969,0.4845,4,2,4,0,0,0,0,0,0,60.0195,1.38616,31.1293,-16.38,28.1683,-69.8678,0,0,0,0,0,0,10.5238,0.808601,6.52246,6.17131,1.52024,-10.0091
970,0.485,4,2,4,0,0,0,0,0,0,60.0215,0.948936,31.2202,-16.2125,28.2878,-69.3516,0,0,0,0,0,0,10.5031,0.71725,6.49918,6.11977,1.49882,-9.90221
971,0.4855,4,2,4,0,0,0,0,0,0,60.009,0.512942,31.3029,-16.0561,28.4083,-68.8182,0,0,0,0,0,0,10.4563,0.615706,6.46508,6.0524,1.47972,-9.75195
972,0.486,4,2,4,0,0,0,0,0,0,60.0037,0.0731595,31.3931,-15.8867,28.528,-68.2981,0,0,0,0,0,0,10.4617,0.533925,6.47016,6.04803,1.46126,-9.68347
973,0.4865,4,2,4,0,0,0,0,0,0,60.0111,-0.364322,31.4843,-15.7136,28.6427,-67.8011,0,0,0,0,0,0,10.4689,0.448907,6.47284,6.02348,1.44809,-9.60844
974,0.487,4,2,4,0,0,0,0,0,0,60.0122,-0.798782,31.5966,-15.5075,28.7641,-67.2978,0,0,0,0,0,0,10.4999,0.359299,6.48569,6.02143,1.43172,-9.57554
975,0.4875,4,2,4,0,0,0,0,0,0,59.9993,-1.23354,31.6945,-15.3169,28.8802,-66.7804,0,0,0,0,0,0,10.4938,0.271072,6.47031,5.98684,1.40891,-9.49827
976,0.488,4,2,4,0,0,0,0,0,0,59.9714,-1.67037,31.7734,-15.1537,28.9907,-66.2427,0,0,0,0,0,0,10.4607,0.191244,6.45049,5.94903,1.39139,-9.39638
977,0.4885,4,2,4,0,0,0,0,0,0,59.945,-2.10411,31.8572,-14.9794,29.0986,-65.7178,0,0,0,0,0,0,10.4681,0.122229,6.46411,5.94283,1.38511,-9.33196
978,0.489,4,2,4,0,0,0,0,0,0,59.9355,-2.54005,31.938,-14.8118,29.1997,-65.222,0,0,0,0,0,0,10.4481,0.0327385,6.44933,5.88626,1.37818,-9.22192
979,0.4895,4,2,4,0,0,0,0,0,0,59.9261,-2.96934,32.0424,-14.6055,29.3049,-64.7341,0,0,0,0,0,0,10.4632,-0.0657679,6.46146,5.89269,1.35849,-9.18819
980,0.49,4,2,4,0,0,0,0,0,0,59.8984,-3.39318,32.1345,-14.4118,29.4072,-64.2225,0,0,0,0,0,0,10.4639,-0.157756,6.45811,5.87713,1.33638,-9.12943
981,0.4905,4,2,4,0,0,0,0,0,0,59.8562,-3.8248,32.2166,-14.2368,29.5094,-63.6832,0,0,0,0,0,0,10.4407,-0.226629,6.44587,5.83727,1.32662,-9.02368
982,0.491,4,2,4,0,0,0,0,0,0,59.8211,-4.2586,32.2993,-14.0654,29.6098,-63.153,0,0,0,0,0,0,10.4325,-0.300402,6.44172,5.80295,1.31944,-8.93592
983,0.4915,4,2,4,0,0,0,0,0,0,59.7954,-4.69639,32.3799,-13.8977,29.7057,-62.647,0,0,0,0,0,0,10.4344,-0.385397,6.45049,5.78273,1.31223,-8.86694
984,0.492,4,2,4,0,0,0,0,0,0,59.7719,-5.11908,32.4745,-13.6994,29.8021,-62.1607,0,0,0,0,0,0,10.4386,-0.472979,6.45394,5.76637,1.29713,-8.82488
985,0.4925,4,2,4,0,0,0,0,0,0,59.7296,-5.52922,32.5796,-13.479,29.9057,-61.6539,0,0,0,0,0,0,10.4375,-0.547944,6.45469,5.75697,1.28196,-8.76437
986,0.493,4,2,4,0,0,0,0,0,0,59.6738,-5.94767,32.6724,-13.2775,30.0059,-61.1247,0,0,0,0,0,0,10.4214,-0.631652,6.44784,5.73167,1.26904,-8.67236
987,0.4935,4,2,4,0,0,0,0,0,0,59.6173,-6.37569,32.7598,-13.0883,30.1017,-60.5904,0,0,0,0,0,0,10.3766,-0.713376,6.40393,5.65305,1.2498,-8.54342
988,0.494,4,2,4,0,0,0,0,0,0,59.5701,-6.80521,32.8345,-12.9163,30.1877,-60.0764,0,0,0,0,0,0,10.3864,-0.793274,6.40606,5.6461,1.22802,-8.50297
989,0.4945,4,2,4,0,0,0,0,0,0,59.5303,-7.22066,32.9202,-12.7243,30.2754,-59.5834,0,0,0,0,0,0,10.3542,-0.873106,6.38297,5.60426,1.21018,-8.40561
990,0.495,4,2,4,0,0,0,0,0,0,59.4766,-7.6282,33.021,-12.5094,30.3719,-59.0702,0,0,0,0,0,0,10.3791,-0.954828,6.39659,5.60923,1.19178,-8.38111
991,0.4955,4,2,4,0,0,0,0,0,0,59.4097,-8.04836,33.1241,-12.2897,30.4708,-58.5396,0,0,0,0,0,0,10.3526,-1.02116,6.39394,5.58087,1.18953,-8.27535
992,0.496,4,2,4,0,0,0,0,0,0,59.3367,-8.47437,33.2202,-12.0749,30.5647,-58.0141,0,0,0,0,0,0,10.3267,-1.1076,6.37264,5.54353,1.16799,-8.19342
993,0.4965,4,2,4,0,0,0,0,0,0,59.2643,-8.89379,33.2973,-11.88,30.6467,-57.5058,0,0,0,0,0,0,10.2843,-1.18884,6.35549,5.52105,1.14538,-8.09637
994,0.497,4,2,4,0,0,0,0,0,0,59.182,-9.3016,33.3731,-11.6857,30.7299,-56.9924,0,0,0,0,0,0,10.2679,-1.29425,6.34561,5.48951,1.1288,-8.0165
995,0.4975,4,2,4,0,0,0,0,0,0,59.0969,-9.70479,33.465,-11.473,30.8209,-56.4689,0,0,0,0,0,0,10.2316,-1.37979,6.3204,5.43948,1.1164,-7.90593
996,0.498,4,2,4,0,0,0,0,0,0,58.9978,-10.1277,33.5665,-11.2472,30.9128,-55.922,0,0,0,0,0,0,10.2164,-1.45445,6.31993,5.42653,1.10723,-7.83313
997,0.4985,4,2,4,0,0,0,0,0,0,58.9074,-10.5489,33.6586,-11.0251,30.9934,-55.3944,0,0,0,0,0,0,10.1613,-1.52209,6.29853,5.39092,1.09809,-7.71394
998,0.499,4,2,4,0,0,0,0,0,0,58.8233,-10.9647,33.7343,-10.8234,31.0634,-54.8809,0,0,0,0,0,0,10.1418,-1.61032,6.28488,5.36455,1.07656,-7.6513
999,0.4995,4,2,4,0,0,0,0,0,0,58.7268,-11.3692,33.8007,-10.6308,31.1309,-54.3508,0,0,0,0,0,0,10.1004,-1.69472,6.26128,5.31911,1.06486,-7.54581
1000,0.5,4,2,4,0,0,0,0,0,0,58.6152,-11.78,33.8722,-10.4263,31.1946,-53.8023,0,0,0,0,0,0,10.075,-1.78218,6.24236,5.27259,1.05343,-7.44467
1001,0.5005,4,2,4,0,0,0,0,0,0,58.5015,-12.2019,33.9489,-10.2101,31.2541,-53.2491,0,0,0,0,0,0,10.0475,-1.8548,6.23867,5.25386,1.04833,-7.3492
1002,0.501,4,2,4,0,0,0,0,0,0,58.4185,-12.623,34.0327,-9.98126,31.3072,-52.7374,0,0,0,0,0,0,10.0279,-1.94171,6.24249,5.24449,1.03894,-7.27682
1003,0.5015,4,2,4,0,0,0,0,0,0,58.3473,-13.0322,34.1138,-9.75932,31.3578,-52.2474,0,0,0,0,0,0,10.0006,-2.02811,6.2417,5.23062,1.02839,-7.201
1004,0.502,4,2,4,0,0,0,0,0,0,58.2599,-13.4234,34.1817,-9.55673,31.4089,-51.7408,0,0,0,0,0,0,9.94288,-2.10506,6.20197,5.15623,1.01633,-7.07714
1005,0.5025,4,2,4,0,0,0,0,0,0,58.1516,-13.8244,34.2449,-9.36166,31.4584,-51.2049,0,0,0,0,0,0,9.91965,-2.16593,6.18912,5.12953,1.0025,-6.99585
1006,0.503,4,2,4,0,0,0,0,0,0,58.0432,-14.2346,34.3165,-9.15615,31.5079,-50.6671,0,0,0,0,0,0,9.9074,-2.23174,6.17901,5.10654,0.990699,-6.92538
1007,0.5035,4,2,4,0,0,0,0,0,0,57.9541,-14.6498,34.4019,-8.92944,31.5563,-50.1662,0,0,0,0,0,0,9.91048,-2.31198,6.18595,5.11152,0.975733,-6.88606
1008,0.504,4,2,4,0,0,0,0,0,0,57.8642,-15.0455,34.4877,-8.69487,31.6056,-49.6771,0,0,0,0,0,0,9.87815,-2.40735,6.1745,5.08496,0.961192,-6.80034
1009,0.5045,4,2,4,0,0,0,0,0,0,57.7647,-15.4297,34.5593,-8.47427,31.6512,-49.1802,0,0,0,0,0,0,9.81612,-2.48764,6.13999,5.03104,0.94655,-6.67263
1010,0.505,4,2,4,0,0,0,0,0,0,57.6376,-15.8263,34.6173,-8.27324,31.6956,-48.6449,0,0,0,0,0,0,9.7767,-2.5525,6.11356,4.99277,0.926377,-6.58223
1011,0.5055,4,2,4,0,0,0,0,0,0,57.4964,-16.2279,34.6756,-8.06884,31.7383,-48.0975,0,0,0,0,0,0,9.72739,-2.60563,6.07738,4.94871,0.908149,-6.49033
1012,0.506,4,2,4,0,0,0,0,0,0,57.3685,-16.6282,34.735,-7.86141,31.7765,-47.5785,0,0,0,0,0,0,9.70983,-2.68662,6.07696,4.94598,0.894258,-6.44077
1013,0.5065,4,2,4,0,0,0,0,0,0,57.2534,-17.0096,34.8064,-7.63493,31.8148,-47.0811,0,0,0,0,0,0,9.67836,-2.77207,6.06815,4.92299,0.885938,-6.35655
1014,0.507,4,2,4,0,0,0,0,0,0,57.1303,-17.3888,34.8723,-7.41435,31.8516,-46.5766,0,0,0,0,0,0,9.64761,-2.86535,6.05093,4.89726,0.870137,-6.28415
1015,0.5075,4,2,4,0,0,0,0,0,0,56.9874,-17.7778,34.9276,-7.20605,31.8852,-46.0469,0,0,0,0,0,0,9.56528,-2.92595,5.99037,4.81863,0.856887,-6.14858
1016,0.508,4,2,4,0,0,0,0,0,0,56.829,-18.1744,34.9628,-7.01711,31.9079,-45.5003,0,0,0,0,0,0,9.49377,-3.00201,5.95102,4.7635,0.840986,-6.03055
1017,0.5085,4,2,4,0,0,0,0,0,0,56.6764,-18.5703,34.9896,-6.83349,31.9175,-44.9735,0,0,0,0,0,0,9.44308,-3.06889,5.94559,4.75536,0.832037,-5.93897
1018,0.509,4,2,4,0,0,0,0,0,0,56.5363,-18.9452,35.0226,-6.63509,31.9199,-44.4633,0,0,0,0,0,0,9.41048,-3.15829,5.94793,4.74757,0.825409,-5.85992
1019,0.5095,4,2,4,0,0,0,0,0,0,56.4113,-19.3275,35.066,-6.42799,31.9218,-43.9617,0,0,0,0,0,0,9.3655,-3.22834,5.91676,4.69445,0.821438,-5.76197
1020,0.51,4,2,4,0,0,0,0,0,0,56.2951,-19.7212,35.1316,-6.20091,31.9293,-43.4611,0,0,0,0,0,0,9.34008,-3.30536,5.89568,4.64826,0.814573,-5.68036
1021,0.5105,4,2,4,0,0,0,0,0,0,56.1886,-20.1158,35.1992,-5.9827,31.9384,-42.9597,0,0,0,0,0,0,9.32017,-3.37674,5.89882,4.63346,0.807669,-5.60732
1022,0.511,4,2,4,0,0,0,0,0,0,56.0942,-20.5011,35.2663,-5.77073,31.9437,-42.472,0,0,0,0,0,0,9.285,-3.44637,5.89159,4.61242,0.795989,-5.52149
1023,0.5115,4,2,4,0,0,0,0,0,0,56.0055,-20.8744,35.3352,-5.55559,31.9437,-41.9941,0,0,0,0,0,0,9.26973,-3.51544,5.895,4.60039,0.786539,-5.461
1024,0.512,4,2,4,0,0,0,0,0,0,55.9135,-21.2566,35.408,-5.339,31.9441,-41.5151,0,0,0,0,0,0,9.23085,-3.58206,5.87459,4.55449,0.780182,-5.35395
1025,0.5125,4,2,4,0,0,0,0,0,0,55.8141,-21.6504,35.4864,-5.11191,31.9463,-41.037,0,0,0,0,0,0,9.20571,-3.65759,5.85699,4.52255,0.76712,-5.28487
1026,0.513,4,2,4,0,0,0,0,0,0,55.6937,-22.0469,35.5664,-4.88062,31.9558,-40.5448,0,0,0,0,0,0,9.19341,-3.72783,5.85989,4.51946,0.75607,-5.23803
1027,0.5135,4,2,4,0,0,0,0,0,0,55.5478,-22.4312,35.6296,-4.66097,31.9664,-40.0352,0,0,0,0,0,0,9.1221,-3.79518,5.81477,4.4677,0.73754,-5.14282
1028,0.514,4,2,4,0,0,0,0,0,0,55.3716,-22.8005,35.6703,-4.45283,31.9705,-39.509,0,0,0,0,0,0,9.04185,-3.84932,5.759,4.39612,0.723079,-5.0259
1029,0.5145,4,2,4,0,0,0,0,0,0,55.1851,-23.1748,35.6912,-4.26182,31.9639,-38.9845,0,0,0,0,0,0,8.98321,-3.91335,5.73748,4.37062,0.708471,-4.93799
1030,0.515,4,2,4,0,0,0,0,0,0,55.0022,-23.5553,35.7131,-4.06511,31.9463,-38.4693,0,0,0,0,0,0,8.92126,-3.9828,5.70423,4.34356,0.689304,-4.86273
1031,0.5155,4,2,4,0,0,0,0,0,0,54.8289,-23.9324,35.7393,-3.86468,31.9246,-37.9622,0,0,0,0,0,0,8.8632,-4.06223,5.67858,4.32165,0.672526,-4.78918
1032,0.516,4,2,4,0,0,0,0,0,0,54.6789,-24.2988,35.7722,-3.65639,31.9012,-37.4815,0,0,0,0,0,0,8.79687,-4.13392,5.65064,4.29214,0.661425,-4.69807
1033,0.5165,4,2,4,0,0,0,0,0,0,54.5291,-24.6573,35.8052,-3.44231,31.8741,-37.0072,0,0,0,0,0,0,8.7616,-4.20642,5.64805,4.29804,0.642716,-4.65298
1034,0.517,4,2,4,0,0,0,0,0,0,54.3643,-25.0223,35.8197,-3.24221,31.8369,-36.5292,0,0,0,0,0,0,8.69886,-4.2812,5.60643,4.25226,0.624742,-4.57621
1035,0.5175,4,2,4,0,0,0,0,0,0,54.1692,-25.3912,35.8114,-3.0581,31.7869,-36.029,0,0,0,0,0,0,8.63524,-4.35368,5.56273,4.197,0.611791,-4.4815
1036,0.518,4,2,4,0,0,0,0,0,0,53.9413,-25.7476,35.7757,-2.8983,31.728,-35.4998,0,0,0,0,0,0,8.53908,-4.4165,5.50888,4.13477,0.601557,-4.35069
1037,0.5185,4,2,4,0,0,0,0,0,0,53.7178,-26.0978,35.7258,-2.74929,31.6588,-34.9813,0,0,0,0,0,0,8.46595,-4.47822,5.48508,4.11429,0.591309,-4.24995
1038,0.519,4,2,4,0,0,0,0,0,0,53.5129,-26.449,35.6891,-2.5841,31.5872,-34.4776,0,0,0,0,0,0,8.40773,-4.55485,5.45554,4.07647,0.580052,-4.16102
1039,0.5195,4,2,4,0,0,0,0,0,0,53.3355,-26.8165,35.6753,-2.3986,31.5191,-33.9954,0,0,0,0,0,0,8.34131,-4.62156,5.41764,4.0209,0.576489,-4.05491
1040,0.52,4,2,4,0,0,0,0,0,0,53.1733,-27.1906,35.6857,-2.19323,31.4558,-33.5138,0,0,0,0,0,0,8.29847,-4.68574,5.39721,3.9919,0.569017,-3.97485
1041,0.5205,4,2,4,0,0,0,0,0,0,53.024,-27.5551,35.7017,-1.99689,31.3987,-33.0187,0,0,0,0,0,0,8.26537,-4.74889,5.38898,3.97612,0.557551,-3.90155
1042,0.521,4,2,4,0,0,0,0,0,0,52.9287,-27.9241,35.739,-1.79784,31.3424,-32.5578,0,0,0,0,0,0,8.24465,-4.8146,5.38485,3.95522,0.549147,-3.82673
1043,0.5215,4,2,4,0,0,0,0,0,0,52.8894,-28.302,35.8107,-1.58048,31.2896,-32.1462,0,0,0,0,0,0,8.24935,-4.88104,5.38539,3.92433,0.546805,-3.76319
1044,0.522,4,2,4,0,0,0,0,0,0,52.844,-28.6902,35.892,-1.3528,31.2385,-31.7489,0,0,0,0,0,0,8.25825,-4.94201,5.40353,3.91411,0.552091,-3.71157
1045,0.5225,4,2,4,0,0,0,0,0,0,52.7596,-29.0702,35.9604,-1.12824,31.1898,-31.3356,0,0,0,0,0,0,8.2493,-5.00871,5.40291,3.90057,0.547141,-3.67696
1046,0.523,4,2,4,0,0,0,0,0,0,52.6235,-29.423,36.0009,-0.921754,31.1471,-30.8765,0,0,0,0,0,0,8.18429,-5.05777,5.36411,3.85509,0.542751,-3.58702
1047,0.5235,4,2,4,0,0,0,0,0,0,52.4592,-29.7669,36.021,-0.7282,31.1007,-30.4028,0,0,0,0,0,0,8.13065,-5.10202,5.34459,3.84557,0.527441,-3.52995
1048,0.524,4,2,4,0,0,0,0,0,0,52.2689,-30.108,36.0105,-0.558474,31.038,-29.9185,0,0,0,0,0,0,8.01785,-5.12926,5.27988,3.78812,0.511615,-3.41141
1049,0.5245,4,2,4,0,0,0,0,0,0,52.081,-30.4612,35.9864,-0.394999,30.9558,-29.4526,0,0,0,0,0,0,7.90597,-5.1759,5.21295,3.71863,0.499079,-3.28917
1050,0.525,4,2,4,0,0,0,0,0,0,51.8957,-30.814,35.9451,-0.245391,30.8582,-28.9921,0,0,0,0,0,0,7.81,-5.2296,5.16042,3.67048,0.483377,-3.18529
1051,0.5255,4,2,4,0,0,0,0,0,0,51.6914,-31.1493,35.8887,-0.109581,30.7573,-28.5031,0,0,0,0,0,0,7.75973,-5.3022,5.14201,3.66735,0.461225,-3.1445
1052,0.526,4,2,4,0,0,0,0,0,0,51.4944,-31.4885,35.8415,0.0411911,30.6552,-28.0259,0,0,0,0,0,0,7.70037,-5.36425,5.12167,3.64984,0.451158,-3.07913
1053,0.5265,4,2,4,0,0,0,0,0,0,51.3125,-31.8292,35.8041,0.207992,30.5529,-27.5737,0,0,0,0,0,0,7.62096,-5.41191,5.08812,3.6116,0.449098,-2.98388
1054,0.527,4,2,4,0,0,0,0,0,0,51.1367,-32.1794,35.7761,0.391009,30.4463,-27.143,0,0,0,0,0,0,7.5734,-5.47367,5.06831,3.5912,0.436691,-2.92758
1055,0.5275,4,2,4,0,0,0,0,0,0,50.9537,-32.5194,35.7335,0.560446,30.3326,-26.7104,0,0,0,0,0,0,7.53952,-5.5453,5.04334,3.56561,0.417336,-2.87976
1056,0.528,4,2,4,0,0,0,0,0,0,50.7579,-32.8413,35.6735,0.705707,30.2183,-26.2466,0,0,0,0,0,0,7.45939,-5.58759,4.99588,3.51935,0.402456,-2.77551
1057,0.5285,4,2,4,0,0,0,0,0,0,50.5744,-33.169,35.6152,0.842952,30.1028,-25.7839,0,0,0,0,0,0,7.40155,-5.63895,4.9648,3.48379,0.388629,-2.68956
1058,0.529,4,2,4,0,0,0,0,0,0,50.4204,-33.5085,35.5718,0.987542,29.9868,-25.3532,0,0,0,0,0,0,7.36302,-5.69628,4.94923,3.46104,0.380144,-2.63136
1059,0.5295,4,2,4,0,0,0,0,0,0,50.2818,-33.8717,35.5477,1.14816,29.8743,-24.946,0,0,0,0,0,0,7.32029,-5.76797,4.93231,3.43477,0.37561,-2.57104
1060,0.53,4,2,4,0,0,0,0,0,0,50.1461,-34.2268,35.5388,1.32492,29.7698,-24.5442,0,0,0,0,0,0,7.27097,-5.82882,4.91517,3.40656,0.377991,-2.49728
1061,0.5305,4,2,4,0,0,0,0,0,0,49.9838,-34.5633,35.5252,1.49515,29.6749,-24.1107,0,0,0,0,0,0,7.20639,-5.86836,4.89591,3.38672,0.373905,-2.41359
1062,0.531,4,2,4,0,0,0,0,0,0,49.8051,-34.8946,35.4992,1.65472,29.5769,-23.6672,0,0,0,0,0,0,7.1375,-5.90539,4.87114,3.36516,0.366441,-2.34016
1063,0.5315,4,2,4,0,0,0,0,0,0,49.6277,-35.2233,35.4619,1.80611,29.4661,-23.2377,0,0,0,0,0,0,7.05069,-5.93323,4.82051,3.31445,0.3584,-2.24248
1064,0.532,4,2,4,0,0,0,0,0,0,49.4546,-35.5659,35.4164,1.94863,29.3408,-22.8272,0,0,0,0,0,0,6.98378,-5.97982,4.77566,3.2635,0.348905,-2.14588
1065,0.5325,4,2,4,0,0,0,0,0,0,49.2848,-35.8935,35.3612,2.08524,29.2059,-22.4224,0,0,0,0,0,0,6.92204,-6.03216,4.74078,3.22819,0.334519,-2.07684
1066,0.533,4,2,4,0,0,0,0,0,0,49.1058,-36.2064,35.3001,2.21718,29.0715,-21.9963,0,0,0,0,0,0,6.85859,-6.08648,4.70968,3.18995,0.330752,-2.00513
1067,0.5335,4,2,4,0,0,0,0,0,0,48.923,-36.5174,35.2467,2.35891,28.9403,-21.568,0,0,0,0,0,0,6.79732,-6.12714,4.68426,3.1682,0.325068,-1.93826
1068,0.534,4,2,4,0,0,0,0,0,0,48.7532,-36.836,35.2046,2.51308,28.8124,-21.1657,0,0,0,0,0,0,6.73084,-6.15738,4.65628,3.14675,0.316187,-1.86108
1069,0.5345,4,2,4,0,0,0,0,0,0,48.5938,-37.166,35.1688,2.67291,28.6858,-20.7875,0,0,0,0,0,0,6.68313,-6.2231,4.63417,3.12504,0.303932,-1.82006
1070,0.535,4,2,4,0,0,0,0,0,0,48.4249,-37.4815,35.122,2.82258,28.5581,-20.4044,0,0,0,0,0,0,6.61359,-6.27433,4.5905,3.08292,0.293564,-1.75214
1071,0.5355,4,2,4,0,0,0,0,0,0,48.239,-37.7832,35.0567,2.9526,28.427,-19.9914,0,0,0,0,0,0,6.55066,-6.32349,4.56639,3.06439,0.279758,-1.67648
1072,0.536,4,2,4,0,0,0,0,0,0,48.0525,-38.0881,34.9881,3.0798,28.2884,-19.5733,0,0,0,0,0,0,6.48542,-6.36426,4.53855,3.03586,0.272632,-1.59569
1073,0.5365,4,2,4,0,0,0,0,0,0,47.8727,-38.4069,34.9227,3.20847,28.1432,-19.1669,0,0,0,0,0,0,6.40919,-6.38022,4.49586,3.0041,0.258843,-1.53119
1074,0.537,4,2,4,0,0,0,0,0,0,47.7088,-38.7378,34.8661,3.34571,27.9942,-18.7863,0,0,0,0,0,0,6.37258,-6.45244,4.49079,2.98673,0.258437,-1.46773
1075,0.5375,4,2,4,0,0,0,0,0,0,47.5574,-39.0607,34.8117,3.48476,27.8467,-18.4191,0,0,0,0,0,0,6.31797,-6.49832,4.45269,2.95241,0.248811,-1.42911
1076,0.538,4,2,4,0,0,0,0,0,0,47.3923,-39.3627,34.7506,3.61477,27.7097,-18.0274,0,0,0,0,0,0,6.25481,-6.52554,4.42411,2.92196,0.24937,-1.35837
1077,0.5385,4,2,4,0,0,0,0,0,0,47.2214,-39.6628,34.6879,3.7449,27.576,-17.6312,0,0,0,0,0,0,6.19751,-6.5549,4.41317,2.91711,0.245069,-1.2957
1078,0.539,4,2,4,0,0,0,0,0,0,47.0483,-39.9679,34.6165,3.87105,27.4346,-17.2434,0,0,0,0,0,0,6.13637,-6.57952,4.39475,2.91262,0.234426,-1.24308
1079,0.5395,4,2,4,0,0,0,0,0,0,46.8761,-40.2828,34.5317,3.99077,27.2778,-16.8726,0,0,0,0,0,0,6.04233,-6.59988,4.33983,2.86331,0.227364,-1.14973
1080,0.54,4,2,4,0,0,0,0,0,0,46.7071,-40.5932,34.4307,4.09911,27.1098,-16.5144,0,0,0,0,0,0,5.95686,-6.63298,4.2764,2.79395,0.22478,-1.04244
1081,0.5405,4,2,4,0,0,0,0,0,0,46.5221,-40.8808,34.3145,4.19634,26.9391,-16.1316,0,0,0,0,0,0,5.90215,-6.6842,4.24201,2.75642,0.214581,-0.972408
1082,0.541,4,2,4,0,0,0,0,0,0,46.3279,-41.1678,34.1965,4.29158,26.7671,-15.7356,0,0,0,0,0,0,5.87622,-6.74725,4.23702,2.7465,0.205014,-0.931965
1083,0.5415,4,2,4,0,0,0,0,0,0,46.1523,-41.467,34.0878,4.39452,26.594,-15.3626,0,0,0,0,0,0,5.83292,-6.78518,4.21115,2.72166,0.195928,-0.879282
1084,0.542,4,2,4,0,0,0,0,0,0,45.9991,-41.7801,34.0005,4.51443,26.4249,-15.0237,0,0,0,0,0,0,5.76664,-6.80835,4.1636,2.67523,0.19236,-0.807485
1085,0.5425,4,2,4,0,0,0,0,0,0,45.8613,-42.0974,33.9261,4.63964,26.2653,-14.7034,0,0,0,0,0,0,5.71623,-6.8525,4.13679,2.65332,0.186946,-0.768903
1086,0.543,4,2,4,0,0,0,0,0,0,45.7155,-42.3914,33.8477,4.75666,26.1155,-14.3608,0,0,0,0,0,0,5.65698,-6.87861,4.11159,2.63807,0.18234,-0.724922
1087,0.5435,4,2,4,0,0,0,0,0,0,45.5443,-42.6754,33.7584,4.86239,25.9675,-13.9862,0,0,0,0,0,0,5.61148,-6.91628,4.10532,2.6407,0.173804,-0.688367
1088,0.544,4,2,4,0,0,0,0,0,0,45.368,-42.9581,33.6576,4.95901,25.812,-13.6153,0,0,0,0,0,0,5.53688,-6.93666,4.06502,2.60181,0.17247,-0.60414
1089,0.5445,4,2,4,0,0,0,0,0,0,45.1969,-43.2515,33.5549,5.05784,25.6428,-13.2667,0,0,0,0,0,0,5.453,-6.95872,4.01099,2.54892,0.167896,-0.51573
1090,0.545,4,2,4,0,0,0,0,0,0,45.0386,-43.5544,33.4495,5.15669,25.4599,-12.9506,0,0,0,0,0,0,5.38839,-6.9929,3.97649,2.51908,0.15306,-0.450118
1091,0.5455,4,2,4,0,0,0,0,0,0,44.8754,-43.8411,33.3342,5.24707,25.2734,-12.6293,0,0,0,0,0,0,5.31445,-7.03375,3.94777,2.49831,0.140535,-0.389074
1092,0.546,4,2,4,0,0,0,0,0,0,44.6948,-44.1141,33.2135,5.3324,25.0884,-12.2873,0,0,0,0,0,0,5.25936,-7.07594,3.91941,2.48025,0.129156,-0.362408
1093,0.5465,4,2,4,0,0,0,0,0,0,44.5042,-44.384,33.0918,5.41357,24.9102,-11.941,0,0,0,0,0,0,5.18861,-7.09716,3.88942,2.45535,0.125648,-0.294562
1094,0.547,4,2,4,0,0,0,0,0,0,44.312,-44.6548,32.9791,5.50413,24.738,-11.6068,0,0,0,0,0,0,5.13207,-7.11588,3.86193,2.43212,0.123109,-0.232961
1095,0.5475,4,2,4,0,0,0,0,0,0,44.1252,-44.9301,32.8734,5.6014,24.57,-11.2934,0,0,0,0,0,0,5.06835,-7.13783,3.82431,2.39473,0.121046,-0.151984
1096,0.548,4,2,4,0,0,0,0,0,0,43.9447,-45.1919,32.7583,5.68696,24.4085,-10.9828,0,0,0,0,0,0,5.02405,-7.17963,3.79595,2.37125,0.114376,-0.112625
1097,0.5485,4,2,4,0,0,0,0,0,0,43.7658,-45.4389,32.6418,5.77064,24.2474,-10.6584,0,0,0,0,0,0,4.97567,-7.20503,3.75677,2.33837,0.10628,-0.0678088
1098,0.549,4,2,4,0,0,0,0,0,0,43.5886,-45.687,32.5241,5.85116,24.0841,-10.3241,0,0,0,0,0,0,4.93524,-7.23145,3.73814,2.32821,0.0913676,-0.0336352
1099,0.5495,4,2,4,0,0,0,0,0,0,43.4116,-45.9485,32.4059,5.92823,23.9153,-9.98858,0,0,0,0,0,0,4.85256,-7.24074,3.69374,2.28694,0.0880512,0.0493352
1100,0.55,4,2,4,0,0,0,0,0,0,43.2449,-46.2237,32.2942,6.01307,23.7357,-9.66792,0,0,0,0,0,0,4.77208,-7.26381,3.65826,2.2571,0.0857167,0.126
1101,0.5505,4,2,4,0,0,0,0,0,0,43.0869,-46.5008,32.1774,6.09065,23.5524,-9.36271,0,0,0,0,0,0,4.70932,-7.30867,3.64577,2.24888,0.0777986,0.174284
1102,0.551,4,2,4,0,0,0,0,0,0,42.9186,-46.7605,32.0512,6.15763,23.3732,-9.0465,0,0,0,0,0,0,4.64376,-7.33881,3.61201,2.21534,0.0772724,0.233122
1103,0.5515,4,2,4,0,0,0,0,0,0,42.7368,-47.0066,31.9258,6.22713,23.1966,-8.72194,0,0,0,0,0,0,4.57082,-7.33936,3.57282,2.18378,0.0766826,0.294541
1104,0.552,4,2,4,0,0,0,0,0,0,42.5559,-47.248,31.8025,6.29906,23.0235,-8.41206,0,0,0,0,0,0,4.50938,-7.34307,3.53345,2.16089,0.0712111,0.327159
1105,0.5525,4,2,4,0,0,0,0,0,0,42.3813,-47.4974,31.6832,6.37772,22.8501,-8.13079,0,0,0,0,0,0,4.47252,-7.37365,3.51422,2.15402,0.0605598,0.349783
1106,0.553,4,2,4,0,0,0,0,0,0,42.2194,-47.7537,31.5641,6.45856,22.6752,-7.8746,0,0,0,0,0,0,4.42196,-7.39316,3.4831,2.12421,0.0624491,0.409513
1107,0.5535,4,2,4,0,0,0,0,0,0,42.0649,-47.9984,31.4337,6.52557,22.5015,-7.61642,0,0,0,0,0,0,4.37383,-7.4315,3.4527,2.09738,0.0558782,0.445565
1108,0.554,4,2,4,0,0,0,0,0,0,41.9043,-48.2315,31.2948,6.58739,22.3253,-7.3481,0,0,0,0,0,0,4.31485,-7.45374,3.41977,2.07049,0.0480691,0.488387
1109,0.5545,4,2,4,0,0,0,0,0,0,41.7368,-48.4563,31.1559,6.65174,22.1465,-7.06791,0,0,0,0,0,0,4.25945,-7.46565,3.39733,2.0585,0.0331567,0.526091
1110,0.555,4,2,4,0,0,0,0,0,0,41.5655,-48.6885,31.0206,6.71853,21.9672,-6.7817,0,0,0,0,0,0,4.1772,-7.46246,3.36342,2.03515,0.0264495,0.602494
1111,0.5555,4,2,4,0,0,0,0,0,0,41.4038,-48.9413,30.8954,6.79419,21.7825,-6.5138,0,0,0,0,0,0,4.11475,-7.48587,3.32856,2.00884,0.0195532,0.65295
1112,0.556,4,2,4,0,0,0,0,0,0,41.2452,-49.193,30.7655,6.86297,21.5971,-6.24806,0,0,0,0,0,0,4.07444,-7.51542,3.30698,1.9967,0.0119045,0.688847
1113,0.5565,4,2,4,0,0,0,0,0,0,41.0659,-49.4245,30.6199,6.91571,21.4186,-5.95329,0,0,0,0,0,0,4.02502,-7.53386,3.27715,1.97437,0.00659217,0.736683
1114,0.557,4,2,4,0,0,0,0,0,0,40.8822,-49.6472,30.471,6.96567,21.2467,-5.64624,0,0,0,0,0,0,3.95984,-7.54123,3.23393,1.93565,0.0139365,0.801613
1115,0.5575,4,2,4,0,0,0,0,0,0,40.7168,-49.8754,30.3301,7.02281,21.0769,-5.35569,0,0,0,0,0,0,3.91607,-7.55979,3.21108,1.91783,0.0186863,0.836344
1116,0.558,4,2,4,0,0,0,0,0,0,40.5598,-50.1136,30.1925,7.08495,20.9049,-5.09153,0,0,0,0,0,0,3.87137,-7.57489,3.19343,1.91129,0.0145343,0.854826
1117,0.5585,4,2,4,0,0,0,0,0,0,40.4132,-50.3626,30.0503,7.14869,20.722,-4.86609,0,0,0,0,0,0,3.8183,-7.59181,3.17448,1.90533,0.00405723,0.88564
1118,0.559,4,2,4,0,0,0,0,0,0,40.2632,-50.5996,29.8957,7.20188,20.5364,-4.63583,0,0,0,0,0,0,3.74166,-7.58584,3.12557,1.86401,0.00480087,0.968947
1119,0.5595,4,2,4,0,0,0,0,0,0,40.103,-50.8197,29.7276,7.2431,20.3506,-4.39306,0,0,0,0,0,0,3.696,-7.61326,3.10439,1.85483,-0.0109387,0.987624
1120,0.56,4,2,4,0,0,0,0,0,0,39.9246,-51.0205,29.5503,7.27997,20.1639,-4.13284,0,0,0,0,0,0,3.63125,-7.61559,3.06695,1.82455,-0.0166798,1.04821
1121,0.5605,4,2,4,0,0,0,0,0,0,39.7371,-51.212,29.3739,7.32038,19.9775,-3.86518,0,0,0,0,0,0,3.57174,-7.60664,3.0258,1.79043,-0.0165991,1.11971
1122,0.561,4,2,4,0,0,0,0,0,0,39.5558,-51.4147,29.2022,7.36476,19.7922,-3.61003,0,0,0,0,0,0,3.5276,-7.61841,2.98045,1.75589,-0.0216337,1.15815
1123,0.5615,4,2,4,0,0,0,0,0,0,39.3987,-51.633,29.041,7.4145,19.6091,-3.37648,0,0,0,0,0,0,3.50148,-7.65128,2.95995,1.74714,-0.0341103,1.15802
1124,0.562,4,2,4,0,0,0,0,0,0,39.2542,-51.8477,28.8752,7.45187,19.4342,-3.14052,0,0,0,0,0,0,3.4699,-7.6702,2.93248,1.73135,-0.0409563,1.17378
1125,0.5625,4,2,4,0,0,0,0,0,0,39.1155,-52.0599,28.7056,7.47762,19.2647,-2.89647,0,0,0,0,0,0,3.42424,-7.67806,2.89842,1.70151,-0.0330209,1.2261
1126,0.563,4,2,4,0,0,0,0,0,0,38.9801,-52.2704,28.5389,7.50259,19.0962,-2.65547,0,0,0,0,0,0,3.37983,-7.69039,2.88432,1.68949,-0.0331304,1.25802
1127,0.5635,4,2,4,0,0,0,0,0,0,38.8401,-52.4805,28.3758,7.53246,18.9268,-2.42803,0,0,0,0,0,0,3.31699,-7.67748,2.85606,1.66738,-0.0330688,1.31739
1128,0.564,4,2,4,0,0,0,0,0,0,38.6979,-52.6998,28.2149,7.56722,18.7503,-2.22578,0,0,0,0,0,0,3.25183,-7.66739,2.82532,1.64793,-0.0356814,1.36457
1129,0.5645,4,2,4,0,0,0,0,0,0,38.5464,-52.9078,28.0467,7.59998,18.5684,-2.03184,0,0,0,0,0,0,3.19532,-7.67655,2.79091,1.63052,-0.0441325,1.39561
1130,0.565,4,2,4,0,0,0,0,0,0,38.3754,-53.0885,27.8622,7.6227,18.3874,-1.82227,0,0,0,0,0,0,3.14453,-7.68388,2.7479,1.60305,-0.0496575,1.43032
1131,0.5655,4,2,4,0,0,0,0,0,0,38.1957,-53.2476,27.6633,7.63614,18.2081,-1.60261,0,0,0,0,0,0,3.10838,-7.69197,2.71121,1.57886,-0.0538138,1.45157
1132,0.566,4,2,4,0,0,0,0,0,0,38.0186,-53.4019,27.4597,7.64673,18.0307,-1.37771,0,0,0,0,0,0,3.07024,-7.70102,2.68671,1.56634,-0.0632828,1.466
1133,0.5665,4,2,4,0,0,0,0,0,0,37.8519,-53.5645,27.2652,7.66399,17.8552,-1.15442,0,0,0,0,0,0,3.01771,-7.67914,2.64605,1.53909,-0.0671922,1.50666
1134,0.567,4,2,4,0,0,0,0,0,0,37.7042,-53.7524,27.0885,7.69434,17.6788,-0.955432,0,0,0,0,0,0,2.9744,-7.67892,2.61661,1.51968,-0.0743239,1.53561
1135,0.5675,4,2,4,0,0,0,0,0,0,37.5705,-53.9523,26.922,7.72738,17.5066,-0.772371,0,0,0,0,0,0,2.93252,-7.69782,2.60025,1.51481,-0.0843934,1.55853
1136,0.568,4,2,4,0,0,0,0,0,0,37.4357,-54.1461,26.7602,7.75866,17.3418,-0.581804,0,0,0,0,0,0,2.88384,-7.69922,2.57597,1.50125,-0.0886547,1.59658
1137,0.5685,4,2,4,0,0,0,0,0,0,37.2913,-54.3337,26.5952,7.7832,17.1825,-0.382293,0,0,0,0,0,0,2.8376,-7.70516,2.545,1.47531,-0.0833608,1.64363
1138,0.569,4,2,4,0,0,0,0,0,0,37.1389,-54.5088,26.425,7.80227,17.0264,-0.17691,0,0,0,0,0,0,2.79699,-7.73148,2.52482,1.46437,-0.0860902,1.66804
1139,0.5695,4,2,4,0,0,0,0,0,0,36.9737,-54.6658,26.2459,7.81643,16.8704,0.039042,0,0,0,0,0,0,2.74145,-7.71131,2.49278,1.44847,-0.086015,1.71534
1140,0.57,4,2,4,0,0,0,0,0,0,36.809,-54.8202,26.0602,7.83016,16.7106,0.236973,0,0,0,0,0,0,2.69581,-7.71059,2.46088,1.43141,-0.0869826,1.74313
1141,0.5705,4,2,4,0,0,0,0,0,0,36.6551,-54.9784,25.8711,7.84503,16.545,0.41048,0,0,0,0,0,0,2.65589,-7.7244,2.43326,1.41855,-0.0912663,1.74983
1142,0.571,4,2,4,0,0,0,0,0,0,36.5041,-55.1265,25.6742,7.85305,16.3793,0.583965,0,0,0,0,0,0,2.61571,-7.72064,2.40843,1.40971,-0.0979309,1.76175
1143,0.5715,4,2,4,0,0,0,0,0,0,36.3515,-55.2783,25.4756,7.86049,16.2115,0.756435,0,0,0,0,0,0,2.5634,-7.70519,2.37522,1.38622,-0.0997785,1.80411
1144,0.572,4,2,4,0,0,0,0,0,0,36.2007,-55.4239,25.2781,7.87038,16.0419,0.930257,0,0,0,0,0,0,2.51937,-7.70772,2.34938,1.36847,-0.105097,1.83117
1145,0.5725,4,2,4,0,0,0,0,0,0,36.0528,-55.5666,25.086,7.88502,15.8733,1.10293,0,0,0,0,0,0,2.47951,-7.70247,2.32648,1.35254,-0.111968,1.86224
1146,0.573,4,2,4,0,0,0,0,0,0,35.9046,-55.708,24.9023,7.90509,15.7081,1.26552,0,0,0,0,0,0,2.4302,-7.67783,2.2878,1.3304,-0.117757,1.90188
1147,0.5735,4,2,4,0,0,0,0,0,0,35.7544,-55.8409,24.7206,7.92571,15.5482,1.41941,0,0,0,0,0,0,2.38555,-7.66526,2.24889,1.31125,-0.124135,1.9145
1148,0.574,4,2,4,0,0,0,0,0,0,35.598,-55.9501,24.5264,7.92999,15.4031,1.59219,0,0,0,0,0,0,2.36206,-7.67388,2.22648,1.3021,-0.130252,1.91816
1149,0.5745,4,2,4,0,0,0,0,0,0,35.4574,-56.0726,24.3304,7.92581,15.2646,1.76701,0,0,0,0,0,0,2.33603,-7.67555,2.2029,1.2899,-0.132603,1.91741
1150,0.575,4,2,4,0,0,0,0,0,0,35.3493,-56.23,24.1456,7.92145,15.1267,1.9352,0,0,0,0,0,0,2.31094,-7.67038,2.17843,1.26735,-0.12426,1.93726
1151,0.5755,4,2,4,0,0,0,0,0,0,35.2583,-56.4086,23.9705,7.92035,14.9858,2.09619,0,0,0,0,0,0,2.28238,-7.67368,2.16718,1.26082,-0.125344,1.96685
1152,0.576,4,2,4,0,0,0,0,0,0,35.1511,-56.5778,23.7899,7.91947,14.8393,2.25113,0,0,0,0,0,0,2.23886,-7.65192,2.13246,1.23946,-0.124761,2.00629
1153,0.5765,4,2,4,0,0,0,0,0,0,35.0135,-56.7288,23.5962,7.91985,14.6847,2.3884,0,0,0,0,0,0,2.18808,-7.63048,2.09574,1.21975,-0.12675,2.03994
1154,0.577,4,2,4,0,0,0,0,0,0,34.8515,-56.8374,23.3803,7.90979,14.5301,2.53437,0,0,0,0,0,0,2.15124,-7.62498,2.0726,1.21337,-0.137273,2.04085
1155,0.5775,4,2,4,0,0,0,0,0,0,34.681,-56.9204,23.1491,7.89023,14.3779,2.69157,0,0,0,0,0,0,2.08558,-7.58958,2.02952,1.19211,-0.144248,2.07326
1156,0.578,4,2,4,0,0,0,0,0,0,34.5212,-57.0031,22.9193,7.87203,14.2267,2.84782,0,0,0,0,0,0,2.04846,-7.59243,1.99916,1.17789,-0.153276,2.08783
1157,0.5785,4,2,4,0,0,0,0,0,0,34.3772,-57.0915,22.6954,7.85866,14.0777,2.99433,0,0,0,0,0,0,2.0104,-7.59538,1.95907,1.15093,-0.150508,2.10931
1158,0.579,4,2,4,0,0,0,0,0,0,34.2449,-57.1913,22.4809,7.85348,13.9296,3.12305,0,0,0,0,0,0,1.9876,-7.58822,1.9338,1.1412,-0.159689,2.10912
1159,0.5795,4,2,4,0,0,0,0,0,0,34.1239,-57.3081,22.2762,7.85442,13.7839,3.2339,0,0,0,0,0,0,1.95844,-7.58213,1.91366,1.13196,-0.163626,2.11746
1160,0.58,4,2,4,0,0,0,0,0,0,34.0157,-57.4435,22.0842,7.86141,13.6431,3.33342,0,0,0,0,0,0,1.93057,-7.57439,1.88494,1.11186,-0.161038,2.14301
1161,0.5805,4,2,4,0,0,0,0,0,0,33.9067,-57.5695,21.8901,7.85978,13.5146,3.4593,0,0,0,0,0,0,1.89757,-7.5635,1.86606,1.10225,-0.159562,2.17841
1162,0.581,4,2,4,0,0,0,0,0,0,33.7883,-57.6801,21.6892,7.84951,13.3928,3.60817,0,0,0,0,0,0,1.85924,-7.52544,1.84104,1.09067,-0.158661,2.21599
1163,0.5815,4,2,4,0,0,0,0,0,0,33.6709,-57.7837,21.4838,7.83473,13.2701,3.7568,0,0,0,0,0,0,1.82519,-7.49769,1.82103,1.08387,-0.155955,2.25142
1164,0.582,4,2,4,0,0,0,0,0,0,33.549,-57.8759,21.2697,7.81264,13.146,3.90996,0,0,0,0,0,0,1.8077,-7.48806,1.79207,1.06606,-0.149081,2.25987
1165,0.5825,4,2,4,0,0,0,0,0,0,33.43,-57.9682,21.0476,7.78654,13.018,4.05299,0,0,0,0,0,0,1.78253,-7.47948,1.7686,1.05816,-0.151536,2.26111
1166,0.583,4,2,4,0,0,0,0,0,0,33.3236,-58.0796,20.8247,7.76563,12.8834,4.15852,0,0,0,0,0,0,1.76132,-7.48197,1.74762,1.05295,-0.156962,2.2482
1167,0.5835,4,2,4,0,0,0,0,0,0,33.2184,-58.192,20.5947,7.74217,12.748,4.25025,0,0,0,0,0,0,1.72363,-7.46675,1.72045,1.0434,-0.160967,2.25356
1168,0.584,4,2,4,0,0,0,0,0,0,33.1059,-58.2874,20.3537,7.71142,12.6157,4.34875,0,0,0,0,0,0,1.69439,-7.45016,1.68844,1.02986,-0.166658,2.25418
1169,0.5845,4,2,4,0,0,0,0,0,0,32.986,-58.3671,20.1083,7.6768,12.4865,4.45591,0,0,0,0,0,0,1.65756,-7.43469,1.65307,1.0072,-0.166643,2.2883
1170,0.585,4,2,4,0,0,0,0,0,0,32.8617,-58.4344,19.8631,7.64218,12.3605,4.56784,0,0,0,0,0,0,1.61263,-7.40692,1.62449,0.989788,-0.17048,2.3332
1171,0.5855,4,2,4,0,0,0,0,0,0,32.7359,-58.4901,19.6236,7.61462,12.2377,4.68162,0,0,0,0,0,0,1.59148,-7.38919,1.596,0.972226,-0.174437,2.34488
1172,0.586,4,2,4,0,0,0,0,0,0,32.6097,-58.5396,19.3885,7.59234,12.1187,4.79285,0,0,0,0,0,0,1.56175,-7.35581,1.55392,0.948216,-0.17293,2.35616
1173,0.5865,4,2,4,0,0,0,0,0,0,32.4925,-58.603,19.162,7.5757,12.0019,4.88737,0,0,0,0,0,0,1.55351,-7.35897,1.53778,0.947456,-0.185851,2.3437
1174,0.587,4,2,4,0,0,0,0,0,0,32.383,-58.6724,18.9353,7.55394,11.8912,4.98475,0,0,0,0,0,0,1.54406,-7.35518,1.5116,0.939276,-0.186415,2.34904
1175,0.5875,4,2,4,0,0,0,0,0,0,32.2798,-58.7501,18.7035,7.52225,11.7854,5.08715,0,0,0,0,0,0,1.5335,-7.34819,1.49965,0.941431,-0.189333,2.33434
1176,0.588,4,2,4,0,0,0,0,0,0,32.1854,-58.8353,18.4634,7.48041,11.682,5.19214,0,0,0,0,0,0,1.51058,-7.31284,1.47006,0.925969,-0.183672,2.33563
1177,0.5885,4,2,4,0,0,0,0,0,0,32.0943,-58.9225,18.2177,7.43454,11.5776,5.29941,0,0,0,0,0,0,1.47355,-7.27814,1.44447,0.912748,-0.179723,2.3747
1178,0.589,4,2,4,0,0,0,0,0,0,32.0036,-59.0056,17.9671,7.38623,11.4711,5.4085,0,0,0,0,0,0,1.4463,-7.24475,1.40812,0.890193,-0.171141,2.41919
1179,0.5895,4,2,4,0,0,0,0,0,0,31.9046,-59.0707,17.7141,7.3404,11.3621,5.50988,0,0,0,0,0,0,1.41217,-7.2128,1.37566,0.873283,-0.165918,2.45266
1180,0.59,4,2,4,0,0,0,0,0,0,31.8009,-59.1258,17.4648,7.30268,11.2483,5.58705,0,0,0,0,0,0,1.39453,-7.20627,1.35609,0.866278,-0.171754,2.43218
1181,0.5905,4,2,4,0,0,0,0,0,0,31.6953,-59.1622,17.2118,7.26578,11.1362,5.65783,0,0,0,0,0,0,1.36948,-7.18755,1.34185,0.868189,-0.183842,2.41964
1182,0.591,4,2,4,0,0,0,0,0,0,31.5862,-59.1819,16.9563,7.22743,11.0299,5.73846,0,0,0,0,0,0,1.36285,-7.18728,1.31971,0.862595,-0.192269,2.40204
1183,0.5915,4,2,4,0,0,0,0,0,0,31.4804,-59.201,16.7015,7.18713,10.9324,5.82378,0,0,0,0,0,0,1.34664,-7.18227,1.29195,0.850985,-0.195053,2.41988
1184,0.592,4,2,4,0,0,0,0,0,0,31.3833,-59.234,16.4541,7.15026,10.8402,5.90123,0,0,0,0,0,0,1.3271,-7.16305,1.25601,0.834301,-0.193201,2.43611
1185,0.5925,4,2,4,0,0,0,0,0,0,31.2927,-59.271,16.2149,7.11874,10.7529,5.97732,0,0,0,0,0,0,1.30322,-7.12684,1.2256,0.816459,-0.186672,2.47644
1186,0.593,4,2,4,0,0,0,0,0,0,31.2043,-59.3132,15.9776,7.08954,10.6711,6.05464,0,0,0,0,0,0,1.28099,-7.08944,1.19658,0.799509,-0.180439,2.5112
1187,0.5935,4,2,4,0,0,0,0,0,0,31.1179,-59.3609,15.7374,7.05852,10.5887,6.12157,0,0,0,0,0,0,1.27179,-7.07139,1.16735,0.783555,-0.175623,2.51402
1188,0.594,4,2,4,0,0,0,0,0,0,31.0371,-59.4055,15.4903,7.02134,10.504,6.1819,0,0,0,0,0,0,1.26329,-7.05052,1.14976,0.786449,-0.18316,2.49247
1189,0.5945,4,2,4,0,0,0,0,0,0,30.959,-59.4403,15.2349,6.97395,10.4198,6.25679,0,0,0,0,0,0,1.25447,-7.02823,1.13063,0.782715,-0.187871,2.46086
1190,0.595,4,2,4,0,0,0,0,0,0,30.8809,-59.4731,14.9759,6.91797,10.3368,6.35206,0,0,0,0,0,0,1.23117,-6.99866,1.12113,0.780677,-0.187364,2.46956
1191,0.5955,4,2,4,0,0,0,0,0,0,30.8052,-59.5095,14.71,6.85459,10.2572,6.45309,0,0,0,0,0,0,1.21951,-6.97958,1.10907,0.773793,-0.18574,2.46868
1192,0.596,4,2,4,0,0,0,0,0,0,30.7231,-59.5419,14.4394,6.78939,10.1794,6.54624,0,0,0,0,0,0,1.19173,-6.93824,1.07791,0.757405,-0.181092,2.50345
1193,0.5965,4,2,4,0,0,0,0,0,0,30.6324,-59.5565,14.167,6.72858,10.1018,6.62371,0,0,0,0,0,0,1.16686,-6.89995,1.03632,0.735061,-0.172782,2.52709
1194,0.597,4,2,4,0,0,0,0,0,0,30.5391,-59.564,13.8964,6.67402,10.024,6.68276,0,0,0,0,0,0,1.15128,-6.86341,1.00011,0.718249,-0.172005,2.52701
1195,0.5975,4,2,4,0,0,0,0,0,0,30.4593,-59.5768,13.6292,6.62667,9.94484,6.71085,0,0,0,0,0,0,1.14001,-6.85285,0.969562,0.707124,-0.174206,2.50878
1196,0.598,4,2,4,0,0,0,0,0,0,30.3848,-59.5701,13.3549,6.57845,9.87122,6.73752,0,0,0,0,0,0,1.14357,-6.85604,0.950864,0.705361,-0.186768,2.4827
1197,0.5985,4,2,4,0,0,0,0,0,0,30.3047,-59.5437,13.0768,6.52929,9.80391,6.77826,0,0,0,0,0,0,1.13492,-6.81734,0.918529,0.697493,-0.191403,2.48914
1198,0.599,4,2,4,0,0,0,0,0,0,30.2231,-59.5128,12.8032,6.48027,9.74357,6.84271,0,0,0,0,0,0,1.13012,-6.78962,0.896276,0.691113,-0.191369,2.49807
1199,0.5995,4,2,4,0,0,0,0,0,0,30.1471,-59.4942,12.541,6.43291,9.68996,6.9249,0,0,0,0,0,0,1.10883,-6.74448,0.87524,0.680432,-0.184695,2.5294
1200,0.6,4,2,4,0,0,0,0,0,0,30.0713,-59.489,12.2859,6.38813,9.64013,7.01254,0,0,0,0,0,0,1.09557,-6.71695,0.860693,0.671288,-0.177552,2.56898
1201,0.6005,4,2,4,0,0,0,0,0,0,29.9998,-59.4894,12.0299,6.34265,9.59128,7.09368,0,0,0,0,0,0,1.0783,-6.6842,0.84501,0.663971,-0.174869,2.61247
1202,0.601,4,2,4,0,0,0,0,0,0,29.9335,-59.5018,11.7708,6.29422,9.54078,7.15269,0,0,0,0,0,0,1.06806,-6.67266,0.815366,0.651787,-0.166547,2.61067
1203,0.6015,4,2,4,0,0,0,0,0,0,29.8771,-59.5269,11.5099,6.24305,9.48646,7.18679,0,0,0,0,0,0,1.07124,-6.67064,0.790421,0.647061,-0.166012,2.56868
1204,0.602,4,2,4,0,0,0,0,0,0,29.8247,-59.5408,11.2424,6.18386,9.4327,7.22477,0,0,0,0,0,0,1.07673,-6.65576,0.766268,0.640163,-0.16288,2.54619
1205,0.6025,4,2,4,0,0,0,0,0,0,29.7731,-59.5407,10.961,6.11588,9.38315,7.27523,0,0,0,0,0,0,1.07443,-6.62387,0.749175,0.636027,-0.163801,2.54994
1206,0.603,4,2,4,0,0,0,0,0,0,29.72,-59.5234,10.6694,6.044,9.33698,7.34057,0,0,0,0,0,0,1.06007,-6.57387,0.723315,0.626035,-0.159782,2.5662
1207,0.6035,4,2,4,0,0,0,0,0,0,29.6635,-59.4919,10.3766,5.97434,9.29381,7.41143,0,0,0,0,0,0,1.05246,-6.5308,0.69263,0.615067,-0.157321,2.58032
1208,0.604,4,2,4,0,0,0,0,0,0,29.6012,-59.445,10.0854,5.90773,9.25343,7.48166,0,0,0,0,0,0,1.03338,-6.48669,0.668325,0.603656,-0.154564,2.60161
1209,0.6045,4,2,4,0,0,0,0,0,0,29.5402,-59.3865,9.79996,5.84734,9.21361,7.54605,0,0,0,0,0,0,1.02107,-6.43901,0.647777,0.594666,-0.161626,2.59293
1210,0.605,4,2,4,0,0,0,0,0,0,29.4833,-59.3325,9.51734,5.79222,9.17803,7.59713,0,0,0,0,0,0,1.01515,-6.41644,0.624768,0.581271,-0.162936,2.58686
1211,0.6055,4,2,4,0,0,0,0,0,0,29.4386,-59.3002,9.24239,5.74451,9.1438,7.61112,0,0,0,0,0,0,1.02083,-6.40519,0.595521,0.569774,-0.162853,2.5478
1212,0.606,4,2,4,0,0,0,0,0,0,29.3981,-59.2742,8.97449,5.69873,9.11496,7.62111,0,0,0,0,0,0,1.0261,-6.38894,0.568101,0.56265,-0.159139,2.5318
1213,0.6065,4,2,4,0,0,0,0,0,0,29.3529,-59.2431,8.70845,5.65048,9.09218,7.64816,0,0,0,0,0,0,1.02503,-6.35414,0.544481,0.557266,-0.155409,2.54511
1214,0.607,4,2,4,0,0,0,0,0,0,29.3038,-59.2053,8.4395,5.60054,9.07113,7.69042,0,0,0,0,0,0,1.02033,-6.31329,0.527747,0.552746,-0.148861,2.57383
1215,0.6075,4,2,4,0,0,0,0,0,0,29.2542,-59.1599,8.1594,5.54541,9.05257,7.74658,0,0,0,0,0,0,1.00802,-6.28359,0.511149,0.550285,-0.143199,2.59431
1216,0.608,4,2,4,0,0,0,0,0,0,29.2013,-59.1107,7.87072,5.48491,9.03575,7.81353,0,0,0,0,0,0,1.0094,-6.26052,0.485719,0.545705,-0.13589,2.60662
1217,0.6085,4,2,4,0,0,0,0,0,0,29.1558,-59.064,7.58036,5.42098,9.01818,7.88545,0,0,0,0,0,0,1.00763,-6.22536,0.467154,0.54195,-0.131377,2.61195
1218,0.609,4,2,4,0,0,0,0,0,0,29.1142,-59.012,7.28638,5.35317,9.00101,7.96016,0,0,0,0,0,0,0.999949,-6.17655,0.45238,0.533706,-0.128726,2.63
1219,0.6095,4,2,4,0,0,0,0,0,0,29.0822,-58.9656,6.98941,5.28475,8.9817,8.01074,0,0,0,0,0,0,1.00291,-6.14249,0.437683,0.525139,-0.127593,2.62983
1220,0.61,4,2,4,0,0,0,0,0,0,29.0562,-58.9293,6.69042,5.21722,8.96251,8.04071,0,0,0,0,0,0,1.00616,-6.11361,0.419786,0.518957,-0.13,2.61592
1221,0.6105,4,2,4,0,0,0,0,0,0,29.0334,-58.8895,6.39036,5.14791,8.94942,8.07303,0,0,0,0,0,0,1.01526,-6.0988,0.393266,0.508422,-0.125573,2.59711
1222,0.611,4,2,4,0,0,0,0,0,0,29.0085,-58.8316,6.09358,5.08117,8.94078,8.10451,0,0,0,0,0,0,1.01079,-6.058,0.358705,0.494503,-0.116966,2.61703
1223,0.6115,4,2,4,0,0,0,0,0,0,28.9797,-58.7538,5.79871,5.01902,8.93669,8.1377,0,0,0,0,0,0,1.01119,-6.02245,0.328143,0.485382,-0.116101,2.6231
1224,0.612,4,2,4,0,0,0,0,0,0,28.951,-58.6618,5.50291,4.96031,8.93908,8.1788,0,0,0,0,0,0,1.00993,-5.98904,0.301209,0.479392,-0.115967,2.61769
1225,0.6125,4,2,4,0,0,0,0,0,0,28.9218,-58.5651,5.21086,4.90562,8.94654,8.22283,0,0,0,0,0,0,1.01672,-5.9604,0.277715,0.475149,-0.11648,2.60794
1226,0.613,4,2,4,0,0,0,0,0,0,28.8922,-58.4631,4.92464,4.85403,8.95818,8.27369,0,0,0,0,0,0,1.0172,-5.92163,0.254556,0.467259,-0.110688,2.61031
1227,0.6135,4,2,4,0,0,0,0,0,0,28.8642,-58.3665,4.64288,4.80346,8.97219,8.32657,0,0,0,0,0,0,1.01572,-5.87921,0.237456,0.458977,-0.102841,2.6153
1228,0.614,4,2,4,0,0,0,0,0,0,28.8378,-58.2855,4.36157,4.75323,8.98484,8.36807,0,0,0,0,0,0,1.01404,-5.83508,0.223614,0.452824,-0.096947,2.62232
1229,0.6145,4,2,4,0,0,0,0,0,0,28.811,-58.2115,4.07882,4.7023,8.99467,8.40655,0,0,0,0,0,0,1.02013,-5.80018,0.215961,0.448921,-0.0927008,2.61399
1230,0.615,4,2,4,0,0,0,0,0,0,28.7882,-58.1422,3.79329,4.6487,9.00305,8.44394,0,0,0,0,0,0,1.02443,-5.74789,0.202735,0.445219,-0.0881131,2.62352
1231,0.6155,4,2,4,0,0,0,0,0,0,28.7667,-58.0696,3.4982,4.58892,9.01344,8.48366,0,0,0,0,0,0,1.02845,-5.70055,0.177329,0.443218,-0.0829114,2.62742
1232,0.616,4,2,4,0,0,0,0,0,0,28.7479,-57.9905,3.19038,4.5231,9.02796,8.52616,0,0,0,0,0,0,1.03808,-5.67537,0.146748,0.43949,-0.0763555,2.62355
1233,0.6165,4,2,4,0,0,0,0,0,0,28.7359,-57.9025,2.87484,4.45401,9.04602,8.57659,0,0,0,0,0,0,1.05038,-5.66654,0.122669,0.436322,-0.0700752,2.62553
1234,0.617,4,2,4,0,0,0,0,0,0,28.7277,-57.808,2.55688,4.38325,9.06597,8.62749,0,0,0,0,0,0,1.06043,-5.63931,0.0994944,0.4312,-0.0662682,2.62251
1235,0.6175,4,2,4,0,0,0,0,0,0,28.7159,-57.702,2.23639,4.31223,9.08821,8.68189,0,0,0,0,0,0,1.06357,-5.60103,0.0745857,0.420042,-0.058032,2.63956
1236,0.618,4,2,4,0,0,0,0,0,0,28.7048,-57.5911,1.91456,4.24249,9.11426,8.73797,0,0,0,0,0,0,1.05833,-5.55253,0.0565264,0.410664,-0.0542653,2.66222
1237,0.6185,4,2,4,0,0,0,0,0,0,28.6984,-57.4834,1.60165,4.17931,9.14213,8.78057,0,0,0,0,0,0,1.05988,-5.49909,0.0382189,0.40279,-0.0538571,2.6862
1238,0.619,4,2,4,0,0,0,0,0,0,28.6958,-57.3698,1.30319,4.12556,9.17053,8.81152,0,0,0,0,0,0,1.07438,-5.46995,0.0198312,0.39482,-0.0521165,2.67861
1239,0.6195,4,2,4,0,0,0,0,0,0,28.6899,-57.239,1.01643,4.07808,9.20101,8.84561,0,0,0,0,0,0,1.08734,-5.44392,0.00356963,0.391825,-0.0545097,2.66304
1240,0.62,4,2,4,0,0,0,0,0,0,28.6847,-57.097,0.730327,4.03137,9.23973,8.88849,0,0,0,0,0,0,1.10538,-5.4229,-0.0208173,0.387435,-0.0485414,2.65587
1241,0.6205,4,2,4,0,0,0,0,0,0,28.6861,-56.9608,0.44239,3.98663,9.28624,8.93176,0,0,0,0,0,0,1.12415,-5.39838,-0.0487743,0.384453,-0.0391472,2.64674
1242,0.621,4,2,4,0,0,0,0,0,0,28.6865,-56.8359,0.153765,3.94273,9.33627,8.97649,0,0,0,0,0,0,1.14762,-5.36886,-0.0703946,0.379141,-0.0279577,2.65781
1243,0.6215,4,2,4,0,0,0,0,0,0,28.681,-56.7158,-0.138345,3.89631,9.38651,9.025,0,0,0,0,0,0,1.15558,-5.3163,-0.0958847,0.369518,-0.0148043,2.6773
1244,0.622,4,2,4,0,0,0,0,0,0,28.6716,-56.5933,-0.439442,3.84509,9.43649,9.07926,0,0,0,0,0,0,1.15266,-5.25003,-0.118265,0.362948,-0.0063765,2.69237
1245,0.6225,4,2,4,0,0,0,0,0,0,28.6619,-56.4629,-0.752883,3.78851,9.48667,9.13772,0,0,0,0,0,0,1.13836,-5.18569,-0.136345,0.361877,-0.00363582,2.69946
1246,0.623,4,2,4,0,0,0,0,0,0,28.6579,-56.3326,-1.07237,3.72965,9.5335,9.19173,0,0,0,0,0,0,1.13629,-5.13097,-0.147291,0.362322,-0.00458219,2.70312
1247,0.6235,4,2,4,0,0,0,0,0,0,28.6634,-56.21,-1.39051,3.67044,9.57673,9.23685,0,0,0,0,0,0,1.15849,-5.09953,-0.162166,0.360171,-2.88334e-05,2.67857
1248,0.624,4,2,4,0,0,0,0,0,0,28.673,-56.0857,-1.70732,3.61051,9.61979,9.28233,0,0,0,0,0,0,1.18333,-5.06737,-0.177205,0.359044,0.00314222,2.67217
1249,0.6245,4,2,4,0,0,0,0,0,0,28.6867,-55.9539,-2.02612,3.55101,9.66659,9.33125,0,0,0,0,0,0,1.19334,-5.02264,-0.194056,0.357635,0.00750005,2.68111
1250,0.625,4,2,4,0,0,0,0,0,0,28.7019,-55.8119,-2.34933,3.49261,9.71911,9.38592,0,0,0,0,0,0,1.21016,-4.99135,-0.219473,0.35607,0.0157261,2.68715
1251,0.6255,4,2,4,0,0,0,0,0,0,28.7178,-55.6619,-2.67186,3.4354,9.77523,9.44477,0,0,0,0,0,0,1.23111,-4.96326,-0.243236,0.349809,0.024135,2.68994
1252,0.626,4,2,4,0,0,0,0,0,0,28.7382,-55.5081,-2.99145,3.37986,9.83762,9.50461,0,0,0,0,0,0,1.24984,-4.9264,-0.265047,0.339149,0.0331481,2.71048
1253,0.6265,4,2,4,0,0,0,0,0,0,28.7614,-55.3546,-3.30571,3.32713,9.90554,9.5625,0,0,0,0,0,0,1.26091,-4.89101,-0.28402,0.329142,0.0409591,2.7316
1254,0.627,4,2,4,0,0,0,0,0,0,28.7845,-55.196,-3.61286,3.27995,9.97635,9.61877,0,0,0,0,0,0,1.27122,-4.86282,-0.300184,0.320382,0.0497946,2.74376
1255,0.6275,4,2,4,0,0,0,0,0,0,28.8022,-55.0244,-3.9129,3.23686,10.0508,9.67782,0,0,0,0,0,0,1.28456,-4.83756,-0.315475,0.314543,0.0556614,2.76319
1256,0.628,4,2,4,0,0,0,0,0,0,28.8207,-54.8473,-4.20586,3.19785,10.126,9.73382,0,0,0,0,0,0,1.30535,-4.80735,-0.337181,0.310528,0.0597032,2.76384
1257,0.6285,4,2,4,0,0,0,0,0,0,28.8428,-54.6782,-4.49532,3.16297,10.2014,9.77464,0,0,0,0,0,0,1.33235,-4.77437,-0.357611,0.308853,0.0592503,2.754
1258,0.629,4,2,4,0,0,0,0,0,0,28.8673,-54.5145,-4.78619,3.12962,10.2789,9.818,0,0,0,0,0,0,1.3473,-4.7202,-0.381573,0.307919,0.0603732,2.75365
1259,0.6295,4,2,4,0,0,0,0,0,0,28.8887,-54.3524,-5.07857,3.09448,10.3572,9.87072,0,0,0,0,0,0,1.34752,-4.65242,-0.404871,0.307139,0.0665487,2.75817
1260,0.63,4,2,4,0,0,0,0,0,0,28.9134,-54.188,-5.37308,3.05519,10.4373,9.94255,0,0,0,0,0,0,1.34464,-4.58264,-0.422741,0.305936,0.0741627,2.76581
1261,0.6305,4,2,4,0,0,0,0,0,0,28.9452,-54.0203,-5.67351,3.01293,10.5167,10.0218,0,0,0,0,0,0,1.34999,-4.51189,-0.429568,0.30345,0.0801181,2.78812
1262,0.631,4,2,4,0,0,0,0,0,0,28.9832,-53.8455,-5.98261,2.96804,10.5949,10.103,0,0,0,0,0,0,1.35738,-4.44915,-0.434877,0.301689,0.0848007,2.77198
1263,0.6315,4,2,4,0,0,0,0,0,0,29.0212,-53.671,-6.30088,2.92057,10.6758,10.1817,0,0,0,0,0,0,1.3698,-4.40071,-0.449043,0.302153,0.0903959,2.75377
1264,0.632,4,2,4,0,0,0,0,0,0,29.0598,-53.5054,-6.62183,2.87161,10.7596,10.2564,0,0,0,0,0,0,1.38725,-4.36485,-0.469604,0.302257,0.100323,2.75317
1265,0.6325,4,2,4,0,0,0,0,0,0,29.0992,-53.3419,-6.94634,2.82212,10.8469,10.3306,0,0,0,0,0,0,1.40727,-4.32382,-0.491322,0.299969,0.113482,2.76363
1266,0.633,4,2,4,0,0,0,0,0,0,29.144,-53.1779,-7.27793,2.77464,10.9364,10.4028,0,0,0,0,0,0,1.41944,-4.27144,-0.514689,0.295063,0.12714,2.78403
1267,0.6335,4,2,4,0,0,0,0,0,0,29.1963,-53.0144,-7.61462,2.73013,11.0264,10.4669,0,0,0,0,0,0,1.43172,-4.21864,-0.530137,0.289612,0.134244,2.82359
1268,0.634,4,2,4,0,0,0,0,0,0,29.2509,-52.8497,-7.95164,2.68918,11.1168,10.523,0,0,0,0,0,0,1.45724,-4.19164,-0.546785,0.284557,0.139528,2.85089
1269,0.6345,4,2,4,0,0,0,0,0,0,29.3091,-52.6768,-8.28285,2.6518,11.2085,10.5806,0,0,0,0,0,0,1.47727,-4.17107,-0.565459,0.280833,0.144439,2.86891
1270,0.635,4,2,4,0,0,0,0,0,0,29.371,-52.4921,-8.60792,2.61884,11.3025,10.6444,0,0,0,0,0,0,1.49191,-4.15515,-0.577625,0.278763,0.146039,2.86594
1271,0.6355,4,2,4,0,0,0,0,0,0,29.4393,-52.2947,-8.92429,2.58878,11.4006,10.7274,0,0,0,0,0,0,1.52435,-4.13968,-0.58728,0.276472,0.145913,2.87027
1272,0.636,4,2,4,0,0,0,0,0,0,29.5087,-52.0837,-9.22824,2.56326,11.5005,10.8221,0,0,0,0,0,0,1.53774,-4.09177,-0.596027,0.276663,0.143526,2.89352
1273,0.6365,4,2,4,0,0,0,0,0,0,29.5707,-51.8644,-9.51887,2.5421,11.6046,10.921,0,0,0,0,0,0,1.54385,-4.02996,-0.614152,0.274908,0.147742,2.90075
1274,0.637,4,2,4,0,0,0,0,0,0,29.6312,-51.6504,-9.80224,2.5233,11.7174,11.0183,0,0,0,0,0,0,1.55952,-3.97763,-0.647399,0.27071,0.164287,2.89462
1275,0.6375,4,2,4,0,0,0,0,0,0,29.6899,-51.4475,-10.0821,2.50491,11.8377,11.11,0,0,0,0,0,0,1.58687,-3.93144,-0.679552,0.267176,0.18091,2.9046
1276,0.638,4,2,4,0,0,0,0,0,0,29.7452,-51.2395,-10.3666,2.48524,11.9595,11.2028,0,0,0,0,0,0,1.60367,-3.87226,-0.703834,0.267241,0.190941,2.90958
1277,0.6385,4,2,4,0,0,0,0,0,0,29.7984,-51.0259,-10.6588,2.46447,12.0763,11.293,0,0,0,0,0,0,1.61967,-3.79955,-0.720449,0.266385,0.198744,2.90929
1278,0.639,4,2,4,0,0,0,0,0,0,29.8473,-50.8095,-10.9611,2.44139,12.1888,11.3707,0,0,0,0,0,0,1.63801,-3.73586,-0.729962,0.264132,0.205803,2.90942
1279,0.6395,4,2,4,0,0,0,0,0,0,29.8938,-50.5932,-11.2752,2.41531,12.2983,11.441,0,0,0,0,0,0,1.6509,-3.66615,-0.733595,0.261679,0.20976,2.92389
1280,0.64,4,2,4,0,0,0,0,0,0,29.9396,-50.3701,-11.5963,2.38525,12.4061,11.5166,0,0,0,0,0,0,1.67229,-3.61959,-0.740936,0.262518,0.212479,2.92118
1281,0.6405,4,2,4,0,0,0,0,0,0,29.9908,-50.1417,-11.9177,2.35359,12.5119,11.6086,0,0,0,0,0,0,1.69804,-3.58116,-0.754811,0.262991,0.219125,2.92384
1282,0.641,4,2,4,0,0,0,0,0,0,30.0432,-49.9058,-12.2357,2.32186,12.616,11.7107,0,0,0,0,0,0,1.72148,-3.54351,-0.766308,0.264627,0.225943,2.95456
1283,0.6415,4,2,4,0,0,0,0,0,0,30.0967,-49.6665,-12.554,2.29066,12.725,11.8219,0,0,0,0,0,0,1.74409,-3.50012,-0.782768,0.267618,0.233516,3.00083
1284,0.642,4,2,4,0,0,0,0,0,0,30.1524,-49.4223,-12.8705,2.25968,12.8396,11.9393,0,0,0,0,0,0,1.77075,-3.46815,-0.803712,0.269447,0.244713,3.03442
1285,0.6425,4,2,4,0,0,0,0,0,0,30.2119,-49.1741,-13.1839,2.22949,12.9585,12.0582,0,0,0,0,0,0,1.80434,-3.43508,-0.825277,0.268079,0.258187,3.06903
1286,0.643,4,2,4,0,0,0,0,0,0,30.2799,-48.9267,-13.496,2.20208,13.0787,12.1727,0,0,0,0,0,0,1.85273,-3.42492,-0.837611,0.265856,0.264416,3.08628
1287,0.6435,4,2,4,0,0,0,0,0,0,30.3484,-48.6821,-13.8108,2.17732,13.202,12.2774,0,0,0,0,0,0,1.90927,-3.41839,-0.846588,0.261213,0.268996,3.08534
1288,0.644,4,2,4,0,0,0,0,0,0,30.4117,-48.4354,-14.1252,2.1542,13.3293,12.3736,0,0,0,0,0,0,1.95323,-3.40889,-0.856507,0.261105,0.270303,3.09743
1289,0.6445,4,2,4,0,0,0,0,0,0,30.4768,-48.1852,-14.4395,2.13317,13.4608,12.4662,0,0,0,0,0,0,1.98322,-3.38554,-0.871346,0.259737,0.275977,3.08156
1290,0.645,4,2,4,0,0,0,0,0,0,30.5469,-47.9401,-14.7478,2.11691,13.5935,12.5537,0,0,0,0,0,0,2.02458,-3.38285,-0.896871,0.260451,0.284424,3.07748
1291,0.6455,4,2,4,0,0,0,0,0,0,30.6322,-47.7008,-15.0489,2.10609,13.7278,12.6508,0,0,0,0,0,0,2.05985,-3.36331,-0.922245,0.260485,0.294486,3.08493
1292,0.646,4,2,4,0,0,0,0,0,0,30.7244,-47.4606,-15.3401,2.09887,13.8657,12.7597,0,0,0,0,0,0,2.10473,-3.34832,-0.937578,0.263309,0.295402,3.09623
1293,0.6465,4,2,4,0,0,0,0,0,0,30.8184,-47.219,-15.6188,2.09449,14.0086,12.8788,0,0,0,0,0,0,2.14481,-3.32532,-0.949697,0.262813,0.300233,3.10173
1294,0.647,4,2,4,0,0,0,0,0,0,30.9111,-46.9739,-15.8872,2.09486,14.1555,13.0092,0,0,0,0,0,0,2.17272,-3.28371,-0.962071,0.261976,0.306176,3.1276
1295,0.6475,4,2,4,0,0,0,0,0,0,31.0029,-46.7227,-16.1514,2.10179,14.3013,13.156,0,0,0,0,0,0,2.197,-3.22732,-0.974533,0.259534,0.316786,3.14524
1296,0.648,4,2,4,0,0,0,0,0,0,31.0883,-46.4639,-16.4191,2.11313,14.4439,13.3178,0,0,0,0,0,0,2.23901,-3.18097,-0.977264,0.255154,0.324014,3.1671
1297,0.6485,4,2,4,0,0,0,0,0,0,31.1604,-46.2009,-16.6941,2.12605,14.5807,13.4765,0,0,0,0,0,0,2.25034,-3.09421,-0.974421,0.253237,0.324021,3.18913
1298,0.649,4,2,4,0,0,0,0,0,0,31.2257,-45.9379,-16.9819,2.13857,14.7144,13.6293,0,0,0,0,0,0,2.25225,-2.998,-0.973372,0.254042,0.323135,3.21391
1299,0.6495,4,2,4,0,0,0,0,0,0,31.2921,-45.6845,-17.281,2.14892,14.848,13.7746,0,0,0,0,0,0,2.24261,-2.90227,-0.98414,0.25645,0.330817,3.22158
1300,0.65,4,2,4,0,0,0,0,0,0,31.3775,-45.4388,-17.595,2.15805,14.9842,13.9309,0,0,0,0,0,0,2.22017,-2.81099,-1.00545,0.259117,0.345714,3.20566
1301,0.6505,4,2,4,0,0,0,0,0,0,31.4748,-45.1963,-17.9187,2.16351,15.1244,14.0942,0,0,0,0,0,0,2.19314,-2.71063,-1.02818,0.262294,0.360629,3.1748
1302,0.651,4,2,4,0,0,0,0,0,0,31.5764,-44.9554,-18.2434,2.16492,15.2664,14.2527,0,0,0,0,0,0,2.17516,-2.60541,-1.04354,0.265837,0.369606,3.14736
1303,0.6515,4,2,4,0,0,0,0,0,0,31.6818,-44.7147,-18.5651,2.16291,15.4082,14.4032,0,0,0,0,0,0,2.16046,-2.50387,-1.05696,0.269432,0.37687,3.13561
1304,0.652,4,2,4,0,0,0,0,0,0,31.7898,-44.4679,-18.8879,2.16079,15.5485,14.5597,0,0,0,0,0,0,2.15254,-2.39841,-1.06665,0.272703,0.381253,3.14518
1305,0.6525,4,2,4,0,0,0,0,0,0,31.8952,-44.2116,-19.2127,2.16012,15.6858,14.7212,0,0,0,0,0,0,2.14781,-2.29596,-1.07657,0.275474,0.388286,3.16173
1306,0.653,4,2,4,0,0,0,0,0,0,31.984,-43.9401,-19.5358,2.16027,15.8208,14.8774,0,0,0,0,0,0,2.14949,-2.20787,-1.08696,0.275037,0.397154,3.17173
1307,0.6535,4,2,4,0,0,0,0,0,0,32.0599,-43.6515,-19.8483,2.1611,15.9514,15.0389,0,0,0,0,0,0,2.14175,-2.12125,-1.09791,0.275502,0.405498,3.19467
1308,0.654,4,2,4,0,0,0,0,0,0,32.1288,-43.347,-20.147,2.16339,16.0773,15.2045,0,0,0,0,0,0,2.14277,-2.03953,-1.11144,0.280536,0.40982,3.24369
1309,0.6545,4,2,4,0,0,0,0,0,0,32.2056,-43.0307,-20.44,2.16809,16.2046,15.3862,0,0,0,0,0,0,2.1574,-1.98464,-1.13434,0.288883,0.419344,3.29672
1310,0.655,4,2,4,0,0,0,0,0,0,32.2869,-42.7051,-20.7248,2.17192,16.3378,15.5769,0,0,0,0,0,0,2.16665,-1.92218,-1.15301,0.29479,0.428263,3.35064
1311,0.6555,4,2,4,0,0,0,0,0,0,32.3615,-42.3687,-21.002,2.1736,16.479,15.7555,0,0,0,0,0,0,2.18322,-1.88066,-1.17629,0.299607,0.440478,3.3833
1312,0.656,4,2,4,0,0,0,0,0,0,32.4278,-42.0227,-21.272,2.17404,16.6266,15.9184,0,0,0,0,0,0,2.2148,-1.85104,-1.1935,0.3017,0.448261,3.39537
1313,0.6565,4,2,4,0,0,0,0,0,0,32.4919,-41.6666,-21.5372,2.17497,16.7778,16.0795,0,0,0,0,0,0,2.25512,-1.82956,-1.19596,0.299312,0.447728,3.43262
1314,0.657,4,2,4,0,0,0,0,0,0,32.5493,-41.2969,-21.7986,2.17739,16.9311,16.2379,0,0,0,0,0,0,2.31498,-1.81814,-1.20187,0.296821,0.447307,3.47533
1315,0.6575,4,2,4,0,0,0,0,0,0,32.5929,-40.9186,-22.0582,2.17982,17.0891,16.3748,0,0,0,0,0,0,2.35567,-1.80243,-1.21037,0.297771,0.448887,3.489
1316,0.658,4,2,4,0,0,0,0,0,0,32.6348,-40.5454,-22.3156,2.18443,17.2498,16.5019,0,0,0,0,0,0,2.39183,-1.78814,-1.2278,0.299459,0.454253,3.49072
1317,0.6585,4,2,4,0,0,0,0,0,0,32.6875,-40.1839,-22.5674,2.19298,17.4096,16.635,0,0,0,0,0,0,2.44336,-1.78212,-1.24816,0.300405,0.461943,3.51507
1318,0.659,4,2,4,0,0,0,0,0,0,32.7686,-39.8385,-22.8236,2.20968,17.5722,16.7885,0,0,0,0,0,0,2.50671,-1.77765,-1.26422,0.304866,0.463783,3.55397
1319,0.6595,4,2,4,0,0,0,0,0,0,32.8652,-39.5037,-23.0858,2.23303,17.7412,16.9562,0,0,0,0,0,0,2.56961,-1.77966,-1.27131,0.307847,0.46459,3.60978
1320,0.66,4,2,4,0,0,0,0,0,0,32.967,-39.1711,-23.3531,2.26092,17.9169,17.1339,0,0,0,0,0,0,2.62718,-1.76002,-1.27932,0.312506,0.466442,3.66686
1321,0.6605,4,2,4,0,0,0,0,0,0,33.0687,-38.8418,-23.6228,2.29142,18.0962,17.3227,0,0,0,0,0,0,2.67048,-1.72463,-1.2847,0.314549,0.471091,3.72118
1322,0.661,4,2,4,0,0,0,0,0,0,33.1773,-38.518,-23.8963,2.32589,18.2727,17.5304,0,0,0,0,0,0,2.72051,-1.69686,-1.29127,0.314841,0.479722,3.76405
1323,0.6615,4,2,4,0,0,0,0,0,0,33.282,-38.1902,-24.1739,2.36367,18.4437,17.738,0,0,0,0,0,0,2.77201,-1.66774,-1.28752,0.310521,0.484045,3.80381
1324,0.662,4,2,4,0,0,0,0,0,0,33.3754,-37.8591,-24.4528,2.40011,18.613,17.9302,0,0,0,0,0,0,2.80353,-1.62671,-1.28292,0.30886,0.484576,3.82984
1325,0.6625,4,2,4,0,0,0,0,0,0,33.4672,-37.5316,-24.7345,2.43443,18.7835,18.1147,0,0,0,0,0,0,2.81001,-1.56717,-1.28047,0.309753,0.485817,3.82681
1326,0.663,4,2,4,0,0,0,0,0,0,33.5676,-37.2064,-25.0152,2.46694,18.9531,18.311,0,0,0,0,0,0,2.79941,-1.50478,-1.2881,0.313243,0.495771,3.82008
1327,0.6635,4,2,4,0,0,0,0,0,0,33.6807,-36.8789,-25.2922,2.49701,19.1208,18.5205,0,0,0,0,0,0,2.78991,-1.42768,-1.30222,0.320529,0.506583,3.81448
1328,0.664,4,2,4,0,0,0,0,0,0,33.7942,-36.549,-25.5639,2.52472,19.2877,18.7277,0,0,0,0,0,0,2.78935,-1.34638,-1.32543,0.333833,0.518064,3.8217
1329,0.6645,4,2,4,0,0,0,0,0,0,33.9085,-36.2209,-25.8273,2.54903,19.4539,18.9358,0,0,0,0,0,0,2.80664,-1.28319,-1.34404,0.345415,0.526536,3.85258
1330,0.665,4,2,4,0,0,0,0,0,0,34.0228,-35.8933,-26.0817,2.57185,19.6158,19.1509,0,0,0,0,0,0,2.81932,-1.21478,-1.35714,0.350926,0.536406,3.87795
1331,0.6655,4,2,4,0,0,0,0,0,0,34.1381,-35.5612,-26.3303,2.59601,19.7708,19.3758,0,0,0,0,0,0,2.83425,-1.14003,-1.36189,0.355781,0.53917,3.90354
1332,0.666,4,2,4,0,0,0,0,0,0,34.2421,-35.2236,-26.5749,2.62006,19.9241,19.5959,0,0,0,0,0,0,2.85317,-1.07359,-1.35987,0.357279,0.54008,3.94542
1333,0.6665,4,2,4,0,0,0,0,0,0,34.3339,-34.8768,-26.8114,2.64113,20.0788,19.8178,0,0,0,0,0,0,2.86643,-1.00985,-1.35982,0.355416,0.545545,3.97119
1334,0.667,4,2,4,0,0,0,0,0,0,34.422,-34.5229,-27.0336,2.66055,20.2301,20.0512,0,0,0,0,0,0,2.88124,-0.948757,-1.364,0.357726,0.550299,3.9954
1335,0.6675,4,2,4,0,0,0,0,0,0,34.5224,-34.1629,-27.2429,2.68231,20.3729,20.3052,0,0,0,0,0,0,2.91374,-0.898379,-1.37056,0.365317,0.549856,4.03703
1336,0.668,4,2,4,0,0,0,0,0,0,34.6227,-33.7993,-27.4378,2.70422,20.51,20.5629,0,0,0,0,0,0,2.93687,-0.839396,-1.37249,0.371411,0.547729,4.07275
1337,0.6685,4,2,4,0,0,0,0,0,0,34.7223,-33.4407,-27.6245,2.72573,20.6493,20.8147,0,0,0,0,0,0,2.95924,-0.779773,-1.37682,0.375325,0.549697,4.08851
1338,0.669,4,2,4,0,0,0,0,0,0,34.824,-33.0919,-27.8177,2.74982,20.8005,21.064,0,0,0,0,0,0,2.99348,-0.733889,-1.39155,0.3824,0.556534,4.11218
1339,0.6695,4,2,4,0,0,0,0,0,0,34.9271,-32.7441,-28.0309,2.78232,20.9626,21.308,0,0,0,0,0,0,3.03305,-0.696377,-1.40349,0.384745,0.56678,4.13808
1340,0.67,4,2,4,0,0,0,0,0,0,35.0297,-32.3918,-28.2656,2.82417,21.132,21.5459,0,0,0,0,0,0,3.06487,-0.646982,-1.41153,0.3893,0.571825,4.16274
1341,0.6705,4,2,4,0,0,0,0,0,0,35.1193,-32.034,-28.5093,2.8681,21.3068,21.7723,0,0,0,0,0,0,3.0972,-0.601737,-1.41308,0.394494,0.568534,4.1869
1342,0.671,4,2,4,0,0,0,0,0,0,35.2086,-31.6721,-28.7618,2.91375,21.4873,21.9991,0,0,0,0,0,0,3.11265,-0.555455,-1.40936,0.394136,0.565928,4.20134
1343,0.6715,4,2,4,0,0,0,0,0,0,35.3187,-31.3107,-29.0217,2.96235,21.6699,22.2515,0,0,0,0,0,0,3.12299,-0.504552,-1.39814,0.389756,0.564314,4.23132
1344,0.672,4,2,4,0,0,0,0,0,0,35.4396,-30.948,-29.2849,3.01248,21.8544,22.5169,0,0,0,0,0,0,3.14275,-0.45761,-1.39304,0.388736,0.565521,4.26742
1345,0.6725,4,2,4,0,0,0,0,0,0,35.5578,-30.5808,-29.5378,3.06023,22.0362,22.7888,0,0,0,0,0,0,3.16392,-0.412028,-1.39633,0.394067,0.569378,4.30187
1346,0.673,4,2,4,0,0,0,0,0,0,35.6706,-30.2113,-29.7688,3.10036,22.2119,23.0644,0,0,0,0,0,0,3.17614,-0.354975,-1.40522,0.402227,0.575553,4.3216
1347,0.6735,4,2,4,0,0,0,0,0,0,35.7769,-29.8393,-29.9818,3.13716,22.3794,23.3398,0,0,0,0,0,0,3.19402,-0.294624,-1.41936,0.413197,0.582093,4.35607
1348,0.674,4,2,4,0,0,0,0,0,0,35.8815,-29.4624,-30.1856,3.17648,22.539,23.6178,0,0,0,0,0,0,3.22098,-0.233183,-1.43765,0.42362,0.590618,4.40017
1349,0.6745,4,2,4,0,0,0,0,0,0,35.9774,-29.0755,-30.3773,3.21583,22.6928,23.8896,0,0,0,0,0,0,3.23426,-0.171598,-1.45514,0.432456,0.602096,4.41869
1350,0.675,4,2,4,0,0,0,0,0,0,36.0621,-28.68,-30.5554,3.25049,22.8452,24.1529,0,0,0,0,0,0,3.22068,-0.102786,-1.46258,0.440593,0.608216,4.41985
1351,0.6755,4,2,4,0,0,0,0,0,0,36.1503,-28.2835,-30.7215,3.27993,22.996,24.4261,0,0,0,0,0,0,3.22104,-0.0383689,-1.46743,0.445849,0.613173,4.43901
1352,0.676,4,2,4,0,0,0,0,0,0,36.2539,-27.8923,-30.8859,3.30855,23.1466,24.7138,0,0,0,0,0,0,3.23993,0.0134433,-1.46645,0.448538,0.613786,4.4613
1353,0.6765,4,2,4,0,0,0,0,0,0,36.3598,-27.5016,-31.0465,3.33448,23.2994,24.9998,0,0,0,0,0,0,3.27561,0.0583978,-1.46338,0.453259,0.605982,4.50191
1354,0.677,4,2,4,0,0,0,0,0,0,36.4639,-27.1151,-31.2004,3.35763,23.4537,25.2916,0,0,0,0,0,0,3.32455,0.093208,-1.46284,0.45816,0.599811,4.55704
1355,0.6775,4,2,4,0,0,0,0,0,0,36.5599,-26.7343,-31.3492,3.3752,23.6154,25.5856,0,0,0,0,0,0,3.36254,0.127514,-1.46526,0.464238,0.596145,4.60088
1356,0.678,4,2,4,0,0,0,0,0,0,36.6488,-26.3502,-31.4986,3.39219,23.7832,25.8823,0,0,0,0,0,0,3.3981,0.167924,-1.46811,0.468621,0.597959,4.6493
1357,0.6785,4,2,4,0,0,0,0,0,0,36.731,-25.9567,-31.6564,3.41423,23.9562,26.1691,0,0,0,0,0,0,3.42348,0.216201,-1.46725,0.467563,0.602869,4.67999
1358,0.679,4,2,4,0,0,0,0,0,0,36.8161,-25.5606,-31.8275,3.44487,24.1324,26.4498,0,0,0,0,0,0,3.43128,0.265248,-1.46297,0.462971,0.612765,4.6897
1359,0.6795,4,2,4,0,0,0,0,0,0,36.9123,-25.168,-32.0095,3.48354,24.3094,26.7396,0,0,0,0,0,0,3.43688,0.318257,-1.46189,0.464841,0.617676,4.69471
1360,0.68,4,2,4,0,0,0,0,0,0,37.0135,-24.7711,-32.1941,3.52803,24.4823,27.039,0,0,0,0,0,0,3.44786,0.375207,-1.4678,0.475814,0.618584,4.71025
1361,0.6805,4,2,4,0,0,0,0,0,0,37.1154,-24.3679,-32.3801,3.57711,24.6508,27.3422,0,0,0,0,0,0,3.46246,0.433675,-1.47226,0.484931,0.618151,4.73857
1362,0.681,4,2,4,0,0,0,0,0,0,37.2219,-23.9639,-32.5624,3.62858,24.8112,27.658,0,0,0,0,0,0,3.48516,0.486457,-1.47382,0.488776,0.6228,4.78856
1363,0.6815,4,2,4,0,0,0,0,0,0,37.3269,-23.5644,-32.7401,3.67794,24.9701,27.9768,0,0,0,0,0,0,3.51094,0.533972,-1.47874,0.496784,0.625786,4.83972
1364,0.682,4,2,4,0,0,0,0,0,0,37.4271,-23.1649,-32.9091,3.72089,25.1308,28.2932,0,0,0,0,0,0,3.5296,0.588143,-1.48259,0.510224,0.61926,4.8848
1365,0.6825,4,2,4,0,0,0,0,0,0,37.5265,-22.7625,-33.0655,3.75612,25.2895,28.6134,0,0,0,0,0,0,3.53524,0.647439,-1.47691,0.519294,0.612818,4.9221
1366,0.683,4,2,4,0,0,0,0,0,0,37.6264,-22.3566,-33.2101,3.78252,25.4475,28.9376,0,0,0,0,0,0,3.54312,0.709251,-1.4671,0.521359,0.610281,4.94912
1367,0.6835,4,2,4,0,0,0,0,0,0,37.7298,-21.9471,-33.3447,3.80215,25.6031,29.2701,0,0,0,0,0,0,3.55018,0.762935,-1.46351,0.521721,0.615453,4.96201
1368,0.684,4,2,4,0,0,0,0,0,0,37.8316,-21.5367,-33.4693,3.81543,25.7576,29.6014,0,0,0,0,0,0,3.55045,0.814566,-1.4655,0.521245,0.626906,4.95674
1369,0.6845,4,2,4,0,0,0,0,0,0,37.9286,-21.1273,-33.5854,3.82442,25.9123,29.9269,0,0,0,0,0,0,3.57269,0.859834,-1.47538,0.530055,0.635053,4.98236
1370,0.685,4,2,4,0,0,0,0,0,0,38.0305,-20.7247,-33.6997,3.83614,26.0654,30.2619,0,0,0,0,0,0,3.60818,0.905549,-1.49056,0.54189,0.643154,5.02085
1371,0.6855,4,2,4,0,0,0,0,0,0,38.1289,-20.3273,-33.8094,3.85138,26.215,30.6025,0,0,0,0,0,0,3.65484,0.951459,-1.50288,0.553729,0.644223,5.08479
1372,0.686,4,2,4,0,0,0,0,0,0,38.2098,-19.9273,-33.9106,3.86386,26.3675,30.9299,0,0,0,0,0,0,3.69402,1.00142,-1.50189,0.560503,0.637683,5.14971
1373,0.6865,4,2,4,0,0,0,0,0,0,38.2771,-19.522,-34.0056,3.87476,26.5223,31.2452,0,0,0,0,0,0,3.71331,1.05929,-1.49477,0.565691,0.626748,5.1914
1374,0.687,4,2,4,0,0,0,0,0,0,38.3576,-19.1171,-34.1092,3.89402,26.6774,31.5753,0,0,0,0,0,0,3.72603,1.1169,-1.48522,0.569826,0.617949,5.22645
1375,0.6875,4,2,4,0,0,0,0,0,0,38.4615,-18.7211,-34.2298,3.92333,26.8372,31.9324,0,0,0,0,0,0,3.73145,1.16727,-1.4703,0.567506,0.61479,5.25001
1376,0.688,4,2,4,0,0,0,0,0,0,38.5657,-18.3186,-34.3593,3.95833,27.0004,32.2908,0,0,0,0,0,0,3.73277,1.21336,-1.4573,0.563607,0.61675,5.26924
1377,0.6885,4,2,4,0,0,0,0,0,0,38.6579,-17.9028,-34.4853,3.99241,27.1628,32.6426,0,0,0,0,0,0,3.7266,1.25441,-1.44883,0.564269,0.62023,5.27582
1378,0.689,4,2,4,0,0,0,0,0,0,38.745,-17.4759,-34.6044,4.02641,27.3174,32.9941,0,0,0,0,0,0,3.72751,1.30465,-1.43615,0.563672,0.620901,5.29262
1379,0.6895,4,2,4,0,0,0,0,0,0,38.8367,-17.0482,-34.7157,4.06049,27.4617,33.3566,0,0,0,0,0,0,3.73322,1.36382,-1.42736,0.570996,0.614712,5.31775
1380,0.69,4,2,4,0,0,0,0,0,0,38.9207,-16.6214,-34.8145,4.08501,27.6066,33.7097,0,0,0,0,0,0,3.75931,1.41398,-1.43102,0.585069,0.610919,5.36315
1381,0.6905,4,2,4,0,0,0,0,0,0,38.9957,-16.1991,-34.8996,4.09514,27.7583,34.049,0,0,0,0,0,0,3.77854,1.45989,-1.43883,0.59548,0.618338,5.40163
1382,0.691,4,2,4,0,0,0,0,0,0,39.0842,-15.7819,-34.9798,4.09959,27.9121,34.4053,0,0,0,0,0,0,3.78928,1.5076,-1.44615,0.603684,0.624407,5.43013
1383,0.6915,4,2,4,0,0,0,0,0,0,39.1912,-15.3664,-35.0591,4.10636,28.061,34.7891,0,0,0,0,0,0,3.80568,1.56405,-1.45542,0.614846,0.629141,5.47194
1384,0.692,4,2,4,0,0,0,0,0,0,39.2992,-14.9542,-35.1268,4.1072,28.2052,35.1835,0,0,0,0,0,0,3.82373,1.61573,-1.46211,0.624975,0.632982,5.5147
1385,0.6925,4,2,4,0,0,0,0,0,0,39.401,-14.5467,-35.1779,4.09859,28.3432,35.5737,0,0,0,0,0,0,3.83654,1.66938,-1.46013,0.629482,0.633766,5.54812
1386,0.693,4,2,4,0,0,0,0,0,0,39.4932,-14.1389,-35.2174,4.08628,28.4755,35.9558,0,0,0,0,0,0,3.85406,1.72256,-1.45292,0.633768,0.628346,5.58126
1387,0.6935,4,2,4,0,0,0,0,0,0,39.5801,-13.7283,-35.256,4.0784,28.6052,36.3352,0,0,0,0,0,0,3.87889,1.77305,-1.43985,0.635525,0.617311,5.62071
1388,0.694,4,2,4,0,0,0,0,0,0,39.6543,-13.3154,-35.296,4.07296,28.7408,36.7044,0,0,0,0,0,0,3.89462,1.82458,-1.42877,0.640615,0.606468,5.66024
1389,0.6945,4,2,4,0,0,0,0,0,0,39.7121,-12.8954,-35.3383,4.07116,28.8845,37.059,0,0,0,0,0,0,3.91325,1.87655,-1.41326,0.640869,0.598227,5.70587
1390,0.695,4,2,4,0,0,0,0,0,0,39.7685,-12.476,-35.3848,4.07306,29.0322,37.4203,0,0,0,0,0,0,3.92564,1.93012,-1.39925,0.641618,0.591075,5.74837
1391,0.6955,4,2,4,0,0,0,0,0,0,39.8461,-12.0613,-35.4375,4.08008,29.1774,37.8058,0,0,0,0,0,0,3.93167,1.97918,-1.38442,0.637574,0.589867,5.78267
1392,0.696,4,2,4,0,0,0,0,0,0,39.935,-11.6446,-35.4891,4.08912,29.3154,38.2058,0,0,0,0,0,0,3.93427,2.02492,-1.36894,0.633728,0.587203,5.81295
1393,0.6965,4,2,4,0,0,0,0,0,0,40.027,-11.2291,-35.5314,4.09382,29.4449,38.6225,0,0,0,0,0,0,3.92873,2.06973,-1.35911,0.637459,0.584966,5.83305
1394,0.697,4,2,4,0,0,0,0,0,0,40.1108,-10.8094,-35.5654,4.08919,29.5755,39.0269,0,0,0,0,0,0,3.92399,2.11701,-1.36078,0.647986,0.587365,5.83958
1395,0.6975,4,2,4,0,0,0,0,0,0,40.1967,-10.3864,-35.5972,4.07987,29.707,39.4287,0,0,0,0,0,0,3.92718,2.16351,-1.36797,0.658084,0.595522,5.85127
1396,0.698,4,2,4,0,0,0,0,0,0,40.2832,-9.95705,-35.6277,4.06897,29.8399,39.829,0,0,0,0,0,0,3.9323,2.21174,-1.37539,0.669984,0.603037,5.86723
1397,0.6985,4,2,4,0,0,0,0,0,0,40.3564,-9.52495,-35.6489,4.05007,29.976,40.2163,0,0,0,0,0,0,3.95466,2.25339,-1.38143,0.684043,0.603466,5.90624
1398,0.699,4,2,4,0,0,0,0,0,0,40.4277,-9.0982,-35.6568,4.0218,30.1089,40.6052,0,0,0,0,0,0,3.97553,2.2992,-1.37921,0.690907,0.604968,5.95021
1399,0.6995,4,2,4,0,0,0,0,0,0,40.5125,-8.67882,-35.6519,3.98751,30.2323,41.011,0,0,0,0,0,0,4.00533,2.35005,-1.377,0.698452,0.602904,6.00751
1400,0.7,4,2,4,0,0,0,0,0,0,40.5986,-8.2682,-35.632,3.94639,30.3475,41.4255,0,0,0,0,0,0,4.03754,2.38939,-1.36363,0.697387,0.59487,6.06708
1401,0.7005,4,2,4,0,0,0,0,0,0,40.6879,-7.86923,-35.6101,3.90892,30.4574,41.8613,0,0,0,0,0,0,4.05614,2.44324,-1.34745,0.699009,0.579231,6.12057
1402,0.701,4,2,4,0,0,0,0,0,0,40.7703,-7.47104,-35.5922,3.87774,30.5696,42.2994,0,0,0,0,0,0,4.05843,2.49609,-1.33342,0.702792,0.564067,6.14981
1403,0.7015,4,2,4,0,0,0,0,0,0,40.8388,-7.06338,-35.5751,3.84838,30.6858,42.7215,0,0,0,0,0,0,4.04716,2.55119,-1.31097,0.697594,0.555122,6.16696
1404,0.702,4,2,4,0,0,0,0,0,0,40.8963,-6.64453,-35.5569,3.81915,30.8037,43.131,0,0,0,0,0,0,4.03711,2.6042,-1.29303,0.694571,0.550018,6.19254
1405,0.7025,4,2,4,0,0,0,0,0,0,40.95,-6.22127,-35.5411,3.79372,30.9207,43.5333,0,0,0,0,0,0,4.04406,2.65523,-1.28605,0.699375,0.546527,6.2307
1406,0.703,4,2,4,0,0,0,0,0,0,41.0054,-5.79743,-35.5257,3.77159,31.0328,43.9366,0,0,0,0,0,0,4.06439,2.69812,-1.27865,0.705686,0.542537,6.28394
1407,0.7035,4,2,4,0,0,0,0,0,0,41.0595,-5.3693,-35.4993,3.74091,31.1404,44.342,0,0,0,0,0,0,4.07159,2.74471,-1.26239,0.705964,0.536146,6.32425
1408,0.704,4,2,4,0,0,0,0,0,0,41.1175,-4.94262,-35.4622,3.69797,31.2483,44.7579,0,0,0,0,0,0,4.07224,2.78584,-1.24468,0.702459,0.535102,6.35583
1409,0.7045,4,2,4,0,0,0,0,0,0,41.1852,-4.52319,-35.4204,3.64787,31.3563,45.192,0,0,0,0,0,0,4.07412,2.82497,-1.23696,0.704436,0.537633,6.37529
1410,0.705,4,2,4,0,0,0,0,0,0,41.2695,-4.11295,-35.3795,3.59675,31.4621,45.6519,0,0,0,0,0,0,4.06215,2.87241,-1.24391,0.719812,0.543325,6.38161
1411,0.7055,4,2,4,0,0,0,0,0,0,41.3564,-3.70023,-35.3375,3.5414,31.5701,46.107,0,0,0,0,0,0,4.06835,2.92441,-1.24461,0.728539,0.547337,6.40245
1412,0.706,4,2,4,0,0,0,0,0,0,41.4459,-3.29139,-35.2915,3.4796,31.6783,46.555,0,0,0,0,0,0,4.07796,2.96883,-1.25011,0.741452,0.547814,6.42426
1413,0.7065,4,2,4,0,0,0,0,0,0,41.5395,-2.88863,-35.2408,3.41413,31.7818,46.9992,0,0,0,0,0,0,4.1261,3.00033,-1.25345,0.752843,0.539554,6.48977
1414,0.707,4,2,4,0,0,0,0,0,0,41.6138,-2.48417,-35.1764,3.34214,31.8798,47.4287,0,0,0,0,0,0,4.14587,3.03299,-1.24552,0.75557,0.529704,6.52953
1415,0.7075,4,2,4,0,0,0,0,0,0,41.6674,-2.07214,-35.099,3.26827,31.9704,47.8532,0,0,0,0,0,0,4.18063,3.07986,-1.23516,0.760816,0.518785,6.59516
1416,0.708,4,2,4,0,0,0,0,0,0,41.7072,-1.66092,-35.0146,3.19439,32.0575,48.2824,0,0,0,0,0,0,4.19387,3.13626,-1.21368,0.757994,0.506859,6.63803
1417,0.7085,4,2,4,0,0,0,0,0,0,41.7472,-1.25809,-34.9285,3.12063,32.1444,48.7245,0,0,0,0,0,0,4.18203,3.18436,-1.18436,0.747667,0.496357,6.66361
1418,0.709,4,2,4,0,0,0,0,0,0,41.7938,-0.855581,-34.8452,3.05392,32.2289,49.1821,0,0,0,0,0,0,4.16324,3.22817,-1.15919,0.740404,0.489245,6.68079
1419,0.7095,4,2,4,0,0,0,0,0,0,41.8428,-0.442719,-34.7666,2.9956,32.3111,49.6397,0,0,0,0,0,0,4.13255,3.28323,-1.14365,0.741813,0.488734,6.69921
1420,0.71,4,2,4,0,0,0,0,0,0,41.8958,-0.0296905,-34.6905,2.93856,32.3924,50.0916,0,0,0,0,0,0,4.11234,3.33593,-1.13738,0.75181,0.485484,6.72313
1421,0.7105,4,2,4,0,0,0,0,0,0,41.9549,0.378863,-34.6126,2.87644,32.4725,50.5374,0,0,0,0,0,0,4.11858,3.37423,-1.12464,0.752403,0.478957,6.77521
1422,0.711,4,2,4,0,0,0,0,0,0,42.0252,0.787215,-34.5298,2.80688,32.5487,50.991,0,0,0,0,0,0,4.13524,3.41066,-1.1113,0.754968,0.466839,6.82279
1423,0.7115,4,2,4,0,0,0,0,0,0,42.0864,1.20199,-34.4333,2.72318,32.6237,51.4376,0,0,0,0,0,0,4.15094,3.45389,-1.10318,0.759544,0.461569,6.86115
1424,0.712,4,2,4,0,0,0,0,0,0,42.1483,1.61424,-34.3253,2.6296,32.6924,51.9022,0,0,0,0,0,0,4.15696,3.50022,-1.09115,0.75793,0.464562,6.88695
1425,0.7125,4,2,4,0,0,0,0,0,0,42.2071,2.01837,-34.2051,2.52484,32.7569,52.3776,0,0,0,0,0,0,4.15783,3.5463,-1.08091,0.759115,0.462438,6.91212
1426,0.713,4,2,4,0,0,0,0,0,0,42.2655,2.41517,-34.0791,2.41483,32.8189,52.8495,0,0,0,0,0,0,4.17106,3.58914,-1.06783,0.761145,0.454745,6.94919
1427,0.7135,4,2,4,0,0,0,0,0,0,42.3252,2.8105,-33.9509,2.30185,32.8825,53.3155,0,0,0,0,0,0,4.17538,3.62761,-1.06142,0.772949,0.441609,6.9703
1428,0.714,4,2,4,0,0,0,0,0,0,42.3832,3.20054,-33.8235,2.18924,32.9475,53.7786,0,0,0,0,0,0,4.20203,3.66558,-1.05099,0.778515,0.430765,7.02627
1429,0.7145,4,2,4,0,0,0,0,0,0,42.4364,3.5881,-33.6955,2.07839,33.0106,54.2402,0,0,0,0,0,0,4.21837,3.70026,-1.04298,0.788327,0.413788,7.08163
1430,0.715,4,2,4,0,0,0,0,0,0,42.4784,3.98116,-33.5607,1.96525,33.0698,54.6956,0,0,0,0,0,0,4.22793,3.73922,-1.02394,0.787124,0.399267,7.1368
1431,0.7155,4,2,4,0,0,0,0,0,0,42.5041,4.37915,-33.4148,1.84671,33.1243,55.1442,0,0,0,0,0,0,4.2254,3.78171,-1.0027,0.784707,0.389632,7.16829
1432,0.716,4,2,4,0,0,0,0,0,0,42.537,4.77239,-33.2712,1.73656,33.1695,55.6186,0,0,0,0,0,0,4.22781,3.82783,-0.986062,0.7838,0.385892,7.20437
1433,0.7165,4,2,4,0,0,0,0,0,0,42.5784,5.16339,-33.1322,1.63396,33.2093,56.108,0,0,0,0,0,0,4.20318,3.88102,-0.972775,0.786468,0.385775,7.21791
1434,0.717,4,2,4,0,0,0,0,0,0,42.6196,5.55553,-32.9978,1.53378,33.2503,56.5855,0,0,0,0,0,0,4.18537,3.93085,-0.957511,0.784592,0.385429,7.23701
1435,0.7175,4,2,4,0,0,0,0,0,0,42.6583,5.95299,-32.8617,1.428,33.2948,57.0474,0,0,0,0,0,0,4.18478,3.97016,-0.949451,0.790994,0.381494,7.2698
1436,0.718,4,2,4,0,0,0,0,0,0,42.7051,6.35211,-32.7224,1.31706,33.3374,57.5149,0,0,0,0,0,0,4.20231,3.9965,-0.944673,0.799697,0.373889,7.32013
1437,0.7185,4,2,4,0,0,0,0,0,0,42.7621,6.75183,-32.5758,1.19812,33.3754,57.9909,0,0,0,0,0,0,4.19752,4.03081,-0.934179,0.802833,0.367152,7.34996
1438,0.719,4,2,4,0,0,0,0,0,0,42.8221,7.14472,-32.4204,1.06987,33.4066,58.4723,0,0,0,0,0,0,4.21127,4.07845,-0.918829,0.799384,0.362981,7.39594
1439,0.7195,4,2,4,0,0,0,0,0,0,42.8839,7.52669,-32.2571,0.933474,33.4309,58.9665,0,0,0,0,0,0,4.22661,4.11591,-0.911858,0.804373,0.353247,7.44336
1440,0.72,4,2,4,0,0,0,0,0,0,42.9342,7.90262,-32.0854,0.789171,33.4533,59.4614,0,0,0,0,0,0,4.22091,4.15642,-0.891327,0.800537,0.340686,7.46189
1441,0.7205,4,2,4,0,0,0,0,0,0,42.9725,8.28077,-31.909,0.6428,33.4754,59.9506,0,0,0,0,0,0,4.21184,4.19715,-0.865468,0.792703,0.326773,7.47662
1442,0.721,4,2,4,0,0,0,0,0,0,43.0029,8.66247,-31.7322,0.498086,33.4973,60.4315,0,0,0,0,0,0,4.21708,4.23932,-0.844123,0.791706,0.309465,7.52055
1443,0.7215,4,2,4,0,0,0,0,0,0,43.0141,9.04665,-31.5497,0.351261,33.5176,60.8902,0,0,0,0,0,0,4.23272,4.27077,-0.820787,0.791081,0.289384,7.5818
1444,0.722,4,2,4,0,0,0,0,0,0,43.0181,9.43199,-31.3609,0.202957,33.5327,61.344,0,0,0,0,0,0,4.22822,4.29976,-0.796178,0.786168,0.275563,7.61858
1445,0.7225,4,2,4,0,0,0,0,0,0,43.0227,9.81449,-31.1627,0.0488448,33.5405,61.8043,0,0,0,0,0,0,4.20379,4.3381,-0.780019,0.786934,0.272459,7.62474
1446,0.723,4,2,4,0,0,0,0,0,0,43.048,10.1892,-30.963,-0.102978,33.5368,62.2968,0,0,0,0,0,0,4.18819,4.37934,-0.764841,0.788902,0.267417,7.64667
1447,0.7235,4,2,4,0,0,0,0,0,0,43.0897,10.5593,-30.7672,-0.25028,33.5265,62.8093,0,0,0,0,0,0,4.18076,4.4175,-0.752912,0.796783,0.255971,7.68663
1448,0.724,4,2,4,0,0,0,0,0,0,43.1223,10.9328,-30.5677,-0.40387,33.5168,63.3042,0,0,0,0,0,0,4.1699,4.46194,-0.739033,0.798823,0.252264,7.71759
1449,0.7245,4,2,4,0,0,0,0,0,0,43.153,11.3068,-30.3664,-0.565049,33.5088,63.7931,0,0,0,0,0,0,4.1679,4.50178,-0.734399,0.810655,0.243863,7.75283
1450,0.725,4,2,4,0,0,0,0,0,0,43.1858,11.6815,-30.1647,-0.733074,33.5034,64.2812,0,0,0,0,0,0,4.19735,4.54322,-0.729996,0.820255,0.23753,7.82435
1451,0.7255,4,2,4,0,0,0,0,0,0,43.2282,12.0585,-29.9625,-0.906,33.4991,64.7765,0,0,0,0,0,0,4.21528,4.59017,-0.731436,0.833245,0.232866,7.88117
1452,0.726,4,2,4,0,0,0,0,0,0,43.2753,12.4329,-29.7611,-1.07986,33.4945,65.2804,0,0,0,0,0,0,4.23427,4.62944,-0.720263,0.833611,0.225604,7.92615
1453,0.7265,4,2,4,0,0,0,0,0,0,43.3256,12.7979,-29.5616,-1.24801,33.4825,65.8042,0,0,0,0,0,0,4.23118,4.65285,-0.709267,0.838788,0.212073,7.95455
1454,0.727,4,2,4,0,0,0,0,0,0,43.3604,13.1653,-29.3578,-1.41671,33.4687,66.3166,0,0,0,0,0,0,4.22374,4.68296,-0.683065,0.831273,0.199012,7.96721
1455,0.7275,4,2,4,0,0,0,0,0,0,43.3828,13.5346,-29.1526,-1.58409,33.453,66.817,0,0,0,0,0,0,4.23488,4.71426,-0.661554,0.829496,0.176529,8.01662
1456,0.728,4,2,4,0,0,0,0,0,0,43.4052,13.9009,-28.9472,-1.74696,33.4287,67.3231,0,0,0,0,0,0,4.25991,4.74777,-0.649431,0.840782,0.151148,8.09477
1457,0.7285,4,2,4,0,0,0,0,0,0,43.4075,14.2697,-28.7312,-1.91421,33.3989,67.8105,0,0,0,0,0,0,4.24957,4.78236,-0.629318,0.843499,0.132507,8.13514
1458,0.729,4,2,4,0,0,0,0,0,0,43.3801,14.6394,-28.4983,-2.0937,33.3656,68.2699,0,0,0,0,0,0,4.21734,4.82477,-0.599775,0.833111,0.127031,8.14757
1459,0.7295,4,2,4,0,0,0,0,0,0,43.3507,15.0067,-28.2608,-2.27295,33.3231,68.736,0,0,0,0,0,0,4.16916,4.85621,-0.574174,0.825332,0.124023,8.14656
1460,0.73,4,2,4,0,0,0,0,0,0,43.3383,15.3637,-28.0283,-2.44965,33.2754,69.2221,0,0,0,0,0,0,4.15494,4.89691,-0.556565,0.825056,0.117278,8.17682
1461,0.7305,4,2,4,0,0,0,0,0,0,43.3565,15.7221,-27.8026,-2.62553,33.2242,69.7242,0,0,0,0,0,0,4.1472,4.92813,-0.54373,0.826401,0.11017,8.20318
1462,0.731,4,2,4,0,0,0,0,0,0,43.3989,16.0815,-27.5803,-2.80318,33.1682,70.2342,0,0,0,0,0,0,4.16554,4.96282,-0.541793,0.836907,0.101137,8.26705
1463,0.7315,4,2,4,0,0,0,0,0,0,43.4416,16.4429,-27.3477,-2.99303,33.1076,70.7428,0,0,0,0,0,0,4.18013,5.00512,-0.532952,0.843065,0.0939027,8.32846
1464,0.732,4,2,4,0,0,0,0,0,0,43.4626,16.8048,-27.0984,-3.19956,33.0454,71.2353,0,0,0,0,0,0,4.18149,5.04182,-0.518303,0.843586,0.0817442,8.36316
1465,0.7325,4,2,4,0,0,0,0,0,0,43.4627,17.1647,-26.8417,-3.41237,32.9836,71.7179,0,0,0,0,0,0,4.18462,5.07959,-0.498258,0.841347,0.0648439,8.40187
1466,0.733,4,2,4,0,0,0,0,0,0,43.4726,17.5151,-26.5914,-3.6166,32.9167,72.2346,0,0,0,0,0,0,4.17062,5.10655,-0.478964,0.842778,0.0444806,8.42302
1467,0.7335,4,2,4,0,0,0,0,0,0,43.4833,17.8613,-26.3458,-3.81642,32.8497,72.7601,0,0,0,0,0,0,4.18515,5.14144,-0.460423,0.846811,0.0187681,8.48017
1468,0.734,4,2,4,0,0,0,0,0,0,43.4763,18.2099,-26.0962,-4.02015,32.7851,73.2614,0,0,0,0,0,0,4.19197,5.17814,-0.442216,0.85174,-0.00174257,8.53784
1469,0.7345,4,2,4,0,0,0,0,0,0,43.4586,18.5617,-25.8418,-4.22521,32.7165,73.746,0,0,0,0,0,0,4.18681,5.20586,-0.423057,0.851678,-0.0172136,8.58317
1470,0.735,4,2,4,0,0,0,0,0,0,43.4352,18.9146,-25.5819,-4.4325,32.6406,74.2189,0,0,0,0,0,0,4.18214,5.24885,-0.400056,0.849551,-0.0303765,8.61995
1471,0.7355,4,2,4,0,0,0,0,0,0,43.4084,19.2654,-25.3162,-4.6416,32.5552,74.6884,0,0,0,0,0,0,4.15082,5.27983,-0.378772,0.849385,-0.0386861,8.62034
1472,0.736,4,2,4,0,0,0,0,0,0,43.3881,19.6052,-25.0494,-4.84834,32.4589,75.1751,0,0,0,0,0,0,4.1247,5.29,-0.357872,0.846488,-0.0490369,8.63027
1473,0.7365,4,2,4,0,0,0,0,0,0,43.3743,19.9393,-24.7852,-5.05218,32.3575,75.67,0,0,0,0,0,0,4.10494,5.31604,-0.342158,0.853111,-0.0610793,8.65818
1474,0.737,4,2,4,0,0,0,0,0,0,43.363,20.2767,-24.5249,-5.25633,32.2587,76.1611,0,0,0,0,0,0,4.07126,5.34472,-0.328805,0.858274,-0.0672348,8.66812
1475,0.7375,4,2,4,0,0,0,0,0,0,43.3677,20.6187,-24.2752,-5.45415,32.1612,76.6692,0,0,0,0,0,0,4.08226,5.37582,-0.325886,0.87409,-0.0821461,8.73545
1476,0.738,4,2,4,0,0,0,0,0,0,43.3885,20.9613,-24.0324,-5.64965,32.0634,77.1958,0,0,0,0,0,0,4.12418,5.41719,-0.321604,0.889294,-0.101892,8.83319
1477,0.7385,4,2,4,0,0,0,0,0,0,43.4115,21.3041,-23.7907,-5.84611,31.9645,77.7212,0,0,0,0,0,0,4.15344,5.45737,-0.318958,0.909237,-0.121925,8.90853
1478,0.739,4,2,4,0,0,0,0,0,0,43.4278,21.6401,-23.5446,-6.04827,31.8633,78.2457,0,0,0,0,0,0,4.15891,5.48919,-0.30734,0.915942,-0.137855,8.95184
1479,0.7395,4,2,4,0,0,0,0,0,0,43.4349,21.9745,-23.2926,-6.25462,31.7586,78.7655,0,0,0,0,0,0,4.15942,5.52042,-0.283697,0.912368,-0.156992,8.98701
1480,0.74,4,2,4,0,0,0,0,0,0,43.4192,22.3101,-23.0293,-6.46891,31.651,79.2612,0,0,0,0,0,0,4.17516,5.54695,-0.264102,0.912334,-0.181521,9.04616
1481,0.7405,4,2,4,0,0,0,0,0,0,43.3767,22.646,-22.7513,-6.69173,31.5372,79.7318,0,0,0,0,0,0,4.16707,5.57676,-0.244202,0.914186,-0.199974,9.08702
1482,0.741,4,2,4,0,0,0,0,0,0,43.3195,22.9818,-22.4659,-6.91563,31.4156,80.1885,0,0,0,0,0,0,4.12572,5.60906,-0.215994,0.905337,-0.210322,9.08806
1483,0.7415,4,2,4,0,0,0,0,0,0,43.2659,23.315,-22.1821,-7.13273,31.2846,80.6526,0,0,0,0,0,0,4.10094,5.63803,-0.192482,0.899083,-0.223414,9.11726
1484,0.742,4,2,4,0,0,0,0,0,0,43.227,23.6407,-21.904,-7.34197,31.1446,81.1335,0,0,0,0,0,0,4.07553,5.6568,-0.18207,0.907664,-0.234454,9.14548
1485,0.7425,4,2,4,0,0,0,0,0,0,43.1994,23.9644,-21.6295,-7.54996,31.0035,81.6255,0,0,0,0,0,0,4.0579,5.68527,-0.168701,0.914093,-0.242388,9.16694
1486,0.743,4,2,4,0,0,0,0,0,0,43.1727,24.289,-21.3563,-7.76276,30.8665,82.1121,0,0,0,0,0,0,4.05295,5.71879,-0.157774,0.921532,-0.25188,9.21326
1487,0.7435,4,2,4,0,0,0,0,0,0,43.1449,24.6164,-21.083,-7.98276,30.7338,82.5872,0,0,0,0,0,0,4.0502,5.74978,-0.149654,0.931308,-0.261702,9.25782
1488,0.744,4,2,4,0,0,0,0,0,0,43.118,24.9429,-20.8072,-8.20865,30.5981,83.0597,0,0,0,0,0,0,4.04166,5.7775,-0.1328,0.930303,-0.27386,9.28424
1489,0.7445,4,2,4,0,0,0,0,0,0,43.1,25.2688,-20.5334,-8.42963,30.4536,83.547,0,0,0,0,0,0,4.04547,5.80892,-0.112295,0.925556,-0.290601,9.32458
1490,0.745,4,2,4,0,0,0,0,0,0,43.0877,25.5859,-20.2613,-8.64383,30.2991,84.0551,0,0,0,0,0,0,4.05156,5.82985,-0.0956512,0.931875,-0.319098,9.37511
1491,0.7455,4,2,4,0,0,0,0,0,0,43.0581,25.897,-19.9821,-8.86316,30.1423,84.5502,0,0,0,0,0,0,4.04334,5.84892,-0.0765845,0.936697,-0.345644,9.41131
1492,0.746,4,2,4,0,0,0,0,0,0,43.003,26.2056,-19.6911,-9.09324,29.9842,85.0114,0,0,0,0,0,0,4.032,5.86921,-0.0506279,0.930682,-0.367011,9.4456
1493,0.7465,4,2,4,0,0,0,0,0,0,42.9334,26.5174,-19.3909,-9.32956,29.8217,85.4521,0,0,0,0,0,0,4.0247,5.9008,-0.031026,0.933478,-0.385044,9.49491
1494,0.747,4,2,4,0,0,0,0,0,0,42.8716,26.8328,-19.0877,-9.56416,29.6487,85.9041,0,0,0,0,0,0,3.98762,5.93563,-0.0133712,0.939007,-0.395417,9.504
1495,0.7475,4,2,4,0,0,0,0,0,0,42.8228,27.1441,-18.7873,-9.79066,29.4638,86.3825,0,0,0,0,0,0,3.97297,5.96514,0.0012541,0.947643,-0.409374,9.53207
1496,0.748,4,2,4,0,0,0,0,0,0,42.7826,27.4463,-18.4912,-10.0146,29.2764,86.8782,0,0,0,0,0,0,3.97156,5.99037,0.0178129,0.953856,-0.429763,9.58606
1497,0.7485,4,2,4,0,0,0,0,0,0,42.755,27.7518,-18.2046,-10.2371,29.0974,87.3829,0,0,0,0,0,0,3.97252,6.00929,0.0266148,0.966618,-0.447859,9.63559
1498,0.749,4,2,4,0,0,0,0,0,0,42.7284,28.0633,-17.9267,-10.4577,28.9289,87.8772,0,0,0,0,0,0,3.97175,6.03397,0.0274246,0.989703,-0.46146,9.68104
1499,0.7495,4,2,4,0,0,0,0,0,0,42.6845,28.3775,-17.6563,-10.6741,28.7697,88.3458,0,0,0,0,0,0,3.97096,6.05266,0.0420465,0.994612,-0.479599,9.72825
1500,0.75,4,2,4,0,0,0,0,0,0,42.6332,28.6929,-17.3893,-10.8849,28.6083,88.8067,0,0,0,0,0,0,3.97079,6.07685,0.0531707,1.00437,-0.497965,9.77293
1501,0.7505,4,2,4,0,0,0,0,0,0,42.5963,29.0039,-17.124,-11.0864,28.4296,89.2906,0,0,0,0,0,0,3.97172,6.10069,0.0587448,1.0227,-0.520591,9.8232
1502,0.751,4,2,4,0,0,0,0,0,0,42.5569,29.3102,-16.8514,-11.2888,28.2353,89.7726,0,0,0,0,0,0,3.96715,6.12077,0.0719296,1.03091,-0.54186,9.86714
1503,0.7515,4,2,4,0,0,0,0,0,0,42.498,29.6134,-16.5621,-11.5036,28.0316,90.2293,0,0,0,0,0,0,3.97575,6.14701,0.0786678,1.04739,-0.563375,9.9264
1504,0.752,4,2,4,0,0,0,0,0,0,42.418,29.9148,-16.2602,-11.7283,27.8216,90.6557,0,0,0,0,0,0,3.9644,6.1782,0.0971932,1.04858,-0.579725,9.95681
1505,0.7525,4,2,4,0,0,0,0,0,0,42.3279,30.2137,-15.9534,-11.9563,27.6071,91.0697,0,0,0,0,0,0,3.94866,6.20565,0.121995,1.04429,-0.600679,9.98914
1506,0.753,4,2,4,0,0,0,0,0,0,42.2437,30.5079,-15.6513,-12.179,27.39,91.4977,0,0,0,0,0,0,3.93834,6.24816,0.136599,1.05716,-0.618993,10.0477
1507,0.7535,4,2,4,0,0,0,0,0,0,42.171,30.7962,-15.3587,-12.3899,27.1711,91.9519,0,0,0,0,0,0,3.94048,6.27118,0.147281,1.07345,-0.642875,10.1126
1508,0.754,4,2,4,0,0,0,0,0,0,42.1062,31.0865,-15.0754,-12.5935,26.9582,92.4218,0,0,0,0,0,0,3.91924,6.28456,0.157692,1.08443,-0.653761,10.1374
1509,0.7545,4,2,4,0,0,0,0,0,0,42.0347,31.3835,-14.7988,-12.7962,26.7578,92.8813,0,0,0,0,0,0,3.89807,6.3037,0.171423,1.0929,-0.668183,10.1715
1510,0.755,4,2,4,0,0,0,0,0,0,41.9535,31.6834,-14.528,-12.9973,26.564,93.3294,0,0,0,0,0,0,3.88864,6.32482,0.184222,1.10349,-0.684401,10.2151
1511,0.7555,4,2,4,0,0,0,0,0,0,41.87,31.9807,-14.262,-13.1941,26.3688,93.7748,0,0,0,0,0,0,3.86567,6.33712,0.205341,1.10357,-0.703448,10.2317
1512,0.756,4,2,4,0,0,0,0,0,0,41.7971,32.2704,-13.9979,-13.385,26.1598,94.2357,0,0,0,0,0,0,3.85602,6.34879,0.218341,1.11595,-0.731148,10.2642
1513,0.7565,4,2,4,0,0,0,0,0,0,41.7305,32.5561,-13.7256,-13.5806,25.9351,94.7013,0,0,0,0,0,0,3.85051,6.37157,0.225357,1.13281,-0.75005,10.3073
1514,0.757,4,2,4,0,0,0,0,0,0,41.6623,32.8421,-13.4342,-13.7934,25.6957,95.1576,0,0,0,0,0,0,3.85374,6.39659,0.233301,1.14774,-0.76921,10.3598
1515,0.7575,4,2,4,0,0,0,0,0,0,41.5871,33.1341,-13.1252,-14.0211,25.4449,95.5962,0,0,0,0,0,0,3.85789,6.42986,0.247372,1.15761,-0.78932,10.4117
1516,0.758,4,2,4,0,0,0,0,0,0,41.4932,33.4244,-12.8092,-14.2558,25.1935,96.0119,0,0,0,0,0,0,3.85282,6.46712,0.256796,1.17575,-0.808618,10.4595
1517,0.7585,4,2,4,0,0,0,0,0,0,41.3938,33.7087,-12.5024,-14.4805,24.9445,96.4278,0,0,0,0,0,0,3.82424,6.49248,0.274012,1.18214,-0.823901,10.4747
1518,0.759,4,2,4,0,0,0,0,0,0,41.2923,33.9859,-12.2111,-14.6906,24.7037,96.8492,0,0,0,0,0,0,3.82508,6.5124,0.277671,1.20902,-0.845954,10.5442
1519,0.7595,4,2,4,0,0,0,0,0,0,41.1887,34.2639,-11.9362,-14.8876,24.4771,97.2713,0,0,0,0,0,0,3.80585,6.52561,0.293003,1.21959,-0.867784,10.5758
1520,0.76,4,2,4,0,0,0,0,0,0,41.0801,34.5449,-11.6675,-15.0838,24.2605,97.6903,0,0,0,0,0,0,3.78285,6.53753,0.311102,1.22182,-0.885642,10.596
1521,0.7605,4,2,4,0,0,0,0,0,0,40.9713,34.8268,-11.3978,-15.2817,24.0424,98.1166,0,0,0,0,0,0,3.76054,6.54031,0.333971,1.2134,-0.903522,10.611
1522,0.761,4,2,4,0,0,0,0,0,0,40.8541,35.1024,-11.123,-15.4817,23.8165,98.5292,0,0,0,0,0,0,3.73128,6.53841,0.346597,1.21392,-0.915971,10.6068
1523,0.7615,4,2,4,0,0,0,0,0,0,40.734,35.3733,-10.8438,-15.6782,23.5769,98.9385,0,0,0,0,0,0,3.73134,6.55547,0.348599,1.23789,-0.936021,10.6569
1524,0.762,4,2,4,0,0,0,0,0,0,40.61,35.6406,-10.5505,-15.8844,23.3226,99.34,0,0,0,0,0,0,3.72661,6.58267,0.350559,1.26533,-0.950942,10.7206
1525,0.7625,4,2,4,0,0,0,0,0,0,40.4792,35.9067,-10.2426,-16.1045,23.0597,99.7239,0,0,0,0,0,0,3.692,6.61191,0.370048,1.27016,-0.961381,10.735
1526,0.763,4,2,4,0,0,0,0,0,0,40.3488,36.1767,-9.93567,-16.3202,22.794,100.097,0,0,0,0,0,0,3.65308,6.64133,0.395875,1.26931,-0.974132,10.7449
1527,0.7635,4,2,4,0,0,0,0,0,0,40.2387,36.4525,-9.6405,-16.5189,22.5222,100.489,0,0,0,0,0,0,3.66343,6.66924,0.401355,1.29607,-1.00002,10.8163
1528,0.764,4,2,4,0,0,0,0,0,0,40.1493,36.727,-9.36831,-16.6905,22.2498,100.911,0,0,0,0,0,0,3.68074,6.70057,0.396887,1.33639,-1.02669,10.9036
1529,0.7645,4,2,4,0,0,0,0,0,0,40.0645,36.9948,-9.11222,-16.8448,21.9809,101.342,0,0,0,0,0,0,3.66726,6.71679,0.406987,1.35355,-1.04742,10.9432
1530,0.765,4,2,4,0,0,0,0,0,0,39.9641,37.2578,-8.8552,-17.0023,21.7172,101.76,0,0,0,0,0,0,3.62933,6.73128,0.432102,1.35117,-1.06513,10.9463
1531,0.7655,4,2,4,0,0,0,0,0,0,39.8326,37.5148,-8.58465,-17.1793,21.458,102.143,0,0,0,0,0,0,3.61468,6.75408,0.448467,1.36445,-1.08947,10.999
1532,0.766,4,2,4,0,0,0,0,0,0,39.6761,37.7721,-8.30208,-17.3706,21.1991,102.501,0,0,0,0,0,0,3.61819,6.77053,0.456309,1.38606,-1.11687,11.0623
1533,0.7665,4,2,4,0,0,0,0,0,0,39.5119,38.0234,-8.01483,-17.5653,20.9322,102.853,0,0,0,0,0,0,3.58968,6.77554,0.46493,1.39576,-1.12773,11.0671
1534,0.767,4,2,4,0,0,0,0,0,0,39.3459,38.2714,-7.72341,-17.7641,20.6597,103.201,0,0,0,0,0,0,3.54971,6.79822,0.486682,1.3985,-1.14175,11.0787
1535,0.7675,4,2,4,0,0,0,0,0,0,39.2,38.5295,-7.43693,-17.9538,20.3834,103.579,0,0,0,0,0,0,3.5221,6.81429,0.501691,1.41184,-1.16021,11.105
1536,0.768,4,2,4,0,0,0,0,0,0,39.0703,38.798,-7.15772,-18.1359,20.1084,103.979,0,0,0,0,0,0,3.52109,6.82145,0.502144,1.43532,-1.17837,11.1495
1537,0.7685,4,2,4,0,0,0,0,0,0,38.9496,39.0723,-6.89311,-18.3039,19.8405,104.387,0,0,0,0,0,0,3.54449,6.86631,0.513291,1.46094,-1.21168,11.2422
1538,0.769,4,2,4,0,0,0,0,0,0,38.8338,39.343,-6.64461,-18.4518,19.5752,104.799,0,0,0,0,0,0,3.53578,6.87557,0.514076,1.48263,-1.22707,11.2787
1539,0.7695,4,2,4,0,0,0,0,0,0,38.709,39.6043,-6.39873,-18.5951,19.3079,105.197,0,0,0,0,0,0,3.51849,6.88302,0.516533,1.50756,-1.24348,11.3083
1540,0.77,4,2,4,0,0,0,0,0,0,38.5809,39.86,-6.1427,-18.7457,19.0305,105.586,0,0,0,0,0,0,3.50586,6.89793,0.523538,1.52851,-1.2613,11.3484
1541,0.7705,4,2,4,0,0,0,0,0,0,38.4344,40.1091,-5.86244,-18.9199,18.74,105.939,0,0,0,0,0,0,3.50455,6.93148,0.532416,1.55528,-1.28321,11.4178
1542,0.771,4,2,4,0,0,0,0,0,0,38.2709,40.3484,-5.5644,-19.1126,18.4396,106.264,0,0,0,0,0,0,3.4789,6.95378,0.546609,1.5705,-1.30088,11.4442
1543,0.7715,4,2,4,0,0,0,0,0,0,38.1065,40.5822,-5.27412,-19.2932,18.1369,106.59,0,0,0,0,0,0,3.45884,6.97641,0.549852,1.60425,-1.32033,11.4868
1544,0.772,4,2,4,0,0,0,0,0,0,37.945,40.8164,-4.99732,-19.4595,17.8403,106.928,0,0,0,0,0,0,3.43649,6.98924,0.555957,1.62724,-1.33758,11.5267
1545,0.7725,4,2,4,0,0,0,0,0,0,37.7824,41.0531,-4.73469,-19.6141,17.5561,107.267,0,0,0,0,0,0,3.41779,7.00575,0.572826,1.637,-1.35816,11.5595
1546,0.773,4,2,4,0,0,0,0,0,0,37.6114,41.2875,-4.4751,-19.7702,17.2814,107.596,0,0,0,0,0,0,3.39857,7.01622,0.595056,1.63692,-1.37832,11.5812
1547,0.7735,4,2,4,0,0,0,0,0,0,37.4269,41.521,-4.21113,-19.9316,17.0076,107.908,0,0,0,0,0,0,3.37094,7.03159,0.619617,1.63645,-1.39759,11.6044
1548,0.774,4,2,4,0,0,0,0,0,0,37.2372,41.752,-3.94501,-20.0885,16.7242,108.215,0,0,0,0,0,0,3.34322,7.04669,0.631306,1.65568,-1.41683,11.6277
1549,0.7745,4,2,4,0,0,0,0,0,0,37.0379,41.9803,-3.66819,-20.2496,16.4296,108.51,0,0,0,0,0,0,3.31674,7.05557,0.635779,1.68136,-1.43162,11.6458
1550,0.775,4,2,4,0,0,0,0,0,0,36.8371,42.2144,-3.37912,-20.4169,16.1232,108.807,0,0,0,0,0,0,3.29506,7.07449,0.641165,1.7096,-1.44569,11.6699
1551,0.7755,4,2,4,0,0,0,0,0,0,36.6497,42.4616,-3.09147,-20.577,15.8109,109.123,0,0,0,0,0,0,3.27054,7.10822,0.658127,1.72949,-1.46397,11.7181
1552,0.776,4,2,4,0,0,0,0,0,0,36.4836,42.7224,-2.82193,-20.7144,15.5003,109.472,0,0,0,0,0,0,3.25208,7.14009,0.678357,1.7402,-1.48622,11.7678
1553,0.7765,4,2,4,0,0,0,0,0,0,36.3499,42.9871,-2.58529,-20.8105,15.1897,109.87,0,0,0,0,0,0,3.28106,7.17254,0.676134,1.7818,-1.5163,11.8667
1554,0.777,4,2,4,0,0,0,0,0,0,36.2198,43.2414,-2.3657,-20.8931,14.8857,110.271,0,0,0,0,0,0,3.28717,7.19325,0.667808,1.83064,-1.54064,11.928
1555,0.7775,4,2,4,0,0,0,0,0,0,36.0786,43.4903,-2.13922,-20.9898,14.5851,110.654,0,0,0,0,0,0,3.27927,7.20569,0.666394,1.86318,-1.56011,11.9659
1556,0.778,4,2,4,0,0,0,0,0,0,35.8989,43.7258,-1.88905,-21.1289,14.2921,110.988,0,0,0,0,0,0,3.25902,7.22495,0.679144,1.88085,-1.57975,11.9976
1557,0.7785,4,2,4,0,0,0,0,0,0,35.682,43.9426,-1.61782,-21.3032,14.0031,111.269,0,0,0,0,0,0,3.25836,7.25245,0.685292,1.90927,-1.60028,12.0641
1558,0.779,4,2,4,0,0,0,0,0,0,35.4539,44.1458,-1.34851,-21.4726,13.7117,111.536,0,0,0,0,0,0,3.22788,7.25405,0.690033,1.93201,-1.61259,12.076
1559,0.7795,4,2,4,0,0,0,0,0,0,35.2335,44.3476,-1.09327,-21.6173,13.417,111.818,0,0,0,0,0,0,3.18972,7.26603,0.694884,1.95968,-1.62329,12.0965
1560,0.78,4,2,4,0,0,0,0,0,0,35.0249,44.5495,-0.849851,-21.7415,13.1218,112.118,0,0,0,0,0,0,3.15537,7.26851,0.708164,1.97146,-1.63759,12.1106
1561,0.7805,4,2,4,0,0,0,0,0,0,34.8137,44.7475,-0.604907,-21.8587,12.8244,112.409,0,0,0,0,0,0,3.12576,7.26408,0.723154,1.98506,-1.6564,12.1535
1562,0.781,4,2,4,0,0,0,0,0,0,34.5865,44.9331,-0.349442,-21.9827,12.5225,112.666,0,0,0,0,0,0,3.05634,7.25847,0.752324,1.97774,-1.66456,12.1329
1563,0.7815,4,2,4,0,0,0,0,0,0,34.3375,45.102,-0.0824596,-22.1146,12.2139,112.881,0,0,0,0,0,0,3.02937,7.26642,0.760488,2.00644,-1.68265,12.1675
1564,0.782,4,2,4,0,0,0,0,0,0,34.0635,45.2601,0.195619,-22.2622,11.9059,113.052,0,0,0,0,0,0,2.98005,7.27187,0.776169,2.02525,-1.69747,12.1779
1565,0.7825,4,2,4,0,0,0,0,0,0,33.7772,45.4175,0.480991,-22.4248,11.6001,113.205,0,0,0,0,0,0,2.92202,7.27659,0.794657,2.03693,-1.70683,12.1602
1566,0.783,4,2,4,0,0,0,0,0,0,33.5072,45.5887,0.763912,-22.5921,11.2965,113.386,0,0,0,0,0,0,2.85755,7.28369,0.829478,2.02227,-1.71453,12.1243
1567,0.7835,4,2,4,0,0,0,0,0,0,33.2708,45.7834,1.02288,-22.7341,10.9969,113.623,0,0,0,0,0,0,2.85234,7.31081,0.845355,2.04458,-1.73891,12.1839
1568,0.784,4,2,4,0,0,0,0,0,0,33.0759,46.0086,1.25023,-22.8285,10.6956,113.924,0,0,0,0,0,0,2.86052,7.3439,0.846603,2.08333,-1.76477,12.2555
1569,0.7845,4,2,4,0,0,0,0,0,0,32.9137,46.2717,1.45607,-22.8855,10.3912,114.286,0,0,0,0,0,0,2.87044,7.40031,0.838637,2.14417,-1.79002,12.3443
1570,0.785,4,2,4,0,0,0,0,0,0,32.7694,46.5669,1.66198,-22.9322,10.081,114.686,0,0,0,0,0,0,2.88943,7.46499,0.832358,2.20657,-1.8162,12.4582
1571,0.7855,4,2,4,0,0,0,0,0,0,32.6002,46.8477,1.88515,-23.0065,9.77282,115.047,0,0,0,0,0,0,2.92546,7.5329,0.83418,2.25701,-1.8469,12.5855
1572,0.786,4,2,4,0,0,0,0,0,0,32.4047,47.1009,2.12467,-23.0993,9.45905,115.365,0,0,0,0,0,0,2.92026,7.5706,0.842536,2.28889,-1.86479,12.632
1573,0.7865,4,2,4,0,0,0,0,0,0,32.2119,47.3333,2.35881,-23.173,9.13366,115.684,0,0,0,0,0,0,2.91646,7.6048,0.847309,2.32629,-1.88846,12.6955
1574,0.787,4,2,4,0,0,0,0,0,0,32.0156,47.5485,2.57902,-23.2246,8.8104,115.984,0,0,0,0,0,0,2.90778,7.61001,0.843583,2.36763,-1.90837,12.7349
1575,0.7875,4,2,4,0,0,0,0,0,0,31.7904,47.7357,2.80607,-23.2915,8.49626,116.226,0,0,0,0,0,0,2.8742,7.58472,0.848427,2.38432,-1.91852,12.7265
1576,0.788,4,2,4,0,0,0,0,0,0,31.5182,47.8986,3.05407,-23.3979,8.1943,116.392,0,0,0,0,0,0,2.80366,7.54905,0.873083,2.36571,-1.91723,12.6713
1577,0.7885,4,2,4,0,0,0,0,0,0,31.2064,48.0421,3.31868,-23.5319,7.89815,116.501,0,0,0,0,0,0,2.72007,7.51812,0.901683,2.34615,-1.91534,12.5993
1578,0.789,4,2,4,0,0,0,0,0,0,30.8838,48.1816,3.58375,-23.6655,7.60095,116.605,0,0,0,0,0,0,2.68608,7.52051,0.911377,2.37143,-1.9281,12.6314
1579,0.7895,4,2,4,0,0,0,0,0,0,30.5852,48.3398,3.83361,-23.778,7.29784,116.766,0,0,0,0,0,0,2.62777,7.51506,0.915136,2.4024,-1.93344,12.6171
1580,0.79,4,2,4,0,0,0,0,0,0,30.3233,48.5179,4.06419,-23.8618,6.98985,116.998,0,0,0,0,0,0,2.59948,7.53146,0.927726,2.42748,-1.95221,12.6543
1581,0.7905,4,2,4,0,0,0,0,0,0,30.0773,48.7055,4.28628,-23.9337,6.68378,117.258,0,0,0,0,0,0,2.567,7.54541,0.945894,2.44237,-1.96698,12.6867
1582,0.791,4,2,4,0,0,0,0,0,0,29.8128,48.8777,4.50598,-24.0078,6.38639,117.487,0,0,0,0,0,0,2.56192,7.55728,0.957524,2.46864,-1.99331,12.7604
1583,0.7915,4,2,4,0,0,0,0,0,0,29.5176,49.0312,4.72867,-24.0878,6.09584,117.659,0,0,0,0,0,0,2.53131,7.58379,0.963738,2.50389,-2.00507,12.8043
1584,0.792,4,2,4,0,0,0,0,0,0,29.1992,49.1667,4.96209,-24.1851,5.80835,117.778,0,0,0,0,0,0,2.47006,7.59602,0.979811,2.52698,-2.01664,12.7885
1585,0.7925,4,2,4,0,0,0,0,0,0,28.8844,49.2956,5.20748,-24.2945,5.51117,117.89,0,0,0,0,0,0,2.39825,7.58838,1.00756,2.52848,-2.0225,12.743
1586,0.793,4,2,4,0,0,0,0,0,0,28.6056,49.4427,5.44641,-24.3821,5.20006,118.057,0,0,0,0,0,0,2.39442,7.62759,1.02481,2.56736,-2.0521,12.8374
1587,0.7935,4,2,4,0,0,0,0,0,0,28.3546,49.6084,5.6652,-24.4299,4.88435,118.269,0,0,0,0,0,0,2.38168,7.6578,1.03477,2.611,-2.07767,12.9098
1588,0.794,4,2,4,0,0,0,0,0,0,28.111,49.7837,5.86235,-24.4514,4.5782,118.494,0,0,0,0,0,0,2.3604,7.69096,1.03901,2.6619,-2.09886,12.9559
1589,0.7945,4,2,4,0,0,0,0,0,0,27.8536,49.9644,6.058,-24.4778,4.28098,118.705,0,0,0,0,0,0,2.34427,7.71673,1.03971,2.71195,-2.11673,12.996
1590,0.795,4,2,4,0,0,0,0,0,0,27.5723,50.1367,6.26745,-24.5336,3.99055,118.89,0,0,0,0,0,0,2.31514,7.73399,1.05024,2.73928,-2.12784,13.018
1591,0.7955,4,2,4,0,0,0,0,0,0,27.2861,50.3141,6.49,-24.6103,3.69754,119.088,0,0,0,0,0,0,2.29774,7.76385,1.06867,2.75821,-2.146,13.0769
1592,0.796,4,2,4,0,0,0,0,0,0,27.0197,50.5034,6.7073,-24.6676,3.39355,119.328,0,0,0,0,0,0,2.26674,7.80154,1.07521,2.79695,-2.15884,13.1416
1593,0.7965,4,2,4,0,0,0,0,0,0,26.7652,50.6983,6.91452,-24.695,3.08162,119.573,0,0,0,0,0,0,2.23633,7.83105,1.07425,2.84538,-2.17009,13.2018
1594,0.797,4,2,4,0,0,0,0,0,0,26.4992,50.8794,7.12111,-24.7199,2.77273,119.784,0,0,0,0,0,0,2.19575,7.83269,1.07769,2.87723,-2.17541,13.2108
1595,0.7975,4,2,4,0,0,0,0,0,0,26.2055,51.0357,7.33939,-24.7677,2.47057,119.938,0,0,0,0,0,0,2.18393,7.83889,1.09393,2.8962,-2.19489,13.2484
1596,0.798,4,2,4,0,0,0,0,0,0,25.883,51.1674,7.57434,-24.8368,2.17058,120.036,0,0,0,0,0,0,2.12168,7.80841,1.12005,2.87984,-2.19507,13.1723
1597,0.7985,4,2,4,0,0,0,0,0,0,25.5471,51.2869,7.81437,-24.9142,1.87143,120.111,0,0,0,0,0,0,2.07852,7.81432,1.13546,2.90249,-2.20772,13.1762
1598,0.799,4,2,4,0,0,0,0,0,0,25.2246,51.4163,8.03929,-24.9702,1.57105,120.218,0,0,0,0,0,0,2.02474,7.81483,1.14761,2.93342,-2.2192,13.1676
1599,0.7995,4,2,4,0,0,0,0,0,0,24.919,51.5633,8.24632,-25.0037,1.27444,120.367,0,0,0,0,0,0,1.99675,7.83051,1.15797,2.9657,-2.2349,13.2057
1600,0.8,4,2,4,0,0,0,0,0,0,24.6223,51.7117,8.44116,-25.0351,0.988917,120.541,0,0,0,0,0,0,1.95905,7.84231,1.17829,2.98356,-2.24943,13.232
1601,0.8005,4,2,4,0,0,0,0,0,0,24.3107,51.8492,8.63715,-25.0733,0.711264,120.687,0,0,0,0,0,0,1.92533,7.85628,1.19573,3.00851,-2.26281,13.2887
1602,0.801,4,2,4,0,0,0,0,0,0,23.9705,51.9647,8.83912,-25.1246,0.441343,120.779,0,0,0,0,0,0,1.86736,7.86837,1.20212,3.03903,-2.25879,13.3008
1603,0.8015,4,2,4,0,0,0,0,0,0,23.6177,52.0705,9.04489,-25.1837,0.173209,120.847,0,0,0,0,0,0,1.81663,7.88997,1.2149,3.06739,-2.26418,13.3172
1604,0.802,4,2,4,0,0,0,0,0,0,23.2878,52.1921,9.25061,-25.2246,-0.109561,120.945,0,0,0,0,0,0,1.77584,7.90946,1.23257,3.09572,-2.28063,13.3441
1605,0.8025,4,2,4,0,0,0,0,0,0,22.9925,52.3281,9.44926,-25.2354,-0.407509,121.09,0,0,0,0,0,0,1.76683,7.93334,1.24909,3.12772,-2.30635,13.3996
1606,0.803,4,2,4,0,0,0,0,0,0,22.7029,52.4651,9.64271,-25.2354,-0.705184,121.243,0,0,0,0,0,0,1.7436,7.94368,1.25747,3.1644,-2.31858,13.4355
1607,0.8035,4,2,4,0,0,0,0,0,0,22.3865,52.5893,9.83277,-25.244,-0.987619,121.357,0,0,0,0,0,0,1.69056,7.95864,1.2746,3.19488,-2.32651,13.4509
1608,0.804,4,2,4,0,0,0,0,0,0,22.0385,52.6985,10.0259,-25.2725,-1.25538,121.428,0,0,0,0,0,0,1.64992,7.98351,1.28564,3.23429,-2.33721,13.4718
1609,0.8045,4,2,4,0,0,0,0,0,0,21.6799,52.8078,10.2241,-25.3144,-1.52095,121.498,0,0,0,0,0,0,1.60248,8.00506,1.30731,3.26672,-2.35494,13.5032
1610,0.805,4,2,4,0,0,0,0,0,0,21.35,52.9337,10.4171,-25.3367,-1.79862,121.625,0,0,0,0,0,0,1.57736,8.00782,1.31562,3.29547,-2.36655,13.5495
1611,0.8055,4,2,4,0,0,0,0,0,0,21.0321,53.0656,10.6019,-25.3415,-2.07834,121.787,0,0,0,0,0,0,1.53398,8.0044,1.3253,3.32013,-2.37046,13.5568
1612,0.806,4,2,4,0,0,0,0,0,0,20.7079,53.1923,10.7878,-25.3404,-2.35852,121.924,0,0,0,0,0,0,1.4871,8.01087,1.34159,3.33874,-2.37848,13.5571
1613,0.8065,4,2,4,0,0,0,0,0,0,20.3623,53.2992,10.9828,-25.3447,-2.63903,122.002,0,0,0,0,0,0,1.45974,8.02022,1.34757,3.36383,-2.38477,13.5567
1614,0.807,4,2,4,0,0,0,0,0,0,19.9993,53.3943,11.1879,-25.3629,-2.91831,122.035,0,0,0,0,0,0,1.42645,8.03678,1.36459,3.38312,-2.39649,13.568
1615,0.8075,4,2,4,0,0,0,0,0,0,19.6389,53.4816,11.3929,-25.3854,-3.19919,122.075,0,0,0,0,0,0,1.36519,8.03476,1.39094,3.40497,-2.4097,13.5877
1616,0.808,4,2,4,0,0,0,0,0,0,19.2919,53.577,11.5871,-25.3946,-3.47807,122.145,0,0,0,0,0,0,1.31665,8.02059,1.4079,3.43732,-2.42402,13.6022
1617,0.8085,4,2,4,0,0,0,0,0,0,18.9499,53.6776,11.7707,-25.3892,-3.75229,122.23,0,0,0,0,0,0,1.26528,8.01661,1.42598,3.46671,-2.43703,13.5964
1618,0.809,4,2,4,0,0,0,0,0,0,18.5963,53.7791,11.9475,-25.3855,-4.01306,122.303,0,0,0,0,0,0,1.23625,8.04747,1.44528,3.50127,-2.4571,13.6324
1619,0.8095,4,2,4,0,0,0,0,0,0,18.2201,53.8654,12.124,-25.3956,-4.26086,122.346,0,0,0,0,0,0,1.20653,8.06474,1.45174,3.5281,-2.45986,13.6518
1620,0.81,4,2,4,0,0,0,0,0,0,17.8417,53.941,12.3088,-25.4108,-4.51488,122.373,0,0,0,0,0,0,1.15402,8.06498,1.47094,3.53132,-2.46186,13.64
1621,0.8105,4,2,4,0,0,0,0,0,0,17.4849,54.0231,12.497,-25.4103,-4.78486,122.421,0,0,0,0,0,0,1.11947,8.07963,1.48384,3.56658,-2.4721,13.68
1622,0.811,4,2,4,0,0,0,0,0,0,17.1428,54.1135,12.6843,-25.3929,-5.06421,122.485,0,0,0,0,0,0,1.05983,8.10538,1.51295,3.59891,-2.48975,13.7183
1623,0.8115,4,2,4,0,0,0,0,0,0,16.7925,54.2012,12.8673,-25.3728,-5.33769,122.538,0,0,0,0,0,0,1.02306,8.14367,1.53271,3.65539,-2.51045,13.7949
1624,0.812,4,2,4,0,0,0,0,0,0,16.4331,54.2797,13.0396,-25.3545,-5.59699,122.576,0,0,0,0,0,0,0.97569,8.15575,1.55433,3.68239,-2.52257,13.8125
1625,0.8125,4,2,4,0,0,0,0,0,0,16.0545,54.3367,13.2081,-25.3473,-5.842,122.576,0,0,0,0,0,0,0.929631,8.15226,1.56465,3.70932,-2.5236,13.8025
1626,0.813,4,2,4,0,0,0,0,0,0,15.6678,54.397,13.3782,-25.3542,-6.07935,122.589,0,0,0,0,0,0,0.885008,8.16112,1.59126,3.73002,-2.54209,13.8164
1627,0.8135,4,2,4,0,0,0,0,0,0,15.2854,54.4615,13.5487,-25.3602,-6.31858,122.634,0,0,0,0,0,0,0.828878,8.17604,1.61633,3.75556,-2.55493,13.8496
1628,0.814,4,2,4,0,0,0,0,0,0,14.9194,54.5398,13.7195,-25.3433,-6.57026,122.699,0,0,0,0,0,0,0.78227,8.19517,1.6295,3.78789,-2.55834,13.8912
1629,0.8145,4,2,4,0,0,0,0,0,0,14.565,54.6186,13.8904,-25.3092,-6.83223,122.754,0,0,0,0,0,0,0.739572,8.20593,1.63204,3.82112,-2.55239,13.9196
1630,0.815,4,2,4,0,0,0,0,0,0,14.1949,54.6826,14.0634,-25.2752,-7.08877,122.77,0,0,0,0,0,0,0.696165,8.19208,1.64185,3.84043,-2.553,13.9028
1631,0.8155,4,2,4,0,0,0,0,0,0,13.8059,54.7347,14.2435,-25.2559,-7.33952,122.758,0,0,0,0,0,0,0.618015,8.18594,1.68106,3.85307,-2.56843,13.8792
1632,0.816,4,2,4,0,0,0,0,0,0,13.4156,54.7804,14.4284,-25.2511,-7.59107,122.751,0,0,0,0,0,0,0.573301,8.20013,1.70554,3.90053,-2.5871,13.927
1633,0.8165,4,2,4,0,0,0,0,0,0,13.0432,54.8334,14.6015,-25.237,-7.84014,122.79,0,0,0,0,0,0,0.531243,8.20258,1.73123,3.92393,-2.60374,13.9231
1634,0.817,4,2,4,0,0,0,0,0,0,12.6703,54.8997,14.7542,-25.2066,-8.07215,122.856,0,0,0,0,0,0,0.520698,8.21135,1.73571,3.96002,-2.6149,13.9516
1635,0.8175,4,2,4,0,0,0,0,0,0,12.2702,54.9593,14.8995,-25.1788,-8.28354,122.888,0,0,0,0,0,0,0.445952,8.22151,1.75535,3.99328,-2.61263,13.9661
1636,0.818,4,2,4,0,0,0,0,0,0,11.8538,54.993,15.0604,-25.1682,-8.49897,122.853,0,0,0,0,0,0,0.371281,8.23547,1.77569,4.0205,-2.6095,13.9979
1637,0.8185,4,2,4,0,0,0,0,0,0,11.4418,55.0103,15.2409,-25.1672,-8.73544,122.788,0,0,0,0,0,0,0.318001,8.23726,1.80071,4.03415,-2.6174,14.026
1638,0.819,4,2,4,0,0,0,0,0,0,11.0544,55.0369,15.4173,-25.1435,-8.98406,122.767,0,0,0,0,0,0,0.284566,8.21665,1.82121,4.03142,-2.62742,13.9893
1639,0.8195,4,2,4,0,0,0,0,0,0,10.6861,55.0774,15.5771,-25.0899,-9.23099,122.787,0,0,0,0,0,0,0.2472,8.21641,1.83515,4.0703,-2.63874,13.9831
1640,0.82,4,2,4,0,0,0,0,0,0,10.3107,55.1267,15.7273,-25.0298,-9.46524,122.799,0,0,0,0,0,0,0.183008,8.2345,1.8556,4.11784,-2.64509,13.9924
1641,0.8205,4,2,4,0,0,0,0,0,0,9.89656,55.1495,15.8774,-24.9964,-9.67494,122.751,0,0,0,0,0,0,0.138089,8.2404,1.87497,4.15723,-2.65688,14.0043
1642,0.821,4,2,4,0,0,0,0,0,0,9.45252,55.1537,16.0338,-24.9953,-9.87,122.671,0,0,0,0,0,0,0.102384,8.23987,1.89899,4.16402,-2.66594,14.019
1643,0.8215,4,2,4,0,0,0,0,0,0,9.02895,55.1621,16.1944,-24.9813,-10.0834,122.612,0,0,0,0,0,0,0.0493951,8.24941,1.92241,4.16915,-2.66926,14.0428
1644,0.822,4,2,4,0,0,0,0,0,0,8.64278,55.1829,16.3504,-24.927,-10.3201,122.587,0,0,0,0,0,0,-0.00772835,8.26339,1.93377,4.2,-2.66599,14.0696
1645,0.8225,4,2,4,0,0,0,0,0,0,8.26388,55.2154,16.5035,-24.851,-10.5618,122.57,0,0,0,0,0,0,-0.0778825,8.27092,1.94567,4.24876,-2.66325,14.0786
1646,0.823,4,2,4,0,0,0,0,0,0,7.86461,55.2304,16.6549,-24.7896,-10.788,122.52,0,0,0,0,0,0,-0.1307,8.27806,1.97158,4.28472,-2.67712,14.0939
1647,0.8235,4,2,4,0,0,0,0,0,0,7.44344,55.2237,16.8164,-24.7572,-11.0045,122.424,0,0,0,0,0,0,-0.169395,8.28526,2.00634,4.31443,-2.70172,14.1255
1648,0.824,4,2,4,0,0,0,0,0,0,7.02264,55.2116,16.9805,-24.7354,-11.2219,122.34,0,0,0,0,0,0,-0.218199,8.27758,2.04133,4.32917,-2.72035,14.125
1649,0.8245,4,2,4,0,0,0,0,0,0,6.60972,55.2062,17.126,-24.6951,-11.4287,122.294,0,0,0,0,0,0,-0.259508,8.28551,2.05881,4.3703,-2.72918,14.1404
1650,0.825,4,2,4,0,0,0,0,0,0,6.20772,55.2269,17.2565,-24.6333,-11.6282,122.278,0,0,0,0,0,0,-0.31351,8.29164,2.07136,4.40817,-2.72763,14.1481
1651,0.8255,4,2,4,0,0,0,0,0,0,5.80182,55.2443,17.3911,-24.5712,-11.8282,122.233,0,0,0,0,0,0,-0.376825,8.30749,2.08876,4.44266,-2.72645,14.1742
1652,0.826,4,2,4,0,0,0,0,0,0,5.37612,55.2336,17.5394,-24.5316,-12.0263,122.141,0,0,0,0,0,0,-0.439545,8.29126,2.10837,4.45458,-2.72357,14.1611
1653,0.8265,4,2,4,0,0,0,0,0,0,4.94183,55.2073,17.698,-24.5071,-12.227,122.041,0,0,0,0,0,0,-0.500395,8.26561,2.1343,4.45466,-2.72382,14.1438
1654,0.827,4,2,4,0,0,0,0,0,0,4.51648,55.1789,17.8456,-24.4635,-12.425,121.968,0,0,0,0,0,0,-0.529167,8.2951,2.14924,4.50047,-2.73393,14.2135
1655,0.8275,4,2,4,0,0,0,0,0,0,4.10788,55.1743,17.98,-24.3956,-12.6204,121.934,0,0,0,0,0,0,-0.584442,8.31178,2.17449,4.53111,-2.74235,14.2144
1656,0.828,4,2,4,0,0,0,0,0,0,3.68993,55.1706,18.1081,-24.3274,-12.8042,121.889,0,0,0,0,0,0,-0.678192,8.30639,2.2046,4.55447,-2.7401,14.1741
1657,0.8285,4,2,4,0,0,0,0,0,0,3.25563,55.1472,18.239,-24.2809,-12.9799,121.798,0,0,0,0,0,0,-0.731048,8.30105,2.22292,4.59435,-2.7451,14.1957
1658,0.829,4,2,4,0,0,0,0,0,0,2.81447,55.1056,18.3814,-24.2502,-13.1625,121.676,0,0,0,0,0,0,-0.764317,8.28677,2.2453,4.61221,-2.75609,14.2173
1659,0.8295,4,2,4,0,0,0,0,0,0,2.37852,55.0676,18.5308,-24.2024,-13.3584,121.567,0,0,0,0,0,0,-0.825074,8.26785,2.2751,4.62013,-2.76251,14.2065
1660,0.83,4,2,4,0,0,0,0,0,0,1.95152,55.0422,18.6734,-24.1312,-13.5554,121.491,0,0,0,0,0,0,-0.884973,8.25465,2.29511,4.62718,-2.7597,14.1754
1661,0.8305,4,2,4,0,0,0,0,0,0,1.5299,55.0195,18.8087,-24.0519,-13.7481,121.422,0,0,0,0,0,0,-0.939214,8.26464,2.31145,4.65633,-2.75923,14.1909
1662,0.831,4,2,4,0,0,0,0,0,0,1.10543,54.9882,18.9422,-23.9886,-13.9328,121.327,0,0,0,0,0,0,-1.00056,8.27924,2.32857,4.69724,-2.75705,14.2137
1663,0.8315,4,2,4,0,0,0,0,0,0,0.669397,54.9415,19.0761,-23.9354,-14.11,121.206,0,0,0,0,0,0,-1.07525,8.26039,2.36349,4.70954,-2.76273,14.1929
1664,0.832,4,2,4,0,0,0,0,0,0,0.230555,54.8846,19.2126,-23.8919,-14.2866,121.069,0,0,0,0,0,0,-1.14998,8.23728,2.40954,4.72352,-2.7813,14.1839
1665,0.8325,4,2,4,0,0,0,0,0,0,-0.205919,54.8299,19.3459,-23.8389,-14.4635,120.944,0,0,0,0,0,0,-1.17662,8.24566,2.42794,4.77832,-2.79533,14.2274
1666,0.833,4,2,4,0,0,0,0,0,0,-0.636815,54.7763,19.4702,-23.7761,-14.6352,120.841,0,0,0,0,0,0,-1.24359,8.24852,2.45293,4.80346,-2.79479,14.2222
1667,0.8335,4,2,4,0,0,0,0,0,0,-1.06696,54.7224,19.5968,-23.7144,-14.8075,120.744,0,0,0,0,0,0,-1.31247,8.25327,2.47965,4.81668,-2.79515,14.2049
1668,0.834,4,2,4,0,0,0,0,0,0,-1.50721,54.6636,19.7219,-23.6477,-14.9723,120.627,0,0,0,0,0,0,-1.36715,8.26151,2.49914,4.85431,-2.79652,14.2452
1669,0.8345,4,2,4,0,0,0,0,0,0,-1.95634,54.5895,19.8498,-23.5888,-15.132,120.477,0,0,0,0,0,0,-1.42189,8.26471,2.5176,4.89853,-2.79839,14.2828
1670,0.835,4,2,4,0,0,0,0,0,0,-2.39487,54.517,19.9809,-23.5284,-15.2978,120.328,0,0,0,0,0,0,-1.49146,8.24649,2.54868,4.91326,-2.80151,14.2697
1671,0.8355,4,2,4,0,0,0,0,0,0,-2.82041,54.4429,20.1054,-23.4657,-15.4642,120.187,0,0,0,0,0,0,-1.55145,8.23071,2.58159,4.93563,-2.80974,14.2549
1672,0.836,4,2,4,0,0,0,0,0,0,-3.24584,54.3699,20.2245,-23.403,-15.6256,120.062,0,0,0,0,0,0,-1.58841,8.21742,2.59807,4.96462,-2.81445,14.2525
1673,0.8365,4,2,4,0,0,0,0,0,0,-3.69216,54.2867,20.3399,-23.3408,-15.7727,119.919,0,0,0,0,0,0,-1.63359,8.21889,2.61541,4.98862,-2.81458,14.2572
1674,0.837,4,2,4,0,0,0,0,0,0,-4.15861,54.199,20.4536,-23.2875,-15.9064,119.76,0,0,0,0,0,0,-1.69594,8.21623,2.6389,4.99322,-2.81135,14.2381
1675,0.8375,4,2,4,0,0,0,0,0,0,-4.62175,54.1222,20.5694,-23.2235,-16.0429,119.617,0,0,0,0,0,0,-1.76884,8.20758,2.66151,4.99713,-2.80417,14.2394
1676,0.838,4,2,4,0,0,0,0,0,0,-5.06746,54.0549,20.6858,-23.1437,-16.1886,119.498,0,0,0,0,0,0,-1.83206,8.20293,2.68718,5.02854,-2.80544,14.2753
1677,0.8385,4,2,4,0,0,0,0,0,0,-5.49998,53.9836,20.8073,-23.0574,-16.3468,119.374,0,0,0,0,0,0,-1.89196,8.16516,2.70973,5.04233,-2.80185,14.2228
1678,0.839,4,2,4,0,0,0,0,0,0,-5.93193,53.8819,20.9327,-22.9874,-16.5102,119.204,0,0,0,0,0,0,-1.968,8.12994,2.74233,5.06235,-2.80444,14.1741
1679,0.8395,4,2,4,0,0,0,0,0,0,-6.37369,53.7592,21.0562,-22.9299,-16.6667,118.997,0,0,0,0,0,0,-2.02138,8.11058,2.77376,5.07546,-2.81507,14.1403
1680,0.84,4,2,4,0,0,0,0,0,0,-6.82534,53.635,21.1746,-22.8737,-16.8121,118.787,0,0,0,0,0,0,-2.08528,8.12731,2.8061,5.11396,-2.82537,14.1748
1681,0.8405,4,2,4,0,0,0,0,0,0,-7.27466,53.529,21.2827,-22.8048,-16.947,118.613,0,0,0,0,0,0,-2.12737,8.14356,2.83147,5.15728,-2.83651,14.2127
1682,0.841,4,2,4,0,0,0,0,0,0,-7.72091,53.427,21.3827,-22.7266,-17.0738,118.468,0,0,0,0,0,0,-2.18141,8.14046,2.85128,5.17954,-2.83233,14.2113
1683,0.8415,4,2,4,0,0,0,0,0,0,-8.16019,53.3245,21.4917,-22.6517,-17.2111,118.319,0,0,0,0,0,0,-2.26768,8.11196,2.87213,5.18825,-2.8142,14.1961
1684,0.842,4,2,4,0,0,0,0,0,0,-8.6045,53.2087,21.6114,-22.5773,-17.3564,118.142,0,0,0,0,0,0,-2.34712,8.09355,2.90117,5.2118,-2.80937,14.2198
1685,0.8425,4,2,4,0,0,0,0,0,0,-9.04855,53.0721,21.7401,-22.5104,-17.5095,117.92,0,0,0,0,0,0,-2.40165,8.09018,2.93195,5.24737,-2.81954,14.2479
1686,0.843,4,2,4,0,0,0,0,0,0,-9.49288,52.9353,21.8604,-22.441,-17.6534,117.695,0,0,0,0,0,0,-2.45334,8.08972,2.97038,5.29472,-2.83799,14.2611
1687,0.8435,4,2,4,0,0,0,0,0,0,-9.94462,52.8115,21.9596,-22.3624,-17.7728,117.51,0,0,0,0,0,0,-2.50878,8.07055,3.01054,5.31034,-2.8556,14.2289
1688,0.844,4,2,4,0,0,0,0,0,0,-10.402,52.6967,22.0492,-22.2849,-17.8782,117.353,0,0,0,0,0,0,-2.57203,8.05277,3.02876,5.32595,-2.84702,14.1965
1689,0.8445,4,2,4,0,0,0,0,0,0,-10.8655,52.5747,22.1403,-22.2117,-17.9786,117.197,0,0,0,0,0,0,-2.62294,8.02178,3.03182,5.32029,-2.82371,14.1563
1690,0.845,4,2,4,0,0,0,0,0,0,-11.3308,52.439,22.243,-22.1466,-18.084,117.009,0,0,0,0,0,0,-2.68851,7.98272,3.04038,5.30819,-2.79944,14.1107
1691,0.8455,4,2,4,0,0,0,0,0,0,-11.789,52.296,22.3569,-22.0867,-18.2029,116.799,0,0,0,0,0,0,-2.75903,7.94919,3.07149,5.32155,-2.798,14.0926
1692,0.846,4,2,4,0,0,0,0,0,0,-12.2302,52.1508,22.4686,-22.024,-18.3311,116.58,0,0,0,0,0,0,-2.84109,7.95428,3.12301,5.3672,-2.81664,14.1446
1693,0.8465,4,2,4,0,0,0,0,0,0,-12.6632,51.9941,22.5711,-21.9433,-18.458,116.356,0,0,0,0,0,0,-2.91316,7.96318,3.16332,5.41259,-2.82892,14.1697
1694,0.847,4,2,4,0,0,0,0,0,0,-13.1008,51.8401,22.6666,-21.8524,-18.5765,116.15,0,0,0,0,0,0,-2.96238,7.94226,3.18385,5.42803,-2.82823,14.1217
1695,0.8475,4,2,4,0,0,0,0,0,0,-13.559,51.6768,22.76,-21.7764,-18.6808,115.938,0,0,0,0,0,0,-3.00169,7.92516,3.19798,5.45872,-2.82556,14.0978
1696,0.848,4,2,4,0,0,0,0,0,0,-14.034,51.5263,22.8495,-21.7162,-18.7695,115.746,0,0,0,0,0,0,-3.0608,7.87593,3.21966,5.45158,-2.81841,14.0436
1697,0.8485,4,2,4,0,0,0,0,0,0,-14.5041,51.3763,22.9415,-21.6576,-18.8602,115.556,0,0,0,0,0,0,-3.12825,7.85312,3.2492,5.45817,-2.81652,14.0536
1698,0.849,4,2,4,0,0,0,0,0,0,-14.9476,51.2241,23.0401,-21.575,-18.9697,115.347,0,0,0,0,0,0,-3.21368,7.8355,3.28504,5.46423,-2.8132,14.0623
1699,0.8495,4,2,4,0,0,0,0,0,0,-15.3719,51.0587,23.1397,-21.4814,-19.0892,115.113,0,0,0,0,0,0,-3.3079,7.81781,3.31583,5.50363,-2.80391,14.0918
1700,0.85,4,2,4,0,0,0,0,0,0,-15.7955,50.8724,23.2456,-21.407,-19.2148,114.848,0,0,0,0,0,0,-3.36042,7.80968,3.34154,5.54942,-2.80549,14.0941
1701,0.8505,4,2,4,0,0,0,0,0,0,-16.2357,50.6652,23.3488,-21.3513,-19.3286,114.559,0,0,0,0,0,0,-3.40142,7.77705,3.37352,5.55906,-2.81866,14.0387
1702,0.851,4,2,4,0,0,0,0,0,0,-16.6946,50.4637,23.4439,-21.3005,-19.4236,114.297,0,0,0,0,0,0,-3.4439,7.75317,3.40266,5.57114,-2.8274,13.9983
1703,0.8515,4,2,4,0,0,0,0,0,0,-17.1603,50.2875,23.5313,-21.2317,-19.5075,114.095,0,0,0,0,0,0,-3.50277,7.75752,3.42769,5.61738,-2.82494,14.0343
1704,0.852,4,2,4,0,0,0,0,0,0,-17.6236,50.1266,23.6107,-21.149,-19.5841,113.923,0,0,0,0,0,0,-3.59141,7.73753,3.4647,5.64174,-2.81903,14.0389
1705,0.8525,4,2,4,0,0,0,0,0,0,-18.0758,49.9598,23.6921,-21.0635,-19.6676,113.734,0,0,0,0,0,0,-3.66907,7.73089,3.49414,5.65783,-2.81138,14.0512
1706,0.853,4,2,4,0,0,0,0,0,0,-18.5113,49.7738,23.7815,-20.9861,-19.7637,113.486,0,0,0,0,0,0,-3.74475,7.71738,3.51605,5.68568,-2.79833,14.0764
1707,0.8535,4,2,4,0,0,0,0,0,0,-18.9404,49.5661,23.8772,-20.9235,-19.8661,113.193,0,0,0,0,0,0,-3.80755,7.68719,3.53861,5.70391,-2.79237,14.0599
1708,0.854,4,2,4,0,0,0,0,0,0,-19.3715,49.3582,23.9739,-20.8608,-19.9665,112.908,0,0,0,0,0,0,-3.85594,7.64549,3.56475,5.70472,-2.79613,14.0121
1709,0.8545,4,2,4,0,0,0,0,0,0,-19.8135,49.1459,24.054,-20.7954,-20.0444,112.643,0,0,0,0,0,0,-3.89169,7.57997,3.59222,5.67633,-2.80352,13.9106
1710,0.855,4,2,4,0,0,0,0,0,0,-20.2787,48.937,24.1236,-20.7191,-20.1015,112.413,0,0,0,0,0,0,-3.94083,7.55917,3.61006,5.7154,-2.7981,13.9189
1711,0.8555,4,2,4,0,0,0,0,0,0,-20.7465,48.7338,24.2055,-20.6409,-20.17,112.201,0,0,0,0,0,0,-4.0189,7.54761,3.64131,5.74967,-2.79151,13.9447
1712,0.856,4,2,4,0,0,0,0,0,0,-21.2066,48.523,24.2914,-20.5727,-20.2449,111.966,0,0,0,0,0,0,-4.11504,7.50135,3.66769,5.75624,-2.76921,13.9122
1713,0.8565,4,2,4,0,0,0,0,0,0,-21.6497,48.305,24.3747,-20.5089,-20.3247,111.703,0,0,0,0,0,0,-4.19169,7.47019,3.70547,5.77044,-2.76765,13.8886
1714,0.857,4,2,4,0,0,0,0,0,0,-22.0777,48.0838,24.4584,-20.4408,-20.4122,111.418,0,0,0,0,0,0,-4.2513,7.4632,3.75023,5.79962,-2.78486,13.9029
1715,0.8575,4,2,4,0,0,0,0,0,0,-22.4953,47.8614,24.5413,-20.3655,-20.5032,111.129,0,0,0,0,0,0,-4.29382,7.45164,3.77162,5.83252,-2.78596,13.909
1716,0.858,4,2,4,0,0,0,0,0,0,-22.9178,47.6353,24.6183,-20.2932,-20.5837,110.855,0,0,0,0,0,0,-4.35642,7.41508,3.793,5.81405,-2.77655,13.8443
1717,0.8585,4,2,4,0,0,0,0,0,0,-23.358,47.4039,24.699,-20.2218,-20.656,110.595,0,0,0,0,0,0,-4.42659,7.38107,3.81913,5.82566,-2.76836,13.8078
1718,0.859,4,2,4,0,0,0,0,0,0,-23.8209,47.1674,24.7835,-20.1569,-20.7203,110.343,0,0,0,0,0,0,-4.49113,7.35265,3.84994,5.85513,-2.76583,13.8036
1719,0.8595,4,2,4,0,0,0,0,0,0,-24.2832,46.9289,24.8641,-20.1036,-20.7809,110.08,0,0,0,0,0,0,-4.55026,7.32217,3.86837,5.87177,-2.75015,13.81
1720,0.86,4,2,4,0,0,0,0,0,0,-24.7274,46.7006,24.9407,-20.0441,-20.8457,109.824,0,0,0,0,0,0,-4.62075,7.28604,3.89045,5.86878,-2.73583,13.8053
1721,0.8605,4,2,4,0,0,0,0,0,0,-25.1506,46.4642,25.0145,-19.9681,-20.9164,109.541,0,0,0,0,0,0,-4.68465,7.26063,3.92748,5.88368,-2.74199,13.8075
1722,0.861,4,2,4,0,0,0,0,0,0,-25.5626,46.2224,25.0857,-19.8937,-20.9892,109.24,0,0,0,0,0,0,-4.74244,7.24582,3.97033,5.93707,-2.75561,13.799
1723,0.8615,4,2,4,0,0,0,0,0,0,-25.9735,45.9618,25.1595,-19.8311,-21.0634,108.925,0,0,0,0,0,0,-4.82154,7.19924,4.0161,5.95543,-2.76074,13.7292
1724,0.862,4,2,4,0,0,0,0,0,0,-26.3994,45.6934,25.2304,-19.7811,-21.1275,108.627,0,0,0,0,0,0,-4.88663,7.16161,4.04369,5.96496,-2.75515,13.6919
1725,0.8625,4,2,4,0,0,0,0,0,0,-26.8455,45.4275,25.3042,-19.7209,-21.1848,108.357,0,0,0,0,0,0,-4.94462,7.115,4.05688,5.96142,-2.73988,13.6754
1726,0.863,4,2,4,0,0,0,0,0,0,-27.2966,45.1667,25.3868,-19.6487,-21.247,108.093,0,0,0,0,0,0,-4.99507,7.09065,4.07193,5.98571,-2.72663,13.6969
1727,0.8635,4,2,4,0,0,0,0,0,0,-27.7419,44.9156,25.457,-19.5759,-21.2986,107.832,0,0,0,0,0,0,-5.05341,7.05741,4.10675,5.99472,-2.7282,13.6718
1728,0.864,4,2,4,0,0,0,0,0,0,-28.1736,44.656,25.5122,-19.5085,-21.3396,107.543,0,0,0,0,0,0,-5.1083,7.00932,4.12035,5.97649,-2.71102,13.6055
1729,0.8645,4,2,4,0,0,0,0,0,0,-28.5877,44.3841,25.5609,-19.4499,-21.3802,107.228,0,0,0,0,0,0,-5.17861,6.968,4.14571,5.97994,-2.70215,13.5675
1730,0.865,4,2,4,0,0,0,0,0,0,-28.9952,44.0976,25.6246,-19.4008,-21.4368,106.894,0,0,0,0,0,0,-5.27596,6.94337,4.1918,6.02351,-2.70111,13.5838
1731,0.8655,4,2,4,0,0,0,0,0,0,-29.4065,43.8038,25.6986,-19.3464,-21.5013,106.558,0,0,0,0,0,0,-5.3567,6.92038,4.23172,6.06065,-2.69996,13.6092
1732,0.866,4,2,4,0,0,0,0,0,0,-29.8272,43.5251,25.7748,-19.2795,-21.5636,106.255,0,0,0,0,0,0,-5.4108,6.89531,4.26222,6.07992,-2.69998,13.6211
1733,0.8665,4,2,4,0,0,0,0,0,0,-30.2531,43.2557,25.8562,-19.1994,-21.6295,105.986,0,0,0,0,0,0,-5.43083,6.86093,4.27053,6.09137,-2.69058,13.595
1734,0.867,4,2,4,0,0,0,0,0,0,-30.6856,42.9864,25.9289,-19.1298,-21.6826,105.727,0,0,0,0,0,0,-5.45448,6.78864,4.27828,6.07569,-2.67722,13.4597
1735,0.8675,4,2,4,0,0,0,0,0,0,-31.1151,42.713,25.9873,-19.0777,-21.7199,105.453,0,0,0,0,0,0,-5.52069,6.71689,4.30036,6.05477,-2.66379,13.3631
1736,0.868,4,2,4,0,0,0,0,0,0,-31.5318,42.4262,26.0335,-19.0402,-21.748,105.144,0,0,0,0,0,0,-5.61505,6.62476,4.33564,6.01298,-2.65565,13.2619
1737,0.8685,4,2,4,0,0,0,0,0,0,-31.9445,42.131,26.0811,-18.9995,-21.7783,104.821,0,0,0,0,0,0,-5.71835,6.55985,4.36841,5.99616,-2.63801,13.2358
1738,0.869,4,2,4,0,0,0,0,0,0,-32.3508,41.8429,26.1459,-18.9367,-21.8289,104.511,0,0,0,0,0,0,-5.85034,6.58394,4.44684,6.09174,-2.65441,13.4056
1739,0.8695,4,2,4,0,0,0,0,0,0,-32.7402,41.5422,26.2174,-18.8573,-21.8937,104.173,0,0,0,0,0,0,-5.91883,6.6366,4.50513,6.19603,-2.67445,13.5504
1740,0.87,4,2,4,0,0,0,0,0,0,-33.13,41.2161,26.2902,-18.7745,-21.9585,103.82,0,0,0,0,0,0,-5.9875,6.68689,4.5801,6.24707,-2.71403,13.5972
1741,0.8705,4,2,4,0,0,0,0,0,0,-33.5272,40.8633,26.345,-18.7275,-21.9996,103.46,0,0,0,0,0,0,-6.00259,6.66292,4.6113,6.24441,-2.72838,13.4813
1742,0.871,4,2,4,0,0,0,0,0,0,-33.921,40.492,26.3818,-18.7257,-22.0231,103.086,0,0,0,0,0,0,-6.03017,6.62833,4.60179,6.22166,-2.69968,13.3938
1743,0.8715,4,2,4,0,0,0,0,0,0,-34.3215,40.1353,26.4173,-18.7296,-22.0393,102.725,0,0,0,0,0,0,-6.07185,6.5052,4.59306,6.16034,-2.66839,13.2528
1744,0.872,4,2,4,0,0,0,0,0,0,-34.7342,39.8297,26.4594,-18.7031,-22.0561,102.42,0,0,0,0,0,0,-6.13451,6.33958,4.58504,6.09433,-2.62426,13.1133
1745,0.8725,4,2,4,0,0,0,0,0,0,-35.1573,39.5797,26.5319,-18.6231,-22.1018,102.174,0,0,0,0,0,0,-6.20596,6.22555,4.59111,6.07081,-2.58818,13.0751
1746,0.873,4,2,4,0,0,0,0,0,0,-35.5809,39.3497,26.6409,-18.4823,-22.1858,101.955,0,0,0,0,0,0,-6.25363,6.16348,4.59322,6.08713,-2.55604,13.072
1747,0.8735,4,2,4,0,0,0,0,0,0,-35.9931,39.1005,26.7442,-18.3346,-22.267,101.714,0,0,0,0,0,0,-6.28773,6.17762,4.63087,6.14388,-2.56945,13.0879
1748,0.874,4,2,4,0,0,0,0,0,0,-36.3937,38.7904,26.8218,-18.2447,-22.3256,101.405,0,0,0,0,0,0,-6.36487,6.23334,4.69213,6.22202,-2.589,13.1605
1749,0.8745,4,2,4,0,0,0,0,0,0,-36.7818,38.4156,26.8831,-18.2098,-22.3708,101.03,0,0,0,0,0,0,-6.42764,6.23286,4.73808,6.24138,-2.59846,13.1399
1750,0.875,4,2,4,0,0,0,0,0,0,-37.154,38.0054,26.9122,-18.2271,-22.3892,100.61,0,0,0,0,0,0,-6.53372,6.18427,4.7875,6.25511,-2.59379,13.1332
1751,0.8755,4,2,4,0,0,0,0,0,0,-37.5145,37.6161,26.9246,-18.2555,-22.3963,100.196,0,0,0,0,0,0,-6.60109,6.09595,4.80848,6.2339,-2.57769,13.0728
1752,0.876,4,2,4,0,0,0,0,0,0,-37.8835,37.2695,26.9468,-18.2519,-22.4089,99.8445,0,0,0,0,0,0,-6.66918,6.00665,4.85705,6.23587,-2.58774,13.0117
1753,0.8765,4,2,4,0,0,0,0,0,0,-38.2649,36.9596,26.9872,-18.1966,-22.4338,99.5413,0,0,0,0,0,0,-6.69744,5.9387,4.87056,6.22769,-2.57698,12.9385
1754,0.877,4,2,4,0,0,0,0,0,0,-38.6478,36.6647,27.0432,-18.108,-22.472,99.2561,0,0,0,0,0,0,-6.73089,5.87447,4.86912,6.20311,-2.54988,12.8704
1755,0.8775,4,2,4,0,0,0,0,0,0,-39.0302,36.3474,27.0917,-18.0333,-22.5018,98.9586,0,0,0,0,0,0,-6.78922,5.85485,4.89285,6.22406,-2.53981,12.8783
1756,0.878,4,2,4,0,0,0,0,0,0,-39.4047,35.9833,27.1487,-17.9704,-22.5404,98.6012,0,0,0,0,0,0,-6.85781,5.83471,4.91353,6.24284,-2.52409,12.8948
1757,0.8785,4,2,4,0,0,0,0,0,0,-39.7558,35.6017,27.2139,-17.9172,-22.5985,98.2048,0,0,0,0,0,0,-6.94511,5.78265,4.93873,6.24797,-2.50334,12.8845
1758,0.879,4,2,4,0,0,0,0,0,0,-40.1097,35.2331,27.2797,-17.8746,-22.6584,97.8316,0,0,0,0,0,0,-6.98672,5.71786,4.96362,6.23225,-2.50261,12.8032
1759,0.8795,4,2,4,0,0,0,0,0,0,-40.4725,34.8728,27.3426,-17.8281,-22.7087,97.4823,0,0,0,0,0,0,-7.04154,5.65298,4.99906,6.23104,-2.50579,12.7567
1760,0.88,4,2,4,0,0,0,0,0,0,-40.8414,34.5262,27.3917,-17.7812,-22.7399,97.1603,0,0,0,0,0,0,-7.08945,5.59642,5.03533,6.24509,-2.50967,12.7121
1761,0.8805,4,2,4,0,0,0,0,0,0,-41.2194,34.1821,27.4307,-17.7465,-22.7568,96.8557,0,0,0,0,0,0,-7.14429,5.54409,5.06763,6.26284,-2.50616,12.6796
1762,0.881,4,2,4,0,0,0,0,0,0,-41.5954,33.8277,27.4625,-17.7134,-22.7654,96.5506,0,0,0,0,0,0,-7.19874,5.49414,5.07961,6.24906,-2.48577,12.6395
1763,0.8815,4,2,4,0,0,0,0,0,0,-41.9493,33.454,27.4973,-17.6763,-22.7841,96.1929,0,0,0,0,0,0,-7.27246,5.46241,5.09617,6.25331,-2.46281,12.6529
1764,0.882,4,2,4,0,0,0,0,0,0,-42.2787,33.0714,27.5478,-17.6272,-22.8285,95.7995,0,0,0,0,0,0,-7.33009,5.41329,5.12758,6.2713,-2.4568,12.6167
1765,0.8825,4,2,4,0,0,0,0,0,0,-42.5937,32.6983,27.6117,-17.567,-22.8927,95.4019,0,0,0,0,0,0,-7.37462,5.34483,5.1487,6.26678,-2.4458,12.5505
1766,0.883,4,2,4,0,0,0,0,0,0,-42.9163,32.3333,27.6777,-17.5036,-22.9539,95.0237,0,0,0,0,0,0,-7.43827,5.28315,5.17926,6.26911,-2.43815,12.5175
1767,0.8835,4,2,4,0,0,0,0,0,0,-43.2578,31.972,27.7288,-17.4614,-22.9936,94.6796,0,0,0,0,0,0,-7.49843,5.22935,5.20359,6.26004,-2.42716,12.4886
1768,0.884,4,2,4,0,0,0,0,0,0,-43.6069,31.6011,27.7721,-17.4221,-23.0201,94.3317,0,0,0,0,0,0,-7.54475,5.17878,5.23912,6.26752,-2.43058,12.4413
1769,0.8845,4,2,4,0,0,0,0,0,0,-43.9583,31.2196,27.8128,-17.3868,-23.0449,93.9783,0,0,0,0,0,0,-7.57745,5.10856,5.24931,6.23862,-2.41736,12.3613
1770,0.885,4,2,4,0,0,0,0,0,0,-44.3085,30.8223,27.8556,-17.3408,-23.0698,93.6173,0,0,0,0,0,0,-7.63081,5.04816,5.25787,6.22216,-2.39556,12.3156
1771,0.8855,4,2,4,0,0,0,0,0,0,-44.6472,30.4252,27.8912,-17.2952,-23.0912,93.2551,0,0,0,0,0,0,-7.70509,5.00401,5.29485,6.25593,-2.38703,12.3245
1772,0.886,4,2,4,0,0,0,0,0,0,-44.9789,30.0278,27.927,-17.2553,-23.1142,92.8987,0,0,0,0,0,0,-7.77598,4.96576,5.34882,6.31557,-2.39306,12.3333
1773,0.8865,4,2,4,0,0,0,0,0,0,-45.3015,29.6308,27.9571,-17.239,-23.1363,92.5337,0,0,0,0,0,0,-7.81474,4.89735,5.36894,6.31263,-2.38285,12.2673
1774,0.887,4,2,4,0,0,0,0,0,0,-45.6193,29.2409,27.9896,-17.2239,-23.1635,92.1657,0,0,0,0,0,0,-7.85813,4.8193,5.37451,6.26403,-2.36558,12.1907
1775,0.8875,4,2,4,0,0,0,0,0,0,-45.923,28.842,28.0414,-17.1844,-23.2127,91.7594,0,0,0,0,0,0,-7.89743,4.74663,5.36788,6.21231,-2.33671,12.1235
1776,0.888,4,2,4,0,0,0,0,0,0,-46.2135,28.4418,28.11,-17.1256,-23.2808,91.3332,0,0,0,0,0,0,-7.96024,4.70669,5.40393,6.22965,-2.33396,12.1218
1777,0.8885,4,2,4,0,0,0,0,0,0,-46.5029,28.0451,28.1797,-17.0554,-23.349,90.9101,0,0,0,0,0,0,-8.01924,4.64429,5.43398,6.2454,-2.32604,12.0928
1778,0.889,4,2,4,0,0,0,0,0,0,-46.8083,27.6566,28.2299,-16.9952,-23.3928,90.5382,0,0,0,0,0,0,-8.07456,4.60221,5.47713,6.28047,-2.32977,12.0734
1779,0.8895,4,2,4,0,0,0,0,0,0,-47.1251,27.2704,28.272,-16.9405,-23.4231,90.2057,0,0,0,0,0,0,-8.11657,4.56636,5.50728,6.30614,-2.3261,12.0415
1780,0.89,4,2,4,0,0,0,0,0,0,-47.4418,26.8739,28.3069,-16.9043,-23.448,89.8767,0,0,0,0,0,0,-8.14351,4.48752,5.49998,6.25418,-2.29963,11.9427
1781,0.8905,4,2,4,0,0,0,0,0,0,-47.741,26.4625,28.3485,-16.8707,-23.4859,89.5126,0,0,0,0,0,0,-8.21684,4.42854,5.53506,6.25649,-2.29428,11.9339
1782,0.891,4,2,4,0,0,0,0,0,0,-48.0205,26.0453,28.3901,-16.8467,-23.5336,89.1122,0,0,0,0,0,0,-8.28652,4.35512,5.59232,6.28661,-2.30535,11.9144
1783,0.8915,4,2,4,0,0,0,0,0,0,-48.3021,25.6261,28.4283,-16.8242,-23.5769,88.7166,0,0,0,0,0,0,-8.29573,4.27862,5.60261,6.2742,-2.29789,11.8298
1784,0.892,4,2,4,0,0,0,0,0,0,-48.5921,25.2082,28.4593,-16.8007,-23.6077,88.3306,0,0,0,0,0,0,-8.31279,4.21405,5.60849,6.25625,-2.28667,11.759
1785,0.8925,4,2,4,0,0,0,0,0,0,-48.8775,24.796,28.4987,-16.7553,-23.6402,87.9478,0,0,0,0,0,0,-8.3649,4.14264,5.61675,6.22538,-2.26522,11.706
1786,0.893,4,2,4,0,0,0,0,0,0,-49.1512,24.3963,28.5501,-16.6876,-23.6871,87.5667,0,0,0,0,0,0,-8.43044,4.09163,5.62717,6.21226,-2.23835,11.6908
1787,0.8935,4,2,4,0,0,0,0,0,0,-49.3989,23.9889,28.6105,-16.6097,-23.7525,87.1492,0,0,0,0,0,0,-8.48457,4.03,5.64655,6.21173,-2.22104,11.6448
1788,0.894,4,2,4,0,0,0,0,0,0,-49.6422,23.5695,28.6683,-16.5406,-23.8176,86.7168,0,0,0,0,0,0,-8.53218,3.96471,5.66929,6.2147,-2.20903,11.5973
1789,0.8945,4,2,4,0,0,0,0,0,0,-49.8909,23.1451,28.7121,-16.496,-23.8676,86.2942,0,0,0,0,0,0,-8.57065,3.90332,5.70563,6.22246,-2.21649,11.5431
1790,0.895,4,2,4,0,0,0,0,0,0,-50.1526,22.7159,28.7447,-16.4675,-23.9004,85.8889,0,0,0,0,0,0,-8.62924,3.83712,5.74315,6.2312,-2.21428,11.5153
1791,0.8955,4,2,4,0,0,0,0,0,0,-50.4161,22.2817,28.7755,-16.4432,-23.9312,85.4867,0,0,0,0,0,0,-8.66758,3.7501,5.74448,6.19084,-2.18958,11.4575
1792,0.896,4,2,4,0,0,0,0,0,0,-50.6786,21.8479,28.8042,-16.4173,-23.9633,85.087,0,0,0,0,0,0,-8.69619,3.67236,5.75235,6.17088,-2.17466,11.3877
1793,0.8965,4,2,4,0,0,0,0,0,0,-50.9362,21.4181,28.8563,-16.3534,-24.0114,84.6925,0,0,0,0,0,0,-8.73995,3.59898,5.76553,6.17112,-2.15706,11.3445
1794,0.897,4,2,4,0,0,0,0,0,0,-51.1935,20.9993,28.9054,-16.2901,-24.0556,84.3045,0,0,0,0,0,0,-8.78867,3.53616,5.79346,6.19027,-2.14761,11.3096
1795,0.8975,4,2,4,0,0,0,0,0,0,-51.4517,20.5834,28.9511,-16.2352,-24.098,83.9283,0,0,0,0,0,0,-8.83607,3.48027,5.81018,6.18974,-2.13153,11.2852
1796,0.898,4,2,4,0,0,0,0,0,0,-51.7013,20.1508,28.9884,-16.1951,-24.1366,83.5315,0,0,0,0,0,0,-8.88097,3.42422,5.82274,6.16608,-2.11769,11.2471
1797,0.8985,4,2,4,0,0,0,0,0,0,-51.9248,19.7004,29.0213,-16.1633,-24.1797,83.0844,0,0,0,0,0,0,-8.90723,3.37521,5.84028,6.16384,-2.11179,11.1969
1798,0.899,4,2,4,0,0,0,0,0,0,-52.1277,19.2502,29.0587,-16.1228,-24.2341,82.617,0,0,0,0,0,0,-8.92237,3.30716,5.86607,6.16084,-2.11728,11.1167
1799,0.8995,4,2,4,0,0,0,0,0,0,-52.3224,18.8127,29.0939,-16.0797,-24.2935,82.159,0,0,0,0,0,0,-8.95636,3.23827,5.89624,6.16194,-2.11676,11.0566
1800,0.9,4,2,4,0,0,0,0,0,0,-52.5357,18.3879,29.1577,-16.0001,-24.3659,81.7489,0,0,0,0,0,0,-8.99667,3.1517,5.91411,6.16002,-2.1011,10.9996
1801,0.9005,4,2,4,0,0,0,0,0,0,-52.7604,17.9706,29.2251,-15.9144,-24.433,81.3699,0,0,0,0,0,0,-9.04426,3.07408,5.91946,6.13619,-2.07747,10.9522
1802,0.901,4,2,4,0,0,0,0,0,0,-52.9755,17.5467,29.2761,-15.8481,-24.489,80.9764,0,0,0,0,0,0,-9.09976,2.99914,5.94152,6.13115,-2.06448,10.9301
1803,0.9015,4,2,4,0,0,0,0,0,0,-53.1752,17.104,29.3219,-15.7951,-24.5462,80.5445,0,0,0,0,0,0,-9.11881,2.92088,5.95414,6.12547,-2.05097,10.8567
1804,0.902,4,2,4,0,0,0,0,0,0,-53.3654,16.6483,29.3569,-15.7569,-24.597,80.0897,0,0,0,0,0,0,-9.16746,2.84018,5.97395,6.11126,-2.03684,10.8091
1805,0.9025,4,2,4,0,0,0,0,0,0,-53.5564,16.1948,29.3877,-15.7165,-24.6427,79.6412,0,0,0,0,0,0,-9.22093,2.77553,5.99862,6.1215,-2.02322,10.796
1806,0.903,4,2,4,0,0,0,0,0,0,-53.7681,15.7524,29.4205,-15.6652,-24.681,79.2349,0,0,0,0,0,0,-9.24685,2.70524,6.00691,6.1061,-2.00952,10.7374
1807,0.9035,4,2,4,0,0,0,0,0,0,-53.9819,15.3097,29.465,-15.5966,-24.7238,78.8368,0,0,0,0,0,0,-9.27611,2.62576,6.00944,6.07726,-1.99031,10.6698
1808,0.904,4,2,4,0,0,0,0,0,0,-54.1844,14.8741,29.5081,-15.5249,-24.7689,78.4288,0,0,0,0,0,0,-9.2884,2.55829,5.9987,6.04103,-1.9667,10.59
1809,0.9045,4,2,4,0,0,0,0,0,0,-54.3656,14.4333,29.5503,-15.4631,-24.8232,77.9969,0,0,0,0,0,0,-9.34751,2.50224,6.03413,6.06229,-1.95929,10.5867
1810,0.905,4,2,4,0,0,0,0,0,0,-54.5331,13.9872,29.5925,-15.4069,-24.8851,77.5495,0,0,0,0,0,0,-9.38005,2.42974,6.05949,6.06929,-1.95058,10.5474
1811,0.9055,4,2,4,0,0,0,0,0,0,-54.6974,13.5417,29.6367,-15.348,-24.9486,77.1007,0,0,0,0,0,0,-9.38234,2.35737,6.0584,6.03872,-1.94001,10.4503
1812,0.906,4,2,4,0,0,0,0,0,0,-54.8591,13.0898,29.6708,-15.3027,-25.004,76.6453,0,0,0,0,0,0,-9.41076,2.29044,6.06387,6.01503,-1.92756,10.3947
1813,0.9065,4,2,4,0,0,0,0,0,0,-55.0243,12.6357,29.7323,-15.2162,-25.0729,76.1985,0,0,0,0,0,0,-9.4634,2.23199,6.10457,6.0457,-1.92402,10.3843
1814,0.907,4,2,4,0,0,0,0,0,0,-55.1822,12.1885,29.7867,-15.135,-25.1397,75.756,0,0,0,0,0,0,-9.48256,2.14848,6.11338,6.02709,-1.91082,10.3121
1815,0.9075,4,2,4,0,0,0,0,0,0,-55.3335,11.7437,29.8344,-15.0591,-25.2053,75.3189,0,0,0,0,0,0,-9.49016,2.0738,6.11106,5.99735,-1.8951,10.2276
1816,0.908,4,2,4,0,0,0,0,0,0,-55.4726,11.3008,29.8928,-14.968,-25.2821,74.876,0,0,0,0,0,0,-9.52369,2.01061,6.12902,5.99656,-1.88623,10.1904
1817,0.9085,4,2,4,0,0,0,0,0,0,-55.6025,10.851,29.9395,-14.8993,-25.3526,74.4167,0,0,0,0,0,0,-9.56778,1.94065,6.15257,6.00912,-1.87185,10.1792
1818,0.909,4,2,4,0,0,0,0,0,0,-55.7362,10.3996,29.9859,-14.8356,-25.4212,73.9604,0,0,0,0,0,0,-9.58779,1.86897,6.15714,5.98404,-1.85821,10.1182
1819,0.9095,4,2,4,0,0,0,0,0,0,-55.8739,9.95112,30.0474,-14.7491,-25.4948,73.5186,0,0,0,0,0,0,-9.58054,1.785,6.13277,5.91177,-1.83897,10.0027
1820,0.91,4,2,4,0,0,0,0,0,0,-56.0147,9.50455,30.099,-14.6642,-25.5586,73.0894,0,0,0,0,0,0,-9.64061,1.71243,6.16439,5.92946,-1.82458,9.99438
1821,0.9105,4,2,4,0,0,0,0,0,0,-56.1419,9.05894,30.1497,-14.577,-25.6242,72.6453,0,0,0,0,0,0,-9.68583,1.62498,6.17305,5.92494,-1.79862,9.96968
1822,0.911,4,2,4,0,0,0,0,0,0,-56.2557,8.61039,30.1996,-14.4891,-25.6918,72.1859,0,0,0,0,0,0,-9.67773,1.5362,6.15344,5.88138,-1.77716,9.87314
1823,0.9115,4,2,4,0,0,0,0,0,0,-56.3572,8.15514,30.2426,-14.4138,-25.7582,71.7073,0,0,0,0,0,0,-9.66784,1.45626,6.15606,5.8578,-1.77071,9.77285
1824,0.912,4,2,4,0,0,0,0,0,0,-56.4638,7.69723,30.2816,-14.3466,-25.8201,71.2344,0,0,0,0,0,0,-9.70877,1.38553,6.19272,5.87437,-1.76669,9.73702
1825,0.9125,4,2,4,0,0,0,0,0,0,-56.5871,7.23697,30.33,-14.2673,-25.8795,70.7834,0,0,0,0,0,0,-9.72385,1.30906,6.18234,5.82471,-1.74586,9.67145
1826,0.913,4,2,4,0,0,0,0,0,0,-56.7049,6.78502,30.3793,-14.1817,-25.9423,70.331,0,0,0,0,0,0,-9.73588,1.23482,6.17573,5.79163,-1.72676,9.60498
1827,0.9135,4,2,4,0,0,0,0,0,0,-56.8066,6.33721,30.432,-14.0825,-26.0108,69.8683,0,0,0,0,0,0,-9.7665,1.16325,6.19352,5.79081,-1.71988,9.56657
1828,0.914,4,2,4,0,0,0,0,0,0,-56.8893,5.88194,30.4835,-13.9835,-26.0815,69.3845,0,0,0,0,0,0,-9.78525,1.08335,6.21438,5.80082,-1.71169,9.5095
1829,0.9145,4,2,4,0,0,0,0,0,0,-56.966,5.42996,30.5232,-13.8997,-26.1453,68.9007,0,0,0,0,0,0,-9.78705,1.02018,6.22463,5.79291,-1.70324,9.43721
1830,0.915,4,2,4,0,0,0,0,0,0,-57.0533,4.97175,30.5687,-13.8132,-26.209,68.4339,0,0,0,0,0,0,-9.76311,0.931359,6.20641,5.73626,-1.69015,9.32301
1831,0.9155,4,2,4,0,0,0,0,0,0,-57.1379,4.51907,30.6284,-13.7092,-26.2822,67.9655,0,0,0,0,0,0,-9.78006,0.859273,6.21844,5.72752,-1.68093,9.27261
1832,0.916,4,2,4,0,0,0,0,0,0,-57.2172,4.06858,30.6922,-13.5991,-26.3599,67.4969,0,0,0,0,0,0,-9.81783,0.784606,6.24721,5.74319,-1.67257,9.24411
1833,0.9165,4,2,4,0,0,0,0,0,0,-57.2822,3.62285,30.7553,-13.4847,-26.4389,67.0191,0,0,0,0,0,0,-9.81484,0.712942,6.2462,5.71841,-1.66258,9.15763
1834,0.917,4,2,4,0,0,0,0,0,0,-57.3417,3.17971,30.8123,-13.3744,-26.5114,66.5444,0,0,0,0,0,0,-9.81787,0.633096,6.24917,5.70178,-1.65021,9.08275
1835,0.9175,4,2,4,0,0,0,0,0,0,-57.4014,2.73329,30.8537,-13.287,-26.5764,66.0716,0,0,0,0,0,0,-9.8137,0.545919,6.25191,5.68702,-1.63636,8.99817
1836,0.918,4,2,4,0,0,0,0,0,0,-57.4604,2.28669,30.9065,-13.1856,-26.6478,65.5966,0,0,0,0,0,0,-9.83261,0.477027,6.25899,5.66975,-1.62278,8.93873
1837,0.9185,4,2,4,0,0,0,0,0,0,-57.5255,1.83764,30.9738,-13.0625,-26.7231,65.13,0,0,0,0,0,0,-9.83522,0.409017,6.24296,5.62651,-1.60337,8.86181
1838,0.919,4,2,4,0,0,0,0,0,0,-57.5819,1.39364,31.0458,-12.9273,-26.8003,64.6578,0,0,0,0,0,0,-9.86052,0.336553,6.26023,5.63593,-1.58925,8.8326
1839,0.9195,4,2,4,0,0,0,0,0,0,-57.6204,0.949745,31.1101,-12.7991,-26.8765,64.1686,0,0,0,0,0,0,-9.87432,0.27153,6.26379,5.62716,-1.57351,8.79189
1840,0.92,4,2,4,0,0,0,0,0,0,-57.6429,0.505969,31.1628,-12.6882,-26.9532,63.6634,0,0,0,0,0,0,-9.83959,0.173331,6.23227,5.55992,-1.55351,8.66228
1841,0.9205,4,2,4,0,0,0,0,0,0,-57.6612,0.0604347,31.2179,-12.5733,-27.0325,63.154,0,0,0,0,0,0,-9.81809,0.0856041,6.21682,5.52743,-1.53527,8.55755
1842,0.921,4,2,4,0,0,0,0,0,0,-57.6921,-0.385017,31.2692,-12.4606,-27.1049,62.6693,0,0,0,0,0,0,-9.83181,0.0115939,6.22747,5.52313,-1.52115,8.5015
1843,0.9215,4,2,4,0,0,0,0,0,0,-57.7247,-0.828789,31.3418,-12.3161,-27.1832,62.1912,0,0,0,0,0,0,-9.84552,-0.0688,6.2277,5.49793,-1.50705,8.44299
1844,0.922,4,2,4,0,0,0,0,0,0,-57.7496,-1.27198,31.4169,-12.163,-27.2616,61.706,0,0,0,0,0,0,-9.87316,-0.152954,6.23628,5.49178,-1.49048,8.4105
1845,0.9225,4,2,4,0,0,0,0,0,0,-57.7531,-1.71206,31.4726,-12.0359,-27.3366,61.1949,0,0,0,0,0,0,-9.8436,-0.235859,6.21288,5.45067,-1.47005,8.31184
1846,0.923,4,2,4,0,0,0,0,0,0,-57.7501,-2.15657,31.5216,-11.9182,-27.4075,60.6804,0,0,0,0,0,0,-9.83922,-0.300102,6.21506,5.4461,-1.45677,8.25777
1847,0.9235,4,2,4,0,0,0,0,0,0,-57.756,-2.59944,31.5719,-11.7974,-27.475,60.1871,0,0,0,0,0,0,-9.8317,-0.372686,6.216,5.41136,-1.45442,8.16447
1848,0.924,4,2,4,0,0,0,0,0,0,-57.7746,-3.04049,31.633,-11.6614,-27.5407,59.7183,0,0,0,0,0,0,-9.83691,-0.461648,6.21184,5.3828,-1.4397,8.11007
1849,0.9245,4,2,4,0,0,0,0,0,0,-57.7846,-3.47416,31.7065,-11.5008,-27.6094,59.2458,0,0,0,0,0,0,-9.85721,-0.553831,6.2249,5.39419,-1.41833,8.08491
1850,0.925,4,2,4,0,0,0,0,0,0,-57.7684,-3.90686,31.7622,-11.365,-27.6779,58.7328,0,0,0,0,0,0,-9.83747,-0.62637,6.21017,5.35853,-1.40346,7.99447
1851,0.9255,4,2,4,0,0,0,0,0,0,-57.7517,-4.34837,31.8131,-11.2425,-27.7444,58.2158,0,0,0,0,0,0,-9.81865,-0.697685,6.20271,5.32516,-1.39658,7.89777
1852,0.926,4,2,4,0,0,0,0,0,0,-57.7424,-4.79076,31.8682,-11.1174,-27.8111,57.7135,0,0,0,0,0,0,-9.82293,-0.765227,6.2015,5.29288,-1.38918,7.8291
1853,0.9265,4,2,4,0,0,0,0,0,0,-57.7405,-5.22968,31.9238,-10.9866,-27.8737,57.2362,0,0,0,0,0,0,-9.82322,-0.849688,6.20757,5.27405,-1.37922,7.77549
1854,0.927,4,2,4,0,0,0,0,0,0,-57.7329,-5.65293,32.001,-10.8151,-27.9434,56.767,0,0,0,0,0,0,-9.83695,-0.922475,6.21397,5.27276,-1.36183,7.75189
1855,0.9275,4,2,4,0,0,0,0,0,0,-57.6981,-6.07281,32.0737,-10.6471,-28.0164,56.2608,0,0,0,0,0,0,-9.82718,-0.998442,6.21418,5.26309,-1.35005,7.67818
1856,0.928,4,2,4,0,0,0,0,0,0,-57.6625,-6.50238,32.1342,-10.5006,-28.0844,55.7475,0,0,0,0,0,0,-9.78922,-1.07668,6.18385,5.2041,-1.33588,7.55874
1857,0.9285,4,2,4,0,0,0,0,0,0,-57.6255,-6.93832,32.1943,-10.3578,-28.1493,55.2343,0,0,0,0,0,0,-9.78866,-1.14921,6.16852,5.16952,-1.31454,7.49927
1858,0.929,4,2,4,0,0,0,0,0,0,-57.604,-7.36657,32.2444,-10.2247,-28.2058,54.7538,0,0,0,0,0,0,-9.78103,-1.22481,6.16413,5.15711,-1.29575,7.4443
1859,0.9295,4,2,4,0,0,0,0,0,0,-57.5762,-7.78231,32.3162,-10.0594,-28.2715,54.2714,0,0,0,0,0,0,-9.76302,-1.30067,6.14095,5.11721,-1.27476,7.37042
1860,0.93,4,2,4,0,0,0,0,0,0,-57.5333,-8.1969,32.3954,-9.88091,-28.344,53.7676,0,0,0,0,0,0,-9.78575,-1.37032,6.16707,5.13325,-1.26766,7.33803
1861,0.9305,4,2,4,0,0,0,0,0,0,-57.4772,-8.62833,32.4739,-9.70476,-28.418,53.2495,0,0,0,0,0,0,-9.75426,-1.43752,6.15117,5.09552,-1.25858,7.23896
1862,0.931,4,2,4,0,0,0,0,0,0,-57.4188,-9.0547,32.5415,-9.5343,-28.4839,52.7479,0,0,0,0,0,0,-9.72763,-1.51514,6.1311,5.06758,-1.23354,7.16725
1863,0.9315,4,2,4,0,0,0,0,0,0,-57.3598,-9.47573,32.5935,-9.38273,-28.5413,52.2582,0,0,0,0,0,0,-9.68729,-1.60021,6.11658,5.04218,-1.21779,7.0672
1864,0.932,4,2,4,0,0,0,0,0,0,-57.2907,-9.88179,32.6572,-9.21719,-28.607,51.756,0,0,0,0,0,0,-9.67728,-1.69462,6.10548,5.00913,-1.20257,6.99716
1865,0.9325,4,2,4,0,0,0,0,0,0,-57.2106,-10.2971,32.7359,-9.03302,-28.6786,51.2334,0,0,0,0,0,0,-9.63435,-1.76832,6.07655,4.95754,-1.19128,6.88577
1866,0.933,4,2,4,0,0,0,0,0,0,-57.127,-10.7245,32.8164,-8.84357,-28.7475,50.7063,0,0,0,0,0,0,-9.62329,-1.83664,6.0828,4.95687,-1.18368,6.82571
1867,0.9335,4,2,4,0,0,0,0,0,0,-57.0511,-11.1458,32.888,-8.65824,-28.8054,50.1996,0,0,0,0,0,0,-9.57158,-1.90166,6.05922,4.92017,-1.17155,6.71578
1868,0.934,4,2,4,0,0,0,0,0,0,-56.9744,-11.5591,32.9397,-8.49908,-28.8562,49.6949,0,0,0,0,0,0,-9.55061,-1.98707,6.04498,4.89485,-1.15199,6.65715
1869,0.9345,4,2,4,0,0,0,0,0,0,-56.8802,-11.9652,32.9935,-8.33248,-28.9056,49.1698,0,0,0,0,0,0,-9.51541,-2.06481,6.0217,4.84648,-1.14237,6.55183
1870,0.935,4,2,4,0,0,0,0,0,0,-56.773,-12.382,33.0519,-8.15593,-28.9527,48.6263,0,0,0,0,0,0,-9.50143,-2.14254,6.01452,4.82184,-1.13169,6.47451
1871,0.9355,4,2,4,0,0,0,0,0,0,-56.679,-12.8064,33.1211,-7.96001,-28.996,48.1011,0,0,0,0,0,0,-9.45941,-2.21068,6.00475,4.79359,-1.13043,6.36282
1872,0.936,4,2,4,0,0,0,0,0,0,-56.6116,-13.2232,33.1955,-7.7581,-29.0356,47.6147,0,0,0,0,0,0,-9.45326,-2.29408,6.0124,4.7956,-1.1161,6.32182
1873,0.9365,4,2,4,0,0,0,0,0,0,-56.5397,-13.624,33.2603,-7.572,-29.0754,47.1287,0,0,0,0,0,0,-9.41238,-2.37208,5.99912,4.76346,-1.10737,6.23045
1874,0.937,4,2,4,0,0,0,0,0,0,-56.448,-14.018,33.3139,-7.40304,-29.1145,46.6196,0,0,0,0,0,0,-9.36265,-2.43432,5.96174,4.69766,-1.09464,6.11937
1875,0.9375,4,2,4,0,0,0,0,0,0,-56.3398,-14.4249,33.3737,-7.22625,-29.1547,46.0839,0,0,0,0,0,0,-9.34416,-2.48665,5.95044,4.67731,-1.08271,6.04703
1876,0.938,4,2,4,0,0,0,0,0,0,-56.2423,-14.839,33.4438,-7.03654,-29.1955,45.5687,0,0,0,0,0,0,-9.35304,-2.55591,5.95532,4.67917,-1.06788,6.01401
1877,0.9385,4,2,4,0,0,0,0,0,0,-56.1579,-15.2469,33.5298,-6.81943,-29.237,45.0843,0,0,0,0,0,0,-9.3427,-2.63817,5.95697,4.67611,-1.05349,5.96353
1878,0.939,4,2,4,0,0,0,0,0,0,-56.066,-15.6339,33.6036,-6.61248,-29.2779,44.6013,0,0,0,0,0,0,-9.28337,-2.72094,5.92653,4.62755,-1.04111,5.84201
1879,0.9395,4,2,4,0,0,0,0,0,0,-55.9565,-16.0221,33.6639,-6.42192,-29.3163,44.0949,0,0,0,0,0,0,-9.24787,-2.78962,5.90591,4.59573,-1.02342,5.7591
1880,0.94,4,2,4,0,0,0,0,0,0,-55.8197,-16.4194,33.7217,-6.23453,-29.3559,43.5556,0,0,0,0,0,0,-9.19337,-2.83981,5.86481,4.54351,-1.004,5.65452
1881,0.9405,4,2,4,0,0,0,0,0,0,-55.6799,-16.8199,33.7767,-6.0483,-29.3918,43.0231,0,0,0,0,0,0,-9.16508,-2.90098,5.84878,4.52966,-0.985696,5.60006
1882,0.941,4,2,4,0,0,0,0,0,0,-55.5575,-17.2106,33.8427,-5.84458,-29.4265,42.5219,0,0,0,0,0,0,-9.14069,-2.97851,5.84716,4.51944,-0.977752,5.53535
1883,0.9415,4,2,4,0,0,0,0,0,0,-55.4386,-17.5852,33.9145,-5.63073,-29.4618,42.0293,0,0,0,0,0,0,-9.10597,-3.06399,5.83598,4.4989,-0.967026,5.45354
1884,0.942,4,2,4,0,0,0,0,0,0,-55.3023,-17.9654,33.9768,-5.42885,-29.4958,41.5165,0,0,0,0,0,0,-9.06245,-3.13619,5.80254,4.45777,-0.951258,5.37342
1885,0.9425,4,2,4,0,0,0,0,0,0,-55.1458,-18.3535,34.0256,-5.23919,-29.5233,40.9778,0,0,0,0,0,0,-8.97582,-3.19686,5.74448,4.38319,-0.936803,5.24015
1886,0.943,4,2,4,0,0,0,0,0,0,-54.9848,-18.7477,34.0605,-5.06172,-29.5388,40.4444,0,0,0,0,0,0,-8.90875,-3.26157,5.71539,4.34404,-0.925255,5.12786
1887,0.9435,4,2,4,0,0,0,0,0,0,-54.8317,-19.1256,34.0935,-4.87882,-29.5442,39.9298,0,0,0,0,0,0,-8.86915,-3.33493,5.72001,4.34801,-0.917548,5.05369
1888,0.944,4,2,4,0,0,0,0,0,0,-54.6913,-19.4931,34.1364,-4.68127,-29.5462,39.4275,0,0,0,0,0,0,-8.83025,-3.41102,5.70793,4.32376,-0.912065,4.96658
1889,0.9445,4,2,4,0,0,0,0,0,0,-54.5614,-19.8747,34.1947,-4.47287,-29.5517,38.9276,0,0,0,0,0,0,-8.79804,-3.47583,5.6807,4.27352,-0.908072,4.88439
1890,0.945,4,2,4,0,0,0,0,0,0,-54.437,-20.2596,34.2696,-4.25092,-29.5622,38.4237,0,0,0,0,0,0,-8.77473,-3.54506,5.67032,4.24099,-0.903657,4.8058
1891,0.9455,4,2,4,0,0,0,0,0,0,-54.3283,-20.6434,34.3453,-4.03849,-29.5721,37.9316,0,0,0,0,0,0,-8.74897,-3.61185,5.67124,4.23152,-0.892463,4.73478
1892,0.946,4,2,4,0,0,0,0,0,0,-54.2266,-21.0117,34.4226,-3.82571,-29.578,37.4487,0,0,0,0,0,0,-8.71985,-3.67205,5.66575,4.21593,-0.881041,4.66308
1893,0.9465,4,2,4,0,0,0,0,0,0,-54.1257,-21.3759,34.5016,-3.61118,-29.5808,36.9713,0,0,0,0,0,0,-8.70228,-3.73435,5.66575,4.19813,-0.874239,4.59446
1894,0.947,4,2,4,0,0,0,0,0,0,-54.0215,-21.7546,34.5897,-3.38714,-29.5848,36.4935,0,0,0,0,0,0,-8.64928,-3.79583,5.63185,4.14153,-0.867137,4.48171
1895,0.9475,4,2,4,0,0,0,0,0,0,-53.9006,-22.1379,34.6821,-3.1539,-29.5944,36.0071,0,0,0,0,0,0,-8.65239,-3.86933,5.63806,4.14294,-0.852464,4.45501
1896,0.948,4,2,4,0,0,0,0,0,0,-53.7598,-22.519,34.7705,-2.92256,-29.6097,35.5099,0,0,0,0,0,0,-8.61099,-3.92859,5.6201,4.1221,-0.839908,4.38575
1897,0.9485,4,2,4,0,0,0,0,0,0,-53.5887,-22.8813,34.841,-2.69808,-29.6233,34.9934,0,0,0,0,0,0,-8.5307,-3.9849,5.56342,4.0573,-0.821196,4.28046
1898,0.949,4,2,4,0,0,0,0,0,0,-53.3918,-23.2378,34.8884,-2.49096,-29.6298,34.4655,0,0,0,0,0,0,-8.45603,-4.03533,5.52415,4.00824,-0.809337,4.17176
1899,0.9495,4,2,4,0,0,0,0,0,0,-53.1924,-23.6003,34.9265,-2.28899,-29.6246,33.9459,0,0,0,0,0,0,-8.40063,-4.09563,5.50238,3.99175,-0.792099,4.09994
1900,0.95,4,2,4,0,0,0,0,0,0,-52.9962,-23.9658,34.9704,-2.08021,-29.6135,33.4305,0,0,0,0,0,0,-8.33714,-4.16277,5.46752,3.96497,-0.772823,4.02838
1901,0.9505,4,2,4,0,0,0,0,0,0,-52.8178,-24.3233,35.0176,-1.86839,-29.5994,32.9329,0,0,0,0,0,0,-8.2739,-4.23389,5.44072,3.94025,-0.760536,3.94769
1902,0.951,4,2,4,0,0,0,0,0,0,-52.6549,-24.668,35.0763,-1.63879,-29.5835,32.4564,0,0,0,0,0,0,-8.22796,-4.29843,5.42962,3.93553,-0.745826,3.88783
1903,0.9515,4,2,4,0,0,0,0,0,0,-52.4816,-25.0113,35.1259,-1.41432,-29.5626,31.975,0,0,0,0,0,0,-8.17361,-4.36401,5.40849,3.9215,-0.727699,3.82534
1904,0.952,4,2,4,0,0,0,0,0,0,-52.2883,-25.3602,35.1547,-1.20387,-29.5291,31.487,0,0,0,0,0,0,-8.10973,-4.43279,5.36324,3.87235,-0.71093,3.74802
1905,0.9525,4,2,4,0,0,0,0,0,0,-52.0591,-25.7075,35.158,-1.01461,-29.4843,30.9684,0,0,0,0,0,0,-8.03461,-4.49303,5.31753,3.81633,-0.70075,3.63737
1906,0.953,4,2,4,0,0,0,0,0,0,-51.8103,-26.0422,35.138,-0.845506,-29.4306,30.4353,0,0,0,0,0,0,-7.94251,-4.54808,5.27382,3.77342,-0.689821,3.51906
1907,0.9535,4,2,4,0,0,0,0,0,0,-51.5786,-26.3712,35.1202,-0.668497,-29.3687,29.923,0,0,0,0,0,0,-7.87625,-4.60961,5.25035,3.7518,-0.679563,3.42751
1908,0.954,4,2,4,0,0,0,0,0,0,-51.3664,-26.7107,35.1218,-0.474066,-29.3099,29.4229,0,0,0,0,0,0,-7.82221,-4.68146,5.22313,3.71656,-0.670138,3.34597
1909,0.9545,4,2,4,0,0,0,0,0,0,-51.1775,-27.0611,35.1495,-0.255153,-29.2552,28.9402,0,0,0,0,0,0,-7.75577,-4.73627,5.18507,3.66211,-0.668539,3.23809
1910,0.955,4,2,4,0,0,0,0,0,0,-50.9984,-27.4128,35.1925,-0.0302727,-29.2061,28.4449,0,0,0,0,0,0,-7.73018,-4.79543,5.18568,3.66647,-0.655471,3.18607
1911,0.9555,4,2,4,0,0,0,0,0,0,-50.8492,-27.76,35.2448,0.186807,-29.1606,27.9559,0,0,0,0,0,0,-7.68507,-4.84969,5.16385,3.62853,-0.648868,3.08925
1912,0.956,4,2,4,0,0,0,0,0,0,-50.7648,-28.1113,35.3295,0.418104,-29.1162,27.513,0,0,0,0,0,0,-7.68825,-4.91457,5.17301,3.62147,-0.639589,3.04014
1913,0.9565,4,2,4,0,0,0,0,0,0,-50.7058,-28.4755,35.4401,0.666751,-29.0752,27.1012,0,0,0,0,0,0,-7.68104,-4.9697,5.17012,3.58422,-0.644116,2.96123
1914,0.957,4,2,4,0,0,0,0,0,0,-50.623,-28.8433,35.5452,0.915205,-29.0344,26.6904,0,0,0,0,0,0,-7.69667,-5.03381,5.19428,3.59318,-0.642843,2.93949
1915,0.9575,4,2,4,0,0,0,0,0,0,-50.4914,-29.1916,35.6353,1.16031,-28.9994,26.2451,0,0,0,0,0,0,-7.64931,-5.0819,5.1676,3.55962,-0.638138,2.87206
1916,0.958,4,2,4,0,0,0,0,0,0,-50.3202,-29.5221,35.6993,1.38793,-28.9662,25.7695,0,0,0,0,0,0,-7.59343,-5.12796,5.14193,3.53639,-0.629556,2.80343
1917,0.9585,4,2,4,0,0,0,0,0,0,-50.1182,-29.8382,35.7389,1.59975,-28.9235,25.279,0,0,0,0,0,0,-7.50664,-5.15271,5.10045,3.50665,-0.614998,2.71536
1918,0.959,4,2,4,0,0,0,0,0,0,-49.9037,-30.1625,35.7556,1.79541,-28.8625,24.7941,0,0,0,0,0,0,-7.38806,-5.18316,5.03107,3.44534,-0.597458,2.59618
1919,0.9595,4,2,4,0,0,0,0,0,0,-49.694,-30.4933,35.7597,1.98495,-28.7827,24.327,0,0,0,0,0,0,-7.27844,-5.2255,4.97095,3.38656,-0.586245,2.47531
1920,0.96,4,2,4,0,0,0,0,0,0,-49.4751,-30.8112,35.7474,2.15986,-28.6934,23.8463,0,0,0,0,0,0,-7.20857,-5.28287,4.93724,3.36831,-0.563749,2.41762
1921,0.9605,4,2,4,0,0,0,0,0,0,-49.2466,-31.1263,35.7315,2.33256,-28.603,23.3518,0,0,0,0,0,0,-7.14868,-5.34398,4.9156,3.35878,-0.547278,2.36136
1922,0.961,4,2,4,0,0,0,0,0,0,-49.0324,-31.436,35.7285,2.52545,-28.5131,22.8771,0,0,0,0,0,0,-7.0856,-5.39254,4.89514,3.33968,-0.542585,2.29167
1923,0.9615,4,2,4,0,0,0,0,0,0,-48.83,-31.7586,35.7356,2.73313,-28.4215,22.4288,0,0,0,0,0,0,-7.0065,-5.4363,4.86009,3.30305,-0.536185,2.19944
1924,0.962,4,2,4,0,0,0,0,0,0,-48.628,-32.0782,35.7447,2.94886,-28.3234,21.994,0,0,0,0,0,0,-6.97731,-5.50114,4.84668,3.29466,-0.518426,2.16805
1925,0.9625,4,2,4,0,0,0,0,0,0,-48.4147,-32.3812,35.7347,3.14326,-28.22,21.541,0,0,0,0,0,0,-6.91522,-5.55033,4.80835,3.25817,-0.501425,2.08567
1926,0.963,4,2,4,0,0,0,0,0,0,-48.199,-32.6782,35.7158,3.32058,-28.1155,21.0685,0,0,0,0,0,0,-6.84437,-5.59298,4.77052,3.22277,-0.485655,1.99466
1927,0.9635,4,2,4,0,0,0,0,0,0,-48.0056,-32.9782,35.7051,3.49644,-28.0104,20.6127,0,0,0,0,0,0,-6.79708,-5.63826,4.74544,3.19489,-0.472268,1.92597
1928,0.964,4,2,4,0,0,0,0,0,0,-47.8377,-33.3034,35.7134,3.68564,-27.9054,20.1881,0,0,0,0,0,0,-6.75805,-5.69819,4.73277,3.17571,-0.465979,1.87212
1929,0.9645,4,2,4,0,0,0,0,0,0,-47.6806,-33.637,35.7429,3.89547,-27.8057,19.7798,0,0,0,0,0,0,-6.70965,-5.75859,4.71932,3.15515,-0.465718,1.80203
1930,0.965,4,2,4,0,0,0,0,0,0,-47.5119,-33.9559,35.7779,4.10917,-27.716,19.3577,0,0,0,0,0,0,-6.65543,-5.80351,4.70035,3.13062,-0.465518,1.72567
1931,0.9655,4,2,4,0,0,0,0,0,0,-47.3165,-34.2638,35.8049,4.31563,-27.6301,18.9083,0,0,0,0,0,0,-6.59311,-5.83987,4.68574,3.12162,-0.458459,1.65568
1932,0.966,4,2,4,0,0,0,0,0,0,-47.1146,-34.5651,35.8179,4.50925,-27.5365,18.4612,0,0,0,0,0,0,-6.5053,-5.86225,4.64555,3.08594,-0.450907,1.56557
1933,0.9665,4,2,4,0,0,0,0,0,0,-46.9133,-34.8728,35.8208,4.69506,-27.4276,18.0303,0,0,0,0,0,0,-6.42742,-5.89326,4.59567,3.03513,-0.441243,1.46942
1934,0.967,4,2,4,0,0,0,0,0,0,-46.7192,-35.1844,35.8157,4.87469,-27.3047,17.6195,0,0,0,0,0,0,-6.36636,-5.9414,4.55869,2.9967,-0.428487,1.3892
1935,0.9675,4,2,4,0,0,0,0,0,0,-46.5204,-35.4765,35.8005,5.04697,-27.1769,17.1955,0,0,0,0,0,0,-6.29975,-5.98822,4.52588,2.96363,-0.417162,1.31982
1936,0.968,4,2,4,0,0,0,0,0,0,-46.3124,-35.7621,35.7885,5.22383,-27.0508,16.7556,0,0,0,0,0,0,-6.23548,-6.03282,4.49729,2.93451,-0.413198,1.25349
1937,0.9685,4,2,4,0,0,0,0,0,0,-46.1111,-36.0496,35.784,5.40883,-26.9281,16.3307,0,0,0,0,0,0,-6.17081,-6.0598,4.47634,2.92228,-0.406104,1.17915
1938,0.969,4,2,4,0,0,0,0,0,0,-45.9227,-36.3447,35.791,5.60709,-26.8071,15.9305,0,0,0,0,0,0,-6.1091,-6.09653,4.44704,2.89898,-0.395213,1.11678
1939,0.9695,4,2,4,0,0,0,0,0,0,-45.7383,-36.6441,35.7974,5.80348,-26.6859,15.5476,0,0,0,0,0,0,-6.05901,-6.15932,4.42415,2.87812,-0.3825,1.07606
1940,0.97,4,2,4,0,0,0,0,0,0,-45.5374,-36.9239,35.7873,5.98391,-26.5623,15.1418,0,0,0,0,0,0,-5.97857,-6.192,4.38181,2.84492,-0.370267,0.993721
1941,0.9705,4,2,4,0,0,0,0,0,0,-45.3276,-37.1989,35.7662,6.1534,-26.4327,14.7187,0,0,0,0,0,0,-5.93123,-6.24813,4.36601,2.83056,-0.356927,0.933778
1942,0.971,4,2,4,0,0,0,0,0,0,-45.1205,-37.4799,35.7443,6.32041,-26.2962,14.2977,0,0,0,0,0,0,-5.8514,-6.26062,4.32846,2.80214,-0.346831,0.854312
1943,0.9715,4,2,4,0,0,0,0,0,0,-44.9251,-37.7756,35.7313,6.4954,-26.1534,13.8962,0,0,0,0,0,0,-5.79296,-6.29985,4.30551,2.78168,-0.337999,0.792264
1944,0.972,4,2,4,0,0,0,0,0,0,-44.7483,-38.0794,35.7245,6.67526,-26.0081,13.5218,0,0,0,0,0,0,-5.74634,-6.35818,4.28769,2.76046,-0.333464,0.739004
1945,0.9725,4,2,4,0,0,0,0,0,0,-44.5663,-38.3627,35.7145,6.85051,-25.8697,13.135,0,0,0,0,0,0,-5.6879,-6.38664,4.25049,2.73029,-0.32384,0.698902
1946,0.973,4,2,4,0,0,0,0,0,0,-44.3758,-38.6352,35.7011,7.02203,-25.7379,12.7353,0,0,0,0,0,0,-5.62752,-6.41501,4.23554,2.71585,-0.324481,0.628314
1947,0.9735,4,2,4,0,0,0,0,0,0,-44.1813,-38.9078,35.6848,7.19302,-25.6056,12.338,0,0,0,0,0,0,-5.56059,-6.4301,4.21859,2.71169,-0.317425,0.562708
1948,0.974,4,2,4,0,0,0,0,0,0,-43.9839,-39.1878,35.6566,7.35868,-25.4599,11.9516,0,0,0,0,0,0,-5.49039,-6.45196,4.19098,2.69906,-0.304283,0.507388
1949,0.9745,4,2,4,0,0,0,0,0,0,-43.7927,-39.4735,35.614,7.5153,-25.2998,11.5871,0,0,0,0,0,0,-5.39471,-6.47225,4.12899,2.63822,-0.300034,0.400984
1950,0.975,4,2,4,0,0,0,0,0,0,-43.5933,-39.7415,35.5555,7.66098,-25.132,11.212,0,0,0,0,0,0,-5.31907,-6.5057,4.07523,2.58104,-0.293625,0.30755
1951,0.9755,4,2,4,0,0,0,0,0,0,-43.3809,-39.9981,35.4884,7.79896,-24.9622,10.8176,0,0,0,0,0,0,-5.27821,-6.55824,4.05935,2.56455,-0.280863,0.25649
1952,0.976,4,2,4,0,0,0,0,0,0,-43.1732,-40.2611,35.4223,7.93681,-24.7906,10.4265,0,0,0,0,0,0,-5.25136,-6.61225,4.05228,2.55663,-0.269914,0.219354
1953,0.9765,4,2,4,0,0,0,0,0,0,-42.9871,-40.5373,35.3744,8.08944,-24.619,10.064,0,0,0,0,0,0,-5.19424,-6.63464,4.01534,2.52359,-0.261449,0.157321
1954,0.977,4,2,4,0,0,0,0,0,0,-42.8246,-40.8268,35.3439,8.25274,-24.4536,9.73484,0,0,0,0,0,0,-5.13245,-6.66128,3.97824,2.48908,-0.258568,0.0982166
1955,0.9775,4,2,4,0,0,0,0,0,0,-42.6677,-41.1046,35.3183,8.41474,-24.2977,9.40388,0,0,0,0,0,0,-5.08225,-6.69692,3.96132,2.48356,-0.250378,0.06523
1956,0.978,4,2,4,0,0,0,0,0,0,-42.4905,-41.365,35.286,8.56765,-24.1479,9.04211,0,0,0,0,0,0,-5.02372,-6.71835,3.9399,2.47277,-0.244404,0.022918
1957,0.9785,4,2,4,0,0,0,0,0,0,-42.2969,-41.6223,35.2394,8.7069,-23.9955,8.66439,0,0,0,0,0,0,-4.9684,-6.74799,3.92651,2.46701,-0.236961,-0.0281707
1958,0.979,4,2,4,0,0,0,0,0,0,-42.1014,-41.8812,35.1857,8.84258,-23.8319,8.29909,0,0,0,0,0,0,-4.8873,-6.76578,3.87611,2.42053,-0.232441,-0.109034
1959,0.9795,4,2,4,0,0,0,0,0,0,-41.9196,-42.1502,35.1303,8.98063,-23.6527,7.96558,0,0,0,0,0,0,-4.81087,-6.78505,3.83326,2.38243,-0.221535,-0.187981
1960,0.98,4,2,4,0,0,0,0,0,0,-41.7425,-42.4191,35.0682,9.11386,-23.4644,7.64898,0,0,0,0,0,0,-4.74218,-6.81911,3.80067,2.35667,-0.206563,-0.249043
1961,0.9805,4,2,4,0,0,0,0,0,0,-41.5546,-42.6724,34.9996,9.24127,-23.2739,7.31667,0,0,0,0,0,0,-4.6773,-6.85869,3.77785,2.34514,-0.193864,-0.2915
1962,0.981,4,2,4,0,0,0,0,0,0,-41.3515,-42.9177,34.9252,9.36011,-23.0878,6.96832,0,0,0,0,0,0,-4.61592,-6.88535,3.74933,2.32681,-0.184361,-0.335764
1963,0.9815,4,2,4,0,0,0,0,0,0,-41.1459,-43.162,34.8553,9.48189,-22.9067,6.62616,0,0,0,0,0,0,-4.55044,-6.89873,3.72289,2.30824,-0.179905,-0.397286
1964,0.982,4,2,4,0,0,0,0,0,0,-40.9393,-43.4093,34.7938,9.61118,-22.7313,6.2963,0,0,0,0,0,0,-4.4942,-6.91686,3.69436,2.2827,-0.176044,-0.463107
1965,0.9825,4,2,4,0,0,0,0,0,0,-40.7437,-43.6568,34.7325,9.73918,-22.5604,5.98842,0,0,0,0,0,0,-4.43937,-6.94372,3.6653,2.25739,-0.169609,-0.524043
1966,0.983,4,2,4,0,0,0,0,0,0,-40.5472,-43.8867,34.664,9.85906,-22.3929,5.6687,0,0,0,0,0,0,-4.39114,-6.97383,3.62809,2.22648,-0.162799,-0.566338
1967,0.9835,4,2,4,0,0,0,0,0,0,-40.3561,-44.1106,34.5964,9.97871,-22.223,5.34018,0,0,0,0,0,0,-4.34554,-6.99539,3.60109,2.20864,-0.149798,-0.603888
1968,0.984,4,2,4,0,0,0,0,0,0,-40.1634,-44.342,34.523,10.0889,-22.0501,5.00405,0,0,0,0,0,0,-4.2875,-7.00883,3.57591,2.19148,-0.137795,-0.655541
1969,0.9845,4,2,4,0,0,0,0,0,0,-39.9772,-44.5885,34.4537,10.2022,-21.8677,4.67426,0,0,0,0,0,0,-4.2044,-7.02187,3.53452,2.15636,-0.132527,-0.732873
1970,0.985,4,2,4,0,0,0,0,0,0,-39.802,-44.8449,34.3862,10.3168,-21.6765,4.36354,0,0,0,0,0,0,-4.13646,-7.05267,3.51351,2.14123,-0.127099,-0.790166
1971,0.9855,4,2,4,0,0,0,0,0,0,-39.6274,-45.0904,34.3084,10.4192,-21.4855,4.05504,0,0,0,0,0,0,-4.07043,-7.08999,3.49507,2.1259,-0.121752,-0.846671
1972,0.986,4,2,4,0,0,0,0,0,0,-39.44,-45.3221,34.2277,10.5193,-21.2964,3.73683,0,0,0,0,0,0,-4.00471,-7.1022,3.45935,2.0946,-0.120333,-0.902225
1973,0.9865,4,2,4,0,0,0,0,0,0,-39.2467,-45.5453,34.1483,10.6209,-21.1101,3.41923,0,0,0,0,0,0,-3.93652,-7.09939,3.42231,2.07005,-0.116322,-0.948969
1974,0.987,4,2,4,0,0,0,0,0,0,-39.0579,-45.7674,34.0697,10.7235,-20.9267,3.12306,0,0,0,0,0,0,-3.88902,-7.11281,3.39623,2.06165,-0.104901,-0.968579
1975,0.9875,4,2,4,0,0,0,0,0,0,-38.8757,-45.9977,33.9947,10.8339,-20.7413,2.85332,0,0,0,0,0,0,-3.84574,-7.13387,3.37623,2.04955,-0.0978106,-1.00636
1976,0.988,4,2,4,0,0,0,0,0,0,-38.707,-46.2279,33.9144,10.9384,-20.5546,2.59943,0,0,0,0,0,0,-3.80127,-7.1646,3.35086,2.02674,-0.093331,-1.04737
1977,0.9885,4,2,4,0,0,0,0,0,0,-38.539,-46.4473,33.8228,11.0311,-20.3669,2.3387,0,0,0,0,0,0,-3.73815,-7.18193,3.31108,1.99366,-0.0872045,-1.09576
1978,0.989,4,2,4,0,0,0,0,0,0,-38.3641,-46.6532,33.7249,11.1201,-20.1764,2.06712,0,0,0,0,0,0,-3.68845,-7.2028,3.29279,1.98586,-0.0720622,-1.12263
1979,0.9895,4,2,4,0,0,0,0,0,0,-38.185,-46.8601,33.63,11.2132,-19.9828,1.78822,0,0,0,0,0,0,-3.61981,-7.19894,3.2625,1.96619,-0.0610057,-1.18148
1980,0.99,4,2,4,0,0,0,0,0,0,-38.0064,-47.0822,33.5409,11.309,-19.7879,1.51152,0,0,0,0,0,0,-3.55102,-7.20963,3.23224,1.94749,-0.0506601,-1.23468
1981,0.9905,4,2,4,0,0,0,0,0,0,-37.8401,-47.3166,33.4553,11.4072,-19.5877,1.25254,0,0,0,0,0,0,-3.49213,-7.22772,3.20048,1.92454,-0.0448224,-1.28428
1982,0.991,4,2,4,0,0,0,0,0,0,-37.666,-47.5396,33.3596,11.4937,-19.3894,0.979737,0,0,0,0,0,0,-3.45594,-7.25478,3.18283,1.91662,-0.0344801,-1.31565
1983,0.9915,4,2,4,0,0,0,0,0,0,-37.4764,-47.749,33.2505,11.5664,-19.1984,0.686881,0,0,0,0,0,0,-3.39858,-7.26419,3.15024,1.89288,-0.0304912,-1.36452
1984,0.992,4,2,4,0,0,0,0,0,0,-37.2949,-47.9531,33.1449,11.6425,-19.0112,0.394622,0,0,0,0,0,0,-3.3408,-7.27183,3.11658,1.86296,-0.037914,-1.4224
1985,0.9925,4,2,4,0,0,0,0,0,0,-37.1279,-48.1642,33.0473,11.7253,-18.8254,0.121808,0,0,0,0,0,0,-3.2981,-7.28394,3.09978,1.85576,-0.0358682,-1.44478
1986,0.993,4,2,4,0,0,0,0,0,0,-36.9674,-48.3892,32.9482,11.8107,-18.6328,-0.116591,0,0,0,0,0,0,-3.25689,-7.29922,3.08974,1.86021,-0.0236549,-1.45286
1987,0.9935,4,2,4,0,0,0,0,0,0,-36.8127,-48.6109,32.8412,11.8935,-18.4312,-0.333902,0,0,0,0,0,0,-3.19452,-7.30783,3.06036,1.84158,-0.0158839,-1.50303
1988,0.994,4,2,4,0,0,0,0,0,0,-36.6524,-48.8212,32.7214,11.964,-18.2283,-0.561017,0,0,0,0,0,0,-3.12678,-7.30523,3.01718,1.80759,-0.0115496,-1.56698
1989,0.9945,4,2,4,0,0,0,0,0,0,-36.4776,-49.0143,32.5878,12.0235,-18.0245,-0.801766,0,0,0,0,0,0,-3.07793,-7.32611,2.99424,1.79694,0.00452577,-1.59048
1990,0.995,4,2,4,0,0,0,0,0,0,-36.2896,-49.1934,32.4494,12.0822,-17.8193,-1.05524,0,0,0,0,0,0,-3.01425,-7.31282,2.95583,1.7651,0.00727386,-1.65914
1991,0.9955,4,2,4,0,0,0,0,0,0,-36.0983,-49.3681,32.3106,12.1406,-17.6163,-1.31224,0,0,0,0,0,0,-2.96718,-7.3144,2.91731,1.73546,0.0123805,-1.70827
1992,0.996,4,2,4,0,0,0,0,0,0,-35.9249,-49.5664,32.1822,12.2061,-17.4125,-1.54513,0,0,0,0,0,0,-2.93122,-7.33456,2.88568,1.71705,0.0238007,-1.72394
1993,0.9965,4,2,4,0,0,0,0,0,0,-35.7725,-49.7659,32.0555,12.2662,-17.2148,-1.76944,0,0,0,0,0,0,-2.90376,-7.35991,2.86869,1.71113,0.0371592,-1.72509
1994,0.997,4,2,4,0,0,0,0,0,0,-35.6303,-49.9643,31.9255,12.3153,-17.0225,-1.99678,0,0,0,0,0,0,-2.85998,-7.36173,2.83476,1.6866,0.0360509,-1.76571
1995,0.9975,4,2,4,0,0,0,0,0,0,-35.4918,-50.1608,31.7939,12.3559,-16.8336,-2.22923,0,0,0,0,0,0,-2.82284,-7.37724,2.8163,1.67333,0.0369688,-1.79302
1996,0.998,4,2,4,0,0,0,0,0,0,-35.3531,-50.3562,31.6665,12.4001,-16.6445,-2.45221,0,0,0,0,0,0,-2.77215,-7.3766,2.7993,1.65925,0.0378855,-1.8327
1997,0.9985,4,2,4,0,0,0,0,0,0,-35.2085,-50.5528,31.5398,12.4475,-16.4516,-2.66043,0,0,0,0,0,0,-2.71075,-7.3605,2.77024,1.64041,0.042564,-1.88215
1998,0.999,4,2,4,0,0,0,0,0,0,-35.0615,-50.755,31.4133,12.4996,-16.2501,-2.84513,0,0,0,0,0,0,-2.64886,-7.3546,2.73882,1.62343,0.0486825,-1.9221
1999,0.9995,4,2,4,0,0,0,0,0,0,-34.8985,-50.933,31.2701,12.5404,-16.0483,-3.03746,0,0,0,0,0,0,-2.60126,-7.36454,2.70739,1.60931,0.0602755,-1.9422
2000,1,4,2,4,0,0,0,0,0,0,-34.7218,-51.0894,31.1127,12.5729,-15.8467,-3.23821,0,0,0,0,0,0,-2.55347,-7.36378,2.66382,1.5797,0.0644725,-1.97814
2001,1.0005,4,2,4,0,0,0,0,0,0,-34.5429,-51.2298,30.942,12.5953,-15.6475,-3.44683,0,0,0,0,0,0,-2.51998,-7.37439,2.63775,1.56527,0.073707,-1.98646
2002,1.001,4,2,4,0,0,0,0,0,0,-34.3715,-51.3768,30.7744,12.6196,-15.4487,-3.65652,0,0,0,0,0,0,-2.4762,-7.36663,2.61008,1.55247,0.0841128,-2.00643
2003,1.0015,4,2,4,0,0,0,0,0,0,-34.212,-51.5353,30.6199,12.6523,-15.2515,-3.85946,0,0,0,0,0,0,-2.42982,-7.34675,2.57491,1.52887,0.0901571,-2.04216
2004,1.002,4,2,4,0,0,0,0,0,0,-34.0728,-51.7208,30.4824,12.6964,-15.0525,-4.03493,0,0,0,0,0,0,-2.39182,-7.35879,2.55539,1.51944,0.101165,-2.059
2005,1.0025,4,2,4,0,0,0,0,0,0,-33.941,-51.9051,30.3496,12.7379,-14.8606,-4.20943,0,0,0,0,0,0,-2.35033,-7.36973,2.54026,1.51728,0.112691,-2.08088
2006,1.003,4,2,4,0,0,0,0,0,0,-33.8026,-52.0868,30.2162,12.7742,-14.6754,-4.39252,0,0,0,0,0,0,-2.30281,-7.36595,2.5088,1.4941,0.112056,-2.12233
2007,1.0035,4,2,4,0,0,0,0,0,0,-33.6582,-52.2603,30.0776,12.8032,-14.4945,-4.58045,0,0,0,0,0,0,-2.26497,-7.38506,2.4891,1.48047,0.113478,-2.15235
2008,1.004,4,2,4,0,0,0,0,0,0,-33.5039,-52.4187,29.9314,12.8266,-14.3153,-4.77772,0,0,0,0,0,0,-2.22101,-7.39158,2.47028,1.47488,0.119676,-2.18042
2009,1.0045,4,2,4,0,0,0,0,0,0,-33.3408,-52.5608,29.7763,12.8464,-14.1347,-4.97591,0,0,0,0,0,0,-2.16915,-7.36736,2.43722,1.4566,0.120747,-2.2229
2010,1.005,4,2,4,0,0,0,0,0,0,-33.1863,-52.7101,29.6186,12.8692,-13.9469,-5.14369,0,0,0,0,0,0,-2.12719,-7.37679,2.40944,1.44212,0.124089,-2.23824
2011,1.0055,4,2,4,0,0,0,0,0,0,-33.038,-52.8514,29.4527,12.8858,-13.7571,-5.303,0,0,0,0,0,0,-2.0893,-7.38229,2.38816,1.43688,0.132272,-2.24068
2012,1.006,4,2,4,0,0,0,0,0,0,-32.8898,-52.9936,29.2829,12.8993,-13.5646,-5.45939,0,0,0,0,0,0,-2.04666,-7.36561,2.36131,1.42391,0.139475,-2.26218
2013,1.0065,4,2,4,0,0,0,0,0,0,-32.7414,-53.1336,29.1119,12.913,-13.3708,-5.61684,0,0,0,0,0,0,-1.9996,-7.35974,2.33323,1.40493,0.144358,-2.29492
2014,1.007,4,2,4,0,0,0,0,0,0,-32.5954,-53.2696,28.9423,12.9281,-13.1766,-5.77497,0,0,0,0,0,0,-1.96156,-7.3611,2.31162,1.39049,0.151947,-2.31346
2015,1.0075,4,2,4,0,0,0,0,0,0,-32.4527,-53.4019,28.7783,12.9473,-12.9852,-5.92883,0,0,0,0,0,0,-1.92332,-7.34603,2.28446,1.37422,0.161064,-2.34376
2016,1.008,4,2,4,0,0,0,0,0,0,-32.3098,-53.5354,28.6204,12.9714,-12.796,-6.06966,0,0,0,0,0,0,-1.87133,-7.31973,2.24357,1.3516,0.166454,-2.37315
2017,1.0085,4,2,4,0,0,0,0,0,0,-32.1622,-53.6505,28.4557,12.9863,-12.6173,-6.21572,0,0,0,0,0,0,-1.84358,-7.31651,2.21885,1.34394,0.17767,-2.37154
2018,1.009,4,2,4,0,0,0,0,0,0,-32.0171,-53.7559,28.282,12.9868,-12.4501,-6.37294,0,0,0,0,0,0,-1.81831,-7.32651,2.20265,1.33944,0.185623,-2.37308
2019,1.0095,4,2,4,0,0,0,0,0,0,-31.895,-53.8882,28.1137,12.9836,-12.2852,-6.52863,0,0,0,0,0,0,-1.79447,-7.31624,2.17678,1.32155,0.184958,-2.37641
2020,1.01,4,2,4,0,0,0,0,0,0,-31.802,-54.0529,27.9574,12.9813,-12.1196,-6.67693,0,0,0,0,0,0,-1.7754,-7.32197,2.16775,1.31283,0.183445,-2.39462
2021,1.0105,4,2,4,0,0,0,0,0,0,-31.7113,-54.2237,27.8045,12.9812,-11.9492,-6.82125,0,0,0,0,0,0,-1.74202,-7.31196,2.14337,1.29626,0.184403,-2.42445
2022,1.011,4,2,4,0,0,0,0,0,0,-31.5949,-54.3778,27.6397,12.9797,-11.7728,-6.95468,0,0,0,0,0,0,-1.69981,-7.2906,2.11036,1.27932,0.188189,-2.4538
2023,1.0115,4,2,4,0,0,0,0,0,0,-31.4526,-54.5037,27.4576,12.9757,-11.5909,-7.07493,0,0,0,0,0,0,-1.65088,-7.27029,2.07475,1.25989,0.190522,-2.47737
2024,1.012,4,2,4,0,0,0,0,0,0,-31.2929,-54.5898,27.2518,12.9574,-11.412,-7.20851,0,0,0,0,0,0,-1.60894,-7.25379,2.05441,1.25892,0.207876,-2.47792
2025,1.0125,4,2,4,0,0,0,0,0,0,-31.135,-54.6666,27.0392,12.9352,-11.2344,-7.34553,0,0,0,0,0,0,-1.55474,-7.22609,2.01192,1.23668,0.215155,-2.50261
2026,1.013,4,2,4,0,0,0,0,0,0,-30.9917,-54.7483,26.8311,12.9155,-11.0584,-7.47809,0,0,0,0,0,0,-1.52694,-7.23684,1.98765,1.22459,0.223934,-2.51484
2027,1.0135,4,2,4,0,0,0,0,0,0,-30.8608,-54.838,26.6312,12.9029,-10.8832,-7.59873,0,0,0,0,0,0,-1.49204,-7.22838,1.95081,1.2023,0.225664,-2.52888
2028,1.014,4,2,4,0,0,0,0,0,0,-30.7412,-54.9391,26.4415,12.8973,-10.7098,-7.70286,0,0,0,0,0,0,-1.47533,-7.22494,1.94023,1.20288,0.239489,-2.51798
2029,1.0145,4,2,4,0,0,0,0,0,0,-30.6334,-55.0622,26.2641,12.8995,-10.5382,-7.78838,0,0,0,0,0,0,-1.4455,-7.21577,1.91293,1.18613,0.239434,-2.53231
2030,1.015,4,2,4,0,0,0,0,0,0,-30.5342,-55.1915,26.0917,12.9001,-10.3753,-7.88088,0,0,0,0,0,0,-1.42427,-7.21308,1.89361,1.17242,0.23902,-2.55483
2031,1.0155,4,2,4,0,0,0,0,0,0,-30.4278,-55.3063,25.9123,12.8893,-10.2238,-8.00203,0,0,0,0,0,0,-1.38647,-7.18584,1.87062,1.16125,0.23782,-2.59413
2032,1.016,4,2,4,0,0,0,0,0,0,-30.3181,-55.4127,25.7242,12.8692,-10.0762,-8.13223,0,0,0,0,0,0,-1.35418,-7.15226,1.84903,1.15515,0.240421,-2.61841
2033,1.0165,4,2,4,0,0,0,0,0,0,-30.2082,-55.5102,25.5307,12.8441,-9.92689,-8.26316,0,0,0,0,0,0,-1.32965,-7.1301,1.82622,1.14286,0.23554,-2.64199
2034,1.017,4,2,4,0,0,0,0,0,0,-30.0955,-55.6005,25.3261,12.8115,-9.77532,-8.3955,0,0,0,0,0,0,-1.31042,-7.12428,1.80397,1.13373,0.236479,-2.64036
2035,1.0175,4,2,4,0,0,0,0,0,0,-29.9915,-55.6966,25.1173,12.7799,-9.618,-8.5053,0,0,0,0,0,0,-1.29039,-7.11654,1.78702,1.12998,0.243863,-2.63554
2036,1.018,4,2,4,0,0,0,0,0,0,-29.8955,-55.8081,24.909,12.7542,-9.4544,-8.58279,0,0,0,0,0,0,-1.26275,-7.11379,1.76625,1.12603,0.250996,-2.62816
2037,1.0185,4,2,4,0,0,0,0,0,0,-29.796,-55.9095,24.6902,12.722,-9.29247,-8.65834,0,0,0,0,0,0,-1.23301,-7.09703,1.74024,1.11616,0.258007,-2.62119
2038,1.019,4,2,4,0,0,0,0,0,0,-29.6892,-55.9936,24.4628,12.6824,-9.13419,-8.74208,0,0,0,0,0,0,-1.20666,-7.08611,1.70924,1.10119,0.2634,-2.62931
2039,1.0195,4,2,4,0,0,0,0,0,0,-29.577,-56.0665,24.2322,12.6395,-8.97962,-8.8308,0,0,0,0,0,0,-1.16652,-7.05994,1.67704,1.07912,0.265384,-2.67092
2040,1.02,4,2,4,0,0,0,0,0,0,-29.4637,-56.1284,24.0025,12.5985,-8.82915,-8.92238,0,0,0,0,0,0,-1.13794,-7.04247,1.65404,1.06503,0.271422,-2.69276
2041,1.0205,4,2,4,0,0,0,0,0,0,-29.3494,-56.18,23.7773,12.5641,-8.68199,-9.01398,0,0,0,0,0,0,-1.11728,-7.01,1.61645,1.04206,0.274026,-2.7017
2042,1.021,4,2,4,0,0,0,0,0,0,-29.2382,-56.233,23.5571,12.5343,-8.53833,-9.09858,0,0,0,0,0,0,-1.09652,-6.994,1.58752,1.02969,0.279429,-2.69731
2043,1.0215,4,2,4,0,0,0,0,0,0,-29.1375,-56.3017,23.3435,12.5069,-8.39739,-9.17034,0,0,0,0,0,0,-1.09105,-6.99107,1.56972,1.02873,0.290882,-2.69137
2044,1.022,4,2,4,0,0,0,0,0,0,-29.0421,-56.3754,23.1264,12.4706,-8.26236,-9.25114,0,0,0,0,0,0,-1.08653,-6.99272,1.55563,1.02997,0.296184,-2.6779
2045,1.0225,4,2,4,0,0,0,0,0,0,-28.9533,-56.4571,22.9011,12.4228,-8.1313,-9.33531,0,0,0,0,0,0,-1.06778,-6.96439,1.53876,1.02504,0.297518,-2.67655
2046,1.023,4,2,4,0,0,0,0,0,0,-28.871,-56.5452,22.6694,12.3685,-7.99978,-9.41946,0,0,0,0,0,0,-1.04611,-6.93889,1.51351,1.01192,0.293624,-2.67912
2047,1.0235,4,2,4,0,0,0,0,0,0,-28.79,-56.6311,22.4305,12.3094,-7.86778,-9.50872,0,0,0,0,0,0,-1.01534,-6.90018,1.48202,0.993983,0.28976,-2.7205
2048,1.024,4,2,4,0,0,0,0,0,0,-28.7077,-56.7085,22.1885,12.2498,-7.73379,-9.59392,0,0,0,0,0,0,-0.991843,-6.87549,1.45128,0.975635,0.283562,-2.75113
2049,1.0245,4,2,4,0,0,0,0,0,0,-28.6168,-56.7665,21.9448,12.1946,-7.59738,-9.6662,0,0,0,0,0,0,-0.966459,-6.8493,1.42033,0.95772,0.281989,-2.75988
2050,1.025,4,2,4,0,0,0,0,0,0,-28.5256,-56.8164,21.7026,12.1466,-7.45795,-9.71495,0,0,0,0,0,0,-0.95036,-6.84529,1.41514,0.964976,0.297697,-2.73504
2051,1.0255,4,2,4,0,0,0,0,0,0,-28.4307,-56.8437,21.4536,12.096,-7.3235,-9.76969,0,0,0,0,0,0,-0.935022,-6.82866,1.39363,0.959289,0.30651,-2.71721
2052,1.026,4,2,4,0,0,0,0,0,0,-28.3349,-56.863,21.2038,12.0431,-7.19646,-9.83201,0,0,0,0,0,0,-0.924975,-6.82578,1.37624,0.958549,0.318208,-2.7158
2053,1.0265,4,2,4,0,0,0,0,0,0,-28.2447,-56.8903,20.9587,11.9899,-7.07684,-9.89365,0,0,0,0,0,0,-0.91081,-6.81774,1.34543,0.943505,0.318891,-2.73018
2054,1.027,4,2,4,0,0,0,0,0,0,-28.1646,-56.9296,20.7229,11.9419,-6.96136,-9.94745,0,0,0,0,0,0,-0.894507,-6.792,1.31585,0.92887,0.318615,-2.74564
2055,1.0275,4,2,4,0,0,0,0,0,0,-28.0883,-56.9719,20.4918,11.8979,-6.8513,-10.004,0,0,0,0,0,0,-0.872624,-6.75155,1.28388,0.90772,0.311199,-2.78062
2056,1.028,4,2,4,0,0,0,0,0,0,-28.013,-57.0186,20.2589,11.854,-6.74392,-10.0585,0,0,0,0,0,0,-0.862002,-6.72515,1.25824,0.893783,0.307023,-2.79785
2057,1.0285,4,2,4,0,0,0,0,0,0,-27.9423,-57.0694,20.0216,11.808,-6.63325,-10.0989,0,0,0,0,0,0,-0.858529,-6.71051,1.23416,0.886539,0.309433,-2.78029
2058,1.029,4,2,4,0,0,0,0,0,0,-27.8749,-57.1123,19.7745,11.7521,-6.5226,-10.1438,0,0,0,0,0,0,-0.851304,-6.6859,1.21859,0.889692,0.31938,-2.7496
2059,1.0295,4,2,4,0,0,0,0,0,0,-27.8088,-57.1499,19.5182,11.6849,-6.41393,-10.2068,0,0,0,0,0,0,-0.834475,-6.65871,1.20602,0.887561,0.323935,-2.73996
2060,1.03,4,2,4,0,0,0,0,0,0,-27.7455,-57.1891,19.2539,11.6069,-6.3097,-10.2834,0,0,0,0,0,0,-0.822423,-6.63826,1.20182,0.886114,0.325077,-2.73822
2061,1.0305,4,2,4,0,0,0,0,0,0,-27.6796,-57.2317,18.9826,11.5223,-6.2092,-10.3605,0,0,0,0,0,0,-0.802884,-6.6099,1.18064,0.874972,0.322861,-2.75271
2062,1.031,4,2,4,0,0,0,0,0,0,-27.6074,-57.2611,18.7098,11.4406,-6.10816,-10.4233,0,0,0,0,0,0,-0.780996,-6.57272,1.14392,0.853759,0.316696,-2.77676
2063,1.0315,4,2,4,0,0,0,0,0,0,-27.5279,-57.2744,18.4385,11.3653,-6.00622,-10.4706,0,0,0,0,0,0,-0.762941,-6.53551,1.10608,0.833364,0.312817,-2.78966
2064,1.032,4,2,4,0,0,0,0,0,0,-27.4536,-57.2871,18.1711,11.2982,-5.90247,-10.4935,0,0,0,0,0,0,-0.755161,-6.50882,1.07489,0.819887,0.315339,-2.76988
2065,1.0325,4,2,4,0,0,0,0,0,0,-27.3917,-57.296,17.902,11.2352,-5.80063,-10.497,0,0,0,0,0,0,-0.754211,-6.51195,1.05511,0.817039,0.325675,-2.7448
2066,1.033,4,2,4,0,0,0,0,0,0,-27.3289,-57.2827,17.6254,11.1701,-5.70588,-10.5053,0,0,0,0,0,0,-0.75924,-6.49539,1.03015,0.813867,0.338183,-2.725
2067,1.0335,4,2,4,0,0,0,0,0,0,-27.2597,-57.2569,17.3475,11.1044,-5.61808,-10.5337,0,0,0,0,0,0,-0.746971,-6.45425,0.99957,0.806037,0.339244,-2.73875
2068,1.034,4,2,4,0,0,0,0,0,0,-27.1952,-57.2358,17.0754,11.0374,-5.539,-10.5831,0,0,0,0,0,0,-0.744715,-6.4226,0.980556,0.797904,0.33852,-2.74506
2069,1.0345,4,2,4,0,0,0,0,0,0,-27.1344,-57.2335,16.8104,10.9703,-5.4673,-10.6437,0,0,0,0,0,0,-0.72317,-6.38399,0.966623,0.790131,0.333174,-2.78279
2070,1.035,4,2,4,0,0,0,0,0,0,-27.0751,-57.2387,16.5465,10.9034,-5.39834,-10.7053,0,0,0,0,0,0,-0.7169,-6.36012,0.951882,0.779819,0.328579,-2.81591
2071,1.0355,4,2,4,0,0,0,0,0,0,-27.0195,-57.2496,16.2801,10.835,-5.32795,-10.7561,0,0,0,0,0,0,-0.704567,-6.33968,0.931328,0.771305,0.324352,-2.83772
2072,1.036,4,2,4,0,0,0,0,0,0,-26.9718,-57.2747,16.0144,10.7669,-5.25154,-10.7805,0,0,0,0,0,0,-0.702863,-6.32771,0.902486,0.761111,0.320561,-2.81755
2073,1.0365,4,2,4,0,0,0,0,0,0,-26.9313,-57.3011,15.7458,10.694,-5.17322,-10.7945,0,0,0,0,0,0,-0.713304,-6.3237,0.884258,0.760639,0.325005,-2.77374
2074,1.037,4,2,4,0,0,0,0,0,0,-26.8931,-57.3147,15.4655,10.6114,-5.09828,-10.8153,0,0,0,0,0,0,-0.723295,-6.30552,0.867947,0.757417,0.326743,-2.75522
2075,1.0375,4,2,4,0,0,0,0,0,0,-26.8546,-57.312,15.1701,10.5213,-5.02816,-10.8511,0,0,0,0,0,0,-0.712437,-6.26395,0.84712,0.749017,0.324648,-2.76891
2076,1.038,4,2,4,0,0,0,0,0,0,-26.8145,-57.2942,14.8669,10.4293,-4.9625,-10.8961,0,0,0,0,0,0,-0.703774,-6.21972,0.814028,0.736429,0.319903,-2.77427
2077,1.0385,4,2,4,0,0,0,0,0,0,-26.769,-57.2636,14.563,10.3391,-4.90114,-10.9419,0,0,0,0,0,0,-0.696944,-6.18159,0.78915,0.725883,0.318753,-2.78819
2078,1.039,4,2,4,0,0,0,0,0,0,-26.7211,-57.2175,14.2605,10.2526,-4.84245,-10.9846,0,0,0,0,0,0,-0.67776,-6.12843,0.76561,0.7139,0.319644,-2.79567
2079,1.0395,4,2,4,0,0,0,0,0,0,-26.6753,-57.1656,13.9612,10.1715,-4.78691,-11.0207,0,0,0,0,0,0,-0.675003,-6.10378,0.74936,0.705026,0.328353,-2.78143
2080,1.04,4,2,4,0,0,0,0,0,0,-26.6377,-57.1253,13.6663,10.0969,-4.7339,-11.0336,0,0,0,0,0,0,-0.674409,-6.07978,0.72391,0.692576,0.329229,-2.76142
2081,1.0405,4,2,4,0,0,0,0,0,0,-26.6101,-57.1038,13.3815,10.0295,-4.68197,-11.0189,0,0,0,0,0,0,-0.685067,-6.06673,0.695252,0.683677,0.329557,-2.72457
2082,1.041,4,2,4,0,0,0,0,0,0,-26.5829,-57.0832,13.103,9.96177,-4.63588,-11.0126,0,0,0,0,0,0,-0.693019,-6.04516,0.671561,0.679034,0.328244,-2.7128
2083,1.0415,4,2,4,0,0,0,0,0,0,-26.5493,-57.0556,12.8243,9.89167,-4.59449,-11.0249,0,0,0,0,0,0,-0.690905,-6.0069,0.653668,0.674542,0.324231,-2.7348
2084,1.042,4,2,4,0,0,0,0,0,0,-26.5154,-57.024,12.5359,9.81667,-4.55638,-11.0484,0,0,0,0,0,0,-0.688413,-5.96911,0.637461,0.669566,0.319268,-2.75446
2085,1.0425,4,2,4,0,0,0,0,0,0,-26.4781,-56.9843,12.2344,9.73496,-4.52215,-11.085,0,0,0,0,0,0,-0.681419,-5.94867,0.617919,0.668083,0.313918,-2.76998
2086,1.043,4,2,4,0,0,0,0,0,0,-26.4422,-56.9453,11.9272,9.64886,-4.48881,-11.1287,0,0,0,0,0,0,-0.683623,-5.92073,0.592251,0.663497,0.308027,-2.77471
2087,1.0435,4,2,4,0,0,0,0,0,0,-26.4126,-56.905,11.6158,9.55856,-4.456,-11.1786,0,0,0,0,0,0,-0.686561,-5.88456,0.578203,0.657629,0.306401,-2.77658
2088,1.044,4,2,4,0,0,0,0,0,0,-26.3875,-56.86,11.2988,9.46444,-4.42401,-11.2232,0,0,0,0,0,0,-0.68188,-5.83919,0.562679,0.647747,0.303957,-2.79484
2089,1.0445,4,2,4,0,0,0,0,0,0,-26.3727,-56.8261,10.9779,9.37245,-4.38914,-11.2372,0,0,0,0,0,0,-0.692284,-5.81239,0.551485,0.642392,0.30809,-2.77888
2090,1.045,4,2,4,0,0,0,0,0,0,-26.362,-56.7962,10.6549,9.27955,-4.35778,-11.2447,0,0,0,0,0,0,-0.700092,-5.78911,0.526762,0.633528,0.307701,-2.75583
2091,1.0455,4,2,4,0,0,0,0,0,0,-26.3525,-56.7564,10.3345,9.18762,-4.3309,-11.2539,0,0,0,0,0,0,-0.705857,-5.76662,0.497592,0.621,0.301187,-2.7543
2092,1.046,4,2,4,0,0,0,0,0,0,-26.34,-56.6958,10.0178,9.10025,-4.3073,-11.2618,0,0,0,0,0,0,-0.707484,-5.72511,0.465136,0.608583,0.296692,-2.76506
2093,1.0465,4,2,4,0,0,0,0,0,0,-26.3246,-56.6179,9.70073,9.01686,-4.29001,-11.2749,0,0,0,0,0,0,-0.709085,-5.69598,0.440149,0.601785,0.298376,-2.765
2094,1.047,4,2,4,0,0,0,0,0,0,-26.3102,-56.5325,9.38249,8.93623,-4.28011,-11.2924,0,0,0,0,0,0,-0.717188,-5.66752,0.416123,0.597936,0.301185,-2.74258
2095,1.0475,4,2,4,0,0,0,0,0,0,-26.2943,-56.4419,9.06751,8.85879,-4.27606,-11.3146,0,0,0,0,0,0,-0.720595,-5.63557,0.391408,0.59284,0.298909,-2.74072
2096,1.048,4,2,4,0,0,0,0,0,0,-26.2808,-56.3504,8.75679,8.78279,-4.27649,-11.3419,0,0,0,0,0,0,-0.721628,-5.59192,0.369357,0.583213,0.290976,-2.74087
2097,1.0485,4,2,4,0,0,0,0,0,0,-26.2671,-56.2682,8.44668,8.70648,-4.27874,-11.3677,0,0,0,0,0,0,-0.723842,-5.54893,0.357616,0.577546,0.287541,-2.744
2098,1.049,4,2,4,0,0,0,0,0,0,-26.2547,-56.2004,8.13516,8.63055,-4.27914,-11.3814,0,0,0,0,0,0,-0.726221,-5.51083,0.344959,0.569672,0.280285,-2.74362
2099,1.0495,4,2,4,0,0,0,0,0,0,-26.2436,-56.1374,7.81935,8.55167,-4.27938,-11.3953,0,0,0,0,0,0,-0.738156,-5.47246,0.336659,0.566964,0.278484,-2.73289
2100,1.05,4,2,4,0,0,0,0,0,0,-26.235,-56.0763,7.49863,8.46879,-4.27926,-11.4097,0,0,0,0,0,0,-0.745301,-5.42544,0.315404,0.562112,0.271366,-2.74026
2101,1.0505,4,2,4,0,0,0,0,0,0,-26.2266,-56.0085,7.16911,8.38013,-4.28103,-11.4263,0,0,0,0,0,0,-0.751814,-5.38223,0.285559,0.559877,0.266763,-2.73896
2102,1.051,4,2,4,0,0,0,0,0,0,-26.2231,-55.9342,6.82841,8.28722,-4.28725,-11.4473,0,0,0,0,0,0,-0.767488,-5.3726,0.263294,0.558581,0.265615,-2.73129
2103,1.0515,4,2,4,0,0,0,0,0,0,-26.2263,-55.8512,6.48105,8.19249,-4.29666,-11.4741,0,0,0,0,0,0,-0.782508,-5.35472,0.240825,0.554775,0.261518,-2.72676
2104,1.052,4,2,4,0,0,0,0,0,0,-26.2298,-55.759,6.12937,8.09694,-4.30836,-11.5015,0,0,0,0,0,0,-0.793085,-5.32592,0.217425,0.547065,0.256311,-2.73106
2105,1.0525,4,2,4,0,0,0,0,0,0,-26.2318,-55.6574,5.7732,8.00045,-4.32458,-11.5319,0,0,0,0,0,0,-0.792593,-5.28202,0.191894,0.534476,0.248051,-2.74747
2106,1.053,4,2,4,0,0,0,0,0,0,-26.2361,-55.5548,5.4186,7.90748,-4.34423,-11.5603,0,0,0,0,0,0,-0.790024,-5.2334,0.173243,0.524675,0.246024,-2.76925
2107,1.0535,4,2,4,0,0,0,0,0,0,-26.2461,-55.4545,5.07545,7.82355,-4.36487,-11.5715,0,0,0,0,0,0,-0.801101,-5.192,0.153599,0.51585,0.24321,-2.77561
2108,1.054,4,2,4,0,0,0,0,0,0,-26.2563,-55.3422,4.74393,7.74764,-4.38765,-11.5789,0,0,0,0,0,0,-0.817274,-5.16556,0.136095,0.509369,0.243864,-2.76265
2109,1.0545,4,2,4,0,0,0,0,0,0,-26.264,-55.2137,4.41829,7.67473,-4.41625,-11.5932,0,0,0,0,0,0,-0.835116,-5.14424,0.11754,0.507527,0.244873,-2.74766
2110,1.055,4,2,4,0,0,0,0,0,0,-26.2752,-55.0814,4.091,7.60262,-4.45361,-11.6136,0,0,0,0,0,0,-0.852542,-5.12039,0.0909632,0.504451,0.238462,-2.73473
2111,1.0555,4,2,4,0,0,0,0,0,0,-26.2898,-54.9597,3.76365,7.53292,-4.49675,-11.6332,0,0,0,0,0,0,-0.875749,-5.09391,0.0682107,0.501363,0.229955,-2.73563
2112,1.056,4,2,4,0,0,0,0,0,0,-26.3012,-54.8472,3.43343,7.46194,-4.54287,-11.6556,0,0,0,0,0,0,-0.89786,-5.05802,0.0454297,0.494521,0.219862,-2.74365
2113,1.0565,4,2,4,0,0,0,0,0,0,-26.3064,-54.7366,3.09697,7.38713,-4.58971,-11.6812,0,0,0,0,0,0,-0.903983,-5.00363,0.0194038,0.483351,0.206577,-2.75786
2114,1.057,4,2,4,0,0,0,0,0,0,-26.3091,-54.6187,2.74817,7.30627,-4.63828,-11.713,0,0,0,0,0,0,-0.899841,-4.94148,-0.00487121,0.478174,0.199503,-2.76071
2115,1.0575,4,2,4,0,0,0,0,0,0,-26.3139,-54.4957,2.38925,7.22207,-4.68559,-11.7448,0,0,0,0,0,0,-0.890841,-4.88096,-0.0170885,0.478335,0.199966,-2.76225
2116,1.058,4,2,4,0,0,0,0,0,0,-26.326,-54.3762,2.0279,7.13747,-4.72919,-11.7705,0,0,0,0,0,0,-0.901738,-4.83437,-0.0325663,0.477153,0.197767,-2.75664
2117,1.0585,4,2,4,0,0,0,0,0,0,-26.3463,-54.2617,1.66715,7.05273,-4.77108,-11.7914,0,0,0,0,0,0,-0.92935,-4.80567,-0.0483736,0.474951,0.193841,-2.73283
2118,1.059,4,2,4,0,0,0,0,0,0,-26.3696,-54.142,1.30458,6.9678,-4.815,-11.8143,0,0,0,0,0,0,-0.949721,-4.76687,-0.0640292,0.472676,0.189272,-2.73723
2119,1.0595,4,2,4,0,0,0,0,0,0,-26.3953,-54.0118,0.936034,6.8829,-4.86587,-11.8427,0,0,0,0,0,0,-0.961829,-4.72954,-0.0863289,0.472075,0.183305,-2.73974
2120,1.06,4,2,4,0,0,0,0,0,0,-26.422,-53.8721,0.563546,6.79901,-4.92245,-11.8753,0,0,0,0,0,0,-0.98052,-4.70041,-0.11032,0.469066,0.176249,-2.74151
2121,1.0605,4,2,4,0,0,0,0,0,0,-26.4517,-53.7254,0.191009,6.71651,-4.9841,-11.911,0,0,0,0,0,0,-1.00398,-4.67256,-0.132515,0.460954,0.169863,-2.74365
2122,1.061,4,2,4,0,0,0,0,0,0,-26.4857,-53.5774,-0.178157,6.63719,-5.05118,-11.9457,0,0,0,0,0,0,-1.02214,-4.63639,-0.156645,0.447804,0.158962,-2.76767
2123,1.0615,4,2,4,0,0,0,0,0,0,-26.5216,-53.43,-0.539981,6.56276,-5.12212,-11.9781,0,0,0,0,0,0,-1.03395,-4.60802,-0.177765,0.438272,0.149496,-2.78217
2124,1.062,4,2,4,0,0,0,0,0,0,-26.5536,-53.2721,-0.894432,6.49349,-5.19725,-12.0121,0,0,0,0,0,0,-1.04936,-4.58276,-0.192413,0.43157,0.143518,-2.79011
2125,1.0625,4,2,4,0,0,0,0,0,0,-26.582,-53.1033,-1.24076,6.42837,-5.27539,-12.048,0,0,0,0,0,0,-1.06955,-4.55703,-0.210499,0.427026,0.139371,-2.80246
2126,1.063,4,2,4,0,0,0,0,0,0,-26.6131,-52.9353,-1.58226,6.36758,-5.35471,-12.0728,0,0,0,0,0,0,-1.09405,-4.5238,-0.232116,0.424192,0.137379,-2.79325
2127,1.0635,4,2,4,0,0,0,0,0,0,-26.6477,-52.7759,-1.92347,6.30982,-5.4363,-12.0901,0,0,0,0,0,0,-1.11925,-4.48217,-0.254868,0.422725,0.137225,-2.7879
2128,1.064,4,2,4,0,0,0,0,0,0,-26.6812,-52.6193,-2.26901,6.25152,-5.52084,-12.1119,0,0,0,0,0,0,-1.1297,-4.42201,-0.28183,0.420863,0.131657,-2.78479
2129,1.0645,4,2,4,0,0,0,0,0,0,-26.7138,-52.4623,-2.61954,6.18935,-5.6086,-12.15,0,0,0,0,0,0,-1.12693,-4.35482,-0.306359,0.418247,0.121352,-2.78896
2130,1.065,4,2,4,0,0,0,0,0,0,-26.7525,-52.3026,-2.97587,6.12377,-5.69782,-12.2026,0,0,0,0,0,0,-1.12818,-4.28656,-0.319025,0.415331,0.113903,-2.80062
2131,1.0655,4,2,4,0,0,0,0,0,0,-26.7988,-52.1379,-3.3426,6.05632,-5.78629,-12.2579,0,0,0,0,0,0,-1.13815,-4.22181,-0.32365,0.412265,0.108024,-2.80454
2132,1.066,4,2,4,0,0,0,0,0,0,-26.8469,-51.9678,-3.71966,5.9863,-5.87582,-12.313,0,0,0,0,0,0,-1.14817,-4.16122,-0.334559,0.41091,0.102369,-2.78386
2133,1.0665,4,2,4,0,0,0,0,0,0,-26.8944,-51.8024,-4.10152,5.91587,-5.96665,-12.3652,0,0,0,0,0,0,-1.16539,-4.12155,-0.353283,0.411983,0.0948626,-2.77293
2134,1.067,4,2,4,0,0,0,0,0,0,-26.9419,-51.6432,-4.48298,5.84493,-6.0604,-12.4156,0,0,0,0,0,0,-1.18822,-4.08727,-0.375603,0.412746,0.0854406,-2.77474
2135,1.0675,4,2,4,0,0,0,0,0,0,-26.9912,-51.4824,-4.86915,5.77474,-6.15785,-12.4649,0,0,0,0,0,0,-1.20972,-4.04564,-0.397769,0.410023,0.073821,-2.7865
2136,1.068,4,2,4,0,0,0,0,0,0,-27.0469,-51.3199,-5.26227,5.70645,-6.25916,-12.511,0,0,0,0,0,0,-1.22597,-3.99287,-0.42063,0.404098,0.0620733,-2.80758
2137,1.0685,4,2,4,0,0,0,0,0,0,-27.1077,-51.1574,-5.661,5.64191,-6.36233,-12.5463,0,0,0,0,0,0,-1.24552,-3.9523,-0.439094,0.396377,0.0535169,-2.84381
2138,1.069,4,2,4,0,0,0,0,0,0,-27.1696,-50.9896,-6.05662,5.58027,-6.46807,-12.5807,0,0,0,0,0,0,-1.27228,-3.93098,-0.461979,0.391072,0.0464488,-2.86283
2139,1.0695,4,2,4,0,0,0,0,0,0,-27.2353,-50.812,-6.44671,5.52384,-6.57498,-12.6154,0,0,0,0,0,0,-1.28861,-3.91494,-0.479673,0.388491,0.0420119,-2.8708
2140,1.07,4,2,4,0,0,0,0,0,0,-27.3065,-50.6221,-6.83099,5.47138,-6.68575,-12.6659,0,0,0,0,0,0,-1.31187,-3.90103,-0.488635,0.386753,0.0423119,-2.86583
2141,1.0705,4,2,4,0,0,0,0,0,0,-27.382,-50.4193,-7.20862,5.42285,-6.80032,-12.7321,0,0,0,0,0,0,-1.33867,-3.87437,-0.498498,0.38511,0.0421452,-2.88029
2142,1.071,4,2,4,0,0,0,0,0,0,-27.4545,-50.2063,-7.57523,5.37952,-6.91828,-12.8057,0,0,0,0,0,0,-1.34638,-3.81475,-0.513149,0.383837,0.0401363,-2.89743
2143,1.0715,4,2,4,0,0,0,0,0,0,-27.5208,-49.9894,-7.93057,5.33966,-7.04212,-12.8819,0,0,0,0,0,0,-1.35645,-3.7607,-0.539425,0.379601,0.0280685,-2.8912
2144,1.072,4,2,4,0,0,0,0,0,0,-27.5857,-49.7831,-8.28108,5.30149,-7.17502,-12.9546,0,0,0,0,0,0,-1.38051,-3.71394,-0.573274,0.375539,0.0106576,-2.89
2145,1.0725,4,2,4,0,0,0,0,0,0,-27.647,-49.5817,-8.63103,5.26394,-7.31272,-13.0241,0,0,0,0,0,0,-1.40617,-3.66505,-0.602777,0.371956,-0.00479849,-2.89411
2146,1.073,4,2,4,0,0,0,0,0,0,-27.7054,-49.3736,-8.98802,5.22539,-7.44938,-13.0939,0,0,0,0,0,0,-1.42282,-3.59885,-0.626137,0.371829,-0.0139444,-2.89445
2147,1.0735,4,2,4,0,0,0,0,0,0,-27.7604,-49.1599,-9.35433,5.1858,-7.58215,-13.1576,0,0,0,0,0,0,-1.44495,-3.53465,-0.640008,0.371518,-0.020071,-2.88926
2148,1.074,4,2,4,0,0,0,0,0,0,-27.8099,-48.9444,-9.73128,5.14383,-7.71243,-13.2093,0,0,0,0,0,0,-1.46123,-3.4675,-0.649255,0.369509,-0.0263172,-2.89311
2149,1.0745,4,2,4,0,0,0,0,0,0,-27.8582,-48.7253,-10.1181,5.09858,-7.84125,-13.2612,0,0,0,0,0,0,-1.47758,-3.40657,-0.655868,0.36915,-0.0293316,-2.90097
2150,1.075,4,2,4,0,0,0,0,0,0,-27.9089,-48.5005,-10.5088,5.05107,-7.9688,-13.3223,0,0,0,0,0,0,-1.50212,-3.36538,-0.668578,0.370159,-0.0349036,-2.89564
2151,1.0755,4,2,4,0,0,0,0,0,0,-27.9652,-48.2704,-10.9003,5.00373,-8.09471,-13.3991,0,0,0,0,0,0,-1.52795,-3.32699,-0.680701,0.371268,-0.0414983,-2.908
2152,1.076,4,2,4,0,0,0,0,0,0,-28.0212,-48.0343,-11.292,4.95712,-8.22281,-13.4849,0,0,0,0,0,0,-1.54787,-3.28435,-0.697705,0.373881,-0.0500617,-2.94458
2153,1.0765,4,2,4,0,0,0,0,0,0,-28.0799,-47.7935,-11.6843,4.91137,-8.35729,-13.5797,0,0,0,0,0,0,-1.57529,-3.25019,-0.719777,0.374566,-0.0628015,-2.98306
2154,1.077,4,2,4,0,0,0,0,0,0,-28.1395,-47.5478,-12.0742,4.86606,-8.49771,-13.6781,0,0,0,0,0,0,-1.59944,-3.21083,-0.74401,0.374286,-0.0768046,-3.01753
2155,1.0775,4,2,4,0,0,0,0,0,0,-28.2042,-47.299,-12.4627,4.82368,-8.64052,-13.7764,0,0,0,0,0,0,-1.6437,-3.19131,-0.763259,0.37348,-0.0865755,-3.04026
2156,1.078,4,2,4,0,0,0,0,0,0,-28.2764,-47.0537,-12.8532,4.78536,-8.78564,-13.8673,0,0,0,0,0,0,-1.69415,-3.18417,-0.776631,0.370677,-0.092108,-3.04848
2157,1.0785,4,2,4,0,0,0,0,0,0,-28.3434,-46.8073,-13.244,4.74932,-8.93528,-13.9487,0,0,0,0,0,0,-1.74697,-3.17317,-0.785422,0.368166,-0.093985,-3.05145
2158,1.079,4,2,4,0,0,0,0,0,0,-28.4082,-46.5564,-13.634,4.71436,-9.09078,-14.0248,0,0,0,0,0,0,-1.78122,-3.15669,-0.800258,0.369051,-0.098496,-3.05112
2159,1.0795,4,2,4,0,0,0,0,0,0,-28.4744,-46.3037,-14.0208,4.6828,-9.24944,-14.0978,0,0,0,0,0,0,-1.81819,-3.1455,-0.819494,0.367832,-0.106355,-3.03373
2160,1.08,4,2,4,0,0,0,0,0,0,-28.5506,-46.0582,-14.399,4.65755,-9.40797,-14.1721,0,0,0,0,0,0,-1.85291,-3.13248,-0.849971,0.367776,-0.119398,-3.03754
2161,1.0805,4,2,4,0,0,0,0,0,0,-28.6395,-45.8157,-14.7717,4.63808,-9.56984,-14.2587,0,0,0,0,0,0,-1.89251,-3.10989,-0.873946,0.36724,-0.129124,-3.04142
2162,1.081,4,2,4,0,0,0,0,0,0,-28.734,-45.5716,-15.1346,4.62233,-9.73658,-14.3569,0,0,0,0,0,0,-1.93153,-3.09434,-0.890305,0.367994,-0.134002,-3.04872
2163,1.0815,4,2,4,0,0,0,0,0,0,-28.8285,-45.3261,-15.4892,4.61143,-9.90918,-14.4649,0,0,0,0,0,0,-1.9667,-3.06084,-0.90555,0.366522,-0.141925,-3.05951
2164,1.082,4,2,4,0,0,0,0,0,0,-28.9218,-45.0753,-15.8369,4.60716,-10.0838,-14.5868,0,0,0,0,0,0,-1.98932,-3.01678,-0.920333,0.365879,-0.150533,-3.08906
2165,1.0825,4,2,4,0,0,0,0,0,0,-29.0128,-44.8178,-16.1867,4.60964,-10.2569,-14.7261,0,0,0,0,0,0,-2.02642,-2.96666,-0.930339,0.363735,-0.159883,-3.10451
2166,1.083,4,2,4,0,0,0,0,0,0,-29.0938,-44.5551,-16.5425,4.61498,-10.427,-14.8711,0,0,0,0,0,0,-2.05522,-2.90326,-0.933134,0.36189,-0.162942,-3.13225
2167,1.0835,4,2,4,0,0,0,0,0,0,-29.1635,-44.2878,-16.9094,4.62008,-10.5944,-15.0095,0,0,0,0,0,0,-2.06325,-2.81015,-0.933072,0.360978,-0.163867,-3.15605
2168,1.084,4,2,4,0,0,0,0,0,0,-29.2299,-44.0239,-17.2862,4.62226,-10.7623,-15.1399,0,0,0,0,0,0,-2.06528,-2.72514,-0.941687,0.362654,-0.169623,-3.17555
2169,1.0845,4,2,4,0,0,0,0,0,0,-29.3032,-43.767,-17.6749,4.62326,-10.9315,-15.2701,0,0,0,0,0,0,-2.05086,-2.62842,-0.95962,0.364239,-0.182786,-3.16419
2170,1.085,4,2,4,0,0,0,0,0,0,-29.3951,-43.5142,-18.0759,4.62322,-11.1035,-15.4121,0,0,0,0,0,0,-2.03058,-2.5429,-0.983769,0.366062,-0.201645,-3.14579
2171,1.0855,4,2,4,0,0,0,0,0,0,-29.4942,-43.2623,-18.4823,4.62006,-11.279,-15.5571,0,0,0,0,0,0,-2.00722,-2.43506,-1.00399,0.368356,-0.215915,-3.10992
2172,1.086,4,2,4,0,0,0,0,0,0,-29.5963,-43.0096,-18.8881,4.61467,-11.4559,-15.6919,0,0,0,0,0,0,-1.99239,-2.3366,-1.01991,0.37117,-0.226292,-3.09047
2173,1.0865,4,2,4,0,0,0,0,0,0,-29.6997,-42.7535,-19.2928,4.60864,-11.6327,-15.8245,0,0,0,0,0,0,-1.98504,-2.23386,-1.03384,0.374159,-0.23407,-3.08624
2174,1.087,4,2,4,0,0,0,0,0,0,-29.8023,-42.4895,-19.7016,4.60532,-11.8072,-15.9629,0,0,0,0,0,0,-1.98294,-2.13386,-1.04369,0.377638,-0.240255,-3.10426
2175,1.0875,4,2,4,0,0,0,0,0,0,-29.8961,-42.2137,-20.1102,4.6031,-11.9802,-16.1015,0,0,0,0,0,0,-1.98192,-2.03394,-1.05729,0.380885,-0.248661,-3.11139
2176,1.088,4,2,4,0,0,0,0,0,0,-29.9719,-41.9213,-20.5135,4.60123,-12.1519,-16.2361,0,0,0,0,0,0,-1.98526,-1.95518,-1.06981,0.381405,-0.258498,-3.13201
2177,1.0885,4,2,4,0,0,0,0,0,0,-30.0394,-41.6129,-20.9038,4.59973,-12.3205,-16.3765,0,0,0,0,0,0,-1.97952,-1.86646,-1.08262,0.383663,-0.265964,-3.16298
2178,1.089,4,2,4,0,0,0,0,0,0,-30.1048,-41.2904,-21.2842,4.60073,-12.4877,-16.5235,0,0,0,0,0,0,-1.98782,-1.80227,-1.1049,0.391303,-0.274538,-3.21322
2179,1.0895,4,2,4,0,0,0,0,0,0,-30.1816,-40.9573,-21.6609,4.60353,-12.6596,-16.6873,0,0,0,0,0,0,-2.00003,-1.74505,-1.13202,0.399454,-0.287889,-3.26201
2180,1.09,4,2,4,0,0,0,0,0,0,-30.2573,-40.6135,-22.0292,4.60562,-12.8379,-16.8514,0,0,0,0,0,0,-2.01382,-1.69663,-1.15389,0.404424,-0.300081,-3.31124
2181,1.0905,4,2,4,0,0,0,0,0,0,-30.3237,-40.26,-22.3907,4.60711,-13.0246,-16.9995,0,0,0,0,0,0,-2.03302,-1.65681,-1.17766,0.409192,-0.311913,-3.32707
2182,1.091,4,2,4,0,0,0,0,0,0,-30.3847,-39.8978,-22.7445,4.6093,-13.2153,-17.1415,0,0,0,0,0,0,-2.06868,-1.63485,-1.19114,0.410484,-0.317248,-3.34546
2183,1.0915,4,2,4,0,0,0,0,0,0,-30.4427,-39.5268,-23.0951,4.61408,-13.4093,-17.2856,0,0,0,0,0,0,-2.11642,-1.61134,-1.19618,0.409088,-0.316554,-3.37954
2184,1.092,4,2,4,0,0,0,0,0,0,-30.4894,-39.1446,-23.4416,4.62,-13.6069,-17.4201,0,0,0,0,0,0,-2.16782,-1.59469,-1.20472,0.409274,-0.317599,-3.41454
2185,1.0925,4,2,4,0,0,0,0,0,0,-30.5254,-38.7605,-23.7851,4.62679,-13.8088,-17.5359,0,0,0,0,0,0,-2.19481,-1.56978,-1.21744,0.411369,-0.322401,-3.40734
2186,1.093,4,2,4,0,0,0,0,0,0,-30.5644,-38.3832,-24.1238,4.6364,-14.0125,-17.65,0,0,0,0,0,0,-2.24142,-1.55904,-1.23969,0.412646,-0.332696,-3.4233
2187,1.0935,4,2,4,0,0,0,0,0,0,-30.6221,-38.0186,-24.4611,4.65294,-14.2157,-17.7784,0,0,0,0,0,0,-2.29012,-1.54706,-1.25953,0.414491,-0.340983,-3.44692
2188,1.094,4,2,4,0,0,0,0,0,0,-30.7041,-37.6676,-24.8059,4.67827,-14.4238,-17.9254,0,0,0,0,0,0,-2.35167,-1.5453,-1.27483,0.419747,-0.343847,-3.49186
2189,1.0945,4,2,4,0,0,0,0,0,0,-30.7955,-37.3227,-25.1576,4.71073,-14.6382,-18.0861,0,0,0,0,0,0,-2.40638,-1.53054,-1.28501,0.423315,-0.349108,-3.54405
2190,1.095,4,2,4,0,0,0,0,0,0,-30.8868,-36.9804,-25.514,4.74707,-14.8591,-18.2553,0,0,0,0,0,0,-2.45846,-1.5049,-1.29368,0.42681,-0.353882,-3.60385
2191,1.0955,4,2,4,0,0,0,0,0,0,-30.9812,-36.6429,-25.8729,4.78678,-15.0805,-18.4411,0,0,0,0,0,0,-2.49722,-1.46818,-1.30297,0.43022,-0.361616,-3.64592
2192,1.096,4,2,4,0,0,0,0,0,0,-31.0805,-36.3068,-26.2394,4.83249,-15.2982,-18.6415,0,0,0,0,0,0,-2.55244,-1.44048,-1.30779,0.429953,-0.368731,-3.6919
2193,1.0965,4,2,4,0,0,0,0,0,0,-31.168,-35.9639,-26.6063,4.87876,-15.5128,-18.8298,0,0,0,0,0,0,-2.59334,-1.40326,-1.30469,0.42686,-0.371418,-3.72525
2194,1.097,4,2,4,0,0,0,0,0,0,-31.2483,-35.6202,-26.975,4.92328,-15.7287,-19.0054,0,0,0,0,0,0,-2.61748,-1.36,-1.30258,0.427564,-0.372283,-3.74387
2195,1.0975,4,2,4,0,0,0,0,0,0,-31.3273,-35.2771,-27.3416,4.96491,-15.9457,-19.1791,0,0,0,0,0,0,-2.61294,-1.29727,-1.30473,0.429771,-0.3787,-3.73635
2196,1.098,4,2,4,0,0,0,0,0,0,-31.4207,-34.9327,-27.7073,5.00761,-16.1599,-19.3713,0,0,0,0,0,0,-2.609,-1.23892,-1.31739,0.432817,-0.394254,-3.72935
2197,1.0985,4,2,4,0,0,0,0,0,0,-31.5191,-34.584,-28.0689,5.04979,-16.3711,-19.5676,0,0,0,0,0,0,-2.598,-1.15681,-1.33579,0.440787,-0.409147,-3.72498
2198,1.099,4,2,4,0,0,0,0,0,0,-31.618,-34.2342,-28.425,5.09107,-16.5816,-19.763,0,0,0,0,0,0,-2.61135,-1.08882,-1.36301,0.455274,-0.42234,-3.74546
2199,1.0995,4,2,4,0,0,0,0,0,0,-31.7167,-33.8865,-28.773,5.13052,-16.7911,-19.96,0,0,0,0,0,0,-2.6278,-1.0249,-1.38245,0.465836,-0.432179,-3.77647
2200,1.1,4,2,4,0,0,0,0,0,0,-31.8161,-33.5374,-29.1142,5.17128,-16.9954,-20.1667,0,0,0,0,0,0,-2.63971,-0.953368,-1.39476,0.471962,-0.44137,-3.79748
2201,1.1005,4,2,4,0,0,0,0,0,0,-31.9141,-33.1843,-29.4524,5.21426,-17.1962,-20.3776,0,0,0,0,0,0,-2.65825,-0.88175,-1.39981,0.478461,-0.442387,-3.83765
2202,1.101,4,2,4,0,0,0,0,0,0,-31.9971,-32.8238,-29.7824,5.25363,-17.3996,-20.5829,0,0,0,0,0,0,-2.67397,-0.817374,-1.40071,0.480161,-0.445822,-3.87142
2203,1.1015,4,2,4,0,0,0,0,0,0,-32.0733,-32.4553,-30.1017,5.29054,-17.6041,-20.7956,0,0,0,0,0,0,-2.68227,-0.75242,-1.40395,0.479989,-0.45439,-3.8926
2204,1.102,4,2,4,0,0,0,0,0,0,-32.1552,-32.0805,-30.4077,5.32837,-17.8028,-21.0256,0,0,0,0,0,0,-2.70297,-0.696171,-1.41156,0.486556,-0.45847,-3.92402
2205,1.1025,4,2,4,0,0,0,0,0,0,-32.2462,-31.7013,-30.7026,5.37025,-17.9931,-21.271,0,0,0,0,0,0,-2.72926,-0.641099,-1.42061,0.4952,-0.461237,-3.965
2206,1.103,4,2,4,0,0,0,0,0,0,-32.3336,-31.3209,-30.984,5.41175,-18.1806,-21.5125,0,0,0,0,0,0,-2.74465,-0.576798,-1.42471,0.500505,-0.463692,-3.98857
2207,1.1035,4,2,4,0,0,0,0,0,0,-32.4224,-30.9482,-31.2652,5.45523,-18.3759,-21.7509,0,0,0,0,0,0,-2.77085,-0.520319,-1.43537,0.506436,-0.470526,-4.0061
2208,1.104,4,2,4,0,0,0,0,0,0,-32.5126,-30.5831,-31.5577,5.50394,-18.5829,-21.9869,0,0,0,0,0,0,-2.8062,-0.477833,-1.45254,0.512871,-0.482128,-4.02905
2209,1.1045,4,2,4,0,0,0,0,0,0,-32.6038,-30.215,-31.8725,5.56315,-18.7995,-22.2175,0,0,0,0,0,0,-2.83836,-0.432122,-1.46446,0.515822,-0.492801,-4.05212
2210,1.105,4,2,4,0,0,0,0,0,0,-32.6864,-29.8415,-32.1993,5.62739,-19.0229,-22.4386,0,0,0,0,0,0,-2.87006,-0.383864,-1.47424,0.524145,-0.495078,-4.07405
2211,1.1055,4,2,4,0,0,0,0,0,0,-32.7606,-29.4611,-32.5318,5.69223,-19.2526,-22.654,0,0,0,0,0,0,-2.89807,-0.342945,-1.47383,0.528117,-0.491085,-4.09788
2212,1.106,4,2,4,0,0,0,0,0,0,-32.8397,-29.0749,-32.8712,5.76066,-19.4862,-22.8789,0,0,0,0,0,0,-2.90587,-0.293755,-1.46838,0.524771,-0.493736,-4.10899
2213,1.1065,4,2,4,0,0,0,0,0,0,-32.9396,-28.6881,-33.2179,5.83361,-19.721,-23.1293,0,0,0,0,0,0,-2.92214,-0.246353,-1.45926,0.522033,-0.493539,-4.14806
2214,1.107,4,2,4,0,0,0,0,0,0,-33.0399,-28.2959,-33.5623,5.90845,-19.9551,-23.3865,0,0,0,0,0,0,-2.94553,-0.202689,-1.46165,0.525044,-0.499309,-4.1851
2215,1.1075,4,2,4,0,0,0,0,0,0,-33.1363,-27.8993,-33.8899,5.97897,-20.1844,-23.6496,0,0,0,0,0,0,-2.96117,-0.153623,-1.46729,0.531981,-0.504792,-4.21011
2216,1.108,4,2,4,0,0,0,0,0,0,-33.2246,-27.5007,-34.1966,6.04389,-20.4073,-23.9133,0,0,0,0,0,0,-2.9766,-0.0995579,-1.48181,0.543409,-0.51309,-4.23814
2217,1.1085,4,2,4,0,0,0,0,0,0,-33.308,-27.0975,-34.4886,6.10775,-20.6234,-24.1765,0,0,0,0,0,0,-2.99734,-0.035062,-1.50024,0.556293,-0.521194,-4.27873
2218,1.109,4,2,4,0,0,0,0,0,0,-33.3862,-26.6882,-34.7702,6.17273,-20.8351,-24.4394,0,0,0,0,0,0,-3.02071,0.025505,-1.52175,0.567285,-0.533642,-4.31119
2219,1.1095,4,2,4,0,0,0,0,0,0,-33.4543,-26.2683,-35.0406,6.23652,-21.045,-24.694,0,0,0,0,0,0,-3.02071,0.0909259,-1.53683,0.576231,-0.546693,-4.32289
2220,1.11,4,2,4,0,0,0,0,0,0,-33.515,-25.8428,-35.297,6.2948,-21.2546,-24.9448,0,0,0,0,0,0,-3.0076,0.159287,-1.54276,0.582198,-0.555222,-4.32595
2221,1.1105,4,2,4,0,0,0,0,0,0,-33.5915,-25.4215,-35.5482,6.35192,-21.4624,-25.2158,0,0,0,0,0,0,-3.01667,0.218557,-1.54637,0.586694,-0.561489,-4.34902
2222,1.111,4,2,4,0,0,0,0,0,0,-33.6764,-25.0043,-35.799,6.41017,-21.6696,-25.4909,0,0,0,0,0,0,-3.03723,0.268201,-1.54486,0.59078,-0.560412,-4.37331
2223,1.1115,4,2,4,0,0,0,0,0,0,-33.7614,-24.5889,-36.0468,6.46828,-21.8786,-25.7677,0,0,0,0,0,0,-3.07643,0.313451,-1.54519,0.598773,-0.553111,-4.42201
2224,1.112,4,2,4,0,0,0,0,0,0,-33.8432,-24.1808,-36.289,6.52342,-22.0912,-26.0511,0,0,0,0,0,0,-3.11904,0.348535,-1.55036,0.608092,-0.549856,-4.47135
2225,1.1125,4,2,4,0,0,0,0,0,0,-33.9157,-23.7764,-36.5262,6.57336,-22.3119,-26.3363,0,0,0,0,0,0,-3.14846,0.389434,-1.55473,0.614262,-0.55091,-4.51219
2226,1.113,4,2,4,0,0,0,0,0,0,-33.9833,-23.3662,-36.7665,6.62654,-22.5367,-26.6204,0,0,0,0,0,0,-3.18236,0.436722,-1.55973,0.619646,-0.555748,-4.55929
2227,1.1135,4,2,4,0,0,0,0,0,0,-34.0457,-22.9489,-37.0131,6.68398,-22.7663,-26.8917,0,0,0,0,0,0,-3.19226,0.491836,-1.55786,0.616661,-0.566709,-4.57398
2228,1.114,4,2,4,0,0,0,0,0,0,-34.1169,-22.5326,-37.2727,6.75225,-22.9971,-27.1654,0,0,0,0,0,0,-3.19871,0.540199,-1.5543,0.613681,-0.577707,-4.58281
2229,1.1145,4,2,4,0,0,0,0,0,0,-34.1958,-22.1155,-37.5363,6.82669,-23.2261,-27.4514,0,0,0,0,0,0,-3.20868,0.593859,-1.55985,0.621671,-0.583533,-4.5952
2230,1.115,4,2,4,0,0,0,0,0,0,-34.2753,-21.6906,-37.8034,6.90861,-23.4514,-27.7429,0,0,0,0,0,0,-3.22061,0.651988,-1.56478,0.631828,-0.585676,-4.61625
2231,1.1155,4,2,4,0,0,0,0,0,0,-34.3556,-21.2594,-38.0705,6.99526,-23.6715,-28.0406,0,0,0,0,0,0,-3.23384,0.708433,-1.5695,0.639804,-0.588877,-4.64765
2232,1.116,4,2,4,0,0,0,0,0,0,-34.4359,-20.8287,-38.3343,7.08388,-23.8868,-28.347,0,0,0,0,0,0,-3.25948,0.758002,-1.57558,0.646337,-0.595617,-4.70053
2233,1.1165,4,2,4,0,0,0,0,0,0,-34.5132,-20.3997,-38.5915,7.16754,-24.105,-28.6542,0,0,0,0,0,0,-3.28327,0.804822,-1.58269,0.660121,-0.594007,-4.74938
2234,1.117,4,2,4,0,0,0,0,0,0,-34.5845,-19.9666,-38.8362,7.24379,-24.3238,-28.9606,0,0,0,0,0,0,-3.29314,0.860466,-1.58486,0.67308,-0.58827,-4.78949
2235,1.1175,4,2,4,0,0,0,0,0,0,-34.6555,-19.5305,-39.0686,7.31276,-24.5414,-29.2723,0,0,0,0,0,0,-3.29853,0.921611,-1.57691,0.680049,-0.584113,-4.81969
2236,1.118,4,2,4,0,0,0,0,0,0,-34.7275,-19.0895,-39.2897,7.3751,-24.7567,-29.5889,0,0,0,0,0,0,-3.30785,0.977361,-1.57132,0.681119,-0.589234,-4.84223
2237,1.1185,4,2,4,0,0,0,0,0,0,-34.8025,-18.6452,-39.4987,7.43096,-24.9686,-29.9115,0,0,0,0,0,0,-3.30475,1.03321,-1.57121,0.680895,-0.601181,-4.84016
2238,1.119,4,2,4,0,0,0,0,0,0,-34.875,-18.2017,-39.6994,7.48355,-25.1793,-30.2296,0,0,0,0,0,0,-3.31483,1.08149,-1.57838,0.685737,-0.613638,-4.85011
2239,1.1195,4,2,4,0,0,0,0,0,0,-34.9458,-17.7613,-39.8943,7.53537,-25.3901,-30.5479,0,0,0,0,0,0,-3.33706,1.12964,-1.59281,0.698475,-0.624713,-4.87981
2240,1.12,4,2,4,0,0,0,0,0,0,-35.0215,-17.3289,-40.0896,7.59388,-25.5982,-30.8773,0,0,0,0,0,0,-3.37505,1.17811,-1.60994,0.712978,-0.632439,-4.92937
2241,1.1205,4,2,4,0,0,0,0,0,0,-35.0877,-16.9001,-40.2782,7.65283,-25.8068,-31.204,0,0,0,0,0,0,-3.41377,1.22616,-1.61865,0.725113,-0.632421,-4.99334
2242,1.121,4,2,4,0,0,0,0,0,0,-35.1367,-16.4692,-40.4578,7.70753,-26.0206,-31.5147,0,0,0,0,0,0,-3.44193,1.28387,-1.61772,0.735044,-0.62445,-5.04624
2243,1.1215,4,2,4,0,0,0,0,0,0,-35.1843,-16.0351,-40.637,7.76579,-26.2353,-31.8252,0,0,0,0,0,0,-3.45081,1.34544,-1.61018,0.740359,-0.616985,-5.07986
2244,1.122,4,2,4,0,0,0,0,0,0,-35.2532,-15.6083,-40.8285,7.83391,-26.4511,-32.1603,0,0,0,0,0,0,-3.45866,1.40178,-1.59883,0.74302,-0.612757,-5.10955
2245,1.1225,4,2,4,0,0,0,0,0,0,-35.3357,-15.1838,-41.0325,7.91058,-26.6704,-32.5118,0,0,0,0,0,0,-3.46635,1.44767,-1.58377,0.738887,-0.613724,-5.13564
2246,1.123,4,2,4,0,0,0,0,0,0,-35.4089,-14.748,-41.2392,7.99057,-26.8915,-32.8576,0,0,0,0,0,0,-3.46138,1.49171,-1.57529,0.73834,-0.618979,-5.14578
2247,1.1235,4,2,4,0,0,0,0,0,0,-35.4696,-14.2971,-41.4378,8.0687,-27.1092,-33.1977,0,0,0,0,0,0,-3.45768,1.53574,-1.56422,0.737705,-0.623096,-5.15326
2248,1.124,4,2,4,0,0,0,0,0,0,-35.5282,-13.8394,-41.631,8.15047,-27.3163,-33.542,0,0,0,0,0,0,-3.46263,1.58778,-1.55398,0.740945,-0.622492,-5.17737
2249,1.1245,4,2,4,0,0,0,0,0,0,-35.5863,-13.3811,-41.812,8.22757,-27.5178,-33.8908,0,0,0,0,0,0,-3.47479,1.64395,-1.5521,0.753968,-0.616921,-5.20779
2250,1.125,4,2,4,0,0,0,0,0,0,-35.6332,-12.9229,-41.9773,8.29106,-27.7246,-34.2243,0,0,0,0,0,0,-3.50092,1.69181,-1.56317,0.770907,-0.619992,-5.25557
2251,1.1255,4,2,4,0,0,0,0,0,0,-35.6781,-12.4684,-42.1286,8.34124,-27.9374,-34.5549,0,0,0,0,0,0,-3.51103,1.73934,-1.57131,0.780249,-0.631485,-5.28378
2252,1.126,4,2,4,0,0,0,0,0,0,-35.7444,-12.0169,-42.2811,8.3946,-28.1477,-34.9149,0,0,0,0,0,0,-3.52243,1.79238,-1.58178,0.792201,-0.638599,-5.31855
2253,1.1265,4,2,4,0,0,0,0,0,0,-35.8191,-11.5651,-42.43,8.44917,-28.3539,-35.2919,0,0,0,0,0,0,-3.53971,1.84651,-1.5922,0.805453,-0.645007,-5.36186
2254,1.127,4,2,4,0,0,0,0,0,0,-35.8925,-11.1184,-42.5663,8.49763,-28.5551,-35.6764,0,0,0,0,0,0,-3.55009,1.89784,-1.59391,0.812708,-0.650812,-5.39636
2255,1.1275,4,2,4,0,0,0,0,0,0,-35.9588,-10.6741,-42.6896,8.54077,-28.7504,-36.054,0,0,0,0,0,0,-3.55623,1.95617,-1.58994,0.818538,-0.651946,-5.42293
2256,1.128,4,2,4,0,0,0,0,0,0,-36.016,-10.2291,-42.8065,8.58456,-28.9417,-36.4223,0,0,0,0,0,0,-3.5759,2.00748,-1.5791,0.82145,-0.645355,-5.46075
2257,1.1285,4,2,4,0,0,0,0,0,0,-36.0711,-9.78379,-42.925,8.63347,-29.1334,-36.7902,0,0,0,0,0,0,-3.58957,2.06221,-1.56902,0.827789,-0.636805,-5.49381
2258,1.129,4,2,4,0,0,0,0,0,0,-36.1091,-9.33546,-43.0437,8.68347,-29.3343,-37.1408,0,0,0,0,0,0,-3.60585,2.11581,-1.55917,0.834214,-0.628464,-5.53882
2259,1.1295,4,2,4,0,0,0,0,0,0,-36.1353,-8.88406,-43.1619,8.73541,-29.541,-37.4838,0,0,0,0,0,0,-3.61946,2.16712,-1.54279,0.834465,-0.621861,-5.58034
2260,1.13,4,2,4,0,0,0,0,0,0,-36.175,-8.43766,-43.2835,8.79102,-29.7477,-37.8485,0,0,0,0,0,0,-3.62708,2.22078,-1.52989,0.834141,-0.619592,-5.61758
2261,1.1305,4,2,4,0,0,0,0,0,0,-36.2281,-7.99193,-43.4066,8.85059,-29.9495,-38.2279,0,0,0,0,0,0,-3.6354,2.26736,-1.51645,0.832154,-0.618841,-5.65376
2262,1.131,4,2,4,0,0,0,0,0,0,-36.288,-7.54526,-43.5237,8.91119,-30.1407,-38.6254,0,0,0,0,0,0,-3.62852,2.31396,-1.50114,0.829467,-0.618978,-5.67314
2263,1.1315,4,2,4,0,0,0,0,0,0,-36.3431,-7.09673,-43.6311,8.96575,-30.3276,-39.0273,0,0,0,0,0,0,-3.62722,2.35692,-1.49628,0.837694,-0.619005,-5.69323
2264,1.132,4,2,4,0,0,0,0,0,0,-36.3909,-6.64285,-43.7311,9.01193,-30.5171,-39.4161,0,0,0,0,0,0,-3.62212,2.40652,-1.50639,0.853392,-0.626815,-5.69947
2265,1.1325,4,2,4,0,0,0,0,0,0,-36.4422,-6.18317,-43.8303,9.05678,-30.7078,-39.8057,0,0,0,0,0,0,-3.62758,2.45583,-1.51308,0.863786,-0.63756,-5.71523
2266,1.133,4,2,4,0,0,0,0,0,0,-36.4845,-5.71602,-43.9242,9.09798,-30.902,-40.1863,0,0,0,0,0,0,-3.6384,2.4988,-1.52294,0.878996,-0.645048,-5.73829
2267,1.1335,4,2,4,0,0,0,0,0,0,-36.5177,-5.24905,-44.0061,9.12938,-31.0986,-40.559,0,0,0,0,0,0,-3.65661,2.54251,-1.52684,0.892901,-0.647052,-5.777
2268,1.134,4,2,4,0,0,0,0,0,0,-36.5573,-4.78758,-44.0781,9.15692,-31.2891,-40.9427,0,0,0,0,0,0,-3.67529,2.58998,-1.52518,0.900711,-0.649302,-5.82482
2269,1.1345,4,2,4,0,0,0,0,0,0,-36.606,-4.33233,-44.1372,9.17934,-31.471,-41.3401,0,0,0,0,0,0,-3.70174,2.63975,-1.51971,0.907273,-0.648761,-5.87718
2270,1.135,4,2,4,0,0,0,0,0,0,-36.6571,-3.88811,-44.186,9.19918,-31.6454,-41.7508,0,0,0,0,0,0,-3.72212,2.68584,-1.50268,0.906706,-0.637713,-5.93026
2271,1.1355,4,2,4,0,0,0,0,0,0,-36.711,-3.45508,-44.2396,9.22803,-31.8171,-42.1812,0,0,0,0,0,0,-3.7279,2.74169,-1.49049,0.91371,-0.624879,-5.97156
2272,1.136,4,2,4,0,0,0,0,0,0,-36.7552,-3.0179,-44.2945,9.25993,-31.9926,-42.6007,0,0,0,0,0,0,-3.72424,2.79346,-1.46952,0.911392,-0.614186,-5.9951
2273,1.1365,4,2,4,0,0,0,0,0,0,-36.7876,-2.57218,-44.3476,9.29237,-32.17,-43.0067,0,0,0,0,0,0,-3.71039,2.84991,-1.44949,0.908007,-0.609415,-6.0123
2274,1.137,4,2,4,0,0,0,0,0,0,-36.8113,-2.11838,-44.3972,9.32364,-32.3478,-43.3998,0,0,0,0,0,0,-3.70317,2.90105,-1.43497,0.908062,-0.606135,-6.03648
2275,1.1375,4,2,4,0,0,0,0,0,0,-36.8348,-1.66417,-44.4477,9.35905,-32.5224,-43.7905,0,0,0,0,0,0,-3.7193,2.94795,-1.43255,0.917354,-0.605433,-6.08524
2276,1.138,4,2,4,0,0,0,0,0,0,-36.8555,-1.20633,-44.4906,9.39267,-32.6899,-44.1815,0,0,0,0,0,0,-3.7333,2.99535,-1.42114,0.922821,-0.599603,-6.13395
2277,1.1385,4,2,4,0,0,0,0,0,0,-36.8735,-0.745073,-44.52,9.41403,-32.8568,-44.5748,0,0,0,0,0,0,-3.73461,3.03958,-1.4029,0.921645,-0.597145,-6.1694
2278,1.139,4,2,4,0,0,0,0,0,0,-36.8969,-0.288561,-44.541,9.42555,-33.0241,-44.983,0,0,0,0,0,0,-3.73552,3.08199,-1.39078,0.922641,-0.597886,-6.19447
2279,1.1395,4,2,4,0,0,0,0,0,0,-36.9336,0.158112,-44.5624,9.43667,-33.1899,-45.4168,0,0,0,0,0,0,-3.73104,3.12409,-1.39045,0.930873,-0.606802,-6.20825
2280,1.14,4,2,4,0,0,0,0,0,0,-36.9781,0.602899,-44.5837,9.44618,-33.3565,-45.8603,0,0,0,0,0,0,-3.722,3.17541,-1.39862,0.948019,-0.614643,-6.2196
2281,1.1405,4,2,4,0,0,0,0,0,0,-37.0239,1.0495,-44.6024,9.45103,-33.5257,-46.2957,0,0,0,0,0,0,-3.73008,3.22437,-1.40154,0.960031,-0.618341,-6.24338
2282,1.141,4,2,4,0,0,0,0,0,0,-37.0743,1.49251,-44.617,9.45164,-33.6935,-46.7264,0,0,0,0,0,0,-3.74669,3.26547,-1.4062,0.973382,-0.620192,-6.27379
2283,1.1415,4,2,4,0,0,0,0,0,0,-37.1205,1.9362,-44.6235,9.4483,-33.8571,-47.1524,0,0,0,0,0,0,-3.78424,3.29466,-1.40671,0.984675,-0.60971,-6.33195
2284,1.142,4,2,4,0,0,0,0,0,0,-37.1441,2.38455,-44.6155,9.43982,-34.0148,-47.5642,0,0,0,0,0,0,-3.79935,3.33377,-1.39435,0.986052,-0.603415,-6.36931
2285,1.1425,4,2,4,0,0,0,0,0,0,-37.1554,2.83519,-44.5991,9.43332,-34.1649,-47.9799,0,0,0,0,0,0,-3.82211,3.38856,-1.38126,0.991408,-0.594149,-6.42639
2286,1.143,4,2,4,0,0,0,0,0,0,-37.1602,3.27781,-44.5775,9.42523,-34.313,-48.4018,0,0,0,0,0,0,-3.81975,3.44391,-1.35656,0.987521,-0.584332,-6.45806
2287,1.1435,4,2,4,0,0,0,0,0,0,-37.1704,3.70926,-44.5569,9.41995,-34.4606,-48.8399,0,0,0,0,0,0,-3.80564,3.48753,-1.32609,0.97721,-0.575162,-6.47983
2288,1.144,4,2,4,0,0,0,0,0,0,-37.1838,4.14566,-44.5391,9.42374,-34.6044,-49.2822,0,0,0,0,0,0,-3.7806,3.5367,-1.30517,0.974385,-0.573144,-6.4963
2289,1.1445,4,2,4,0,0,0,0,0,0,-37.1988,4.58757,-44.5229,9.43165,-34.7464,-49.7215,0,0,0,0,0,0,-3.75164,3.59265,-1.29304,0.979249,-0.574031,-6.51357
2290,1.145,4,2,4,0,0,0,0,0,0,-37.2162,5.02877,-44.5042,9.43602,-34.8881,-50.1533,0,0,0,0,0,0,-3.74552,3.63513,-1.28468,0.985688,-0.570727,-6.55284
2291,1.1455,4,2,4,0,0,0,0,0,0,-37.2402,5.46687,-44.4804,9.43394,-35.0271,-50.5855,0,0,0,0,0,0,-3.75076,3.67477,-1.27105,0.988377,-0.562053,-6.59648
2292,1.146,4,2,4,0,0,0,0,0,0,-37.2652,5.91201,-44.4463,9.42128,-35.164,-51.0178,0,0,0,0,0,0,-3.76788,3.71226,-1.2568,0.990476,-0.552797,-6.64024
2293,1.1465,4,2,4,0,0,0,0,0,0,-37.2839,6.36018,-44.3995,9.39766,-35.2973,-51.4547,0,0,0,0,0,0,-3.77707,3.76051,-1.25311,0.999469,-0.553524,-6.67311
2294,1.147,4,2,4,0,0,0,0,0,0,-37.3,6.80424,-44.34,9.36378,-35.4251,-51.906,0,0,0,0,0,0,-3.78136,3.81073,-1.24133,0.999531,-0.558595,-6.70237
2295,1.1475,4,2,4,0,0,0,0,0,0,-37.3143,7.2382,-44.2716,9.32206,-35.5493,-52.364,0,0,0,0,0,0,-3.77002,3.861,-1.22737,0.999083,-0.559265,-6.71535
2296,1.148,4,2,4,0,0,0,0,0,0,-37.3306,7.67167,-44.2002,9.27837,-35.6735,-52.8175,0,0,0,0,0,0,-3.78074,3.89671,-1.21686,1.00616,-0.550709,-6.74977
2297,1.1485,4,2,4,0,0,0,0,0,0,-37.3487,8.10315,-44.1276,9.23396,-35.7987,-53.2679,0,0,0,0,0,0,-3.79027,3.93626,-1.21334,1.02078,-0.540485,-6.77787
2298,1.149,4,2,4,0,0,0,0,0,0,-37.365,8.52887,-44.0548,9.19021,-35.9235,-53.7177,0,0,0,0,0,0,-3.81144,3.97023,-1.20194,1.02765,-0.529426,-6.83481
2299,1.1495,4,2,4,0,0,0,0,0,0,-37.3772,8.95478,-43.9798,9.14777,-36.0457,-54.166,0,0,0,0,0,0,-3.81744,4.00576,-1.18992,1.03508,-0.513861,-6.88154
2300,1.15,4,2,4,0,0,0,0,0,0,-37.3763,9.38529,-43.8939,9.09948,-36.1644,-54.6055,0,0,0,0,0,0,-3.81669,4.04631,-1.16462,1.0307,-0.501115,-6.91948
2301,1.1505,4,2,4,0,0,0,0,0,0,-37.3657,9.81354,-43.8013,9.04975,-36.2773,-55.0467,0,0,0,0,0,0,-3.81325,4.09183,-1.1466,1.02996,-0.498522,-6.94832
2302,1.151,4,2,4,0,0,0,0,0,0,-37.3674,10.2328,-43.7134,9.01048,-36.3804,-55.5153,0,0,0,0,0,0,-3.80501,4.14337,-1.13381,1.03551,-0.496603,-6.97889
2303,1.1515,4,2,4,0,0,0,0,0,0,-37.3702,10.6496,-43.6289,8.97539,-36.4819,-55.9806,0,0,0,0,0,0,-3.78589,4.19898,-1.11867,1.03629,-0.499279,-7.00165
2304,1.152,4,2,4,0,0,0,0,0,0,-37.3699,11.0699,-43.5444,8.93897,-36.5849,-56.4307,0,0,0,0,0,0,-3.76722,4.24481,-1.10434,1.03597,-0.499557,-7.0156
2305,1.1525,4,2,4,0,0,0,0,0,0,-37.367,11.4954,-43.4553,8.89514,-36.6908,-56.8698,0,0,0,0,0,0,-3.77874,4.27992,-1.10037,1.04662,-0.497504,-7.06024
2306,1.153,4,2,4,0,0,0,0,0,0,-37.3756,11.9246,-43.3603,8.84592,-36.7926,-57.3221,0,0,0,0,0,0,-3.78115,4.30531,-1.09357,1.05464,-0.489598,-7.09675
2307,1.1535,4,2,4,0,0,0,0,0,0,-37.3889,12.3522,-43.2555,8.78822,-36.8883,-57.7807,0,0,0,0,0,0,-3.77977,4.35049,-1.07734,1.0528,-0.486949,-7.12886
2308,1.154,4,2,4,0,0,0,0,0,0,-37.403,12.775,-43.1421,8.72271,-36.9775,-58.2474,0,0,0,0,0,0,-3.7925,4.39593,-1.06451,1.05366,-0.481844,-7.17582
2309,1.1545,4,2,4,0,0,0,0,0,0,-37.416,13.1887,-43.0231,8.65209,-37.0621,-58.7285,0,0,0,0,0,0,-3.79713,4.43611,-1.05368,1.05919,-0.472424,-7.21345
2310,1.155,4,2,4,0,0,0,0,0,0,-37.4165,13.6025,-42.8954,8.57423,-37.147,-59.2063,0,0,0,0,0,0,-3.77811,4.47892,-1.02528,1.04992,-0.461949,-7.21887
2311,1.1555,4,2,4,0,0,0,0,0,0,-37.4122,14.0165,-42.7666,8.49708,-37.2314,-59.6816,0,0,0,0,0,0,-3.77092,4.52032,-0.99993,1.04514,-0.448736,-7.2406
2312,1.156,4,2,4,0,0,0,0,0,0,-37.3958,14.4332,-42.6356,8.41997,-37.3156,-60.1392,0,0,0,0,0,0,-3.77772,4.5578,-0.97427,1.04207,-0.432511,-7.28767
2313,1.1565,4,2,4,0,0,0,0,0,0,-37.3663,14.8486,-42.4985,8.3407,-37.396,-60.5809,0,0,0,0,0,0,-3.78084,4.58504,-0.948965,1.04138,-0.41351,-7.33439
2314,1.157,4,2,4,0,0,0,0,0,0,-37.3325,15.2601,-42.3506,8.25549,-37.4696,-61.0213,0,0,0,0,0,0,-3.76757,4.61944,-0.928317,1.03911,-0.406944,-7.35473
2315,1.1575,4,2,4,0,0,0,0,0,0,-37.3072,15.6653,-42.1919,8.16398,-37.5325,-61.4758,0,0,0,0,0,0,-3.74633,4.66169,-0.911479,1.04034,-0.405095,-7.36861
2316,1.158,4,2,4,0,0,0,0,0,0,-37.3055,16.0588,-42.0328,8.07574,-37.583,-61.9641,0,0,0,0,0,0,-3.72805,4.70096,-0.898744,1.04689,-0.399539,-7.39129
2317,1.1585,4,2,4,0,0,0,0,0,0,-37.3038,16.4535,-41.8714,7.98555,-37.6306,-62.4495,0,0,0,0,0,0,-3.7286,4.74362,-0.885839,1.05383,-0.390212,-7.44085
2318,1.159,4,2,4,0,0,0,0,0,0,-37.2908,16.8535,-41.7051,7.88798,-37.6803,-62.9197,0,0,0,0,0,0,-3.70978,4.78902,-0.875996,1.06069,-0.389493,-7.45992
2319,1.1595,4,2,4,0,0,0,0,0,0,-37.2771,17.255,-41.5383,7.78412,-37.7332,-63.3913,0,0,0,0,0,0,-3.72355,4.83209,-0.871936,1.07417,-0.382297,-7.51282
2320,1.16,4,2,4,0,0,0,0,0,0,-37.2659,17.6612,-41.3719,7.67618,-37.79,-63.8634,0,0,0,0,0,0,-3.74381,4.87631,-0.871135,1.08779,-0.380765,-7.57636
2321,1.1605,4,2,4,0,0,0,0,0,0,-37.2632,18.0703,-41.2067,7.56579,-37.8497,-64.3447,0,0,0,0,0,0,-3.75167,4.92588,-0.866533,1.09562,-0.379525,-7.61806
2322,1.161,4,2,4,0,0,0,0,0,0,-37.267,18.4714,-41.0466,7.46058,-37.9068,-64.8405,0,0,0,0,0,0,-3.75572,4.96066,-0.851903,1.09823,-0.371153,-7.65649
2323,1.1615,4,2,4,0,0,0,0,0,0,-37.2671,18.8637,-40.8872,7.35868,-37.959,-65.3429,0,0,0,0,0,0,-3.74333,4.98348,-0.832179,1.09764,-0.357866,-7.66967
2324,1.162,4,2,4,0,0,0,0,0,0,-37.2538,19.2586,-40.7225,7.25519,-38.0092,-65.8304,0,0,0,0,0,0,-3.74197,5.01471,-0.802382,1.08754,-0.343479,-7.69365
2325,1.1625,4,2,4,0,0,0,0,0,0,-37.2395,19.6516,-40.5576,7.15588,-38.0525,-66.3191,0,0,0,0,0,0,-3.75611,5.04629,-0.785296,1.09385,-0.319262,-7.75149
2326,1.163,4,2,4,0,0,0,0,0,0,-37.2183,20.0455,-40.3858,7.05594,-38.0878,-66.8046,0,0,0,0,0,0,-3.75998,5.08039,-0.769651,1.10334,-0.29882,-7.80811
2327,1.1635,4,2,4,0,0,0,0,0,0,-37.1702,20.4379,-40.1966,6.94377,-38.1181,-67.2618,0,0,0,0,0,0,-3.74339,5.1232,-0.744932,1.10223,-0.286922,-7.84187
2328,1.164,4,2,4,0,0,0,0,0,0,-37.1005,20.8278,-39.9917,6.8207,-38.1415,-67.6984,0,0,0,0,0,0,-3.69466,5.16136,-0.712526,1.08791,-0.286486,-7.83597
2329,1.1645,4,2,4,0,0,0,0,0,0,-37.0403,21.2081,-39.786,6.7003,-38.154,-68.1545,0,0,0,0,0,0,-3.65875,5.19323,-0.687983,1.08004,-0.284471,-7.84289
2330,1.165,4,2,4,0,0,0,0,0,0,-37.0023,21.5838,-39.582,6.5778,-38.1619,-68.6271,0,0,0,0,0,0,-3.65055,5.23321,-0.672985,1.08336,-0.276629,-7.87447
2331,1.1655,4,2,4,0,0,0,0,0,0,-36.993,21.9636,-39.3817,6.45443,-38.1658,-69.1144,0,0,0,0,0,0,-3.64835,5.26378,-0.661642,1.0857,-0.270851,-7.91062
2332,1.166,4,2,4,0,0,0,0,0,0,-36.9947,22.3453,-39.1802,6.32725,-38.1662,-69.6045,0,0,0,0,0,0,-3.66329,5.30763,-0.652692,1.09219,-0.26401,-7.97546
2333,1.1665,4,2,4,0,0,0,0,0,0,-36.9832,22.7302,-38.963,6.18313,-38.1658,-70.0868,0,0,0,0,0,0,-3.66231,5.35055,-0.641158,1.09834,-0.257745,-8.01642
2334,1.167,4,2,4,0,0,0,0,0,0,-36.9456,23.1163,-38.7334,6.02672,-38.1675,-70.5505,0,0,0,0,0,0,-3.67043,5.38917,-0.623918,1.09949,-0.243295,-8.06163
2335,1.1675,4,2,4,0,0,0,0,0,0,-36.9038,23.4947,-38.5046,5.8721,-38.1672,-71.0273,0,0,0,0,0,0,-3.6481,5.42606,-0.595597,1.09113,-0.230397,-8.07241
2336,1.168,4,2,4,0,0,0,0,0,0,-36.8771,23.862,-38.2846,5.72772,-38.1614,-71.5353,0,0,0,0,0,0,-3.64164,5.45542,-0.575336,1.09448,-0.20918,-8.10753
2337,1.1685,4,2,4,0,0,0,0,0,0,-36.8437,24.226,-38.0644,5.58103,-38.1574,-72.0318,0,0,0,0,0,0,-3.64703,5.49574,-0.555217,1.09972,-0.18646,-8.15875
2338,1.169,4,2,4,0,0,0,0,0,0,-36.7961,24.5921,-37.8374,5.4295,-38.1517,-72.5075,0,0,0,0,0,0,-3.64391,5.52643,-0.534487,1.1006,-0.170587,-8.20553
2339,1.1695,4,2,4,0,0,0,0,0,0,-36.7444,24.9615,-37.6028,5.27498,-38.1382,-72.9735,0,0,0,0,0,0,-3.63709,5.55701,-0.511541,1.09765,-0.156788,-8.2425
2340,1.17,4,2,4,0,0,0,0,0,0,-36.6837,25.3302,-37.3586,5.11507,-38.1163,-73.4267,0,0,0,0,0,0,-3.62558,5.60044,-0.48785,1.0957,-0.147156,-8.26642
2341,1.1705,4,2,4,0,0,0,0,0,0,-36.6253,25.6902,-37.107,4.95203,-38.0822,-73.8869,0,0,0,0,0,0,-3.59237,5.61976,-0.463317,1.09141,-0.139746,-8.26413
2342,1.171,4,2,4,0,0,0,0,0,0,-36.5731,26.0372,-36.8544,4.79064,-38.0378,-74.3595,0,0,0,0,0,0,-3.56695,5.63358,-0.443104,1.09162,-0.129095,-8.2779
2343,1.1715,4,2,4,0,0,0,0,0,0,-36.5233,26.3838,-36.6036,4.6299,-37.9922,-74.8324,0,0,0,0,0,0,-3.5437,5.66498,-0.42791,1.0998,-0.119641,-8.30112
2344,1.172,4,2,4,0,0,0,0,0,0,-36.4772,26.7371,-36.3593,4.47196,-37.9508,-75.3076,0,0,0,0,0,0,-3.52126,5.69377,-0.416118,1.10729,-0.111963,-8.32792
2345,1.1725,4,2,4,0,0,0,0,0,0,-36.4459,27.0974,-36.1246,4.3197,-37.912,-75.8033,0,0,0,0,0,0,-3.5424,5.73398,-0.414144,1.12595,-0.100029,-8.40746
2346,1.173,4,2,4,0,0,0,0,0,0,-36.426,27.4587,-35.8973,4.17144,-37.8745,-76.3119,0,0,0,0,0,0,-3.57009,5.78231,-0.405399,1.1411,-0.083782,-8.48993
2347,1.1735,4,2,4,0,0,0,0,0,0,-36.4031,27.818,-35.6694,4.02033,-37.8376,-76.8179,0,0,0,0,0,0,-3.58233,5.82043,-0.397379,1.15708,-0.066389,-8.54591
2348,1.174,4,2,4,0,0,0,0,0,0,-36.3754,28.169,-35.4375,3.86427,-37.7972,-77.3243,0,0,0,0,0,0,-3.57686,5.85093,-0.375343,1.1542,-0.0509548,-8.57666
2349,1.1745,4,2,4,0,0,0,0,0,0,-36.338,28.5175,-35.1966,3.70124,-37.7514,-77.8192,0,0,0,0,0,0,-3.58352,5.87961,-0.346403,1.14567,-0.0291457,-8.6193
2350,1.175,4,2,4,0,0,0,0,0,0,-36.2795,28.8634,-34.9403,3.52584,-37.6987,-78.2901,0,0,0,0,0,0,-3.57946,5.90665,-0.325788,1.14763,-0.00927307,-8.66186
2351,1.1755,4,2,4,0,0,0,0,0,0,-36.199,29.2069,-34.6712,3.34335,-37.6395,-78.7378,0,0,0,0,0,0,-3.5497,5.94045,-0.29927,1.14243,0.00204958,-8.67972
2352,1.176,4,2,4,0,0,0,0,0,0,-36.111,29.5475,-34.396,3.16035,-37.5706,-79.1779,0,0,0,0,0,0,-3.51362,5.96969,-0.267227,1.12826,0.012834,-8.68432
2353,1.1765,4,2,4,0,0,0,0,0,0,-36.0333,29.8821,-34.1224,2.98341,-37.4906,-79.6317,0,0,0,0,0,0,-3.49375,5.99795,-0.247639,1.12816,0.0265585,-8.72467
2354,1.177,4,2,4,0,0,0,0,0,0,-35.969,30.2111,-33.8494,2.80872,-37.4019,-80.1001,0,0,0,0,0,0,-3.46508,6.01645,-0.231991,1.13088,0.0347161,-8.73701
2355,1.1775,4,2,4,0,0,0,0,0,0,-35.9088,30.5408,-33.5756,2.6299,-37.3145,-80.5717,0,0,0,0,0,0,-3.45317,6.0471,-0.217072,1.13439,0.0414788,-8.76607
2356,1.178,4,2,4,0,0,0,0,0,0,-35.8483,30.8718,-33.3015,2.44414,-37.2315,-81.0369,0,0,0,0,0,0,-3.44909,6.08594,-0.207503,1.14589,0.0490926,-8.81365
2357,1.1785,4,2,4,0,0,0,0,0,0,-35.7833,31.206,-33.0242,2.25023,-37.1509,-81.4917,0,0,0,0,0,0,-3.44316,6.11686,-0.191761,1.14894,0.0599107,-8.85348
2358,1.179,4,2,4,0,0,0,0,0,0,-35.7211,31.5423,-32.7445,2.05323,-37.0661,-81.9516,0,0,0,0,0,0,-3.42574,6.14823,-0.165398,1.13894,0.0709496,-8.87035
2359,1.1795,4,2,4,0,0,0,0,0,0,-35.6695,31.876,-32.4709,1.86708,-36.973,-82.4355,0,0,0,0,0,0,-3.43027,6.1808,-0.141886,1.13747,0.0932366,-8.91993
2360,1.18,4,2,4,0,0,0,0,0,0,-35.6144,32.1988,-32.196,1.68178,-36.8739,-82.9266,0,0,0,0,0,0,-3.41311,6.20076,-0.11955,1.14063,0.118915,-8.94586
2361,1.1805,4,2,4,0,0,0,0,0,0,-35.54,32.515,-31.9115,1.48725,-36.7726,-83.3924,0,0,0,0,0,0,-3.40574,6.22611,-0.09215,1.13798,0.143464,-8.98796
2362,1.181,4,2,4,0,0,0,0,0,0,-35.4493,32.8294,-31.6166,1.28372,-36.6667,-83.8322,0,0,0,0,0,0,-3.38677,6.24963,-0.0630474,1.12844,0.159732,-9.01721
2363,1.1815,4,2,4,0,0,0,0,0,0,-35.3562,33.1455,-31.3128,1.07348,-36.5529,-84.2646,0,0,0,0,0,0,-3.3704,6.28453,-0.0424268,1.13299,0.176287,-9.05633
2364,1.182,4,2,4,0,0,0,0,0,0,-35.2751,33.4614,-31.0073,0.867597,-36.4253,-84.7143,0,0,0,0,0,0,-3.33882,6.31269,-0.0226596,1.13647,0.188374,-9.06683
2365,1.1825,4,2,4,0,0,0,0,0,0,-35.2051,33.7658,-30.701,0.66314,-36.2865,-85.1887,0,0,0,0,0,0,-3.32199,6.3439,-0.00142907,1.13714,0.199303,-9.09345
2366,1.183,4,2,4,0,0,0,0,0,0,-35.1426,34.0658,-30.3988,0.458477,-36.149,-85.6734,0,0,0,0,0,0,-3.31322,6.36335,0.0167894,1.14066,0.218292,-9.13469
2367,1.1835,4,2,4,0,0,0,0,0,0,-35.0887,34.3714,-30.105,0.253745,-36.022,-86.1593,0,0,0,0,0,0,-3.32464,6.38857,0.0179999,1.16512,0.235667,-9.19742
2368,1.184,4,2,4,0,0,0,0,0,0,-35.0256,34.6815,-29.8193,0.0509348,-35.9068,-86.6257,0,0,0,0,0,0,-3.31192,6.4131,0.0328752,1.17161,0.24778,-9.22785
2369,1.1845,4,2,4,0,0,0,0,0,0,-34.9453,34.993,-29.5374,-0.14935,-35.7975,-87.0711,0,0,0,0,0,0,-3.31483,6.4335,0.0499681,1.17638,0.268579,-9.27792
2370,1.185,4,2,4,0,0,0,0,0,0,-34.8697,35.3061,-29.2581,-0.340138,-35.6779,-87.5282,0,0,0,0,0,0,-3.3035,6.46019,0.0650661,1.18328,0.285466,-9.31066
2371,1.1855,4,2,4,0,0,0,0,0,0,-34.8015,35.6151,-28.9801,-0.521086,-35.5419,-87.9996,0,0,0,0,0,0,-3.30079,6.48518,0.076174,1.19972,0.308501,-9.36385
2372,1.186,4,2,4,0,0,0,0,0,0,-34.7237,35.9201,-28.6883,-0.711415,-35.3939,-88.4591,0,0,0,0,0,0,-3.29355,6.51138,0.0951268,1.20558,0.330388,-9.4072
2373,1.1865,4,2,4,0,0,0,0,0,0,-34.6279,36.2216,-28.3807,-0.915695,-35.2376,-88.8904,0,0,0,0,0,0,-3.28737,6.54307,0.109134,1.21447,0.345095,-9.452
2374,1.187,4,2,4,0,0,0,0,0,0,-34.5161,36.518,-28.0621,-1.13044,-35.0745,-89.295,0,0,0,0,0,0,-3.26888,6.57304,0.135892,1.20965,0.364726,-9.47749
2375,1.1875,4,2,4,0,0,0,0,0,0,-34.4024,36.8108,-27.7408,-1.34775,-34.9069,-89.6987,0,0,0,0,0,0,-3.25024,6.61196,0.160442,1.21099,0.383871,-9.52341
2376,1.188,4,2,4,0,0,0,0,0,0,-34.3019,37.0965,-27.4274,-1.5559,-34.7354,-90.128,0,0,0,0,0,0,-3.23681,6.6452,0.178701,1.21932,0.402082,-9.57258
2377,1.1885,4,2,4,0,0,0,0,0,0,-34.2133,37.3781,-27.1247,-1.75206,-34.5636,-90.5815,0,0,0,0,0,0,-3.22907,6.66433,0.194532,1.22858,0.421074,-9.61876
2378,1.189,4,2,4,0,0,0,0,0,0,-34.1254,37.6636,-26.8301,-1.94431,-34.4019,-91.0382,0,0,0,0,0,0,-3.19812,6.6775,0.210447,1.23247,0.430282,-9.63347
2379,1.1895,4,2,4,0,0,0,0,0,0,-34.0291,37.9551,-26.54,-2.13709,-34.2494,-91.4832,0,0,0,0,0,0,-3.18464,6.69904,0.226847,1.23976,0.445808,-9.67727
2380,1.19,4,2,4,0,0,0,0,0,0,-33.9255,38.2459,-26.2519,-2.33012,-34.0981,-91.9206,0,0,0,0,0,0,-3.16729,6.71707,0.246677,1.24335,0.462732,-9.7072
2381,1.1905,4,2,4,0,0,0,0,0,0,-33.825,38.5322,-25.9634,-2.52208,-33.9377,-92.3635,0,0,0,0,0,0,-3.14967,6.72797,0.269718,1.24525,0.489124,-9.72904
2382,1.191,4,2,4,0,0,0,0,0,0,-33.7329,38.8116,-25.6707,-2.71344,-33.7606,-92.8175,0,0,0,0,0,0,-3.13671,6.74538,0.28896,1.25296,0.516099,-9.76183
2383,1.1915,4,2,4,0,0,0,0,0,0,-33.6441,39.0893,-25.3629,-2.91718,-33.5675,-93.2722,0,0,0,0,0,0,-3.12306,6.77043,0.300347,1.26623,0.531948,-9.7994
2384,1.192,4,2,4,0,0,0,0,0,0,-33.5471,39.3711,-25.0366,-3.13723,-33.3639,-93.7089,0,0,0,0,0,0,-3.12955,6.80209,0.322086,1.26944,0.55647,-9.8582
2385,1.1925,4,2,4,0,0,0,0,0,0,-33.44,39.6525,-24.6985,-3.36871,-33.1535,-94.1264,0,0,0,0,0,0,-3.12367,6.85022,0.338625,1.28318,0.573572,-9.91115
2386,1.193,4,2,4,0,0,0,0,0,0,-33.3182,39.9266,-24.3612,-3.60281,-32.9467,-94.5261,0,0,0,0,0,0,-3.09699,6.88329,0.360109,1.28784,0.589885,-9.93424
2387,1.1935,4,2,4,0,0,0,0,0,0,-33.1983,40.1927,-24.0397,-3.82213,-32.744,-94.9344,0,0,0,0,0,0,-3.07505,6.9102,0.373306,1.30294,0.604592,-9.96994
2388,1.194,4,2,4,0,0,0,0,0,0,-33.0809,40.4543,-23.7327,-4.02957,-32.5499,-95.3498,0,0,0,0,0,0,-3.06398,6.92558,0.383592,1.32268,0.625934,-10.0201
2389,1.1945,4,2,4,0,0,0,0,0,0,-32.9621,40.7185,-23.4368,-4.23117,-32.3679,-95.7658,0,0,0,0,0,0,-3.03621,6.938,0.407822,1.32095,0.646067,-10.0372
2390,1.195,4,2,4,0,0,0,0,0,0,-32.8388,40.9862,-23.1418,-4.43449,-32.1905,-96.1829,0,0,0,0,0,0,-3.00935,6.94759,0.434758,1.31067,0.663131,-10.0489
2391,1.1955,4,2,4,0,0,0,0,0,0,-32.7116,41.2512,-22.8419,-4.64148,-32.0074,-96.5969,0,0,0,0,0,0,-2.98839,6.94656,0.460564,1.29936,0.68406,-10.06
2392,1.196,4,2,4,0,0,0,0,0,0,-32.5786,41.5091,-22.537,-4.84748,-31.8113,-97.0003,0,0,0,0,0,0,-2.9635,6.94713,0.47174,1.30454,0.698111,-10.0636
2393,1.1965,4,2,4,0,0,0,0,0,0,-32.4446,41.7622,-22.2211,-5.05719,-31.5976,-97.4006,0,0,0,0,0,0,-2.96847,6.9725,0.481449,1.32489,0.722229,-10.1335
2394,1.197,4,2,4,0,0,0,0,0,0,-32.3065,42.0119,-21.8868,-5.28202,-31.3688,-97.7915,0,0,0,0,0,0,-2.94876,7.00114,0.491694,1.3416,0.732484,-10.1738
2395,1.1975,4,2,4,0,0,0,0,0,0,-32.1623,42.2624,-21.5395,-5.51954,-31.1324,-98.1639,0,0,0,0,0,0,-2.89526,7.02833,0.523664,1.33426,0.743245,-10.1667
2396,1.198,4,2,4,0,0,0,0,0,0,-32.0262,42.5206,-21.1964,-5.74781,-30.8915,-98.5372,0,0,0,0,0,0,-2.87407,7.06518,0.549297,1.3401,0.762972,-10.209
2397,1.1985,4,2,4,0,0,0,0,0,0,-31.9109,42.7839,-20.8715,-5.95389,-30.6494,-98.9404,0,0,0,0,0,0,-2.89232,7.09695,0.553406,1.37491,0.79434,-10.2991
2398,1.199,4,2,4,0,0,0,0,0,0,-31.8065,43.043,-20.5735,-6.13107,-30.414,-99.3613,0,0,0,0,0,0,-2.89444,7.12721,0.560619,1.40387,0.820973,-10.373
2399,1.1995,4,2,4,0,0,0,0,0,0,-31.7015,43.2914,-20.2889,-6.29664,-30.1844,-99.7851,0,0,0,0,0,0,-2.85479,7.14156,0.58989,1.39852,0.839307,-10.3758
2400,1.2,4,2,4,0,0,0,0,0,0,-31.5723,43.5313,-19.9967,-6.47742,-29.9604,-100.182,0,0,0,0,0,0,-2.82599,7.16654,0.617733,1.40019,0.861895,-10.4103
2401,1.2005,4,2,4,0,0,0,0,0,0,-31.4161,43.7676,-19.6891,-6.67883,-29.7362,-100.546,0,0,0,0,0,0,-2.81242,7.18594,0.635491,1.41453,0.888907,-10.462
2402,1.201,4,2,4,0,0,0,0,0,0,-31.2472,44.0008,-19.3712,-6.89124,-29.5044,-100.899,0,0,0,0,0,0,-2.79914,7.195,0.646559,1.42702,0.907981,-10.4964
2403,1.2015,4,2,4,0,0,0,0,0,0,-31.0733,44.2275,-19.0452,-7.11139,-29.2625,-101.244,0,0,0,0,0,0,-2.76519,7.20766,0.669427,1.42303,0.922406,-10.4995
2404,1.202,4,2,4,0,0,0,0,0,0,-30.9103,44.4554,-18.7181,-7.32889,-29.012,-101.604,0,0,0,0,0,0,-2.72333,7.23251,0.692307,1.43032,0.940019,-10.5189
2405,1.2025,4,2,4,0,0,0,0,0,0,-30.7669,44.6955,-18.3957,-7.53953,-28.7603,-101.992,0,0,0,0,0,0,-2.70286,7.23445,0.701387,1.44477,0.956065,-10.5431
2406,1.203,4,2,4,0,0,0,0,0,0,-30.6328,44.9449,-18.0874,-7.73557,-28.5159,-102.392,0,0,0,0,0,0,-2.72083,7.27156,0.712484,1.46978,0.986767,-10.6301
2407,1.2035,4,2,4,0,0,0,0,0,0,-30.5049,45.1981,-17.7949,-7.91342,-28.277,-102.798,0,0,0,0,0,0,-2.72109,7.29953,0.727772,1.48228,1.01138,-10.6814
2408,1.204,4,2,4,0,0,0,0,0,0,-30.3759,45.4454,-17.5091,-8.08059,-28.0349,-103.2,0,0,0,0,0,0,-2.70662,7.30139,0.730057,1.5048,1.02833,-10.7146
2409,1.2045,4,2,4,0,0,0,0,0,0,-30.2419,45.6859,-17.219,-8.24791,-27.7845,-103.596,0,0,0,0,0,0,-2.68154,7.31073,0.746294,1.5163,1.04878,-10.7332
2410,1.205,4,2,4,0,0,0,0,0,0,-30.0995,45.9211,-16.9088,-8.43464,-27.5206,-103.97,0,0,0,0,0,0,-2.67303,7.33685,0.761242,1.53574,1.07198,-10.7987
2411,1.2055,4,2,4,0,0,0,0,0,0,-29.9348,46.1471,-16.5715,-8.65033,-27.2449,-104.308,0,0,0,0,0,0,-2.65304,7.36765,0.783126,1.54907,1.09502,-10.8457
2412,1.206,4,2,4,0,0,0,0,0,0,-29.7609,46.3624,-16.2301,-8.86999,-26.9634,-104.628,0,0,0,0,0,0,-2.6203,7.39579,0.79665,1.57276,1.11216,-10.8723
2413,1.2065,4,2,4,0,0,0,0,0,0,-29.5913,46.5735,-15.9034,-9.07251,-26.6847,-104.958,0,0,0,0,0,0,-2.60097,7.41339,0.806667,1.59813,1.13463,-10.9227
2414,1.207,4,2,4,0,0,0,0,0,0,-29.4224,46.7858,-15.5949,-9.25836,-26.4182,-105.294,0,0,0,0,0,0,-2.5679,7.43056,0.824296,1.61128,1.15277,-10.9499
2415,1.2075,4,2,4,0,0,0,0,0,0,-29.2541,46.9964,-15.2989,-9.43693,-26.1631,-105.63,0,0,0,0,0,0,-2.5584,7.44526,0.848649,1.61357,1.17983,-10.9925
2416,1.208,4,2,4,0,0,0,0,0,0,-29.0734,47.2039,-15.0013,-9.62024,-25.9131,-105.95,0,0,0,0,0,0,-2.53073,7.45828,0.879118,1.60693,1.20107,-11.0104
2417,1.2085,4,2,4,0,0,0,0,0,0,-28.886,47.4101,-14.6982,-9.80685,-25.6559,-106.261,0,0,0,0,0,0,-2.48629,7.47239,0.908018,1.60497,1.22034,-11.0192
2418,1.209,4,2,4,0,0,0,0,0,0,-28.6917,47.6116,-14.3858,-9.99608,-25.3846,-106.561,0,0,0,0,0,0,-2.47103,7.48416,0.916637,1.63038,1.24447,-11.057
2419,1.2095,4,2,4,0,0,0,0,0,0,-28.4909,47.8128,-14.0575,-10.1948,-25.0984,-106.856,0,0,0,0,0,0,-2.42917,7.49301,0.928876,1.64736,1.25566,-11.055
2420,1.21,4,2,4,0,0,0,0,0,0,-28.2961,48.0246,-13.7194,-10.3974,-24.8008,-107.159,0,0,0,0,0,0,-2.42147,7.52611,0.943873,1.67313,1.27939,-11.1176
2421,1.2105,4,2,4,0,0,0,0,0,0,-28.1161,48.2495,-13.3904,-10.586,-24.501,-107.485,0,0,0,0,0,0,-2.38302,7.55862,0.96669,1.68526,1.29612,-11.1505
2422,1.211,4,2,4,0,0,0,0,0,0,-27.9675,48.4865,-13.0894,-10.739,-24.2026,-107.862,0,0,0,0,0,0,-2.38838,7.58912,0.984807,1.70355,1.3287,-11.2308
2423,1.2115,4,2,4,0,0,0,0,0,0,-27.8376,48.7222,-12.8174,-10.8576,-23.9078,-108.268,0,0,0,0,0,0,-2.407,7.62259,0.98605,1.74547,1.36001,-11.3192
2424,1.212,4,2,4,0,0,0,0,0,0,-27.7055,48.9495,-12.5497,-10.9776,-23.6167,-108.67,0,0,0,0,0,0,-2.394,7.6338,0.991874,1.77539,1.38544,-11.3501
2425,1.2125,4,2,4,0,0,0,0,0,0,-27.5463,49.1706,-12.2635,-11.1298,-23.3312,-109.037,0,0,0,0,0,0,-2.38555,7.65634,0.998904,1.8066,1.41012,-11.4057
2426,1.213,4,2,4,0,0,0,0,0,0,-27.3451,49.3757,-11.9521,-11.3263,-23.0515,-109.349,0,0,0,0,0,0,-2.36233,7.67662,1.02149,1.81643,1.43289,-11.4402
2427,1.2135,4,2,4,0,0,0,0,0,0,-27.1181,49.5604,-11.6282,-11.5432,-22.7709,-109.622,0,0,0,0,0,0,-2.35186,7.69805,1.02793,1.84696,1.45178,-11.4973
2428,1.214,4,2,4,0,0,0,0,0,0,-26.8952,49.734,-11.3165,-11.7407,-22.4865,-109.899,0,0,0,0,0,0,-2.30791,7.70487,1.04067,1.8648,1.46462,-11.5064
2429,1.2145,4,2,4,0,0,0,0,0,0,-26.6868,49.9074,-11.0226,-11.9116,-22.2013,-110.197,0,0,0,0,0,0,-2.26666,7.71217,1.05728,1.87752,1.47965,-11.5186
2430,1.215,4,2,4,0,0,0,0,0,0,-26.487,50.0763,-10.739,-12.0636,-21.9157,-110.504,0,0,0,0,0,0,-2.23832,7.71396,1.07528,1.88966,1.50158,-11.559
2431,1.2155,4,2,4,0,0,0,0,0,0,-26.2743,50.2353,-10.4464,-12.2221,-21.628,-110.777,0,0,0,0,0,0,-2.1814,7.70165,1.10552,1.8854,1.51928,-11.5639
2432,1.216,4,2,4,0,0,0,0,0,0,-26.0446,50.381,-10.1411,-12.3887,-21.3312,-111.014,0,0,0,0,0,0,-2.13752,7.70884,1.12722,1.8967,1.53638,-11.5808
2433,1.2165,4,2,4,0,0,0,0,0,0,-25.7905,50.5083,-9.8211,-12.5705,-21.0275,-111.205,0,0,0,0,0,0,-2.08826,7.70638,1.14609,1.91016,1.55268,-11.5882
2434,1.217,4,2,4,0,0,0,0,0,0,-25.5148,50.6327,-9.49064,-12.7691,-20.7252,-111.363,0,0,0,0,0,0,-2.04156,7.71583,1.17063,1.92245,1.57373,-11.6005
2435,1.2175,4,2,4,0,0,0,0,0,0,-25.2448,50.7622,-9.15787,-12.9787,-20.4235,-111.533,0,0,0,0,0,0,-1.96399,7.71408,1.20319,1.91431,1.58119,-11.5521
2436,1.218,4,2,4,0,0,0,0,0,0,-24.9932,50.9111,-8.83718,-13.1814,-20.1279,-111.738,0,0,0,0,0,0,-1.93489,7.73595,1.23625,1.91438,1.60451,-11.5789
2437,1.2185,4,2,4,0,0,0,0,0,0,-24.7821,51.0897,-8.55056,-13.3398,-19.8363,-112.013,0,0,0,0,0,0,-1.92116,7.76199,1.24888,1.94275,1.62791,-11.6284
2438,1.219,4,2,4,0,0,0,0,0,0,-24.6016,51.3025,-8.29105,-13.4534,-19.5437,-112.343,0,0,0,0,0,0,-1.94169,7.80542,1.25212,1.98625,1.66244,-11.7246
2439,1.2195,4,2,4,0,0,0,0,0,0,-24.4484,51.5603,-8.0384,-13.5425,-19.2427,-112.732,0,0,0,0,0,0,-1.94643,7.87443,1.2532,2.04733,1.69301,-11.8293
2440,1.22,4,2,4,0,0,0,0,0,0,-24.3016,51.8311,-7.77486,-13.6392,-18.9329,-113.136,0,0,0,0,0,0,-1.9672,7.94875,1.26185,2.09961,1.72675,-11.9608
2441,1.2205,4,2,4,0,0,0,0,0,0,-24.1214,52.0766,-7.48616,-13.7722,-18.6204,-113.483,0,0,0,0,0,0,-1.98153,8.006,1.27279,2.13803,1.75502,-12.0511
2442,1.221,4,2,4,0,0,0,0,0,0,-23.9361,52.2939,-7.19132,-13.9049,-18.2956,-113.814,0,0,0,0,0,0,-1.96402,8.04589,1.28691,2.17185,1.77631,-12.1027
2443,1.2215,4,2,4,0,0,0,0,0,0,-23.7547,52.4914,-6.90985,-14.0127,-17.9654,-114.138,0,0,0,0,0,0,-1.96272,8.07488,1.2918,2.21323,1.80427,-12.1707
2444,1.222,4,2,4,0,0,0,0,0,0,-23.5588,52.6626,-6.63773,-14.1135,-17.6439,-114.422,0,0,0,0,0,0,-1.94876,8.06405,1.29095,2.24981,1.82528,-12.1994
2445,1.2225,4,2,4,0,0,0,0,0,0,-23.3274,52.8047,-6.35082,-14.243,-17.3315,-114.634,0,0,0,0,0,0,-1.89286,8.02734,1.31429,2.23787,1.83418,-12.1615
2446,1.223,4,2,4,0,0,0,0,0,0,-23.0499,52.9225,-6.04306,-14.4124,-17.028,-114.774,0,0,0,0,0,0,-1.8138,7.9872,1.34754,2.21166,1.83714,-12.0946
2447,1.2235,4,2,4,0,0,0,0,0,0,-22.7433,53.0277,-5.72413,-14.5976,-16.7252,-114.879,0,0,0,0,0,0,-1.75501,7.97277,1.37594,2.20532,1.84939,-12.0765
2448,1.224,4,2,4,0,0,0,0,0,0,-22.4433,53.1398,-5.41146,-14.7753,-16.4182,-115.011,0,0,0,0,0,0,-1.70044,7.9688,1.38427,2.23542,1.85801,-12.0825
2449,1.2245,4,2,4,0,0,0,0,0,0,-22.1737,53.2728,-5.1196,-14.9238,-16.1069,-115.212,0,0,0,0,0,0,-1.65587,7.97071,1.39502,2.26427,1.87404,-12.0949
2450,1.225,4,2,4,0,0,0,0,0,0,-21.9349,53.4246,-4.84494,-15.0463,-15.7944,-115.471,0,0,0,0,0,0,-1.62534,7.98965,1.41646,2.28214,1.89622,-12.1336
2451,1.2255,4,2,4,0,0,0,0,0,0,-21.6931,53.573,-4.57787,-15.1635,-15.4903,-115.726,0,0,0,0,0,0,-1.60274,8.00029,1.43963,2.29665,1.92304,-12.1881
2452,1.226,4,2,4,0,0,0,0,0,0,-21.4246,53.7042,-4.3115,-15.2832,-15.1948,-115.937,0,0,0,0,0,0,-1.58419,8.01837,1.45766,2.3203,1.95007,-12.2535
2453,1.2265,4,2,4,0,0,0,0,0,0,-21.128,53.8177,-4.03464,-15.4194,-14.9019,-116.092,0,0,0,0,0,0,-1.54343,8.04637,1.47139,2.35178,1.96541,-12.2847
2454,1.227,4,2,4,0,0,0,0,0,0,-20.8216,53.9164,-3.74021,-15.5759,-14.601,-116.211,0,0,0,0,0,0,-1.46054,8.03936,1.49847,2.35867,1.97336,-12.2317
2455,1.2275,4,2,4,0,0,0,0,0,0,-20.5339,54.0218,-3.44231,-15.7285,-14.288,-116.354,0,0,0,0,0,0,-1.41741,8.05514,1.53035,2.37201,1.99491,-12.252
2456,1.228,4,2,4,0,0,0,0,0,0,-20.281,54.146,-3.16238,-15.8438,-13.9664,-116.549,0,0,0,0,0,0,-1.41385,8.09486,1.54625,2.42032,2.02907,-12.3576
2457,1.2285,4,2,4,0,0,0,0,0,0,-20.0514,54.2862,-2.90862,-15.9183,-13.6474,-116.78,0,0,0,0,0,0,-1.38929,8.12754,1.56235,2.46235,2.05692,-12.4185
2458,1.229,4,2,4,0,0,0,0,0,0,-19.8153,54.4315,-2.66631,-15.984,-13.3383,-117.006,0,0,0,0,0,0,-1.36789,8.15993,1.57514,2.50619,2.0852,-12.4631
2459,1.2295,4,2,4,0,0,0,0,0,0,-19.5618,54.5788,-2.41415,-16.0689,-13.0328,-117.215,0,0,0,0,0,0,-1.3444,8.18245,1.58436,2.54677,2.10385,-12.5011
2460,1.23,4,2,4,0,0,0,0,0,0,-19.2897,54.7221,-2.14456,-16.1886,-12.73,-117.412,0,0,0,0,0,0,-1.31511,8.20688,1.60883,2.56294,2.12438,-12.541
2461,1.2305,4,2,4,0,0,0,0,0,0,-19.0284,54.8766,-1.86832,-16.311,-12.4166,-117.644,0,0,0,0,0,0,-1.28665,8.24143,1.62781,2.59065,2.14397,-12.5999
2462,1.231,4,2,4,0,0,0,0,0,0,-18.7846,55.0382,-1.6045,-16.4017,-12.0943,-117.902,0,0,0,0,0,0,-1.2593,8.28423,1.63196,2.64555,2.16401,-12.6911
2463,1.2315,4,2,4,0,0,0,0,0,0,-18.5459,55.197,-1.34677,-16.4727,-11.767,-118.146,0,0,0,0,0,0,-1.22299,8.29604,1.63785,2.68329,2.17828,-12.7313
2464,1.232,4,2,4,0,0,0,0,0,0,-18.2842,55.3328,-1.08489,-16.5553,-11.4474,-118.339,0,0,0,0,0,0,-1.19472,8.30545,1.65931,2.70205,2.20011,-12.763
2465,1.2325,4,2,4,0,0,0,0,0,0,-17.9952,55.4474,-0.806706,-16.6619,-11.1306,-118.477,0,0,0,0,0,0,-1.15929,8.29119,1.68416,2.69994,2.21377,-12.7433
2466,1.233,4,2,4,0,0,0,0,0,0,-17.6813,55.5382,-0.510215,-16.7938,-10.8119,-118.565,0,0,0,0,0,0,-1.10579,8.2748,1.71253,2.69557,2.22568,-12.7018
2467,1.2335,4,2,4,0,0,0,0,0,0,-17.3718,55.6285,-0.2196,-16.9198,-10.4918,-118.669,0,0,0,0,0,0,-1.05422,8.28126,1.72819,2.73237,2.24249,-12.713
2468,1.234,4,2,4,0,0,0,0,0,0,-17.0753,55.7336,0.0515953,-17.0194,-10.1752,-118.805,0,0,0,0,0,0,-1.00702,8.28584,1.74124,2.76487,2.25776,-12.7212
2469,1.2345,4,2,4,0,0,0,0,0,0,-16.7929,55.85,0.303846,-17.1015,-9.86709,-118.979,0,0,0,0,0,0,-0.98265,8.30021,1.76279,2.78462,2.2816,-12.7645
2470,1.235,4,2,4,0,0,0,0,0,0,-16.51,55.9658,0.544116,-17.1794,-9.57234,-119.16,0,0,0,0,0,0,-0.941199,8.3119,1.79251,2.79915,2.3031,-12.8072
2471,1.2355,4,2,4,0,0,0,0,0,0,-16.204,56.0635,0.792311,-17.2715,-9.2815,-119.294,0,0,0,0,0,0,-0.893191,8.32246,1.80867,2.82685,2.31234,-12.8457
2472,1.236,4,2,4,0,0,0,0,0,0,-15.8747,56.1424,1.05003,-17.381,-8.99367,-119.385,0,0,0,0,0,0,-0.835258,8.34039,1.82008,2.85798,2.31432,-12.8652
2473,1.2365,4,2,4,0,0,0,0,0,0,-15.5485,56.2228,1.31308,-17.4906,-8.69755,-119.475,0,0,0,0,0,0,-0.78677,8.36428,1.83705,2.89286,2.32812,-12.8964
2474,1.237,4,2,4,0,0,0,0,0,0,-15.2531,56.3211,1.57028,-17.5722,-8.38663,-119.604,0,0,0,0,0,0,-0.758986,8.38845,1.86089,2.92381,2.35657,-12.9483
2475,1.2375,4,2,4,0,0,0,0,0,0,-14.9852,56.4275,1.81538,-17.6218,-8.06685,-119.77,0,0,0,0,0,0,-0.743951,8.40642,1.88307,2.94951,2.38344,-12.9922
2476,1.238,4,2,4,0,0,0,0,0,0,-14.7056,56.5303,2.05213,-17.6662,-7.75795,-119.922,0,0,0,0,0,0,-0.706073,8.41342,1.90105,2.97994,2.40015,-13.0207
2477,1.2385,4,2,4,0,0,0,0,0,0,-14.3948,56.6163,2.29247,-17.7315,-7.46275,-120.027,0,0,0,0,0,0,-0.653274,8.44236,1.92309,3.01897,2.41655,-13.0515
2478,1.239,4,2,4,0,0,0,0,0,0,-14.055,56.6922,2.54365,-17.8259,-7.17576,-120.101,0,0,0,0,0,0,-0.607812,8.47037,1.94467,3.05611,2.43655,-13.0822
2479,1.2395,4,2,4,0,0,0,0,0,0,-13.7276,56.7779,2.79439,-17.9179,-6.88206,-120.209,0,0,0,0,0,0,-0.567328,8.47952,1.96498,3.08745,2.45603,-13.1225
2480,1.24,4,2,4,0,0,0,0,0,0,-13.4256,56.8787,3.03434,-17.9825,-6.58021,-120.372,0,0,0,0,0,0,-0.540727,8.4836,1.97437,3.11954,2.46953,-13.1705
2481,1.2405,4,2,4,0,0,0,0,0,0,-13.1279,56.9794,3.26463,-18.0291,-6.28016,-120.544,0,0,0,0,0,0,-0.480182,8.47308,2.00032,3.12537,2.48031,-13.1515
2482,1.241,4,2,4,0,0,0,0,0,0,-12.8172,57.0671,3.50173,-18.0751,-5.97755,-120.672,0,0,0,0,0,0,-0.458492,8.4949,2.0133,3.158,2.49988,-13.1924
2483,1.2415,4,2,4,0,0,0,0,0,0,-12.4834,57.1387,3.7541,-18.1383,-5.67343,-120.739,0,0,0,0,0,0,-0.42036,8.50208,2.0263,3.17709,2.50736,-13.1783
2484,1.242,4,2,4,0,0,0,0,0,0,-12.1394,57.1995,4.01641,-18.2169,-5.36678,-120.781,0,0,0,0,0,0,-0.371395,8.51345,2.05479,3.19583,2.52554,-13.2015
2485,1.2425,4,2,4,0,0,0,0,0,0,-11.8097,57.2588,4.27148,-18.2894,-5.0579,-120.85,0,0,0,0,0,0,-0.31203,8.50636,2.08144,3.22863,2.54528,-13.2282
2486,1.243,4,2,4,0,0,0,0,0,0,-11.4904,57.3265,4.51199,-18.3406,-4.75271,-120.944,0,0,0,0,0,0,-0.269608,8.49095,2.09917,3.26245,2.5647,-13.2459
2487,1.2435,4,2,4,0,0,0,0,0,0,-11.1687,57.3978,4.7399,-18.382,-4.459,-121.041,0,0,0,0,0,0,-0.223808,8.50582,2.12707,3.29279,2.58925,-13.2631
2488,1.244,4,2,4,0,0,0,0,0,0,-10.8278,57.4631,4.96628,-18.4346,-4.17845,-121.117,0,0,0,0,0,0,-0.201565,8.54244,2.14493,3.32864,2.60971,-13.3132
2489,1.2445,4,2,4,0,0,0,0,0,0,-10.469,57.5147,5.19921,-18.5024,-3.90208,-121.163,0,0,0,0,0,0,-0.154868,8.5406,2.1573,3.34116,2.61079,-13.3029
2490,1.245,4,2,4,0,0,0,0,0,0,-10.1231,57.5634,5.44044,-18.567,-3.61177,-121.216,0,0,0,0,0,0,-0.115255,8.55477,2.17647,3.36268,2.62221,-13.3302
2491,1.2455,4,2,4,0,0,0,0,0,0,-9.80057,57.6218,5.67986,-18.6091,-3.30732,-121.289,0,0,0,0,0,0,-0.071493,8.57718,2.20042,3.40544,2.644,-13.3914
2492,1.246,4,2,4,0,0,0,0,0,0,-9.48023,57.6832,5.91713,-18.6392,-2.99967,-121.365,0,0,0,0,0,0,-0.0137039,8.60528,2.23457,3.4439,2.67007,-13.4379
2493,1.2465,4,2,4,0,0,0,0,0,0,-9.14996,57.7374,6.14628,-18.6674,-2.70222,-121.429,0,0,0,0,0,0,0.0285075,8.63977,2.26052,3.49277,2.69332,-13.5084
2494,1.247,4,2,4,0,0,0,0,0,0,-8.80683,57.7795,6.36597,-18.7025,-2.42083,-121.468,0,0,0,0,0,0,0.0741561,8.63756,2.27923,3.51482,2.7028,-13.5059
2495,1.2475,4,2,4,0,0,0,0,0,0,-8.44451,57.8043,6.58695,-18.7571,-2.15149,-121.48,0,0,0,0,0,0,0.126367,8.64349,2.30219,3.54352,2.71609,-13.5152
2496,1.248,4,2,4,0,0,0,0,0,0,-8.08453,57.8424,6.8073,-18.8165,-1.88459,-121.533,0,0,0,0,0,0,0.178234,8.65415,2.33246,3.56727,2.73724,-13.532
2497,1.2485,4,2,4,0,0,0,0,0,0,-7.73015,57.8859,7.02846,-18.8653,-1.61159,-121.606,0,0,0,0,0,0,0.225957,8.68087,2.35847,3.60935,2.7587,-13.606
2498,1.249,4,2,4,0,0,0,0,0,0,-7.39571,57.9368,7.24865,-18.8928,-1.3258,-121.685,0,0,0,0,0,0,0.277981,8.68747,2.3705,3.63454,2.75832,-13.6245
2499,1.2495,4,2,4,0,0,0,0,0,0,-7.06284,57.9813,7.46662,-18.9019,-1.03568,-121.74,0,0,0,0,0,0,0.316481,8.70068,2.38361,3.66519,2.76604,-13.6655
2500,1.25,4,2,4,0,0,0,0,0,0,-6.70769,58.0098,7.69309,-18.9236,-0.749803,-121.756,0,0,0,0,0,0,0.376146,8.67881,2.40307,3.67892,2.76957,-13.6253
2501,1.2505,4,2,4,0,0,0,0,0,0,-6.3427,58.0331,7.92877,-18.9628,-0.464023,-121.765,0,0,0,0,0,0,0.442261,8.68837,2.44479,3.71742,2.79825,-13.6601
2502,1.251,4,2,4,0,0,0,0,0,0,-5.98481,58.0534,8.16127,-19.0083,-0.179845,-121.791,0,0,0,0,0,0,0.486373,8.69824,2.47254,3.76077,2.82148,-13.6948
2503,1.2515,4,2,4,0,0,0,0,0,0,-5.63775,58.0862,8.3758,-19.0374,0.0953395,-121.859,0,0,0,0,0,0,0.504324,8.70728,2.49273,3.78945,2.84508,-13.7166
2504,1.252,4,2,4,0,0,0,0,0,0,-5.2775,58.1237,8.57023,-19.0548,0.34753,-121.931,0,0,0,0,0,0,0.539825,8.71963,2.50581,3.82866,2.85533,-13.7485
2505,1.2525,4,2,4,0,0,0,0,0,0,-4.89381,58.1468,8.7679,-19.0828,0.589596,-121.955,0,0,0,0,0,0,0.626884,8.7277,2.53799,3.85164,2.85974,-13.7608
2506,1.253,4,2,4,0,0,0,0,0,0,-4.50472,58.1437,8.98876,-19.1306,0.849402,-121.919,0,0,0,0,0,0,0.694666,8.74545,2.5612,3.8845,2.86413,-13.8216
2507,1.2535,4,2,4,0,0,0,0,0,0,-4.1318,58.1377,9.22042,-19.1708,1.13012,-121.889,0,0,0,0,0,0,0.740659,8.72676,2.58403,3.88792,2.87362,-13.8099
2508,1.254,4,2,4,0,0,0,0,0,0,-3.78044,58.1443,9.43897,-19.1834,1.41306,-121.909,0,0,0,0,0,0,0.766112,8.71788,2.60405,3.90619,2.89208,-13.7936
2509,1.2545,4,2,4,0,0,0,0,0,0,-3.4389,58.1651,9.64242,-19.173,1.69008,-121.948,0,0,0,0,0,0,0.820003,8.7253,2.62418,3.94837,2.90371,-13.7978
2510,1.255,4,2,4,0,0,0,0,0,0,-3.07242,58.1774,9.84078,-19.1708,1.94848,-121.949,0,0,0,0,0,0,0.87722,8.75189,2.65466,4.00481,2.92617,-13.8388
2511,1.2555,4,2,4,0,0,0,0,0,0,-2.66452,58.1644,10.0441,-19.2047,2.18457,-121.895,0,0,0,0,0,0,0.924431,8.74531,2.67939,4.02316,2.93652,-13.833
2512,1.256,4,2,4,0,0,0,0,0,0,-2.24951,58.1447,10.2524,-19.2541,2.42051,-121.844,0,0,0,0,0,0,0.962804,8.75238,2.70784,4.03105,2.95063,-13.8661
2513,1.2565,4,2,4,0,0,0,0,0,0,-1.87218,58.1334,10.4592,-19.2737,2.68043,-121.827,0,0,0,0,0,0,1.01366,8.77034,2.72277,4.05804,2.95236,-13.9124
2514,1.257,4,2,4,0,0,0,0,0,0,-1.51806,58.1358,10.6599,-19.2561,2.95429,-121.827,0,0,0,0,0,0,1.08638,8.77553,2.7418,4.0941,2.95464,-13.9248
2515,1.2575,4,2,4,0,0,0,0,0,0,-1.16037,58.1419,10.857,-19.2298,3.22411,-121.826,0,0,0,0,0,0,1.14635,8.79041,2.76451,4.14344,2.96724,-13.9544
2516,1.258,4,2,4,0,0,0,0,0,0,-0.772852,58.1198,11.0592,-19.2304,3.47832,-121.766,0,0,0,0,0,0,1.19133,8.80202,2.79888,4.17881,2.9915,-13.983
2517,1.2585,4,2,4,0,0,0,0,0,0,-0.374199,58.0886,11.273,-19.252,3.73289,-121.692,0,0,0,0,0,0,1.23783,8.80014,2.83783,4.20618,3.01783,-14.0118
2518,1.259,4,2,4,0,0,0,0,0,0,0.0189831,58.0513,11.4767,-19.2707,3.98232,-121.643,0,0,0,0,0,0,1.28104,8.79999,2.86678,4.23792,3.03708,-14.0206
2519,1.2595,4,2,4,0,0,0,0,0,0,0.400865,58.0364,11.6595,-19.2666,4.21966,-121.641,0,0,0,0,0,0,1.32494,8.80995,2.88379,4.28366,3.04699,-14.0462
2520,1.26,4,2,4,0,0,0,0,0,0,0.776077,58.0343,11.8371,-19.253,4.45502,-121.637,0,0,0,0,0,0,1.39002,8.81991,2.90442,4.31847,3.04969,-14.061
2521,1.2605,4,2,4,0,0,0,0,0,0,1.16485,58.0164,12.0246,-19.2486,4.69127,-121.589,0,0,0,0,0,0,1.4425,8.83488,2.92395,4.35729,3.05698,-14.1067
2522,1.261,4,2,4,0,0,0,0,0,0,1.57135,57.9747,12.2243,-19.2648,4.92585,-121.507,0,0,0,0,0,0,1.52154,8.79847,2.95264,4.3477,3.05254,-14.0624
2523,1.2615,4,2,4,0,0,0,0,0,0,1.97628,57.9252,12.4256,-19.2794,5.1638,-121.44,0,0,0,0,0,0,1.56447,8.79957,2.9762,4.37524,3.06328,-14.0956
2524,1.262,4,2,4,0,0,0,0,0,0,2.36586,57.8819,12.6109,-19.2702,5.39751,-121.406,0,0,0,0,0,0,1.60016,8.84462,3.00049,4.43243,3.08372,-14.1793
2525,1.2625,4,2,4,0,0,0,0,0,0,2.74775,57.8574,12.7874,-19.247,5.62638,-121.396,0,0,0,0,0,0,1.67614,8.84137,3.03113,4.45386,3.09008,-14.1418
2526,1.263,4,2,4,0,0,0,0,0,0,3.14871,57.8202,12.9628,-19.2361,5.8433,-121.346,0,0,0,0,0,0,1.74994,8.84616,3.06235,4.49977,3.10307,-14.1589
2527,1.2635,4,2,4,0,0,0,0,0,0,3.56343,57.765,13.1411,-19.2479,6.05402,-121.257,0,0,0,0,0,0,1.78977,8.83329,3.08386,4.52694,3.11291,-14.1829
2528,1.264,4,2,4,0,0,0,0,0,0,3.97809,57.7036,13.3339,-19.2606,6.28066,-121.16,0,0,0,0,0,0,1.84076,8.81575,3.11479,4.5401,3.12548,-14.1905
2529,1.2645,4,2,4,0,0,0,0,0,0,4.38383,57.6483,13.5244,-19.2499,6.5144,-121.09,0,0,0,0,0,0,1.8992,8.80761,3.14162,4.56143,3.13307,-14.1896
2530,1.265,4,2,4,0,0,0,0,0,0,4.78188,57.6065,13.7099,-19.2198,6.74937,-121.048,0,0,0,0,0,0,1.96243,8.7983,3.16188,4.57448,3.13159,-14.1735
2531,1.2655,4,2,4,0,0,0,0,0,0,5.17874,57.5583,13.8897,-19.1926,6.97661,-120.989,0,0,0,0,0,0,2.00957,8.81684,3.17841,4.61636,3.13749,-14.213
2532,1.266,4,2,4,0,0,0,0,0,0,5.58235,57.5023,14.0666,-19.1785,7.19453,-120.909,0,0,0,0,0,0,2.08111,8.82771,3.20867,4.64997,3.14369,-14.2355
2533,1.2665,4,2,4,0,0,0,0,0,0,5.99925,57.4269,14.2461,-19.1782,7.40739,-120.797,0,0,0,0,0,0,2.16285,8.80252,3.25765,4.66064,3.16216,-14.2163
2534,1.267,4,2,4,0,0,0,0,0,0,6.41262,57.3523,14.4236,-19.1769,7.62072,-120.689,0,0,0,0,0,0,2.20441,8.79327,3.28583,4.70435,3.17957,-14.2467
2535,1.2675,4,2,4,0,0,0,0,0,0,6.82143,57.2763,14.5943,-19.1648,7.83149,-120.599,0,0,0,0,0,0,2.25112,8.80095,3.31103,4.75322,3.19332,-14.2746
2536,1.268,4,2,4,0,0,0,0,0,0,7.22745,57.2017,14.7607,-19.1463,8.0394,-120.522,0,0,0,0,0,0,2.31927,8.81251,3.34135,4.77403,3.19815,-14.2805
2537,1.2685,4,2,4,0,0,0,0,0,0,7.63766,57.1288,14.9282,-19.1234,8.24549,-120.445,0,0,0,0,0,0,2.38194,8.81561,3.36527,4.79835,3.20076,-14.2909
2538,1.269,4,2,4,0,0,0,0,0,0,8.06105,57.042,15.097,-19.1064,8.44317,-120.329,0,0,0,0,0,0,2.4414,8.83124,3.39435,4.84717,3.21282,-14.3473
2539,1.2695,4,2,4,0,0,0,0,0,0,8.4825,56.9503,15.2695,-19.0927,8.64347,-120.205,0,0,0,0,0,0,2.50251,8.8243,3.41463,4.88991,3.21334,-14.375
2540,1.27,4,2,4,0,0,0,0,0,0,8.88747,56.8567,15.4394,-19.0747,8.84876,-120.079,0,0,0,0,0,0,2.57422,8.80137,3.45652,4.9009,3.22674,-14.3496
2541,1.2705,4,2,4,0,0,0,0,0,0,9.28682,56.7628,15.6026,-19.0546,9.05128,-119.971,0,0,0,0,0,0,2.61777,8.79244,3.48355,4.93404,3.23987,-14.3607
2542,1.271,4,2,4,0,0,0,0,0,0,9.69465,56.6673,15.7625,-19.0352,9.24666,-119.866,0,0,0,0,0,0,2.65631,8.78474,3.49639,4.97055,3.24151,-14.3679
2543,1.2715,4,2,4,0,0,0,0,0,0,10.1303,56.5606,15.918,-19.0225,9.42309,-119.735,0,0,0,0,0,0,2.71483,8.79406,3.52402,4.99186,3.24659,-14.3746
2544,1.272,4,2,4,0,0,0,0,0,0,10.5738,56.4595,16.0743,-19.0119,9.5943,-119.605,0,0,0,0,0,0,2.77944,8.79018,3.54589,4.99186,3.24161,-14.3659
2545,1.2725,4,2,4,0,0,0,0,0,0,11.007,56.3684,16.2297,-18.9848,9.77035,-119.494,0,0,0,0,0,0,2.85155,8.78494,3.57509,5.0158,3.24427,-14.401
2546,1.273,4,2,4,0,0,0,0,0,0,11.4248,56.2845,16.3864,-18.9456,9.956,-119.404,0,0,0,0,0,0,2.91049,8.76515,3.6006,5.04318,3.24692,-14.4055
2547,1.2735,4,2,4,0,0,0,0,0,0,11.8314,56.185,16.5468,-18.9085,10.1527,-119.288,0,0,0,0,0,0,2.97652,8.73358,3.63073,5.07532,3.25247,-14.3771
2548,1.274,4,2,4,0,0,0,0,0,0,12.243,56.0558,16.7081,-18.8859,10.3482,-119.126,0,0,0,0,0,0,3.03816,8.70426,3.66212,5.09072,3.261,-14.3358
2549,1.2745,4,2,4,0,0,0,0,0,0,12.6697,55.909,16.8675,-18.8723,10.5343,-118.935,0,0,0,0,0,0,3.0977,8.70458,3.69292,5.11535,3.27024,-14.3406
2550,1.275,4,2,4,0,0,0,0,0,0,13.0982,55.7738,17.0217,-18.8571,10.7123,-118.765,0,0,0,0,0,0,3.15327,8.73407,3.73025,5.1678,3.2914,-14.4014
2551,1.2755,4,2,4,0,0,0,0,0,0,13.5268,55.6515,17.1653,-18.832,10.8782,-118.629,0,0,0,0,0,0,3.20175,8.74518,3.75346,5.21703,3.29749,-14.4335
2552,1.276,4,2,4,0,0,0,0,0,0,13.9484,55.5339,17.307,-18.7996,11.0445,-118.513,0,0,0,0,0,0,3.26965,8.72419,3.77734,5.22446,3.2911,-14.4149
2553,1.2765,4,2,4,0,0,0,0,0,0,14.3663,55.4153,17.4563,-18.7624,11.2196,-118.384,0,0,0,0,0,0,3.36269,8.69873,3.80568,5.24489,3.28055,-14.4321
2554,1.277,4,2,4,0,0,0,0,0,0,14.7895,55.2767,17.6179,-18.7306,11.4047,-118.214,0,0,0,0,0,0,3.43084,8.69673,3.83795,5.28355,3.28686,-14.476
2555,1.2775,4,2,4,0,0,0,0,0,0,15.2142,55.1209,17.7842,-18.708,11.5934,-118.01,0,0,0,0,0,0,3.48413,8.69465,3.8741,5.33367,3.30472,-14.5076
2556,1.278,4,2,4,0,0,0,0,0,0,15.6424,54.9686,17.9332,-18.6802,11.763,-117.819,0,0,0,0,0,0,3.53087,8.6926,3.91533,5.37518,3.32848,-14.5138
2557,1.2785,4,2,4,0,0,0,0,0,0,16.0788,54.8333,18.0623,-18.6438,11.9086,-117.678,0,0,0,0,0,0,3.59229,8.67307,3.95134,5.38518,3.33989,-14.4798
2558,1.279,4,2,4,0,0,0,0,0,0,16.5175,54.7018,18.1858,-18.6101,12.0448,-117.556,0,0,0,0,0,0,3.65118,8.65197,3.96004,5.39762,3.32274,-14.449
2559,1.2795,4,2,4,0,0,0,0,0,0,16.9599,54.5562,18.3163,-18.5824,12.1817,-117.415,0,0,0,0,0,0,3.70891,8.62372,3.96745,5.39331,3.30221,-14.4275
2560,1.28,4,2,4,0,0,0,0,0,0,17.4048,54.4032,18.4589,-18.5602,12.3252,-117.244,0,0,0,0,0,0,3.76757,8.58169,3.9803,5.39586,3.28681,-14.3895
2561,1.2805,4,2,4,0,0,0,0,0,0,17.8359,54.2441,18.6084,-18.5422,12.4838,-117.055,0,0,0,0,0,0,3.85588,8.57055,4.02997,5.43865,3.30071,-14.4274
2562,1.281,4,2,4,0,0,0,0,0,0,18.2516,54.0783,18.7494,-18.5153,12.6457,-116.859,0,0,0,0,0,0,3.93562,8.58477,4.0815,5.49619,3.32277,-14.4916
2563,1.2815,4,2,4,0,0,0,0,0,0,18.6658,53.9047,18.887,-18.4716,12.808,-116.665,0,0,0,0,0,0,3.99442,8.58306,4.10765,5.52731,3.32577,-14.4801
2564,1.282,4,2,4,0,0,0,0,0,0,19.0919,53.7305,19.0177,-18.4309,12.9572,-116.484,0,0,0,0,0,0,4.03884,8.56836,4.12574,5.55833,3.32626,-14.4591
2565,1.2825,4,2,4,0,0,0,0,0,0,19.5424,53.5567,19.144,-18.4037,13.0877,-116.306,0,0,0,0,0,0,4.08062,8.53362,4.14108,5.5653,3.3221,-14.4072
2566,1.283,4,2,4,0,0,0,0,0,0,20.0028,53.3927,19.2652,-18.388,13.2046,-116.144,0,0,0,0,0,0,4.15628,8.50317,4.17822,5.5767,3.32531,-14.4101
2567,1.2835,4,2,4,0,0,0,0,0,0,20.4479,53.2291,19.3929,-18.3598,13.3345,-115.981,0,0,0,0,0,0,4.22341,8.48222,4.20865,5.58272,3.32499,-14.4208
2568,1.284,4,2,4,0,0,0,0,0,0,20.8618,53.0599,19.5251,-18.3151,13.4837,-115.792,0,0,0,0,0,0,4.32606,8.46807,4.24616,5.62048,3.31961,-14.4612
2569,1.2845,4,2,4,0,0,0,0,0,0,21.262,52.8719,19.6582,-18.2683,13.6403,-115.573,0,0,0,0,0,0,4.39973,8.46097,4.27401,5.67411,3.31733,-14.5014
2570,1.285,4,2,4,0,0,0,0,0,0,21.6739,52.6604,19.7935,-18.2385,13.7938,-115.323,0,0,0,0,0,0,4.45085,8.45561,4.30925,5.71065,3.33011,-14.4977
2571,1.2855,4,2,4,0,0,0,0,0,0,22.1057,52.4378,19.924,-18.2234,13.9315,-115.066,0,0,0,0,0,0,4.48881,8.40977,4.33358,5.71399,3.33689,-14.4278
2572,1.286,4,2,4,0,0,0,0,0,0,22.5519,52.2327,20.0493,-18.2087,14.056,-114.858,0,0,0,0,0,0,4.53219,8.41098,4.3591,5.75235,3.34266,-14.4377
2573,1.2865,4,2,4,0,0,0,0,0,0,23.0027,52.0507,20.1677,-18.1747,14.1712,-114.704,0,0,0,0,0,0,4.60868,8.4064,4.39106,5.79781,3.33945,-14.4731
2574,1.287,4,2,4,0,0,0,0,0,0,23.4465,51.8746,20.2806,-18.1323,14.2834,-114.559,0,0,0,0,0,0,4.69717,8.39672,4.43158,5.82868,3.33906,-14.4967
2575,1.2875,4,2,4,0,0,0,0,0,0,23.8765,51.6852,20.3933,-18.0921,14.4004,-114.374,0,0,0,0,0,0,4.77189,8.38795,4.45971,5.84767,3.33266,-14.5162
2576,1.288,4,2,4,0,0,0,0,0,0,24.2912,51.4784,20.5161,-18.0591,14.5323,-114.134,0,0,0,0,0,0,4.85056,8.37925,4.48517,5.88728,3.32378,-14.5559
2577,1.2885,4,2,4,0,0,0,0,0,0,24.7046,51.2577,20.6439,-18.0368,14.6672,-113.868,0,0,0,0,0,0,4.90939,8.34269,4.50681,5.90256,3.31908,-14.5332
2578,1.289,4,2,4,0,0,0,0,0,0,25.1228,51.0348,20.7671,-18.0154,14.7946,-113.618,0,0,0,0,0,0,4.94284,8.28295,4.5262,5.88854,3.321,-14.4486
2579,1.2895,4,2,4,0,0,0,0,0,0,25.5598,50.8083,20.8681,-17.9882,14.8904,-113.392,0,0,0,0,0,0,4.98803,8.24316,4.55529,5.8968,3.32866,-14.41
2580,1.29,4,2,4,0,0,0,0,0,0,26.0126,50.5886,20.9687,-17.9503,14.9799,-113.207,0,0,0,0,0,0,5.04462,8.23413,4.57515,5.949,3.32223,-14.4482
2581,1.2905,4,2,4,0,0,0,0,0,0,26.4631,50.3678,21.0815,-17.9138,15.0829,-113.017,0,0,0,0,0,0,5.13932,8.20801,4.61038,5.97321,3.31169,-14.4559
2582,1.291,4,2,4,0,0,0,0,0,0,26.9026,50.1417,21.195,-17.8877,15.1907,-112.802,0,0,0,0,0,0,5.22409,8.16941,4.63981,5.99204,3.2987,-14.4347
2583,1.2915,4,2,4,0,0,0,0,0,0,27.3249,49.9103,21.3068,-17.8649,15.3046,-112.56,0,0,0,0,0,0,5.30237,8.15255,4.68552,6.01985,3.30677,-14.444
2584,1.292,4,2,4,0,0,0,0,0,0,27.7322,49.6744,21.4181,-17.8347,15.4252,-112.295,0,0,0,0,0,0,5.35323,8.16057,4.7182,6.06946,3.31692,-14.4861
2585,1.2925,4,2,4,0,0,0,0,0,0,28.1356,49.4409,21.5268,-17.7986,15.5441,-112.043,0,0,0,0,0,0,5.40174,8.13542,4.73686,6.07685,3.31196,-14.459
2586,1.293,4,2,4,0,0,0,0,0,0,28.549,49.1945,21.633,-17.765,15.6529,-111.797,0,0,0,0,0,0,5.46668,8.09482,4.7531,6.06464,3.29658,-14.4011
2587,1.2935,4,2,4,0,0,0,0,0,0,28.9884,48.9502,21.7475,-17.7335,15.7555,-111.578,0,0,0,0,0,0,5.53997,8.07386,4.79061,6.10127,3.29905,-14.4027
2588,1.294,4,2,4,0,0,0,0,0,0,29.4399,48.6981,21.8596,-17.7157,15.8491,-111.35,0,0,0,0,0,0,5.60153,8.04326,4.81689,6.13071,3.29198,-14.4097
2589,1.2945,4,2,4,0,0,0,0,0,0,29.8814,48.4532,21.966,-17.7031,15.9424,-111.121,0,0,0,0,0,0,5.6738,8.00706,4.83948,6.14175,3.27623,-14.4145
2590,1.295,4,2,4,0,0,0,0,0,0,30.3034,48.2128,22.0688,-17.6725,16.0405,-110.89,0,0,0,0,0,0,5.73601,7.98526,4.86089,6.15012,3.26673,-14.4333
2591,1.2955,4,2,4,0,0,0,0,0,0,30.7036,47.9619,22.166,-17.6357,16.1431,-110.625,0,0,0,0,0,0,5.79859,7.96543,4.90372,6.19161,3.28063,-14.4406
2592,1.296,4,2,4,0,0,0,0,0,0,31.0975,47.6981,22.2626,-17.6049,16.2465,-110.343,0,0,0,0,0,0,5.86492,7.93934,4.94827,6.2444,3.29097,-14.4134
2593,1.2965,4,2,4,0,0,0,0,0,0,31.498,47.4197,22.3609,-17.5869,16.3477,-110.058,0,0,0,0,0,0,5.93918,7.90065,4.9849,6.25753,3.28936,-14.3669
2594,1.297,4,2,4,0,0,0,0,0,0,31.9216,47.1413,22.4584,-17.576,16.4381,-109.809,0,0,0,0,0,0,6.00748,7.86324,5.00538,6.27519,3.27675,-14.3564
2595,1.2975,4,2,4,0,0,0,0,0,0,32.3587,46.8646,22.566,-17.5487,16.5318,-109.571,0,0,0,0,0,0,6.06379,7.82197,5.01708,6.27809,3.26018,-14.3597
2596,1.298,4,2,4,0,0,0,0,0,0,32.7973,46.5956,22.6745,-17.5143,16.6248,-109.341,0,0,0,0,0,0,6.10684,7.79852,5.03708,6.30509,3.25348,-14.3654
2597,1.2985,4,2,4,0,0,0,0,0,0,33.2279,46.3291,22.766,-17.4789,16.7031,-109.1,0,0,0,0,0,0,6.17748,7.76499,5.07088,6.30854,3.25072,-14.3406
2598,1.299,4,2,4,0,0,0,0,0,0,33.6363,46.0545,22.8434,-17.4505,16.7754,-108.829,0,0,0,0,0,0,6.23124,7.71898,5.0801,6.29694,3.23105,-14.2904
2599,1.2995,4,2,4,0,0,0,0,0,0,34.0303,45.7636,22.9194,-17.4369,16.8504,-108.527,0,0,0,0,0,0,6.32407,7.68597,5.12168,6.33072,3.22862,-14.287
2600,1.3,4,2,4,0,0,0,0,0,0,34.4222,45.4621,23.0108,-17.4254,16.9408,-108.217,0,0,0,0,0,0,6.41118,7.67894,5.16975,6.3932,3.23431,-14.3379
2601,1.3005,4,2,4,0,0,0,0,0,0,34.8225,45.1593,23.1094,-17.4071,17.0341,-107.914,0,0,0,0,0,0,6.49287,7.65463,5.20289,6.42658,3.22533,-14.372
2602,1.301,4,2,4,0,0,0,0,0,0,35.2378,44.8726,23.2141,-17.3711,17.1277,-107.661,0,0,0,0,0,0,6.52363,7.62523,5.21673,6.44065,3.21757,-14.3641
2603,1.3015,4,2,4,0,0,0,0,0,0,35.6549,44.5855,23.3192,-17.3278,17.2214,-107.424,0,0,0,0,0,0,6.54261,7.5729,5.21804,6.44264,3.20043,-14.2958
2604,1.302,4,2,4,0,0,0,0,0,0,36.0762,44.2977,23.4154,-17.2981,17.3025,-107.191,0,0,0,0,0,0,6.58003,7.50607,5.23285,6.43112,3.19032,-14.186
2605,1.3025,4,2,4,0,0,0,0,0,0,36.4854,44.0074,23.4949,-17.2895,17.3699,-106.933,0,0,0,0,0,0,6.64794,7.41315,5.24885,6.39492,3.17161,-14.0737
2606,1.303,4,2,4,0,0,0,0,0,0,36.8806,43.7132,23.5647,-17.2903,17.4314,-106.645,0,0,0,0,0,0,6.76858,7.33597,5.29595,6.38897,3.16376,-14.042
2607,1.3035,4,2,4,0,0,0,0,0,0,37.2745,43.4267,23.6426,-17.2783,17.5019,-106.365,0,0,0,0,0,0,6.86918,7.28407,5.32677,6.39104,3.14563,-14.0609
2608,1.304,4,2,4,0,0,0,0,0,0,37.661,43.1395,23.7355,-17.2418,17.5908,-106.087,0,0,0,0,0,0,7.01517,7.34822,5.43953,6.53506,3.19026,-14.2774
2609,1.3045,4,2,4,0,0,0,0,0,0,38.0372,42.8246,23.8327,-17.1919,17.6884,-105.774,0,0,0,0,0,0,7.06908,7.41737,5.49064,6.62014,3.20933,-14.3985
2610,1.305,4,2,4,0,0,0,0,0,0,38.4232,42.4733,23.9253,-17.1499,17.7753,-105.449,0,0,0,0,0,0,7.11359,7.45184,5.53812,6.65562,3.2287,-14.3939
2611,1.3055,4,2,4,0,0,0,0,0,0,38.8119,42.0827,23.9983,-17.1611,17.8404,-105.102,0,0,0,0,0,0,7.12607,7.44602,5.55428,6.65361,3.23008,-14.3052
2612,1.306,4,2,4,0,0,0,0,0,0,39.1925,41.676,24.0575,-17.2052,17.8931,-104.73,0,0,0,0,0,0,7.15162,7.37038,5.52732,6.60404,3.18628,-14.1969
2613,1.3065,4,2,4,0,0,0,0,0,0,39.5802,41.3093,24.1185,-17.239,17.9416,-104.398,0,0,0,0,0,0,7.21263,7.22266,5.52723,6.55248,3.15454,-14.0725
2614,1.307,4,2,4,0,0,0,0,0,0,39.9657,41.0136,24.1867,-17.2358,17.9994,-104.126,0,0,0,0,0,0,7.27563,7.05232,5.51774,6.49622,3.10696,-13.9494
2615,1.3075,4,2,4,0,0,0,0,0,0,40.3641,40.7604,24.2911,-17.1731,18.0903,-103.905,0,0,0,0,0,0,7.36089,6.97155,5.53586,6.51711,3.07648,-13.9772
2616,1.308,4,2,4,0,0,0,0,0,0,40.7636,40.5214,24.4178,-17.0617,18.2041,-103.707,0,0,0,0,0,0,7.38851,6.92718,5.54033,6.54062,3.0574,-13.9562
2617,1.3085,4,2,4,0,0,0,0,0,0,41.1595,40.253,24.5354,-16.9639,18.3089,-103.479,0,0,0,0,0,0,7.43866,6.95617,5.58717,6.60587,3.07314,-13.9875
2618,1.309,4,2,4,0,0,0,0,0,0,41.5472,39.9146,24.6385,-16.9212,18.4005,-103.18,0,0,0,0,0,0,7.49655,6.99483,5.62678,6.65981,3.07841,-14.026
2619,1.3095,4,2,4,0,0,0,0,0,0,41.9296,39.5244,24.7262,-16.9232,18.4771,-102.842,0,0,0,0,0,0,7.58818,6.98092,5.67749,6.689,3.07968,-14.0327
2620,1.31,4,2,4,0,0,0,0,0,0,42.2887,39.1121,24.7793,-16.9724,18.5293,-102.454,0,0,0,0,0,0,7.68271,6.91952,5.71746,6.69512,3.06979,-14.0195
2621,1.3105,4,2,4,0,0,0,0,0,0,42.6403,38.7332,24.8273,-17.0124,18.5797,-102.097,0,0,0,0,0,0,7.74533,6.8285,5.74153,6.67478,3.05869,-13.9497
2622,1.311,4,2,4,0,0,0,0,0,0,42.9935,38.3876,24.8804,-17.02,18.6337,-101.783,0,0,0,0,0,0,7.80648,6.76571,5.7839,6.69667,3.06416,-13.9253
2623,1.3115,4,2,4,0,0,0,0,0,0,43.3528,38.0709,24.9474,-16.9877,18.6966,-101.5,0,0,0,0,0,0,7.83267,6.69671,5.78372,6.67853,3.04024,-13.8487
2624,1.312,4,2,4,0,0,0,0,0,0,43.7074,37.7521,25.0157,-16.9464,18.7616,-101.216,0,0,0,0,0,0,7.88147,6.65521,5.79664,6.68159,3.02186,-13.8222
2625,1.3125,4,2,4,0,0,0,0,0,0,44.0662,37.4013,25.084,-16.9166,18.8232,-100.91,0,0,0,0,0,0,7.94366,6.64139,5.81671,6.71012,3.00727,-13.8494
2626,1.313,4,2,4,0,0,0,0,0,0,44.4085,37.0159,25.1658,-16.8907,18.9046,-100.548,0,0,0,0,0,0,8.03395,6.60124,5.84438,6.73328,2.98804,-13.8684
2627,1.3135,4,2,4,0,0,0,0,0,0,44.738,36.6345,25.2583,-16.8666,19.0047,-100.185,0,0,0,0,0,0,8.09592,6.53817,5.85519,6.71749,2.964,-13.8201
2628,1.314,4,2,4,0,0,0,0,0,0,45.0842,36.2629,25.3534,-16.8438,19.1011,-99.8541,0,0,0,0,0,0,8.12462,6.47731,5.8753,6.71051,2.96193,-13.7446
2629,1.3145,4,2,4,0,0,0,0,0,0,45.4317,35.8991,25.4436,-16.8165,19.1886,-99.5403,0,0,0,0,0,0,8.18994,6.41163,5.91701,6.72396,2.96562,-13.7152
2630,1.315,4,2,4,0,0,0,0,0,0,45.7867,35.5432,25.5129,-16.8039,19.2504,-99.246,0,0,0,0,0,0,8.23231,6.36655,5.94225,6.74468,2.9599,-13.6852
2631,1.3155,4,2,4,0,0,0,0,0,0,46.1465,35.1831,25.5715,-16.8035,19.2983,-98.963,0,0,0,0,0,0,8.29263,6.31665,5.96349,6.74968,2.94433,-13.6576
2632,1.316,4,2,4,0,0,0,0,0,0,46.4954,34.8079,25.6273,-16.8007,19.3455,-98.6538,0,0,0,0,0,0,8.34975,6.2709,5.97177,6.74231,2.91885,-13.6376
2633,1.3165,4,2,4,0,0,0,0,0,0,46.813,34.4188,25.6923,-16.7886,19.4143,-98.2867,0,0,0,0,0,0,8.42827,6.23578,5.9969,6.75738,2.90121,-13.6482
2634,1.317,4,2,4,0,0,0,0,0,0,47.113,34.0314,25.779,-16.757,19.5121,-97.9084,0,0,0,0,0,0,8.47599,6.1766,6.02214,6.77405,2.89102,-13.5998
2635,1.3175,4,2,4,0,0,0,0,0,0,47.4027,33.6549,25.8716,-16.718,19.6195,-97.5276,0,0,0,0,0,0,8.5268,6.10647,6.0435,6.77036,2.87866,-13.5422
2636,1.318,4,2,4,0,0,0,0,0,0,47.7139,33.2856,25.96,-16.6848,19.7129,-97.1861,0,0,0,0,0,0,8.59141,6.05658,6.06717,6.7725,2.86461,-13.534
2637,1.3185,4,2,4,0,0,0,0,0,0,48.0384,32.9118,26.034,-16.6682,19.7868,-96.8609,0,0,0,0,0,0,8.64201,6.00573,6.09178,6.77902,2.85454,-13.5002
2638,1.319,4,2,4,0,0,0,0,0,0,48.3663,32.5246,26.1017,-16.6588,19.8521,-96.5244,0,0,0,0,0,0,8.68224,5.95013,6.11663,6.77317,2.85119,-13.4428
2639,1.3195,4,2,4,0,0,0,0,0,0,48.6937,32.126,26.1706,-16.6427,19.9196,-96.1852,0,0,0,0,0,0,8.71671,5.87599,6.11357,6.73834,2.82469,-13.3685
2640,1.32,4,2,4,0,0,0,0,0,0,49.0133,31.7175,26.2385,-16.619,19.9865,-95.8328,0,0,0,0,0,0,8.78389,5.82762,6.12918,6.74303,2.80312,-13.3567
2641,1.3205,4,2,4,0,0,0,0,0,0,49.3238,31.3144,26.3027,-16.5956,20.0528,-95.4914,0,0,0,0,0,0,8.86906,5.7905,6.18307,6.80942,2.80256,-13.3905
2642,1.321,4,2,4,0,0,0,0,0,0,49.6255,30.908,26.3638,-16.5889,20.119,-95.1444,0,0,0,0,0,0,8.92069,5.73434,6.22027,6.84659,2.79993,-13.3622
2643,1.3215,4,2,4,0,0,0,0,0,0,49.9188,30.5093,26.4177,-16.5982,20.1829,-94.7933,0,0,0,0,0,0,8.95717,5.66744,6.23017,6.82464,2.78499,-13.2986
2644,1.322,4,2,4,0,0,0,0,0,0,50.2048,30.1084,26.4847,-16.5947,20.2624,-94.4218,0,0,0,0,0,0,8.99255,5.57975,6.2163,6.75969,2.75123,-13.2106
2645,1.3225,4,2,4,0,0,0,0,0,0,50.4772,29.7013,26.5738,-16.5651,20.3662,-94.0185,0,0,0,0,0,0,9.03874,5.53593,6.22203,6.74256,2.72936,-13.1893
2646,1.323,4,2,4,0,0,0,0,0,0,50.7355,29.2928,26.6745,-16.518,20.4833,-93.5941,0,0,0,0,0,0,9.09858,5.47581,6.25424,6.75966,2.72177,-13.1647
2647,1.3235,4,2,4,0,0,0,0,0,0,51.0045,28.8952,26.7684,-16.4658,20.5891,-93.2049,0,0,0,0,0,0,9.16908,5.42093,6.29052,6.78925,2.71394,-13.1562
2648,1.324,4,2,4,0,0,0,0,0,0,51.2873,28.5015,26.8431,-16.4297,20.6718,-92.8616,0,0,0,0,0,0,9.21664,5.38957,6.3301,6.83108,2.71581,-13.138
2649,1.3245,4,2,4,0,0,0,0,0,0,51.5791,28.1069,26.9123,-16.3989,20.7455,-92.5495,0,0,0,0,0,0,9.24276,5.33195,6.33744,6.82173,2.69763,-13.0674
2650,1.325,4,2,4,0,0,0,0,0,0,51.8614,27.6939,26.9794,-16.3828,20.8218,-92.2157,0,0,0,0,0,0,9.27267,5.25486,6.32288,6.76967,2.66484,-12.9932
2651,1.3255,4,2,4,0,0,0,0,0,0,52.12,27.2719,27.053,-16.3674,20.913,-91.8397,0,0,0,0,0,0,9.36663,5.19539,6.38186,6.81007,2.66862,-13.0157
2652,1.326,4,2,4,0,0,0,0,0,0,52.3661,26.846,27.1207,-16.364,21.0068,-91.4418,0,0,0,0,0,0,9.39495,5.11023,6.40734,6.8094,2.66665,-12.9447
2653,1.3265,4,2,4,0,0,0,0,0,0,52.6212,26.4229,27.1822,-16.3584,21.0888,-91.0608,0,0,0,0,0,0,9.40391,5.04114,6.40946,6.79641,2.65279,-12.8696
2654,1.327,4,2,4,0,0,0,0,0,0,52.8817,26.0033,27.2479,-16.3386,21.1677,-90.6886,0,0,0,0,0,0,9.43374,4.9665,6.41294,6.7735,2.63313,-12.7995
2655,1.3275,4,2,4,0,0,0,0,0,0,53.1329,25.5915,27.3256,-16.2971,21.2556,-90.3155,0,0,0,0,0,0,9.48748,4.9045,6.40881,6.73888,2.59936,-12.7646
2656,1.328,4,2,4,0,0,0,0,0,0,53.3649,25.1868,27.4139,-16.2369,21.3615,-89.9286,0,0,0,0,0,0,9.55819,4.85571,6.43053,6.74483,2.57916,-12.7529
2657,1.3285,4,2,4,0,0,0,0,0,0,53.5727,24.7674,27.5074,-16.1724,21.4808,-89.5002,0,0,0,0,0,0,9.61177,4.79331,6.44989,6.75297,2.559,-12.7187
2658,1.329,4,2,4,0,0,0,0,0,0,53.783,24.3396,27.5903,-16.1268,21.5899,-89.0728,0,0,0,0,0,0,9.64261,4.73001,6.46776,6.75304,2.55074,-12.661
2659,1.3295,4,2,4,0,0,0,0,0,0,54.0033,23.9082,27.6579,-16.1035,21.6797,-88.6615,0,0,0,0,0,0,9.69218,4.66465,6.50655,6.76604,2.55403,-12.6195
2660,1.33,4,2,4,0,0,0,0,0,0,54.2336,23.4721,27.7233,-16.0838,21.7612,-88.2642,0,0,0,0,0,0,9.73989,4.59086,6.51931,6.75332,2.53318,-12.5878
2661,1.3305,4,2,4,0,0,0,0,0,0,54.462,23.0365,27.7771,-16.0771,21.8372,-87.8688,0,0,0,0,0,0,9.7637,4.49472,6.51311,6.70722,2.50724,-12.5014
2662,1.331,4,2,4,0,0,0,0,0,0,54.6877,22.5984,27.8519,-16.0386,21.9298,-87.4735,0,0,0,0,0,0,9.80264,4.42529,6.52335,6.70568,2.48851,-12.4527
2663,1.3315,4,2,4,0,0,0,0,0,0,54.9103,22.1701,27.9355,-15.9857,22.0279,-87.0859,0,0,0,0,0,0,9.83797,4.34621,6.53278,6.70407,2.46925,-12.3986
2664,1.332,4,2,4,0,0,0,0,0,0,55.1335,21.7527,28.0196,-15.9316,22.1254,-86.7101,0,0,0,0,0,0,9.88998,4.2965,6.56018,6.73145,2.45636,-12.3854
2665,1.3325,4,2,4,0,0,0,0,0,0,55.3539,21.3289,28.0968,-15.8903,22.2196,-86.3318,0,0,0,0,0,0,9.93425,4.23066,6.56467,6.70532,2.43403,-12.3483
2666,1.333,4,2,4,0,0,0,0,0,0,55.5557,20.8839,28.165,-15.8635,22.3122,-85.9132,0,0,0,0,0,0,9.96635,4.18149,6.5697,6.68707,2.41632,-12.3024
2667,1.3335,4,2,4,0,0,0,0,0,0,55.7297,20.4296,28.2346,-15.8343,22.4145,-85.4523,0,0,0,0,0,0,9.98552,4.11623,6.58608,6.68252,2.41122,-12.2361
2668,1.334,4,2,4,0,0,0,0,0,0,55.8878,19.9829,28.3046,-15.7996,22.5251,-84.983,0,0,0,0,0,0,9.99402,4.05097,6.60467,6.67857,2.41077,-12.1525
2669,1.3345,4,2,4,0,0,0,0,0,0,56.0511,19.5485,28.386,-15.7457,22.644,-84.5413,0,0,0,0,0,0,10.0279,3.96867,6.623,6.678,2.39697,-12.09
2670,1.335,4,2,4,0,0,0,0,0,0,56.2329,19.1272,28.49,-15.6636,22.7703,-84.1471,0,0,0,0,0,0,10.0743,3.88608,6.63559,6.67054,2.37613,-12.046
2671,1.3355,4,2,4,0,0,0,0,0,0,56.4205,18.7077,28.5851,-15.589,22.8836,-83.7714,0,0,0,0,0,0,10.1141,3.81012,6.63873,6.64781,2.35331,-11.999
2672,1.336,4,2,4,0,0,0,0,0,0,56.5892,18.2759,28.6682,-15.5321,22.993,-83.3575,0,0,0,0,0,0,10.1641,3.72872,6.65842,6.64937,2.33578,-11.9748
2673,1.3365,4,2,4,0,0,0,0,0,0,56.7448,17.8248,28.7456,-15.4881,23.1022,-82.9112,0,0,0,0,0,0,10.1801,3.64682,6.66253,6.63185,2.31709,-11.8904
2674,1.337,4,2,4,0,0,0,0,0,0,56.8959,17.3684,28.815,-15.4503,23.2049,-82.4539,0,0,0,0,0,0,10.2382,3.57279,6.68466,6.6315,2.29966,-11.8689
2675,1.3375,4,2,4,0,0,0,0,0,0,57.054,16.921,28.8791,-15.4098,23.3005,-82.0199,0,0,0,0,0,0,10.2716,3.50158,6.69494,6.62629,2.28203,-11.8297
2676,1.338,4,2,4,0,0,0,0,0,0,57.2298,16.4792,28.9542,-15.3497,23.3939,-81.6205,0,0,0,0,0,0,10.297,3.42387,6.70087,6.60925,2.26515,-11.7623
2677,1.3385,4,2,4,0,0,0,0,0,0,57.3999,16.0418,29.034,-15.2799,23.4922,-81.2189,0,0,0,0,0,0,10.3139,3.35106,6.68664,6.56592,2.23745,-11.686
2678,1.339,4,2,4,0,0,0,0,0,0,57.5514,15.6062,29.1123,-15.2125,23.5957,-80.7965,0,0,0,0,0,0,10.3365,3.28388,6.68199,6.54587,2.21216,-11.6288
2679,1.3395,4,2,4,0,0,0,0,0,0,57.6836,15.1616,29.1905,-15.1535,23.7085,-80.3506,0,0,0,0,0,0,10.3879,3.22377,6.71935,6.57258,2.20574,-11.6176
2680,1.34,4,2,4,0,0,0,0,0,0,57.8066,14.7185,29.2715,-15.0919,23.8281,-79.8984,0,0,0,0,0,0,10.3953,3.14201,6.71794,6.55079,2.18668,-11.5435
2681,1.3405,4,2,4,0,0,0,0,0,0,57.9268,14.2726,29.3449,-15.0406,23.9414,-79.4407,0,0,0,0,0,0,10.4014,3.0725,6.71245,6.51865,2.17247,-11.4503
2682,1.341,4,2,4,0,0,0,0,0,0,58.0513,13.8226,29.4306,-14.9723,24.0585,-78.9887,0,0,0,0,0,0,10.4325,3.01052,6.72508,6.51585,2.15932,-11.4124
2683,1.3415,4,2,4,0,0,0,0,0,0,58.172,13.3746,29.5307,-14.881,24.1849,-78.5386,0,0,0,0,0,0,10.4836,2.93553,6.75908,6.53976,2.14858,-11.3943
2684,1.342,4,2,4,0,0,0,0,0,0,58.2841,12.9334,29.618,-14.8007,24.3056,-78.0936,0,0,0,0,0,0,10.4653,2.84666,6.73961,6.48732,2.12872,-11.2685
2685,1.3425,4,2,4,0,0,0,0,0,0,58.3859,12.4925,29.7084,-14.7124,24.4321,-77.647,0,0,0,0,0,0,10.493,2.77743,6.74603,6.47402,2.112,-11.2211
2686,1.343,4,2,4,0,0,0,0,0,0,58.4771,12.051,29.8024,-14.6219,24.5638,-77.1911,0,0,0,0,0,0,10.5274,2.708,6.76088,6.48098,2.09548,-11.1947
2687,1.3435,4,2,4,0,0,0,0,0,0,58.5673,11.6044,29.8835,-14.5519,24.6854,-76.7289,0,0,0,0,0,0,10.559,2.6404,6.77542,6.47858,2.08057,-11.1628
2688,1.344,4,2,4,0,0,0,0,0,0,58.6583,11.1578,29.9752,-14.4737,24.8125,-76.2681,0,0,0,0,0,0,10.5504,2.55574,6.75651,6.42245,2.0618,-11.0544
2689,1.3445,4,2,4,0,0,0,0,0,0,58.7579,10.7153,30.0746,-14.3762,24.9379,-75.8308,0,0,0,0,0,0,10.5582,2.4774,6.7415,6.37183,2.03943,-10.9687
2690,1.345,4,2,4,0,0,0,0,0,0,58.8499,10.2737,30.1619,-14.2861,25.056,-75.3873,0,0,0,0,0,0,10.6261,2.39775,6.77231,6.40024,2.01765,-10.9779
2691,1.3455,4,2,4,0,0,0,0,0,0,58.9276,9.83357,30.2527,-14.1885,25.1792,-74.929,0,0,0,0,0,0,10.6424,2.30695,6.75537,6.36504,1.98599,-10.914
2692,1.346,4,2,4,0,0,0,0,0,0,58.9914,9.38726,30.3392,-14.0963,25.3017,-74.4526,0,0,0,0,0,0,10.6165,2.21537,6.73484,6.32202,1.96899,-10.7969
2693,1.3465,4,2,4,0,0,0,0,0,0,59.0527,8.93845,30.4169,-14.0158,25.4189,-73.9708,0,0,0,0,0,0,10.6299,2.1376,6.75964,6.33756,1.96219,-10.7329
2694,1.347,4,2,4,0,0,0,0,0,0,59.1231,8.48539,30.4985,-13.933,25.5336,-73.5019,0,0,0,0,0,0,10.6531,2.06637,6.76357,6.30958,1.94565,-10.6766
2695,1.3475,4,2,4,0,0,0,0,0,0,59.2023,8.03518,30.5863,-13.8415,25.6482,-73.045,0,0,0,0,0,0,10.6608,1.97987,6.74276,6.25848,1.91667,-10.6042
2696,1.348,4,2,4,0,0,0,0,0,0,59.268,7.59385,30.6754,-13.7398,25.7679,-72.5779,0,0,0,0,0,0,10.6765,1.90626,6.74528,6.2385,1.90267,-10.5423
2697,1.3485,4,2,4,0,0,0,0,0,0,59.315,7.14885,30.7687,-13.6262,25.8937,-72.0946,0,0,0,0,0,0,10.6941,1.82771,6.75382,6.23341,1.89081,-10.4893
2698,1.349,4,2,4,0,0,0,0,0,0,59.3502,6.70231,30.857,-13.5196,26.0172,-71.6017,0,0,0,0,0,0,10.6981,1.75046,6.76507,6.23662,1.87797,-10.4149
2699,1.3495,4,2,4,0,0,0,0,0,0,59.3897,6.25535,30.9333,-13.4293,26.1312,-71.1197,0,0,0,0,0,0,10.6796,1.67706,6.7543,6.19826,1.86463,-10.3148
2700,1.35,4,2,4,0,0,0,0,0,0,59.4331,5.80607,31.0238,-13.3227,26.252,-70.645,0,0,0,0,0,0,10.661,1.58839,6.73454,6.14516,1.8479,-10.2121
2701,1.3505,4,2,4,0,0,0,0,0,0,59.4723,5.36445,31.128,-13.198,26.3817,-70.17,0,0,0,0,0,0,10.6897,1.51527,6.75924,6.16617,1.83609,-10.1812
2702,1.351,4,2,4,0,0,0,0,0,0,59.5017,4.92666,31.2312,-13.0719,26.5136,-69.6884,0,0,0,0,0,0,10.7075,1.43753,6.76654,6.1543,1.82277,-10.1261
2703,1.3515,4,2,4,0,0,0,0,0,0,59.5207,4.49132,31.3342,-12.9407,26.6431,-69.2028,0,0,0,0,0,0,10.6931,1.36798,6.76373,6.13525,1.81256,-10.0283
2704,1.352,4,2,4,0,0,0,0,0,0,59.5378,4.05608,31.4229,-12.8269,26.7631,-68.7214,0,0,0,0,0,0,10.6926,1.27482,6.76047,6.11906,1.79234,-9.95726
2705,1.3525,4,2,4,0,0,0,0,0,0,59.5533,3.61943,31.5061,-12.7215,26.8813,-68.2364,0,0,0,0,0,0,10.6768,1.19194,6.7501,6.08472,1.77581,-9.8529
2706,1.353,4,2,4,0,0,0,0,0,0,59.5724,3.18178,31.6047,-12.5952,27.0059,-67.7572,0,0,0,0,0,0,10.6969,1.12354,6.7499,6.059,1.75815,-9.79583
2707,1.3535,4,2,4,0,0,0,0,0,0,59.5923,2.74426,31.7127,-12.4502,27.1321,-67.281,0,0,0,0,0,0,10.6972,1.05091,6.73578,6.03168,1.73517,-9.72518
2708,1.354,4,2,4,0,0,0,0,0,0,59.5975,2.31378,31.8249,-12.2936,27.2606,-66.793,0,0,0,0,0,0,10.7214,0.978204,6.75105,6.04076,1.71955,-9.70001
2709,1.3545,4,2,4,0,0,0,0,0,0,59.5878,1.88028,31.9248,-12.154,27.3877,-66.2923,0,0,0,0,0,0,10.7013,0.895314,6.7261,5.99672,1.69578,-9.6078
2710,1.355,4,2,4,0,0,0,0,0,0,59.5628,1.44843,32.0135,-12.031,27.5152,-65.7726,0,0,0,0,0,0,10.646,0.791738,6.68421,5.92129,1.67518,-9.4519
2711,1.3555,4,2,4,0,0,0,0,0,0,59.5424,1.01288,32.1081,-11.897,27.6421,-65.2628,0,0,0,0,0,0,10.6433,0.712184,6.68117,5.91081,1.65492,-9.37876
2712,1.356,4,2,4,0,0,0,0,0,0,59.5343,0.58228,32.2019,-11.7605,27.7638,-64.7768,0,0,0,0,0,0,10.6487,0.63148,6.68,5.88898,1.63833,-9.30862
2713,1.3565,4,2,4,0,0,0,0,0,0,59.5205,0.152787,32.3218,-11.5845,27.8944,-64.2873,0,0,0,0,0,0,10.6698,0.548376,6.68408,5.88044,1.62015,-9.26949
2714,1.357,4,2,4,0,0,0,0,0,0,59.4962,-0.276344,32.4314,-11.4174,28.0204,-63.7873,0,0,0,0,0,0,10.6679,0.460468,6.66832,5.85188,1.59513,-9.20563
2715,1.3575,4,2,4,0,0,0,0,0,0,59.4536,-0.70669,32.5189,-11.2817,28.1405,-63.2619,0,0,0,0,0,0,10.6251,0.376957,6.63979,5.8075,1.57483,-9.09505
2716,1.358,4,2,4,0,0,0,0,0,0,59.4081,-1.13712,32.6105,-11.1381,28.2592,-62.7438,0,0,0,0,0,0,10.6275,0.312878,6.6467,5.80366,1.56396,-9.03599
2717,1.3585,4,2,4,0,0,0,0,0,0,59.3804,-1.56701,32.6975,-11.0019,28.3704,-62.2546,0,0,0,0,0,0,10.6014,0.228421,6.62738,5.74598,1.55575,-8.92199
2718,1.359,4,2,4,0,0,0,0,0,0,59.3548,-1.98958,32.809,-10.8262,28.4861,-61.7776,0,0,0,0,0,0,10.6144,0.134687,6.63242,5.74591,1.53417,-8.89124
2719,1.3595,4,2,4,0,0,0,0,0,0,59.3145,-2.40666,32.9144,-10.6534,28.6001,-61.2828,0,0,0,0,0,0,10.6148,0.0429116,6.62677,5.7347,1.50929,-8.84218
2720,1.36,4,2,4,0,0,0,0,0,0,59.2556,-2.82977,33.0072,-10.5015,28.7139,-60.7553,0,0,0,0,0,0,10.5853,-0.0239099,6.60726,5.69215,1.49629,-8.73413
2721,1.3605,4,2,4,0,0,0,0,0,0,59.2015,-3.25666,33.0994,-10.3558,28.8259,-60.2334,0,0,0,0,0,0,10.57,-0.0974727,6.59753,5.65691,1.48701,-8.64199
2722,1.361,4,2,4,0,0,0,0,0,0,59.157,-3.68735,33.1895,-10.2133,28.9333,-59.7336,0,0,0,0,0,0,10.5678,-0.176024,6.59869,5.63178,1.47756,-8.57131
2723,1.3615,4,2,4,0,0,0,0,0,0,59.1153,-4.10443,33.293,-10.0412,29.0411,-59.2543,0,0,0,0,0,0,10.5612,-0.261466,6.59367,5.61033,1.46024,-8.52183
2724,1.362,4,2,4,0,0,0,0,0,0,59.0573,-4.50806,33.4108,-9.84144,29.1569,-58.7601,0,0,0,0,0,0,10.5586,-0.334376,6.59048,5.60082,1.44277,-8.46693
2725,1.3625,4,2,4,0,0,0,0,0,0,58.9836,-4.91766,33.518,-9.65795,29.2708,-58.2406,0,0,0,0,0,0,10.5408,-0.414793,6.58164,5.5803,1.42833,-8.38265
2726,1.363,4,2,4,0,0,0,0,0,0,58.9085,-5.33474,33.6163,-9.49092,29.3796,-57.714,0,0,0,0,0,0,10.4863,-0.496385,6.53318,5.50056,1.40879,-8.24701
2727,1.3635,4,2,4,0,0,0,0,0,0,58.8415,-5.75612,33.7057,-9.3369,29.4798,-57.205,0,0,0,0,0,0,10.4931,-0.571228,6.52804,5.48955,1.38381,-8.20875
2728,1.364,4,2,4,0,0,0,0,0,0,58.783,-6.16313,33.8024,-9.1668,29.5797,-56.7198,0,0,0,0,0,0,10.4563,-0.649004,6.50092,5.44908,1.36362,-8.11385
2729,1.3645,4,2,4,0,0,0,0,0,0,58.7107,-6.56015,33.9167,-8.9695,29.6893,-56.2166,0,0,0,0,0,0,10.4684,-0.729012,6.50146,5.44223,1.34227,-8.07884
2730,1.365,4,2,4,0,0,0,0,0,0,58.6248,-6.96604,34.035,-8.76426,29.8025,-55.6962,0,0,0,0,0,0,10.4484,-0.793884,6.50275,5.42479,1.33862,-7.98722
2731,1.3655,4,2,4,0,0,0,0,0,0,58.532,-7.38013,34.1478,-8.56348,29.9123,-55.1787,0,0,0,0,0,0,10.4151,-0.875441,6.47631,5.38471,1.31765,-7.89895
2732,1.366,4,2,4,0,0,0,0,0,0,58.4391,-7.78878,34.2431,-8.38051,30.0109,-54.6765,0,0,0,0,0,0,10.371,-0.954257,6.45294,5.35956,1.29145,-7.8082
2733,1.3665,4,2,4,0,0,0,0,0,0,58.3366,-8.18746,34.3336,-8.20161,30.1081,-54.1701,0,0,0,0,0,0,10.3441,-1.05152,6.43774,5.32985,1.27338,-7.72387
2734,1.367,4,2,4,0,0,0,0,0,0,58.2294,-8.57693,34.4407,-8.00332,30.2144,-53.6524,0,0,0,0,0,0,10.3093,-1.13811,6.41052,5.28224,1.25792,-7.622
2735,1.3675,4,2,4,0,0,0,0,0,0,58.1088,-8.98311,34.5609,-7.78747,30.3237,-53.1134,0,0,0,0,0,0,10.2814,-1.21178,6.39988,5.26043,1.24734,-7.53775
2736,1.368,4,2,4,0,0,0,0,0,0,57.9962,-9.39035,34.6716,-7.57468,30.4212,-52.5921,0,0,0,0,0,0,10.2338,-1.27928,6.38109,5.23278,1.23631,-7.43406
2737,1.3685,4,2,4,0,0,0,0,0,0,57.8893,-9.79327,34.7697,-7.37682,30.509,-52.0837,0,0,0,0,0,0,10.201,-1.35899,6.35999,5.20287,1.21463,-7.35834
2738,1.369,4,2,4,0,0,0,0,0,0,57.7706,-10.1864,34.8556,-7.19234,30.5934,-51.5587,0,0,0,0,0,0,10.1579,-1.44173,6.33288,5.15833,1.2003,-7.25945
2739,1.3695,4,2,4,0,0,0,0,0,0,57.6359,-10.5814,34.9466,-6.9969,30.6751,-51.0159,0,0,0,0,0,0,10.1205,-1.52609,6.3056,5.10724,1.18749,-7.14983
2740,1.37,4,2,4,0,0,0,0,0,0,57.4966,-10.986,35.0431,-6.78835,30.7528,-50.4658,0,0,0,0,0,0,10.0938,-1.59979,6.29781,5.08873,1.17848,-7.06237
2741,1.3705,4,2,4,0,0,0,0,0,0,57.385,-11.3923,35.149,-6.56351,30.8248,-49.9527,0,0,0,0,0,0,10.0627,-1.67814,6.29373,5.07439,1.16942,-6.97879
2742,1.371,4,2,4,0,0,0,0,0,0,57.2896,-11.7878,35.2553,-6.34151,30.8944,-49.4653,0,0,0,0,0,0,10.0342,-1.76059,6.28868,5.06482,1.15418,-6.91211
2743,1.3715,4,2,4,0,0,0,0,0,0,57.1793,-12.1666,35.3484,-6.13872,30.964,-48.9629,0,0,0,0,0,0,9.97194,-1.83602,6.24885,4.99709,1.14159,-6.78952
2744,1.372,4,2,4,0,0,0,0,0,0,57.0473,-12.5515,35.4352,-5.94542,31.0319,-48.4291,0,0,0,0,0,0,9.9391,-1.89787,6.22868,4.96282,1.12688,-6.70207
2745,1.3725,4,2,4,0,0,0,0,0,0,56.9118,-12.9447,35.5307,-5.73998,31.0996,-47.8895,0,0,0,0,0,0,9.91558,-1.95932,6.21047,4.93564,1.11303,-6.62339
2746,1.373,4,2,4,0,0,0,0,0,0,56.7955,-13.3428,35.6388,-5.51536,31.1658,-47.3848,0,0,0,0,0,0,9.91871,-2.03608,6.21549,4.94215,1.0968,-6.58996
2747,1.3735,4,2,4,0,0,0,0,0,0,56.6811,-13.7256,35.7527,-5.27601,31.2331,-46.8975,0,0,0,0,0,0,9.88543,-2.12794,6.20347,4.92145,1.0807,-6.50969
2748,1.374,4,2,4,0,0,0,0,0,0,56.5569,-14.094,35.8528,-5.04933,31.2978,-46.4026,0,0,0,0,0,0,9.81411,-2.2055,6.16173,4.86322,1.06506,-6.37441
2749,1.3745,4,2,4,0,0,0,0,0,0,56.4044,-14.4724,35.9403,-4.84119,31.3621,-45.8687,0,0,0,0,0,0,9.77195,-2.27053,6.13293,4.82682,1.04297,-6.28619
2750,1.375,4,2,4,0,0,0,0,0,0,56.2355,-14.8566,36.0273,-4.63093,31.4247,-45.3187,0,0,0,0,0,0,9.71665,-2.32071,6.08926,4.7779,1.02201,-6.19017
2751,1.3755,4,2,4,0,0,0,0,0,0,56.0771,-15.2384,36.1146,-4.4177,31.4825,-44.7945,0,0,0,0,0,0,9.68734,-2.39788,6.08112,4.77202,1.00593,-6.13379
2752,1.376,4,2,4,0,0,0,0,0,0,55.9341,-15.6029,36.2139,-4.18457,31.5395,-44.2952,0,0,0,0,0,0,9.65246,-2.48049,6.07181,4.75278,0.997021,-6.05171
2753,1.3765,4,2,4,0,0,0,0,0,0,55.7845,-15.9609,36.3111,-3.95133,31.5956,-43.7906,0,0,0,0,0,0,9.61438,-2.56978,6.05171,4.72726,0.981125,-5.97355
2754,1.377,4,2,4,0,0,0,0,0,0,55.6151,-16.3289,36.3988,-3.72951,31.6489,-43.2601,0,0,0,0,0,0,9.53569,-2.62814,5.9934,4.65604,0.966881,-5.84732
2755,1.3775,4,2,4,0,0,0,0,0,0,55.4301,-16.7023,36.4669,-3.52526,31.6912,-42.7133,0,0,0,0,0,0,9.45396,-2.7031,5.94422,4.59352,0.94928,-5.72372
2756,1.378,4,2,4,0,0,0,0,0,0,55.2481,-17.0772,36.5257,-3.32729,31.7201,-42.1835,0,0,0,0,0,0,9.39031,-2.76793,5.92882,4.57685,0.939344,-5.6186
2757,1.3785,4,2,4,0,0,0,0,0,0,55.0766,-17.4313,36.5889,-3.11665,31.7412,-41.6682,0,0,0,0,0,0,9.35189,-2.85282,5.92938,4.57477,0.929865,-5.54159
2758,1.379,4,2,4,0,0,0,0,0,0,54.9191,-17.79,36.6633,-2.89519,31.7611,-41.1615,0,0,0,0,0,0,9.30293,-2.92114,5.89764,4.52739,0.923666,-5.44561
2759,1.3795,4,2,4,0,0,0,0,0,0,54.7704,-18.1605,36.7591,-2.65488,31.7867,-40.6561,0,0,0,0,0,0,9.26907,-2.99444,5.87092,4.47904,0.915988,-5.35953
2760,1.38,4,2,4,0,0,0,0,0,0,54.6334,-18.5292,36.8606,-2.41652,31.8136,-40.1529,0,0,0,0,0,0,9.24116,-3.06295,5.86633,4.45662,0.910228,-5.2785
2761,1.3805,4,2,4,0,0,0,0,0,0,54.5098,-18.8907,36.9626,-2.18422,31.837,-39.6625,0,0,0,0,0,0,9.2056,-3.1304,5.85973,4.44275,0.896003,-5.20027
2762,1.381,4,2,4,0,0,0,0,0,0,54.3919,-19.2394,37.066,-1.94941,31.8546,-39.18,0,0,0,0,0,0,9.18038,-3.19705,5.85623,4.42859,0.88445,-5.13386
2763,1.3815,4,2,4,0,0,0,0,0,0,54.271,-19.5963,37.1719,-1.71518,31.8714,-38.6961,0,0,0,0,0,0,9.14163,-3.25883,5.83754,4.38933,0.876984,-5.03437
2764,1.382,4,2,4,0,0,0,0,0,0,54.1442,-19.9658,37.2853,-1.46868,31.8892,-38.2124,0,0,0,0,0,0,9.10075,-3.3313,5.81059,4.34896,0.864203,-4.94994
2765,1.3825,4,2,4,0,0,0,0,0,0,53.9983,-20.3386,37.4016,-1.21573,31.9135,-37.7174,0,0,0,0,0,0,9.08916,-3.39935,5.81399,4.35122,0.850867,-4.90911
2766,1.383,4,2,4,0,0,0,0,0,0,53.8279,-20.701,37.5045,-0.970958,31.9399,-37.2059,0,0,0,0,0,0,9.02012,-3.4658,5.77531,4.31119,0.832436,-4.81749
2767,1.3835,4,2,4,0,0,0,0,0,0,53.6259,-21.0475,37.5855,-0.737003,31.9609,-36.6763,0,0,0,0,0,0,8.93267,-3.52062,5.71342,4.23645,0.816093,-4.6961
2768,1.384,4,2,4,0,0,0,0,0,0,53.4085,-21.3979,37.6453,-0.521277,31.9714,-36.1434,0,0,0,0,0,0,8.86436,-3.58148,5.68286,4.20239,0.800998,-4.60026
2769,1.3845,4,2,4,0,0,0,0,0,0,53.194,-21.7531,37.7041,-0.301253,31.9701,-35.6194,0,0,0,0,0,0,8.7964,-3.64838,5.64824,4.17687,0.781007,-4.52114
2770,1.385,4,2,4,0,0,0,0,0,0,52.9903,-22.1056,37.7687,-0.0748888,31.9637,-35.1052,0,0,0,0,0,0,8.73079,-3.72177,5.61869,4.15681,0.762051,-4.44734
2771,1.3855,4,2,4,0,0,0,0,0,0,52.8092,-22.447,37.8386,0.157984,31.9544,-34.6158,0,0,0,0,0,0,8.65912,-3.79064,5.58842,4.12975,0.749466,-4.3568
2772,1.386,4,2,4,0,0,0,0,0,0,52.6325,-22.778,37.9126,0.400631,31.9423,-34.1367,0,0,0,0,0,0,8.61747,-3.8588,5.58279,4.13721,0.730055,-4.3102
2773,1.3865,4,2,4,0,0,0,0,0,0,52.4417,-23.1151,37.9693,0.630931,31.9204,-33.6521,0,0,0,0,0,0,8.54946,-3.9297,5.54055,4.09578,0.710997,-4.23274
2774,1.387,4,2,4,0,0,0,0,0,0,52.2206,-23.457,38.004,0.846328,31.8852,-33.1454,0,0,0,0,0,0,8.47787,-4.00052,5.49159,4.03839,0.69683,-4.13492
2775,1.3875,4,2,4,0,0,0,0,0,0,51.9677,-23.7894,38.0107,1.03724,31.8393,-32.6124,0,0,0,0,0,0,8.3802,-4.06103,5.43734,3.97801,0.685517,-4.00464
2776,1.388,4,2,4,0,0,0,0,0,0,51.7126,-24.1149,38.003,1.21668,31.7834,-32.083,0,0,0,0,0,0,8.2988,-4.11961,5.40871,3.95551,0.674245,-3.89798
2777,1.3885,4,2,4,0,0,0,0,0,0,51.4756,-24.4395,38.0043,1.4088,31.7235,-31.5682,0,0,0,0,0,0,8.23056,-4.19174,5.37592,3.91974,0.662159,-3.80377
2778,1.389,4,2,4,0,0,0,0,0,0,51.2658,-24.7778,38.0293,1.62304,31.6669,-31.0749,0,0,0,0,0,0,8.16316,-4.25712,5.33817,3.86951,0.656155,-3.7023
2779,1.3895,4,2,4,0,0,0,0,0,0,51.0722,-25.1232,38.0813,1.8611,31.6154,-30.5853,0,0,0,0,0,0,8.10686,-4.31828,5.30902,3.83163,0.649544,-3.60989
2780,1.39,4,2,4,0,0,0,0,0,0,50.8941,-25.4616,38.1409,2.09286,31.5691,-30.0862,0,0,0,0,0,0,8.07546,-4.38043,5.30638,3.82921,0.635501,-3.54781
2781,1.3905,4,2,4,0,0,0,0,0,0,50.7641,-25.8039,38.2179,2.32247,31.5235,-29.6139,0,0,0,0,0,0,8.04012,-4.44121,5.29328,3.80099,0.627467,-3.45835
2782,1.391,4,2,4,0,0,0,0,0,0,50.6935,-26.1515,38.3282,2.56933,31.4798,-29.1884,0,0,0,0,0,0,8.04438,-4.50789,5.29628,3.77836,0.62227,-3.40023
2783,1.3915,4,2,4,0,0,0,0,0,0,50.6247,-26.5107,38.4511,2.82809,31.4363,-28.7817,0,0,0,0,0,0,8.04271,-4.56642,5.30493,3.75777,0.627668,-3.33605
2784,1.392,4,2,4,0,0,0,0,0,0,50.52,-26.8654,38.5623,3.08435,31.3945,-28.3623,0,0,0,0,0,0,8.0382,-4.63131,5.31208,3.75524,0.621687,-3.30711
2785,1.3925,4,2,4,0,0,0,0,0,0,50.3624,-27.1946,38.6482,3.32592,31.3585,-27.8974,0,0,0,0,0,0,7.96667,-4.67755,5.27085,3.71062,0.616332,-3.21325
2786,1.393,4,2,4,0,0,0,0,0,0,50.1744,-27.5153,38.713,3.55497,31.3188,-27.4153,0,0,0,0,0,0,7.91278,-4.72282,5.253,3.70558,0.60036,-3.15905
2787,1.3935,4,2,4,0,0,0,0,0,0,49.9584,-27.829,38.7465,3.76006,31.264,-26.9199,0,0,0,0,0,0,7.79648,-4.75021,5.18796,3.65047,0.584115,-3.04136
2788,1.394,4,2,4,0,0,0,0,0,0,49.7429,-28.1538,38.7651,3.95829,31.1884,-26.4423,0,0,0,0,0,0,7.67717,-4.79341,5.11551,3.58025,0.568753,-2.91924
2789,1.3945,4,2,4,0,0,0,0,0,0,49.5314,-28.4808,38.7682,4.14464,31.0965,-25.9744,0,0,0,0,0,0,7.57241,-4.84332,5.05864,3.52954,0.552831,-2.80875
2790,1.395,4,2,4,0,0,0,0,0,0,49.3025,-28.7905,38.7559,4.317,30.9989,-25.4806,0,0,0,0,0,0,7.51197,-4.9095,5.0361,3.52684,0.528799,-2.76212
2791,1.3955,4,2,4,0,0,0,0,0,0,49.0799,-29.1041,38.7508,4.50066,30.9003,-24.9955,0,0,0,0,0,0,7.44896,-4.97236,5.01632,3.51585,0.515538,-2.7004
2792,1.396,4,2,4,0,0,0,0,0,0,48.8716,-29.4147,38.7544,4.69959,30.8015,-24.5321,0,0,0,0,0,0,7.36848,-5.01863,4.98439,3.48281,0.512291,-2.60864
2793,1.3965,4,2,4,0,0,0,0,0,0,48.6711,-29.7359,38.7691,4.91567,30.6989,-24.0911,0,0,0,0,0,0,7.30619,-5.07459,4.95859,3.45739,0.501659,-2.53883
2794,1.397,4,2,4,0,0,0,0,0,0,48.4665,-30.0503,38.7739,5.12366,30.5891,-23.6531,0,0,0,0,0,0,7.27222,-5.14459,4.93786,3.43981,0.481178,-2.4961
2795,1.3975,4,2,4,0,0,0,0,0,0,48.2468,-30.347,38.7602,5.30772,30.4771,-23.1826,0,0,0,0,0,0,7.18883,-5.18533,4.88939,3.39524,0.464973,-2.39128
2796,1.398,4,2,4,0,0,0,0,0,0,48.0374,-30.6483,38.744,5.47934,30.3626,-22.7098,0,0,0,0,0,0,7.12468,-5.23634,4.85673,3.36064,0.450177,-2.30057
2797,1.3985,4,2,4,0,0,0,0,0,0,47.858,-30.9584,38.7417,5.65722,30.2469,-22.2677,0,0,0,0,0,0,7.07946,-5.29048,4.83667,3.33595,0.439862,-2.23739
2798,1.399,4,2,4,0,0,0,0,0,0,47.6968,-31.292,38.7588,5.85046,30.1336,-21.8508,0,0,0,0,0,0,7.03269,-5.35778,4.81959,3.31274,0.433841,-2.17824
2799,1.3995,4,2,4,0,0,0,0,0,0,47.5422,-31.6205,38.7948,6.0649,30.0267,-21.445,0,0,0,0,0,0,6.98297,-5.41918,4.80563,3.29029,0.434638,-2.10624
2800,1.4,4,2,4,0,0,0,0,0,0,47.3622,-31.9323,38.8274,6.27367,29.9292,-21.0087,0,0,0,0,0,0,6.91512,-5.45676,4.78273,3.2668,0.431626,-2.01786
2801,1.4005,4,2,4,0,0,0,0,0,0,47.1652,-32.2396,38.8475,6.47052,29.8299,-20.5597,0,0,0,0,0,0,6.84772,-5.49592,4.7631,3.25474,0.421838,-1.94956
2802,1.401,4,2,4,0,0,0,0,0,0,46.9669,-32.5424,38.8539,6.65645,29.7178,-20.1203,0,0,0,0,0,0,6.75534,-5.52371,4.71289,3.20632,0.41306,-1.85134
2803,1.4015,4,2,4,0,0,0,0,0,0,46.7714,-32.8567,38.8494,6.8315,29.59,-19.6975,0,0,0,0,0,0,6.68288,-5.56685,4.66568,3.15445,0.403179,-1.75216
2804,1.402,4,2,4,0,0,0,0,0,0,46.5834,-33.1614,38.8377,7.00361,29.4502,-19.2874,0,0,0,0,0,0,6.6198,-5.6167,4.62886,3.12042,0.386662,-1.68345
2805,1.4025,4,2,4,0,0,0,0,0,0,46.3859,-33.4514,38.8176,7.16843,29.3094,-18.8551,0,0,0,0,0,0,6.5512,-5.66832,4.59797,3.08525,0.380695,-1.6088
2806,1.403,4,2,4,0,0,0,0,0,0,46.1855,-33.7398,38.8038,7.34172,29.1699,-18.4199,0,0,0,0,0,0,6.48597,-5.70921,4.57218,3.06482,0.374091,-1.54211
2807,1.4035,4,2,4,0,0,0,0,0,0,45.9968,-34.0334,38.7996,7.52502,29.0339,-18.0072,0,0,0,0,0,0,6.41399,-5.73828,4.54483,3.04567,0.365624,-1.46079
2808,1.404,4,2,4,0,0,0,0,0,0,45.8196,-34.3366,38.802,7.71482,28.8993,-17.6196,0,0,0,0,0,0,6.35959,-5.79559,4.52101,3.0254,0.352728,-1.41438
2809,1.4045,4,2,4,0,0,0,0,0,0,45.6365,-34.6319,38.7978,7.8985,28.7629,-17.233,0,0,0,0,0,0,6.29406,-5.85029,4.4837,2.99127,0.340764,-1.35606
2810,1.405,4,2,4,0,0,0,0,0,0,45.4364,-34.9127,38.7752,8.06299,28.6232,-16.8176,0,0,0,0,0,0,6.21892,-5.89266,4.45167,2.96783,0.326445,-1.27265
2811,1.4055,4,2,4,0,0,0,0,0,0,45.2333,-35.1955,38.7466,8.22113,28.476,-16.3931,0,0,0,0,0,0,6.15711,-5.94033,4.42778,2.94531,0.316402,-1.20009
2812,1.406,4,2,4,0,0,0,0,0,0,45.0358,-35.4901,38.7202,8.37964,28.3218,-15.9791,0,0,0,0,0,0,6.07702,-5.9528,4.38549,2.91618,0.301129,-1.13439
2813,1.4065,4,2,4,0,0,0,0,0,0,44.8566,-35.7968,38.7004,8.54407,28.1623,-15.5907,0,0,0,0,0,0,6.03257,-6.02158,4.37923,2.90112,0.299076,-1.06888
2814,1.407,4,2,4,0,0,0,0,0,0,44.6895,-36.1004,38.6861,8.71346,28.0034,-15.2192,0,0,0,0,0,0,5.9751,-6.06716,4.34336,2.86925,0.289756,-1.02352
2815,1.4075,4,2,4,0,0,0,0,0,0,44.5122,-36.3842,38.6648,8.87376,27.8535,-14.8263,0,0,0,0,0,0,5.90965,-6.09237,4.3124,2.84024,0.286821,-0.95913
2816,1.408,4,2,4,0,0,0,0,0,0,44.3287,-36.6635,38.6415,9.0333,27.7072,-14.4273,0,0,0,0,0,0,5.84979,-6.12433,4.30257,2.83599,0.283185,-0.893384
2817,1.4085,4,2,4,0,0,0,0,0,0,44.1429,-36.9458,38.6102,9.18849,27.5544,-14.0351,0,0,0,0,0,0,5.78576,-6.14862,4.28591,2.83443,0.272016,-0.839006
2818,1.409,4,2,4,0,0,0,0,0,0,43.9576,-37.2368,38.5642,9.33577,27.3862,-13.6585,0,0,0,0,0,0,5.69409,-6.16982,4.23535,2.79224,0.262527,-0.753727
2819,1.4095,4,2,4,0,0,0,0,0,0,43.7771,-37.5275,38.5032,9.47329,27.2048,-13.2962,0,0,0,0,0,0,5.60733,-6.19931,4.17311,2.727,0.257517,-0.650092
2820,1.41,4,2,4,0,0,0,0,0,0,43.5818,-37.7981,38.4281,9.60064,27.0191,-12.9125,0,0,0,0,0,0,5.54431,-6.24413,4.1322,2.68426,0.247249,-0.571473
2821,1.4105,4,2,4,0,0,0,0,0,0,43.3788,-38.0677,38.3473,9.72176,26.8316,-12.5159,0,0,0,0,0,0,5.5125,-6.30223,4.127,2.67683,0.236033,-0.527827
2822,1.411,4,2,4,0,0,0,0,0,0,43.1902,-38.3473,38.2734,9.84816,26.6419,-12.1363,0,0,0,0,0,0,5.47267,-6.3451,4.10724,2.6585,0.225512,-0.480619
2823,1.4115,4,2,4,0,0,0,0,0,0,43.0252,-38.6387,38.2186,9.98911,26.4553,-11.7901,0,0,0,0,0,0,5.40434,-6.36846,4.06334,2.61751,0.220034,-0.408636
2824,1.412,4,2,4,0,0,0,0,0,0,42.8793,-38.936,38.1777,10.1379,26.2768,-11.4688,0,0,0,0,0,0,5.34994,-6.40856,4.03505,2.59484,0.213987,-0.366042
2825,1.4125,4,2,4,0,0,0,0,0,0,42.7267,-39.2141,38.1364,10.2813,26.1074,-11.1286,0,0,0,0,0,0,5.28981,-6.43552,4.01049,2.58108,0.208352,-0.323596
2826,1.413,4,2,4,0,0,0,0,0,0,42.5496,-39.482,38.0835,10.4112,25.9416,-10.7562,0,0,0,0,0,0,5.23988,-6.47006,4.00341,2.58481,0.198687,-0.288069
2827,1.4135,4,2,4,0,0,0,0,0,0,42.3664,-39.7489,38.0179,10.5304,25.7686,-10.3834,0,0,0,0,0,0,5.16603,-6.49364,3.96954,2.55407,0.195372,-0.210365
2828,1.414,4,2,4,0,0,0,0,0,0,42.1859,-40.0235,37.9476,10.6484,25.5818,-10.0289,0,0,0,0,0,0,5.08298,-6.51695,3.91661,2.50421,0.188653,-0.128263
2829,1.4145,4,2,4,0,0,0,0,0,0,42.0211,-40.3079,37.8752,10.7681,25.3801,-9.71046,0,0,0,0,0,0,5.0141,-6.54712,3.88,2.47275,0.173642,-0.0595001
2830,1.415,4,2,4,0,0,0,0,0,0,41.8525,-40.58,37.7938,10.8809,25.1731,-9.39001,0,0,0,0,0,0,4.94181,-6.58762,3.85114,2.45264,0.159289,-0.00160004
2831,1.4155,4,2,4,0,0,0,0,0,0,41.669,-40.8393,37.7061,10.9879,24.9653,-9.0511,0,0,0,0,0,0,4.88232,-6.62966,3.82639,2.43999,0.146562,0.0281564
2832,1.416,4,2,4,0,0,0,0,0,0,41.4759,-41.096,37.6145,11.0869,24.7642,-8.70594,0,0,0,0,0,0,4.81086,-6.64998,3.79754,2.41864,0.140241,0.0929476
2833,1.4165,4,2,4,0,0,0,0,0,0,41.2804,-41.3521,37.5313,11.1942,24.5683,-8.3701,0,0,0,0,0,0,4.7539,-6.66849,3.77247,2.3994,0.135981,0.150132
2834,1.417,4,2,4,0,0,0,0,0,0,41.0901,-41.6116,37.4526,11.3056,24.3771,-8.05541,0,0,0,0,0,0,4.69037,-6.68932,3.7359,2.36284,0.133428,0.228919
2835,1.4175,4,2,4,0,0,0,0,0,0,40.9072,-41.861,37.3675,11.4091,24.191,-7.74824,0,0,0,0,0,0,4.64392,-6.72708,3.71055,2.34294,0.125385,0.270725
2836,1.418,4,2,4,0,0,0,0,0,0,40.7256,-42.0965,37.2804,11.5101,24.0051,-7.42856,0,0,0,0,0,0,4.59236,-6.75161,3.67133,2.31024,0.117372,0.317385
2837,1.4185,4,2,4,0,0,0,0,0,0,40.5482,-42.3334,37.1919,11.6069,23.8171,-7.10115,0,0,0,0,0,0,4.55287,-6.77924,3.65531,2.30389,0.100352,0.347661
2838,1.419,4,2,4,0,0,0,0,0,0,40.3698,-42.5815,37.0996,11.6966,23.624,-6.76961,0,0,0,0,0,0,4.474,-6.79197,3.6159,2.26839,0.0942614,0.42331
2839,1.4195,4,2,4,0,0,0,0,0,0,40.2005,-42.8429,37.0126,11.792,23.4205,-6.45045,0,0,0,0,0,0,4.39359,-6.81319,3.57939,2.23899,0.08972,0.497756
2840,1.42,4,2,4,0,0,0,0,0,0,40.0421,-43.1088,36.9214,11.8823,23.211,-6.1501,0,0,0,0,0,0,4.32921,-6.85588,3.56682,2.2314,0.0810153,0.546909
2841,1.4205,4,2,4,0,0,0,0,0,0,39.8755,-43.3588,36.8214,11.9631,23.0042,-5.84212,0,0,0,0,0,0,4.26341,-6.88859,3.53655,2.2023,0.078498,0.604557
2842,1.421,4,2,4,0,0,0,0,0,0,39.6969,-43.5961,36.7191,12.0428,22.7993,-5.52664,0,0,0,0,0,0,4.19343,-6.89288,3.5005,2.17332,0.0767709,0.663934
2843,1.4215,4,2,4,0,0,0,0,0,0,39.5178,-43.8284,36.6183,12.1238,22.5982,-5.22099,0,0,0,0,0,0,4.12877,-6.89421,3.46224,2.15115,0.0705249,0.698198
2844,1.422,4,2,4,0,0,0,0,0,0,39.3435,-44.0652,36.5201,12.2101,22.3972,-4.9407,0,0,0,0,0,0,4.08922,-6.92199,3.44427,2.14623,0.0579148,0.720034
2845,1.4225,4,2,4,0,0,0,0,0,0,39.1818,-44.3085,36.4229,12.2999,22.1943,-4.68669,0,0,0,0,0,0,4.03884,-6.94197,3.41703,2.12116,0.0573489,0.774316
2846,1.423,4,2,4,0,0,0,0,0,0,39.0289,-44.5431,36.316,12.3777,21.9919,-4.436,0,0,0,0,0,0,3.99221,-6.97944,3.39135,2.09967,0.0494779,0.809752
2847,1.4235,4,2,4,0,0,0,0,0,0,38.8719,-44.7685,36.1997,12.4477,21.7871,-4.17722,0,0,0,0,0,0,3.93141,-7.00065,3.35591,2.07055,0.0413145,0.853154
2848,1.424,4,2,4,0,0,0,0,0,0,38.7087,-44.9853,36.0813,12.5181,21.579,-3.90644,0,0,0,0,0,0,3.87932,-7.01551,3.33611,2.06191,0.0245616,0.883607
2849,1.4245,4,2,4,0,0,0,0,0,0,38.5416,-45.2085,35.9654,12.5897,21.3696,-3.62828,0,0,0,0,0,0,3.79875,-7.0128,3.30192,2.03813,0.017329,0.956317
2850,1.425,4,2,4,0,0,0,0,0,0,38.3822,-45.4518,35.8571,12.6671,21.1564,-3.36464,0,0,0,0,0,0,3.73576,-7.03553,3.26978,2.01534,0.0082721,1.00423
2851,1.4255,4,2,4,0,0,0,0,0,0,38.2288,-45.6968,35.7461,12.7408,20.9404,-3.10734,0,0,0,0,0,0,3.69148,-7.06214,3.24791,2.00253,0.000218904,1.04176
2852,1.426,4,2,4,0,0,0,0,0,0,38.0583,-45.9252,35.6187,12.7968,20.7306,-2.82581,0,0,0,0,0,0,3.64638,-7.08356,3.22426,1.98666,-0.00788307,1.08553
2853,1.4265,4,2,4,0,0,0,0,0,0,37.8807,-46.144,35.4857,12.8472,20.5274,-2.53025,0,0,0,0,0,0,3.58232,-7.09234,3.18507,1.95305,-0.00468069,1.14477
2854,1.427,4,2,4,0,0,0,0,0,0,37.72,-46.3671,35.3613,12.9047,20.3266,-2.24633,0,0,0,0,0,0,3.53434,-7.10886,3.1616,1.93393,-0.000155174,1.18395
2855,1.4275,4,2,4,0,0,0,0,0,0,37.5685,-46.5974,35.2406,12.966,20.1254,-1.9854,0,0,0,0,0,0,3.49013,-7.12266,3.14644,1.9294,-0.00516513,1.20198
2856,1.428,4,2,4,0,0,0,0,0,0,37.4259,-46.8401,35.1161,13.0296,19.914,-1.76299,0,0,0,0,0,0,3.44364,-7.14133,3.13175,1.92766,-0.0178027,1.22169
2857,1.4285,4,2,4,0,0,0,0,0,0,37.2819,-47.0729,34.9799,13.0845,19.6978,-1.54107,0,0,0,0,0,0,3.3713,-7.14151,3.08685,1.89073,-0.0192885,1.29662
2858,1.429,4,2,4,0,0,0,0,0,0,37.1299,-47.2918,34.8301,13.1272,19.4805,-1.30854,0,0,0,0,0,0,3.32162,-7.1634,3.06222,1.87764,-0.0337725,1.32407
2859,1.4295,4,2,4,0,0,0,0,0,0,36.9602,-47.4936,34.6677,13.1615,19.2626,-1.05878,0,0,0,0,0,0,3.26167,-7.17238,3.02888,1.85248,-0.0432731,1.3738
2860,1.43,4,2,4,0,0,0,0,0,0,36.7822,-47.6856,34.5033,13.1967,19.0443,-0.801151,0,0,0,0,0,0,3.20129,-7.16283,2.99098,1.82064,-0.0442946,1.44423
2861,1.4305,4,2,4,0,0,0,0,0,0,36.6074,-47.8842,34.3406,13.233,18.8277,-0.550604,0,0,0,0,0,0,3.1565,-7.17259,2.94835,1.78724,-0.0499934,1.48552
2862,1.431,4,2,4,0,0,0,0,0,0,36.4576,-48.1016,34.1899,13.2762,18.6119,-0.324302,0,0,0,0,0,0,3.12729,-7.2039,2.92862,1.7792,-0.0634454,1.48845
2863,1.4315,4,2,4,0,0,0,0,0,0,36.3226,-48.3153,34.036,13.3091,18.4033,-0.0980504,0,0,0,0,0,0,3.09695,-7.22434,2.90658,1.76814,-0.0734502,1.49971
2864,1.432,4,2,4,0,0,0,0,0,0,36.1949,-48.5288,33.8787,13.33,18.2006,0.133725,0,0,0,0,0,0,3.05204,-7.2298,2.87241,1.73911,-0.067291,1.54972
2865,1.4325,4,2,4,0,0,0,0,0,0,36.0706,-48.7395,33.7237,13.3493,17.999,0.364083,0,0,0,0,0,0,3.01136,-7.2471,2.8601,1.72902,-0.0690066,1.57742
2866,1.433,4,2,4,0,0,0,0,0,0,35.9421,-48.9498,33.5703,13.3718,17.7961,0.583747,0,0,0,0,0,0,2.95239,-7.23827,2.83566,1.70998,-0.0702096,1.62926
2867,1.4335,4,2,4,0,0,0,0,0,0,35.8091,-49.1665,33.4188,13.3995,17.5871,0.782679,0,0,0,0,0,0,2.89064,-7.22878,2.80572,1.69061,-0.0741666,1.67262
2868,1.434,4,2,4,0,0,0,0,0,0,35.6685,-49.3775,33.2594,13.4254,17.3719,0.968296,0,0,0,0,0,0,2.83496,-7.23588,2.77253,1.67328,-0.0829208,1.70451
2869,1.4345,4,2,4,0,0,0,0,0,0,35.5093,-49.5605,33.0818,13.4393,17.1574,1.16784,0,0,0,0,0,0,2.78563,-7.24577,2.73525,1.6517,-0.0918308,1.73303
2870,1.435,4,2,4,0,0,0,0,0,0,35.3411,-49.7237,32.8894,13.4434,16.9442,1.3752,0,0,0,0,0,0,2.74699,-7.25199,2.69988,1.6285,-0.0972399,1.75801
2871,1.4355,4,2,4,0,0,0,0,0,0,35.1748,-49.881,32.689,13.4412,16.7332,1.58812,0,0,0,0,0,0,2.71043,-7.26259,2.67689,1.61607,-0.107263,1.77057
2872,1.436,4,2,4,0,0,0,0,0,0,35.0201,-50.0464,32.4983,13.4458,16.5228,1.80031,0,0,0,0,0,0,2.66064,-7.24587,2.6403,1.59252,-0.113378,1.80399
2873,1.4365,4,2,4,0,0,0,0,0,0,34.8821,-50.2325,32.3238,13.462,16.3126,1.99297,0,0,0,0,0,0,2.61778,-7.24249,2.61211,1.57336,-0.120734,1.83483
2874,1.437,4,2,4,0,0,0,0,0,0,34.7598,-50.4353,32.1616,13.4841,16.1043,2.16558,0,0,0,0,0,0,2.57856,-7.26153,2.59619,1.56825,-0.131913,1.85436
2875,1.4375,4,2,4,0,0,0,0,0,0,34.6388,-50.6331,32.0019,13.5025,15.9038,2.34502,0,0,0,0,0,0,2.53355,-7.26843,2.57567,1.55879,-0.139242,1.88494
2876,1.438,4,2,4,0,0,0,0,0,0,34.5085,-50.8257,31.8375,13.513,15.7098,2.53196,0,0,0,0,0,0,2.48727,-7.27059,2.5433,1.53133,-0.134219,1.93245
2877,1.4385,4,2,4,0,0,0,0,0,0,34.3715,-51.0073,31.6679,13.5181,15.5187,2.72252,0,0,0,0,0,0,2.45107,-7.29881,2.52688,1.52308,-0.139097,1.95341
2878,1.439,4,2,4,0,0,0,0,0,0,34.2226,-51.1714,31.4876,13.5166,15.3284,2.92355,0,0,0,0,0,0,2.4,-7.28601,2.50099,1.5118,-0.14173,1.99467
2879,1.4395,4,2,4,0,0,0,0,0,0,34.0714,-51.3299,31.3011,13.5147,15.1344,3.11288,0,0,0,0,0,0,2.35365,-7.27997,2.47054,1.495,-0.144219,2.02425
2880,1.44,4,2,4,0,0,0,0,0,0,33.9321,-51.495,31.112,13.5141,14.934,3.27561,0,0,0,0,0,0,2.31371,-7.29338,2.44557,1.48362,-0.149848,2.03152
2881,1.4405,4,2,4,0,0,0,0,0,0,33.796,-51.6499,30.9147,13.5058,14.7334,3.438,0,0,0,0,0,0,2.2757,-7.2927,2.42361,1.47719,-0.158117,2.03921
2882,1.441,4,2,4,0,0,0,0,0,0,33.6576,-51.8088,30.7162,13.4975,14.5304,3.59876,0,0,0,0,0,0,2.2267,-7.27894,2.39108,1.45436,-0.160845,2.07734
2883,1.4415,4,2,4,0,0,0,0,0,0,33.5208,-51.962,30.5149,13.489,14.3261,3.75974,0,0,0,0,0,0,2.1839,-7.28021,2.36482,1.43667,-0.167084,2.10267
2884,1.442,4,2,4,0,0,0,0,0,0,33.3872,-52.1112,30.317,13.4843,14.1221,3.91931,0,0,0,0,0,0,2.14772,-7.28055,2.34516,1.42293,-0.174962,2.12744
2885,1.4425,4,2,4,0,0,0,0,0,0,33.2547,-52.2573,30.1253,13.4843,13.9213,4.07002,0,0,0,0,0,0,2.10215,-7.25998,2.30984,1.40236,-0.182085,2.16448
2886,1.443,4,2,4,0,0,0,0,0,0,33.1219,-52.399,29.9357,13.4859,13.7246,4.20852,0,0,0,0,0,0,2.05505,-7.24529,2.26983,1.38166,-0.188465,2.1802
2887,1.4435,4,2,4,0,0,0,0,0,0,32.9827,-52.5188,29.735,13.4728,13.5417,4.36403,0,0,0,0,0,0,2.0317,-7.25192,2.2503,1.37527,-0.19775,2.18218
2888,1.444,4,2,4,0,0,0,0,0,0,32.8562,-52.6473,29.5306,13.4498,13.3661,4.52406,0,0,0,0,0,0,2.00839,-7.25708,2.23359,1.36941,-0.204645,2.17832
2889,1.4445,4,2,4,0,0,0,0,0,0,32.7601,-52.8085,29.3363,13.4257,13.192,4.67939,0,0,0,0,0,0,1.98617,-7.25148,2.209,1.34756,-0.198712,2.19068
2890,1.445,4,2,4,0,0,0,0,0,0,32.6839,-52.9933,29.1519,13.4038,13.0157,4.82821,0,0,0,0,0,0,1.96236,-7.25784,2.20068,1.34171,-0.200143,2.21573
2891,1.4455,4,2,4,0,0,0,0,0,0,32.5945,-53.1716,28.9632,13.3817,12.8348,4.97283,0,0,0,0,0,0,1.92316,-7.23904,2.16717,1.31999,-0.200284,2.25042
2892,1.446,4,2,4,0,0,0,0,0,0,32.4756,-53.3324,28.7616,13.3606,12.6462,5.10007,0,0,0,0,0,0,1.87425,-7.22052,2.13053,1.29952,-0.202317,2.28222
2893,1.4465,4,2,4,0,0,0,0,0,0,32.332,-53.4536,28.5368,13.3299,12.4567,5.22995,0,0,0,0,0,0,1.83742,-7.21353,2.10657,1.29119,-0.211862,2.28651
2894,1.447,4,2,4,0,0,0,0,0,0,32.1786,-53.547,28.2929,13.2877,12.2699,5.37064,0,0,0,0,0,0,1.77891,-7.18389,2.07028,1.27528,-0.22261,2.30911
2895,1.4475,4,2,4,0,0,0,0,0,0,32.0346,-53.6405,28.0477,13.2446,12.0843,5.51139,0,0,0,0,0,0,1.73981,-7.18045,2.03952,1.2616,-0.233243,2.32256
2896,1.448,4,2,4,0,0,0,0,0,0,31.9063,-53.7399,27.8088,13.2064,11.9003,5.64475,0,0,0,0,0,0,1.70574,-7.18755,2.00612,1.23992,-0.234374,2.34181
2897,1.4485,4,2,4,0,0,0,0,0,0,31.79,-53.8497,27.5817,13.1778,11.7164,5.76145,0,0,0,0,0,0,1.68195,-7.17906,1.97897,1.22753,-0.243038,2.34421
2898,1.449,4,2,4,0,0,0,0,0,0,31.6843,-53.9728,27.3624,13.1538,11.5358,5.86275,0,0,0,0,0,0,1.65779,-7.17646,1.9636,1.22158,-0.250406,2.3447
2899,1.4495,4,2,4,0,0,0,0,0,0,31.5917,-54.1167,27.1563,13.1382,11.3583,5.949,0,0,0,0,0,0,1.63134,-7.16932,1.9354,1.20193,-0.248975,2.36573
2900,1.45,4,2,4,0,0,0,0,0,0,31.5003,-54.2544,26.9477,13.1144,11.1931,6.05708,0,0,0,0,0,0,1.60365,-7.16508,1.9178,1.19222,-0.248231,2.39544
2901,1.4505,4,2,4,0,0,0,0,0,0,31.3993,-54.377,26.7298,13.0792,11.0372,6.18886,0,0,0,0,0,0,1.56791,-7.13018,1.89189,1.17912,-0.247404,2.43082
2902,1.451,4,2,4,0,0,0,0,0,0,31.2991,-54.4931,26.5065,13.038,10.8819,6.32145,0,0,0,0,0,0,1.53377,-7.10188,1.87108,1.17266,-0.246396,2.46303
2903,1.4515,4,2,4,0,0,0,0,0,0,31.1956,-54.5991,26.2743,12.9901,10.725,6.45819,0,0,0,0,0,0,1.51777,-7.09144,1.8447,1.15649,-0.241177,2.47224
2904,1.452,4,2,4,0,0,0,0,0,0,31.0932,-54.7028,26.0324,12.9373,10.5646,6.58876,0,0,0,0,0,0,1.49404,-7.08352,1.82382,1.14994,-0.244746,2.47382
2905,1.4525,4,2,4,0,0,0,0,0,0,31.0028,-54.8216,25.7896,12.89,10.3972,6.68493,0,0,0,0,0,0,1.47676,-7.08705,1.80681,1.14692,-0.252856,2.45733
2906,1.453,4,2,4,0,0,0,0,0,0,30.9146,-54.9444,25.5423,12.8431,10.2274,6.76331,0,0,0,0,0,0,1.44227,-7.07549,1.78269,1.1397,-0.25828,2.46014
2907,1.4535,4,2,4,0,0,0,0,0,0,30.8204,-55.0525,25.2839,12.7883,10.0605,6.84656,0,0,0,0,0,0,1.41543,-7.06021,1.7536,1.12804,-0.26606,2.45456
2908,1.454,4,2,4,0,0,0,0,0,0,30.7187,-55.1451,25.0189,12.7274,9.89749,6.93813,0,0,0,0,0,0,1.38406,-7.04927,1.71933,1.10628,-0.267089,2.48069
2909,1.4545,4,2,4,0,0,0,0,0,0,30.6124,-55.2272,24.7512,12.6648,9.73856,7.03414,0,0,0,0,0,0,1.34223,-7.02227,1.69029,1.08739,-0.271105,2.5225
2910,1.455,4,2,4,0,0,0,0,0,0,30.5053,-55.2974,24.4873,12.6081,9.58317,7.13157,0,0,0,0,0,0,1.3212,-7.0078,1.6638,1.0704,-0.275622,2.53474
2911,1.4555,4,2,4,0,0,0,0,0,0,30.3976,-55.3602,24.2269,12.557,9.43155,7.22749,0,0,0,0,0,0,1.2945,-6.9741,1.6215,1.046,-0.275657,2.5444
2912,1.456,4,2,4,0,0,0,0,0,0,30.2978,-55.4352,23.9741,12.5113,9.28274,7.30802,0,0,0,0,0,0,1.28491,-6.97633,1.60578,1.0455,-0.289339,2.53137
2913,1.4565,4,2,4,0,0,0,0,0,0,30.2058,-55.5177,23.7231,12.4628,9.13899,7.38835,0,0,0,0,0,0,1.27768,-6.97131,1.58209,1.03918,-0.293545,2.53461
2914,1.457,4,2,4,0,0,0,0,0,0,30.1196,-55.6079,23.4664,12.4041,9.00077,7.47495,0,0,0,0,0,0,1.27055,-6.97034,1.57317,1.04392,-0.299215,2.51666
2915,1.4575,4,2,4,0,0,0,0,0,0,30.0416,-55.7043,23.2012,12.3349,8.86541,7.56434,0,0,0,0,0,0,1.24975,-6.93725,1.54662,1.03029,-0.295814,2.51713
2916,1.458,4,2,4,0,0,0,0,0,0,29.9676,-55.8043,22.9289,12.2607,8.72958,7.65499,0,0,0,0,0,0,1.21958,-6.90928,1.52177,1.01752,-0.292213,2.54338
2917,1.4585,4,2,4,0,0,0,0,0,0,29.8937,-55.9003,22.6511,12.1837,8.59213,7.74909,0,0,0,0,0,0,1.19324,-6.87648,1.48464,0.993401,-0.283986,2.58544
2918,1.459,4,2,4,0,0,0,0,0,0,29.814,-55.9808,22.3704,12.1083,8.45296,7.83604,0,0,0,0,0,0,1.16227,-6.84689,1.45221,0.975238,-0.278432,2.61796
2919,1.4595,4,2,4,0,0,0,0,0,0,29.7283,-56.0499,22.0902,12.0398,8.31024,7.90181,0,0,0,0,0,0,1.14649,-6.83842,1.43178,0.966445,-0.284302,2.59791
2920,1.46,4,2,4,0,0,0,0,0,0,29.6418,-56.1037,21.8069,11.9743,8.16778,7.95616,0,0,0,0,0,0,1.12442,-6.82399,1.42221,0.972254,-0.299007,2.58302
2921,1.4605,4,2,4,0,0,0,0,0,0,29.5508,-56.1389,21.5185,11.906,8.0315,8.02095,0,0,0,0,0,0,1.11637,-6.82068,1.39934,0.966042,-0.307644,2.56463
2922,1.461,4,2,4,0,0,0,0,0,0,29.4621,-56.1726,21.2307,11.8355,7.90381,8.091,0,0,0,0,0,0,1.10254,-6.81615,1.37533,0.958443,-0.314005,2.57796
2923,1.4615,4,2,4,0,0,0,0,0,0,29.3816,-56.2189,20.9509,11.7682,7.78184,8.15447,0,0,0,0,0,0,1.08564,-6.8009,1.34119,0.942037,-0.313612,2.5903
2924,1.462,4,2,4,0,0,0,0,0,0,29.3093,-56.2712,20.6782,11.7061,7.66476,8.21411,0,0,0,0,0,0,1.06688,-6.77106,1.31254,0.925018,-0.308999,2.62086
2925,1.4625,4,2,4,0,0,0,0,0,0,29.2392,-56.3267,20.4075,11.6468,7.55318,8.27619,0,0,0,0,0,0,1.04694,-6.7346,1.28203,0.906131,-0.302501,2.65283
2926,1.463,4,2,4,0,0,0,0,0,0,29.1702,-56.3865,20.1334,11.5868,7.44168,8.32962,0,0,0,0,0,0,1.0407,-6.71731,1.2529,0.890317,-0.298197,2.65611
2927,1.4635,4,2,4,0,0,0,0,0,0,29.1064,-56.4463,19.8523,11.5216,7.32778,8.37371,0,0,0,0,0,0,1.0347,-6.69705,1.23385,0.891587,-0.305467,2.6354
2928,1.464,4,2,4,0,0,0,0,0,0,29.0457,-56.497,19.5615,11.4459,7.21511,8.43014,0,0,0,0,0,0,1.02821,-6.67708,1.21687,0.890022,-0.313245,2.59946
2929,1.4645,4,2,4,0,0,0,0,0,0,28.9851,-56.5458,19.2625,11.3594,7.10533,8.5062,0,0,0,0,0,0,1.00514,-6.64744,1.20707,0.888112,-0.313824,2.60869
2930,1.465,4,2,4,0,0,0,0,0,0,28.9272,-56.5979,18.9555,11.2638,7.00044,8.58965,0,0,0,0,0,0,0.997585,-6.63395,1.19882,0.883911,-0.314633,2.60186
2931,1.4655,4,2,4,0,0,0,0,0,0,28.8634,-56.648,18.6431,11.1649,6.898,8.66793,0,0,0,0,0,0,0.972527,-6.59772,1.16889,0.867944,-0.310742,2.63071
2932,1.466,4,2,4,0,0,0,0,0,0,28.7915,-56.6803,18.3299,11.0715,6.79472,8.73019,0,0,0,0,0,0,0.949252,-6.56276,1.12835,0.844836,-0.302715,2.65231
2933,1.4665,4,2,4,0,0,0,0,0,0,28.7162,-56.7023,18.0188,10.9849,6.69101,8.77542,0,0,0,0,0,0,0.935104,-6.52729,1.09264,0.82701,-0.302134,2.65363
2934,1.467,4,2,4,0,0,0,0,0,0,28.6526,-56.7294,17.7117,10.907,6.58529,8.7905,0,0,0,0,0,0,0.927389,-6.51341,1.06252,0.816356,-0.30563,2.63139
2935,1.4675,4,2,4,0,0,0,0,0,0,28.5953,-56.7406,17.3976,10.8286,6.48542,8.80142,0,0,0,0,0,0,0.931513,-6.51717,1.04364,0.814857,-0.31864,2.60493
2936,1.468,4,2,4,0,0,0,0,0,0,28.5327,-56.7317,17.0771,10.7491,6.3925,8.82379,0,0,0,0,0,0,0.928096,-6.48343,1.01099,0.807737,-0.325304,2.60302
2937,1.4685,4,2,4,0,0,0,0,0,0,28.4674,-56.718,16.7583,10.6688,6.30756,8.86839,0,0,0,0,0,0,0.921584,-6.4549,0.987087,0.800958,-0.325654,2.61228
2938,1.469,4,2,4,0,0,0,0,0,0,28.4086,-56.7148,16.4478,10.5887,6.23081,8.93092,0,0,0,0,0,0,0.906895,-6.41477,0.9666,0.790655,-0.321042,2.63374
2939,1.4695,4,2,4,0,0,0,0,0,0,28.3507,-56.7264,16.143,10.51,6.15969,8.99996,0,0,0,0,0,0,0.89321,-6.38905,0.953249,0.782604,-0.315246,2.66913
2940,1.47,4,2,4,0,0,0,0,0,0,28.2964,-56.743,15.8372,10.4309,6.08976,9.06483,0,0,0,0,0,0,0.879949,-6.35814,0.93507,0.772228,-0.310744,2.71133
2941,1.4705,4,2,4,0,0,0,0,0,0,28.2463,-56.7684,15.5286,10.3505,6.01717,9.11196,0,0,0,0,0,0,0.870575,-6.34666,0.908105,0.76165,-0.30465,2.71235
2942,1.471,4,2,4,0,0,0,0,0,0,28.2062,-56.8078,15.2207,10.2701,5.93902,9.13177,0,0,0,0,0,0,0.876177,-6.34283,0.884082,0.757286,-0.305516,2.67413
2943,1.4715,4,2,4,0,0,0,0,0,0,28.1703,-56.8376,14.9056,10.1814,5.86234,9.15301,0,0,0,0,0,0,0.885992,-6.33265,0.862753,0.753062,-0.305921,2.64387
2944,1.472,4,2,4,0,0,0,0,0,0,28.1353,-56.8547,14.5759,10.0834,5.79052,9.18497,0,0,0,0,0,0,0.889293,-6.30806,0.846355,0.749526,-0.308053,2.63863
2945,1.4725,4,2,4,0,0,0,0,0,0,28.0991,-56.8547,14.2331,9.98055,5.72292,9.23227,0,0,0,0,0,0,0.874514,-6.26043,0.818228,0.737658,-0.302527,2.65538
2946,1.473,4,2,4,0,0,0,0,0,0,28.0599,-56.8417,13.8867,9.87848,5.65999,9.28497,0,0,0,0,0,0,0.867298,-6.2191,0.783901,0.724934,-0.298654,2.66472
2947,1.4735,4,2,4,0,0,0,0,0,0,28.0145,-56.8139,13.5397,9.7788,5.60069,9.33736,0,0,0,0,0,0,0.851833,-6.18097,0.761351,0.714201,-0.2966,2.68372
2948,1.474,4,2,4,0,0,0,0,0,0,27.969,-56.7732,13.1961,9.68492,5.54326,9.38476,0,0,0,0,0,0,0.838994,-6.12997,0.739086,0.703681,-0.302386,2.67688
2949,1.4745,4,2,4,0,0,0,0,0,0,27.9272,-56.7336,12.8546,9.59632,5.4902,9.42208,0,0,0,0,0,0,0.835992,-6.11064,0.718044,0.691477,-0.306224,2.66795
2950,1.475,4,2,4,0,0,0,0,0,0,27.897,-56.714,12.5206,9.51614,5.43784,9.42457,0,0,0,0,0,0,0.840808,-6.09684,0.689649,0.680734,-0.307531,2.63058
2951,1.4755,4,2,4,0,0,0,0,0,0,27.8724,-56.7035,12.1945,9.4396,5.39005,9.41751,0,0,0,0,0,0,0.849983,-6.08364,0.662135,0.673616,-0.30531,2.60737
2952,1.476,4,2,4,0,0,0,0,0,0,27.8438,-56.6891,11.8719,9.36147,5.34825,9.42577,0,0,0,0,0,0,0.853508,-6.05327,0.636968,0.667756,-0.302431,2.61098
2953,1.4765,4,2,4,0,0,0,0,0,0,27.8106,-56.6682,11.5461,9.28118,5.31011,9.4502,0,0,0,0,0,0,0.851531,-6.01547,0.62049,0.664178,-0.297444,2.63539
2954,1.477,4,2,4,0,0,0,0,0,0,27.7774,-56.6404,11.2073,9.19486,5.2762,9.48657,0,0,0,0,0,0,0.842818,-5.98721,0.604264,0.661474,-0.292606,2.65369
2955,1.4775,4,2,4,0,0,0,0,0,0,27.7397,-56.6078,10.858,9.10326,5.24489,9.53421,0,0,0,0,0,0,0.842606,-5.96456,0.577373,0.656811,-0.285244,2.66779
2956,1.478,4,2,4,0,0,0,0,0,0,27.7081,-56.5771,10.5053,9.00798,5.21418,9.58687,0,0,0,0,0,0,0.842304,-5.93227,0.555835,0.652717,-0.280501,2.67142
2957,1.4785,4,2,4,0,0,0,0,0,0,27.6804,-56.5415,10.1477,8.90862,5.18484,9.64393,0,0,0,0,0,0,0.839514,-5.88875,0.540211,0.644165,-0.278166,2.68218
2958,1.479,4,2,4,0,0,0,0,0,0,27.6609,-56.5076,9.78527,8.80851,5.15419,9.68246,0,0,0,0,0,0,0.840948,-5.85459,0.524269,0.634527,-0.27639,2.68646
2959,1.4795,4,2,4,0,0,0,0,0,0,27.6491,-56.4856,9.41971,8.70994,5.12309,9.69635,0,0,0,0,0,0,0.847558,-5.82786,0.50846,0.629397,-0.280321,2.67004
2960,1.48,4,2,4,0,0,0,0,0,0,27.6403,-56.4617,9.05267,8.61011,5.09743,9.71148,0,0,0,0,0,0,0.857518,-5.81257,0.480985,0.619262,-0.277201,2.64737
2961,1.4805,4,2,4,0,0,0,0,0,0,27.6301,-56.4211,8.68902,8.51348,5.07576,9.7263,0,0,0,0,0,0,0.856311,-5.77832,0.446845,0.605564,-0.268925,2.66074
2962,1.481,4,2,4,0,0,0,0,0,0,27.6158,-56.3603,8.32739,8.42173,5.05843,9.74217,0,0,0,0,0,0,0.859699,-5.74225,0.415043,0.595035,-0.267061,2.66463
2963,1.4815,4,2,4,0,0,0,0,0,0,27.6004,-56.2853,7.96398,8.3335,5.04883,9.76585,0,0,0,0,0,0,0.860262,-5.71211,0.388501,0.589169,-0.267498,2.6594
2964,1.482,4,2,4,0,0,0,0,0,0,27.585,-56.2058,7.60176,8.24892,5.04555,9.79202,0,0,0,0,0,0,0.868239,-5.6847,0.363436,0.585203,-0.268868,2.64449
2965,1.4825,4,2,4,0,0,0,0,0,0,27.5679,-56.1201,7.24324,8.16743,5.04772,9.82491,0,0,0,0,0,0,0.869987,-5.64782,0.338208,0.578061,-0.263849,2.64427
2966,1.483,4,2,4,0,0,0,0,0,0,27.5534,-56.0382,6.88762,8.08674,5.05376,9.86051,0,0,0,0,0,0,0.868876,-5.6056,0.319176,0.568928,-0.255452,2.64846
2967,1.4835,4,2,4,0,0,0,0,0,0,27.5397,-55.97,6.53291,8.00717,5.05925,9.88709,0,0,0,0,0,0,0.870712,-5.564,0.305024,0.562921,-0.25077,2.65179
2968,1.484,4,2,4,0,0,0,0,0,0,27.5262,-55.9106,6.17504,7.92679,5.06369,9.90763,0,0,0,0,0,0,0.877346,-5.53171,0.295275,0.557448,-0.245465,2.64343
2969,1.4845,4,2,4,0,0,0,0,0,0,27.5154,-55.8553,5.8132,7.84381,5.06794,9.92839,0,0,0,0,0,0,0.884545,-5.48415,0.280938,0.553873,-0.241418,2.6464
2970,1.485,4,2,4,0,0,0,0,0,0,27.5058,-55.798,5.44445,7.7557,5.07346,9.95108,0,0,0,0,0,0,0.890018,-5.43894,0.255158,0.551172,-0.235602,2.64922
2971,1.4855,4,2,4,0,0,0,0,0,0,27.498,-55.733,5.06429,7.66184,5.08302,9.9763,0,0,0,0,0,0,0.899934,-5.41009,0.223375,0.547852,-0.229975,2.64477
2972,1.486,4,2,4,0,0,0,0,0,0,27.4962,-55.6595,4.67475,7.56545,5.09654,10.0085,0,0,0,0,0,0,0.914671,-5.40379,0.199691,0.546034,-0.22609,2.64318
2973,1.4865,4,2,4,0,0,0,0,0,0,27.4989,-55.5793,4.27986,7.46823,5.11283,10.0422,0,0,0,0,0,0,0.927237,-5.37942,0.175029,0.540876,-0.222144,2.63743
2974,1.487,4,2,4,0,0,0,0,0,0,27.4993,-55.4882,3.88127,7.37033,5.13216,10.0784,0,0,0,0,0,0,0.932585,-5.34536,0.148532,0.530127,-0.213693,2.65113
2975,1.4875,4,2,4,0,0,0,0,0,0,27.4996,-55.391,3.47936,7.27306,5.15657,10.1171,0,0,0,0,0,0,0.927973,-5.29974,0.126897,0.519291,-0.208017,2.6704
2976,1.488,4,2,4,0,0,0,0,0,0,27.5038,-55.2962,3.08394,7.18239,5.18295,10.1452,0,0,0,0,0,0,0.928968,-5.2489,0.105865,0.50999,-0.206123,2.69147
2977,1.4885,4,2,4,0,0,0,0,0,0,27.5126,-55.198,2.70144,7.1016,5.21051,10.16,0,0,0,0,0,0,0.943648,-5.21894,0.0860368,0.501909,-0.203772,2.6851
2978,1.489,4,2,4,0,0,0,0,0,0,27.5181,-55.0835,2.32953,7.02779,5.24108,10.1765,0,0,0,0,0,0,0.957925,-5.19355,0.0681205,0.498692,-0.205937,2.6679
2979,1.4895,4,2,4,0,0,0,0,0,0,27.5233,-54.9563,1.95928,6.95553,5.27916,10.2015,0,0,0,0,0,0,0.977015,-5.17161,0.0436149,0.495283,-0.201618,2.65994
2980,1.49,4,2,4,0,0,0,0,0,0,27.5341,-54.8318,1.5867,6.88539,5.32591,10.2291,0,0,0,0,0,0,0.995146,-5.14766,0.0153804,0.493196,-0.193992,2.64729
2981,1.4905,4,2,4,0,0,0,0,0,0,27.5448,-54.7191,1.21319,6.81667,5.37756,10.2572,0,0,0,0,0,0,1.02153,-5.12109,-0.00850473,0.488395,-0.183453,2.65411
2982,1.491,4,2,4,0,0,0,0,0,0,27.55,-54.6122,0.83621,6.7458,5.43121,10.2887,0,0,0,0,0,0,1.03355,-5.07524,-0.0367237,0.478455,-0.169842,2.66872
2983,1.4915,4,2,4,0,0,0,0,0,0,27.5502,-54.5027,0.45053,6.67034,5.48569,10.3254,0,0,0,0,0,0,1.03371,-5.01516,-0.0621667,0.470198,-0.159251,2.68157
2984,1.492,4,2,4,0,0,0,0,0,0,27.5496,-54.3854,0.0516731,6.58984,5.54164,10.367,0,0,0,0,0,0,1.02242,-4.9534,-0.0840196,0.46765,-0.154261,2.68563
2985,1.4925,4,2,4,0,0,0,0,0,0,27.5533,-54.2662,-0.353701,6.50773,5.59503,10.4049,0,0,0,0,0,0,1.01907,-4.89778,-0.0956503,0.468589,-0.155693,2.68835
2986,1.493,4,2,4,0,0,0,0,0,0,27.566,-54.1538,-0.75877,6.42589,5.64512,10.4344,0,0,0,0,0,0,1.04031,-4.86478,-0.112717,0.46706,-0.151414,2.66707
2987,1.4935,4,2,4,0,0,0,0,0,0,27.5833,-54.0409,-1.16348,6.34413,5.69505,10.4637,0,0,0,0,0,0,1.0657,-4.83445,-0.131395,0.46535,-0.146859,2.65494
2988,1.494,4,2,4,0,0,0,0,0,0,27.6039,-53.9209,-1.57123,6.263,5.74903,10.4956,0,0,0,0,0,0,1.07883,-4.79322,-0.149532,0.463126,-0.141273,2.66262
2989,1.4945,4,2,4,0,0,0,0,0,0,27.6257,-53.7897,-1.98565,6.18269,5.81023,10.5335,0,0,0,0,0,0,1.09367,-4.76187,-0.17578,0.462965,-0.133795,2.66696
2990,1.495,4,2,4,0,0,0,0,0,0,27.6482,-53.6499,-2.40127,6.104,5.87635,10.5756,0,0,0,0,0,0,1.11375,-4.73344,-0.201144,0.457694,-0.125992,2.66835
2991,1.4955,4,2,4,0,0,0,0,0,0,27.6755,-53.5056,-2.81559,6.02788,5.94806,10.6191,0,0,0,0,0,0,1.13389,-4.70084,-0.22679,0.44658,-0.115806,2.68383
2992,1.496,4,2,4,0,0,0,0,0,0,27.7055,-53.3607,-3.22541,5.95534,6.02552,10.661,0,0,0,0,0,0,1.14842,-4.66736,-0.249238,0.435716,-0.106493,2.70218
2993,1.4965,4,2,4,0,0,0,0,0,0,27.7357,-53.2126,-3.6273,5.88896,6.1063,10.7007,0,0,0,0,0,0,1.16023,-4.63998,-0.269096,0.427213,-0.0971346,2.71301
2994,1.497,4,2,4,0,0,0,0,0,0,27.7604,-53.0517,-4.02191,5.82705,6.19174,10.7435,0,0,0,0,0,0,1.1755,-4.61566,-0.285668,0.421999,-0.0915517,2.72782
2995,1.4975,4,2,4,0,0,0,0,0,0,27.7843,-52.8834,-4.4095,5.76985,6.27948,10.7853,0,0,0,0,0,0,1.19672,-4.58551,-0.308742,0.41818,-0.0872541,2.73086
2996,1.498,4,2,4,0,0,0,0,0,0,27.8119,-52.7215,-4.79262,5.71728,6.36805,10.8123,0,0,0,0,0,0,1.22375,-4.55341,-0.331891,0.41679,-0.086517,2.71968
2997,1.4985,4,2,4,0,0,0,0,0,0,27.8422,-52.5658,-5.17893,5.66665,6.46009,10.8397,0,0,0,0,0,0,1.24072,-4.50268,-0.35808,0.415276,-0.0840561,2.71887
2998,1.499,4,2,4,0,0,0,0,0,0,27.8686,-52.4115,-5.56859,5.61466,6.55458,10.8744,0,0,0,0,0,0,1.24368,-4.43861,-0.385211,0.4133,-0.0755673,2.72027
2999,1.4995,4,2,4,0,0,0,0,0,0,27.897,-52.2545,-5.96216,5.55891,6.65191,10.9281,0,0,0,0,0,0,1.24155,-4.37414,-0.40706,0.411526,-0.0656269,2.72402
3000,1.5,4,2,4,0,0,0,0,0,0,27.9318,-52.0943,-6.36237,5.50096,6.74952,10.9911,0,0,0,0,0,0,1.24588,-4.3051,-0.417656,0.408756,-0.0582954,2.74484
3001,1.5005,4,2,4,0,0,0,0,0,0,27.9731,-51.927,-6.77331,5.44112,6.84679,11.0562,0,0,0,0,0,0,1.25499,-4.24448,-0.424243,0.406828,-0.0527836,2.73224
3002,1.501,4,2,4,0,0,0,0,0,0,28.0136,-51.758,-7.19404,5.37967,6.94629,11.1191,0,0,0,0,0,0,1.26645,-4.19288,-0.439099,0.407058,-0.0465276,2.71274
3003,1.5015,4,2,4,0,0,0,0,0,0,28.054,-51.597,-7.61589,5.31812,7.04801,11.1778,0,0,0,0,0,0,1.28515,-4.15878,-0.460914,0.408484,-0.0374289,2.70908
3004,1.502,4,2,4,0,0,0,0,0,0,28.0947,-51.4381,-8.03957,5.25636,7.15352,11.2365,0,0,0,0,0,0,1.30711,-4.12093,-0.484795,0.407805,-0.0251606,2.71573
3005,1.5025,4,2,4,0,0,0,0,0,0,28.1397,-51.2775,-8.46965,5.19668,7.26266,11.2931,0,0,0,0,0,0,1.32352,-4.0729,-0.511104,0.403489,-0.0112176,2.73188
3006,1.503,4,2,4,0,0,0,0,0,0,28.1919,-51.1154,-8.90529,5.14033,7.37382,11.3434,0,0,0,0,0,0,1.33618,-4.02009,-0.533068,0.397545,-0.00104997,2.76517
3007,1.5035,4,2,4,0,0,0,0,0,0,28.2466,-50.9526,-9.3436,5.08803,7.48699,11.3846,0,0,0,0,0,0,1.36039,-3.99044,-0.553299,0.39192,0.00587288,2.79172
3008,1.504,4,2,4,0,0,0,0,0,0,28.3038,-50.7821,-9.77599,5.03894,7.60315,11.4282,0,0,0,0,0,0,1.38206,-3.97018,-0.575749,0.388517,0.0119638,2.80956
3009,1.5045,4,2,4,0,0,0,0,0,0,28.3637,-50.5996,-10.2032,4.99565,7.72119,11.4752,0,0,0,0,0,0,1.39652,-3.95527,-0.589775,0.387118,0.014293,2.80756
3010,1.505,4,2,4,0,0,0,0,0,0,28.4296,-50.4045,-10.6228,4.95605,7.84373,11.5408,0,0,0,0,0,0,1.42756,-3.94109,-0.601874,0.38515,0.0152973,2.80879
3011,1.5055,4,2,4,0,0,0,0,0,0,28.4969,-50.1958,-11.0332,4.92179,7.96885,11.6197,0,0,0,0,0,0,1.44292,-3.89901,-0.611676,0.384475,0.0152245,2.82999
3012,1.506,4,2,4,0,0,0,0,0,0,28.5575,-49.9788,-11.4303,4.89309,8.09752,11.7034,0,0,0,0,0,0,1.44959,-3.83975,-0.630981,0.382967,0.020445,2.8384
3013,1.5065,4,2,4,0,0,0,0,0,0,28.6144,-49.7642,-11.8185,4.86721,8.23445,11.7868,0,0,0,0,0,0,1.46463,-3.78814,-0.66451,0.378851,0.037066,2.83125
3014,1.507,4,2,4,0,0,0,0,0,0,28.6697,-49.5616,-12.2034,4.84284,8.37986,11.8648,0,0,0,0,0,0,1.4911,-3.74332,-0.700828,0.375647,0.0551656,2.83679
3015,1.5075,4,2,4,0,0,0,0,0,0,28.7207,-49.3562,-12.592,4.81829,8.52839,11.943,0,0,0,0,0,0,1.5097,-3.68802,-0.728091,0.374569,0.0679851,2.84072
3016,1.508,4,2,4,0,0,0,0,0,0,28.7698,-49.1442,-12.9883,4.79291,8.67366,12.02,0,0,0,0,0,0,1.52538,-3.61742,-0.74908,0.374757,0.0767281,2.84005
3017,1.5085,4,2,4,0,0,0,0,0,0,28.8147,-48.9287,-13.395,4.76657,8.81563,12.0866,0,0,0,0,0,0,1.5461,-3.55615,-0.762025,0.374001,0.0838105,2.837
3018,1.509,4,2,4,0,0,0,0,0,0,28.8559,-48.7129,-13.812,4.73751,8.9553,12.1447,0,0,0,0,0,0,1.55888,-3.48618,-0.769746,0.372947,0.0882517,2.84774
3019,1.5095,4,2,4,0,0,0,0,0,0,28.8958,-48.4906,-14.2369,4.70566,9.09407,12.2067,0,0,0,0,0,0,1.57818,-3.43599,-0.778621,0.3744,0.0913768,2.84583
3020,1.51,4,2,4,0,0,0,0,0,0,28.9418,-48.2634,-14.663,4.67301,9.23098,12.2838,0,0,0,0,0,0,1.60184,-3.39571,-0.79535,0.37569,0.0987043,2.84488
3021,1.5105,4,2,4,0,0,0,0,0,0,28.9896,-48.0292,-15.087,4.64152,9.36588,12.3723,0,0,0,0,0,0,1.62506,-3.35742,-0.810658,0.377757,0.107139,2.86956
3022,1.511,4,2,4,0,0,0,0,0,0,29.0381,-47.791,-15.5117,4.61136,9.50551,12.4693,0,0,0,0,0,0,1.64548,-3.31338,-0.831367,0.3813,0.116608,2.91194
3023,1.5115,4,2,4,0,0,0,0,0,0,29.0888,-47.5474,-15.9353,4.5821,9.65175,12.5732,0,0,0,0,0,0,1.67301,-3.28335,-0.855106,0.382952,0.129991,2.94497
3024,1.512,4,2,4,0,0,0,0,0,0,29.1422,-47.2993,-16.3567,4.55452,9.80278,12.6789,0,0,0,0,0,0,1.70182,-3.2465,-0.880673,0.382648,0.144617,2.97922
3025,1.5125,4,2,4,0,0,0,0,0,0,29.2036,-47.0508,-16.7766,4.53099,9.95487,12.782,0,0,0,0,0,0,1.74862,-3.23384,-0.89826,0.382213,0.152076,2.99621
3026,1.513,4,2,4,0,0,0,0,0,0,29.2681,-46.8052,-17.1992,4.51061,10.1113,12.8765,0,0,0,0,0,0,1.80237,-3.22599,-0.910558,0.379251,0.15691,2.99696
3027,1.5135,4,2,4,0,0,0,0,0,0,29.3263,-46.5573,-17.6206,4.49218,10.2729,12.9627,0,0,0,0,0,0,1.84783,-3.21675,-0.922001,0.378756,0.159811,3.00598
3028,1.514,4,2,4,0,0,0,0,0,0,29.3855,-46.3053,-18.0409,4.4758,10.4398,13.0459,0,0,0,0,0,0,1.87583,-3.19414,-0.939051,0.378542,0.166601,2.99273
3029,1.5145,4,2,4,0,0,0,0,0,0,29.4474,-46.0561,-18.4547,4.4645,10.6087,13.1245,0,0,0,0,0,0,1.91621,-3.19161,-0.966874,0.379586,0.176908,2.98558
3030,1.515,4,2,4,0,0,0,0,0,0,29.5234,-45.8134,-18.8605,4.45964,10.7785,13.2112,0,0,0,0,0,0,1.94894,-3.1708,-0.997792,0.380118,0.190233,2.99172
3031,1.5155,4,2,4,0,0,0,0,0,0,29.6062,-45.5703,-19.2587,4.45988,10.9523,13.3097,0,0,0,0,0,0,1.99206,-3.15427,-1.01812,0.382182,0.195684,3.00128
3032,1.516,4,2,4,0,0,0,0,0,0,29.6913,-45.3249,-19.646,4.46436,11.1314,13.4182,0,0,0,0,0,0,2.03037,-3.13404,-1.0336,0.38236,0.202424,3.0075
3033,1.5165,4,2,4,0,0,0,0,0,0,29.7742,-45.0758,-20.024,4.47435,11.3155,13.5375,0,0,0,0,0,0,2.05953,-3.09547,-1.0484,0.381925,0.209922,3.0291
3034,1.517,4,2,4,0,0,0,0,0,0,29.8558,-44.8194,-20.398,4.49202,11.4994,13.6723,0,0,0,0,0,0,2.08179,-3.04206,-1.06462,0.381558,0.220775,3.05015
3035,1.5175,4,2,4,0,0,0,0,0,0,29.9324,-44.5547,-20.7762,4.51549,11.6806,13.8232,0,0,0,0,0,0,2.12468,-2.99673,-1.07077,0.378788,0.228718,3.06993
3036,1.518,4,2,4,0,0,0,0,0,0,29.9961,-44.2844,-21.1607,4.54031,11.8583,13.9728,0,0,0,0,0,0,2.13997,-2.91741,-1.0728,0.378464,0.229693,3.09188
3037,1.5185,4,2,4,0,0,0,0,0,0,30.0513,-44.0116,-21.5549,4.56403,12.0337,14.1161,0,0,0,0,0,0,2.14338,-2.82411,-1.07493,0.379869,0.230097,3.11727
3038,1.519,4,2,4,0,0,0,0,0,0,30.1056,-43.7457,-21.9579,4.58505,12.2102,14.251,0,0,0,0,0,0,2.13786,-2.73479,-1.08793,0.382659,0.238897,3.12881
3039,1.5195,4,2,4,0,0,0,0,0,0,30.1755,-43.4856,-22.3746,4.60579,12.3892,14.3941,0,0,0,0,0,0,2.11688,-2.64445,-1.10986,0.384704,0.255659,3.11249
3040,1.52,4,2,4,0,0,0,0,0,0,30.2573,-43.2276,-22.8008,4.62421,12.5721,14.5449,0,0,0,0,0,0,2.09218,-2.55248,-1.13532,0.387289,0.274886,3.08706
3041,1.5205,4,2,4,0,0,0,0,0,0,30.3426,-42.9695,-23.2293,4.64008,12.7574,14.6925,0,0,0,0,0,0,2.07342,-2.44923,-1.1536,0.390488,0.287577,3.05699
3042,1.521,4,2,4,0,0,0,0,0,0,30.4307,-42.7102,-23.654,4.65351,12.9431,14.8304,0,0,0,0,0,0,2.05728,-2.3492,-1.16989,0.394591,0.297095,3.04368
3043,1.5215,4,2,4,0,0,0,0,0,0,30.5202,-42.4447,-24.08,4.66823,13.1275,14.9723,0,0,0,0,0,0,2.05005,-2.24707,-1.18195,0.398436,0.3033,3.0492
3044,1.522,4,2,4,0,0,0,0,0,0,30.6081,-42.1699,-24.5089,4.68562,13.3096,15.1199,0,0,0,0,0,0,2.04781,-2.14834,-1.19343,0.402964,0.310142,3.06803
3045,1.5225,4,2,4,0,0,0,0,0,0,30.6813,-41.8808,-24.9363,4.70398,13.4907,15.2631,0,0,0,0,0,0,2.04984,-2.05866,-1.20633,0.404715,0.319285,3.07696
3046,1.523,4,2,4,0,0,0,0,0,0,30.741,-41.5753,-25.3534,4.72288,13.6693,15.409,0,0,0,0,0,0,2.04361,-1.97645,-1.21957,0.405983,0.32943,3.09872
3047,1.5235,4,2,4,0,0,0,0,0,0,30.7931,-41.2544,-25.7556,4.74316,13.8438,15.5582,0,0,0,0,0,0,2.04225,-1.89288,-1.23613,0.411581,0.336002,3.14365
3048,1.524,4,2,4,0,0,0,0,0,0,30.8513,-40.9213,-26.1512,4.76684,14.0188,15.7205,0,0,0,0,0,0,2.05487,-1.83925,-1.26444,0.422175,0.347289,3.19462
3049,1.5245,4,2,4,0,0,0,0,0,0,30.9165,-40.5795,-26.539,4.79084,14.1994,15.8938,0,0,0,0,0,0,2.06236,-1.77797,-1.28913,0.430272,0.358879,3.24561
3050,1.525,4,2,4,0,0,0,0,0,0,30.9765,-40.2282,-26.9194,4.81403,14.3883,16.059,0,0,0,0,0,0,2.07687,-1.73665,-1.31439,0.435977,0.37297,3.28071
3051,1.5255,4,2,4,0,0,0,0,0,0,31.0288,-39.8697,-27.2923,4.83684,14.5845,16.2105,0,0,0,0,0,0,2.10125,-1.70177,-1.33568,0.440194,0.383062,3.28934
3052,1.526,4,2,4,0,0,0,0,0,0,31.079,-39.5029,-27.6596,4.86126,14.7841,16.3618,0,0,0,0,0,0,2.13617,-1.67733,-1.34348,0.440298,0.385051,3.31762
3053,1.5265,4,2,4,0,0,0,0,0,0,31.1252,-39.1271,-28.0228,4.88808,14.9863,16.5138,0,0,0,0,0,0,2.1916,-1.65782,-1.35223,0.439815,0.385369,3.35565
3054,1.527,4,2,4,0,0,0,0,0,0,31.1579,-38.743,-28.3823,4.91519,15.1934,16.6481,0,0,0,0,0,0,2.2329,-1.63878,-1.36241,0.441661,0.388763,3.37372
3055,1.5275,4,2,4,0,0,0,0,0,0,31.1863,-38.3626,-28.7387,4.94443,15.4041,16.7705,0,0,0,0,0,0,2.2617,-1.618,-1.38034,0.444232,0.395919,3.36956
3056,1.528,4,2,4,0,0,0,0,0,0,31.222,-37.9919,-29.0889,4.97763,15.6151,16.8963,0,0,0,0,0,0,2.31039,-1.60933,-1.40424,0.446616,0.406883,3.39119
3057,1.5285,4,2,4,0,0,0,0,0,0,31.2846,-37.6358,-29.4422,5.02006,15.8267,17.0423,0,0,0,0,0,0,2.36637,-1.59942,-1.42351,0.451295,0.412697,3.42358
3058,1.529,4,2,4,0,0,0,0,0,0,31.3636,-37.2899,-29.802,5.07077,16.044,17.2021,0,0,0,0,0,0,2.42673,-1.60078,-1.43518,0.456117,0.41572,3.47372
3059,1.5295,4,2,4,0,0,0,0,0,0,31.4467,-36.9475,-30.1675,5.12771,16.2676,17.3732,0,0,0,0,0,0,2.48247,-1.57802,-1.44577,0.462066,0.419532,3.5264
3060,1.53,4,2,4,0,0,0,0,0,0,31.528,-36.6074,-30.5355,5.18752,16.4958,17.5546,0,0,0,0,0,0,2.52605,-1.54328,-1.45373,0.465584,0.424675,3.58105
3061,1.5305,4,2,4,0,0,0,0,0,0,31.6154,-36.2713,-30.907,5.25205,16.7217,17.7546,0,0,0,0,0,0,2.57108,-1.51121,-1.46326,0.468259,0.433936,3.62168
3062,1.531,4,2,4,0,0,0,0,0,0,31.7009,-35.9309,-31.2826,5.32073,16.9435,17.9587,0,0,0,0,0,0,2.62456,-1.48209,-1.46375,0.466388,0.439136,3.66388
3063,1.5315,4,2,4,0,0,0,0,0,0,31.7735,-35.5851,-31.6569,5.38813,17.1638,18.1475,0,0,0,0,0,0,2.65794,-1.4416,-1.46071,0.465066,0.44073,3.69276
3064,1.532,4,2,4,0,0,0,0,0,0,31.8421,-35.2403,-32.0312,5.45266,17.3864,18.3271,0,0,0,0,0,0,2.66876,-1.38806,-1.45952,0.466451,0.443191,3.69546
3065,1.5325,4,2,4,0,0,0,0,0,0,31.9147,-34.8955,-32.4033,5.51621,17.6082,18.5136,0,0,0,0,0,0,2.65978,-1.32831,-1.46583,0.468959,0.454649,3.68956
3066,1.533,4,2,4,0,0,0,0,0,0,31.9998,-34.5463,-32.7733,5.58024,17.8269,18.7142,0,0,0,0,0,0,2.65413,-1.2594,-1.48039,0.474535,0.469806,3.68538
3067,1.5335,4,2,4,0,0,0,0,0,0,32.0855,-34.1946,-33.1381,5.64312,18.0444,18.9137,0,0,0,0,0,0,2.64944,-1.17907,-1.50445,0.487297,0.484504,3.68902
3068,1.534,4,2,4,0,0,0,0,0,0,32.1714,-33.8437,-33.4949,5.70399,18.2614,19.1132,0,0,0,0,0,0,2.66742,-1.117,-1.52932,0.502303,0.495365,3.7189
3069,1.5345,4,2,4,0,0,0,0,0,0,32.2571,-33.4927,-33.842,5.76423,18.4745,19.3171,0,0,0,0,0,0,2.68032,-1.04977,-1.5473,0.511456,0.506133,3.74694
3070,1.535,4,2,4,0,0,0,0,0,0,32.3451,-33.1384,-34.1838,5.82691,18.6816,19.5315,0,0,0,0,0,0,2.69259,-0.976015,-1.55597,0.51852,0.510595,3.77028
3071,1.5355,4,2,4,0,0,0,0,0,0,32.4254,-32.7794,-34.5195,5.88836,18.8889,19.7439,0,0,0,0,0,0,2.7109,-0.908506,-1.55794,0.523863,0.511446,3.81136
3072,1.536,4,2,4,0,0,0,0,0,0,32.4927,-32.4118,-34.8455,5.94598,19.0992,19.9559,0,0,0,0,0,0,2.72239,-0.843211,-1.55989,0.524564,0.517161,3.8384
3073,1.5365,4,2,4,0,0,0,0,0,0,32.5572,-32.0375,-35.1574,6.00208,19.3071,20.1783,0,0,0,0,0,0,2.73105,-0.780441,-1.56518,0.527281,0.524862,3.85942
3074,1.537,4,2,4,0,0,0,0,0,0,32.6343,-31.6576,-35.4575,6.06256,19.5055,20.4213,0,0,0,0,0,0,2.75779,-0.728374,-1.57487,0.536547,0.527819,3.89663
3075,1.5375,4,2,4,0,0,0,0,0,0,32.7133,-31.2745,-35.7432,6.12477,19.6965,20.6703,0,0,0,0,0,0,2.77746,-0.669641,-1.58091,0.544546,0.529778,3.93256
3076,1.538,4,2,4,0,0,0,0,0,0,32.7905,-30.8953,-36.0187,6.18741,19.8876,20.9135,0,0,0,0,0,0,2.7959,-0.607976,-1.58648,0.549708,0.533955,3.95027
3077,1.5385,4,2,4,0,0,0,0,0,0,32.8701,-30.5263,-36.2996,6.25336,20.0899,21.1553,0,0,0,0,0,0,2.82283,-0.557192,-1.603,0.558136,0.5435,3.96856
3078,1.539,4,2,4,0,0,0,0,0,0,32.9506,-30.1604,-36.5975,6.32655,20.3044,21.3921,0,0,0,0,0,0,2.86025,-0.519142,-1.61832,0.563274,0.55562,3.9931
3079,1.5395,4,2,4,0,0,0,0,0,0,33.0316,-29.7907,-36.9163,6.40932,20.528,21.6245,0,0,0,0,0,0,2.89244,-0.471878,-1.62958,0.569281,0.563005,4.01816
3080,1.54,4,2,4,0,0,0,0,0,0,33.0994,-29.4148,-37.2427,6.49379,20.7585,21.8456,0,0,0,0,0,0,2.92288,-0.425486,-1.63542,0.577561,0.561404,4.03982
3081,1.5405,4,2,4,0,0,0,0,0,0,33.1637,-29.0317,-37.5746,6.57866,20.9954,22.0659,0,0,0,0,0,0,2.93992,-0.382018,-1.63387,0.579562,0.559654,4.05686
3082,1.541,4,2,4,0,0,0,0,0,0,33.2436,-28.646,-37.9144,6.66861,21.2341,22.308,0,0,0,0,0,0,2.94794,-0.332554,-1.62263,0.574606,0.560934,4.07952
3083,1.5415,4,2,4,0,0,0,0,0,0,33.3349,-28.2567,-38.2587,6.76235,21.4735,22.5643,0,0,0,0,0,0,2.96684,-0.286084,-1.61581,0.573237,0.562411,4.11567
3084,1.542,4,2,4,0,0,0,0,0,0,33.4225,-27.861,-38.5946,6.85578,21.7104,22.8267,0,0,0,0,0,0,2.98897,-0.242129,-1.62072,0.57974,0.56733,4.15119
3085,1.5425,4,2,4,0,0,0,0,0,0,33.5043,-27.462,-38.909,6.94296,21.9407,23.0926,0,0,0,0,0,0,3.00291,-0.188669,-1.62974,0.588456,0.574377,4.17267
3086,1.543,4,2,4,0,0,0,0,0,0,33.5785,-27.0603,-39.2018,7.02516,22.1633,23.3585,0,0,0,0,0,0,3.01789,-0.129093,-1.64587,0.601421,0.582223,4.20214
3087,1.5435,4,2,4,0,0,0,0,0,0,33.6506,-26.6536,-39.4823,7.10843,22.3794,23.6267,0,0,0,0,0,0,3.04359,-0.0665345,-1.6673,0.614843,0.592346,4.24669
3088,1.544,4,2,4,0,0,0,0,0,0,33.7148,-26.2382,-39.7504,7.19202,22.5908,23.8907,0,0,0,0,0,0,3.05879,-0.00686646,-1.68917,0.626073,0.607202,4.2682
3089,1.5445,4,2,4,0,0,0,0,0,0,33.7687,-25.8143,-40.0047,7.27217,22.801,24.1462,0,0,0,0,0,0,3.04689,0.0611176,-1.698,0.633967,0.617571,4.27117
3090,1.545,4,2,4,0,0,0,0,0,0,33.8238,-25.3894,-40.2456,7.34669,23.0102,24.4089,0,0,0,0,0,0,3.04129,0.126757,-1.70244,0.639069,0.625679,4.28536
3091,1.5455,4,2,4,0,0,0,0,0,0,33.8954,-24.9703,-40.4851,7.42133,23.2186,24.6871,0,0,0,0,0,0,3.0555,0.181956,-1.70304,0.643404,0.629468,4.30636
3092,1.546,4,2,4,0,0,0,0,0,0,33.9708,-24.5541,-40.7233,7.49649,23.4279,24.9643,0,0,0,0,0,0,3.08387,0.229865,-1.70119,0.649745,0.624103,4.34057
3093,1.5465,4,2,4,0,0,0,0,0,0,34.0454,-24.1417,-40.9566,7.57047,23.6388,25.2467,0,0,0,0,0,0,3.126,0.270835,-1.70408,0.65887,0.618424,4.39209
3094,1.547,4,2,4,0,0,0,0,0,0,34.1138,-23.7363,-41.1841,7.63927,23.8564,25.5325,0,0,0,0,0,0,3.16164,0.307767,-1.70976,0.66891,0.615307,4.43451
3095,1.5475,4,2,4,0,0,0,0,0,0,34.1758,-23.33,-41.4084,7.70526,24.0805,25.8211,0,0,0,0,0,0,3.19235,0.351602,-1.7146,0.675377,0.618675,4.47884
3096,1.548,4,2,4,0,0,0,0,0,0,34.2321,-22.9164,-41.638,7.77509,24.3099,26.1025,0,0,0,0,0,0,3.21736,0.402304,-1.71563,0.676383,0.625762,4.51239
3097,1.5485,4,2,4,0,0,0,0,0,0,34.2894,-22.5002,-41.878,7.85323,24.5418,26.3766,0,0,0,0,0,0,3.22462,0.453305,-1.71129,0.671628,0.639027,4.52313
3098,1.549,4,2,4,0,0,0,0,0,0,34.3567,-22.0868,-42.1286,7.94061,24.7742,26.6582,0,0,0,0,0,0,3.22824,0.504664,-1.70949,0.672528,0.647607,4.52755
3099,1.5495,4,2,4,0,0,0,0,0,0,34.4275,-21.6683,-42.3816,8.03472,25.0028,26.9495,0,0,0,0,0,0,3.23957,0.559114,-1.71668,0.68386,0.651736,4.54301
3100,1.55,4,2,4,0,0,0,0,0,0,34.4976,-21.2416,-42.6358,8.13433,25.2273,27.244,0,0,0,0,0,0,3.25291,0.616829,-1.72186,0.69397,0.653191,4.56832
3101,1.5505,4,2,4,0,0,0,0,0,0,34.5699,-20.811,-42.888,8.23856,25.4444,27.549,0,0,0,0,0,0,3.27232,0.670605,-1.72541,0.700357,0.658221,4.61214
3102,1.551,4,2,4,0,0,0,0,0,0,34.6402,-20.3827,-43.1349,8.34124,25.6603,27.8578,0,0,0,0,0,0,3.29728,0.718565,-1.73213,0.709811,0.662702,4.6615
3103,1.5515,4,2,4,0,0,0,0,0,0,34.7054,-19.9535,-43.3727,8.43744,25.8795,28.1652,0,0,0,0,0,0,3.31777,0.769697,-1.73876,0.726152,0.656915,4.70691
3104,1.552,4,2,4,0,0,0,0,0,0,34.7681,-19.52,-43.5945,8.52377,26.0979,28.4756,0,0,0,0,0,0,3.32337,0.828056,-1.73613,0.738337,0.650666,4.7433
3105,1.5525,4,2,4,0,0,0,0,0,0,34.8309,-19.083,-43.806,8.60407,26.3145,28.7897,0,0,0,0,0,0,3.32821,0.890663,-1.72602,0.74172,0.649463,4.76748
3106,1.553,4,2,4,0,0,0,0,0,0,34.897,-18.6422,-44.0051,8.67729,26.5273,29.112,0,0,0,0,0,0,3.33538,0.945419,-1.72261,0.742657,0.657685,4.78327
3107,1.5535,4,2,4,0,0,0,0,0,0,34.9629,-18.2001,-44.1936,8.74507,26.7381,29.4346,0,0,0,0,0,0,3.33153,0.998403,-1.72324,0.741028,0.672957,4.7765
3108,1.554,4,2,4,0,0,0,0,0,0,35.0245,-17.7601,-44.3739,8.80937,26.9486,29.7512,0,0,0,0,0,0,3.3476,1.04521,-1.7335,0.750029,0.684733,4.79854
3109,1.5545,4,2,4,0,0,0,0,0,0,35.0908,-17.326,-44.5521,8.87678,27.158,30.0752,0,0,0,0,0,0,3.37499,1.09327,-1.75106,0.764622,0.69608,4.8318
3110,1.555,4,2,4,0,0,0,0,0,0,35.1572,-16.899,-44.7276,8.9491,27.3646,30.4067,0,0,0,0,0,0,3.415,1.14223,-1.76706,0.780093,0.700148,4.8888
3111,1.5555,4,2,4,0,0,0,0,0,0,35.2102,-16.4729,-44.8942,9.01816,27.5753,30.7289,0,0,0,0,0,0,3.45102,1.19356,-1.77007,0.791557,0.69554,4.95153
3112,1.556,4,2,4,0,0,0,0,0,0,35.249,-16.0433,-45.0515,9.08364,27.7893,31.0377,0,0,0,0,0,0,3.47035,1.25189,-1.76522,0.799792,0.685675,4.99326
3113,1.5565,4,2,4,0,0,0,0,0,0,35.2974,-15.6135,-45.2146,9.15703,28.0027,31.3576,0,0,0,0,0,0,3.4791,1.31266,-1.75636,0.805039,0.679182,5.0254
3114,1.557,4,2,4,0,0,0,0,0,0,35.3683,-15.1938,-45.3933,9.2408,28.2192,31.703,0,0,0,0,0,0,3.48512,1.36397,-1.74074,0.803164,0.677178,5.04916
3115,1.5575,4,2,4,0,0,0,0,0,0,35.4413,-14.7684,-45.5808,9.33153,28.4381,32.0525,0,0,0,0,0,0,3.48835,1.41006,-1.72546,0.798457,0.680017,5.06975
3116,1.558,4,2,4,0,0,0,0,0,0,35.5008,-14.33,-45.7653,9.42217,28.6572,32.3948,0,0,0,0,0,0,3.48179,1.45212,-1.71726,0.799442,0.685768,5.07529
3117,1.5585,4,2,4,0,0,0,0,0,0,35.5516,-13.8785,-45.9423,9.51363,28.8684,32.7346,0,0,0,0,0,0,3.48298,1.50049,-1.70378,0.798155,0.688493,5.08963
3118,1.559,4,2,4,0,0,0,0,0,0,35.6048,-13.4239,-46.1111,9.60612,29.0692,33.0843,0,0,0,0,0,0,3.48723,1.55805,-1.69508,0.805458,0.684408,5.11196
3119,1.5595,4,2,4,0,0,0,0,0,0,35.6516,-12.9684,-46.266,9.68924,29.2701,33.428,0,0,0,0,0,0,3.51148,1.60866,-1.69958,0.822189,0.680535,5.15505
3120,1.56,4,2,4,0,0,0,0,0,0,35.6894,-12.5153,-46.404,9.75584,29.4784,33.7581,0,0,0,0,0,0,3.53001,1.65679,-1.71174,0.837516,0.689411,5.19333
3121,1.5605,4,2,4,0,0,0,0,0,0,35.7357,-12.0661,-46.5331,9.81398,29.6905,34.0993,0,0,0,0,0,0,3.53897,1.70493,-1.71943,0.84675,0.69896,5.21987
3122,1.561,4,2,4,0,0,0,0,0,0,35.8018,-11.6183,-46.6657,9.87858,29.898,34.4693,0,0,0,0,0,0,3.55014,1.76261,-1.72978,0.859854,0.706191,5.25607
3123,1.5615,4,2,4,0,0,0,0,0,0,35.8705,-11.1722,-46.79,9.94063,30.1011,34.8503,0,0,0,0,0,0,3.56578,1.81455,-1.73808,0.87205,0.713065,5.29692
3124,1.562,4,2,4,0,0,0,0,0,0,35.9342,-10.7308,-46.8976,9.99358,30.2978,35.2304,0,0,0,0,0,0,3.57465,1.86801,-1.73653,0.877824,0.716841,5.32801
3125,1.5625,4,2,4,0,0,0,0,0,0,35.9911,-10.2911,-46.9953,10.0445,30.4883,35.6035,0,0,0,0,0,0,3.58377,1.92385,-1.72862,0.882169,0.715876,5.35493
3126,1.563,4,2,4,0,0,0,0,0,0,36.0433,-9.85062,-47.09,10.0991,30.675,35.9719,0,0,0,0,0,0,3.6051,1.97695,-1.71525,0.884388,0.707205,5.39368
3127,1.5635,4,2,4,0,0,0,0,0,0,36.0869,-9.4098,-47.1851,10.1558,30.8669,36.3333,0,0,0,0,0,0,3.61737,2.03106,-1.7052,0.892007,0.697753,5.42904
3128,1.564,4,2,4,0,0,0,0,0,0,36.1144,-8.96423,-47.2813,10.2148,31.068,36.6794,0,0,0,0,0,0,3.63342,2.08464,-1.69098,0.894948,0.690253,5.47179
3129,1.5645,4,2,4,0,0,0,0,0,0,36.1373,-8.52001,-47.3771,10.2747,31.2729,37.0282,0,0,0,0,0,0,3.64647,2.13711,-1.67597,0.896594,0.683398,5.51186
3130,1.565,4,2,4,0,0,0,0,0,0,36.18,-8.08011,-47.477,10.3392,31.475,37.4006,0,0,0,0,0,0,3.65199,2.18811,-1.66062,0.893312,0.683105,5.54493
3131,1.5655,4,2,4,0,0,0,0,0,0,36.2312,-7.63777,-47.5758,10.407,31.6699,37.785,0,0,0,0,0,0,3.65764,2.23381,-1.64549,0.890516,0.681848,5.577
3132,1.566,4,2,4,0,0,0,0,0,0,36.2852,-7.19599,-47.6667,10.4737,31.8543,38.1864,0,0,0,0,0,0,3.64946,2.28024,-1.63329,0.892421,0.681712,5.59452
3133,1.5665,4,2,4,0,0,0,0,0,0,36.3308,-6.74955,-47.7477,10.531,32.039,38.5789,0,0,0,0,0,0,3.64531,2.32687,-1.63359,0.903149,0.685819,5.60345
3134,1.567,4,2,4,0,0,0,0,0,0,36.3755,-6.29866,-47.8243,10.5821,32.2262,38.9659,0,0,0,0,0,0,3.64545,2.37483,-1.64434,0.91707,0.697028,5.61398
3135,1.5675,4,2,4,0,0,0,0,0,0,36.4212,-5.84092,-47.9006,10.6325,32.4156,39.3525,0,0,0,0,0,0,3.64961,2.42415,-1.65171,0.928661,0.70799,5.62823
3136,1.568,4,2,4,0,0,0,0,0,0,36.4543,-5.37832,-47.9675,10.6752,32.6092,39.7276,0,0,0,0,0,0,3.66724,2.46551,-1.6603,0.945022,0.711954,5.66071
3137,1.5685,4,2,4,0,0,0,0,0,0,36.4832,-4.9194,-48.0218,10.709,32.8018,40.1014,0,0,0,0,0,0,3.68495,2.5116,-1.6598,0.955227,0.714727,5.69943
3138,1.569,4,2,4,0,0,0,0,0,0,36.5242,-4.46639,-48.0654,10.7389,32.9859,40.4913,0,0,0,0,0,0,3.70765,2.56304,-1.65765,0.963978,0.715415,5.75022
3139,1.5695,4,2,4,0,0,0,0,0,0,36.5688,-4.02118,-48.0944,10.7628,33.1612,40.8908,0,0,0,0,0,0,3.73392,2.60584,-1.64658,0.966675,0.711135,5.80278
3140,1.57,4,2,4,0,0,0,0,0,0,36.6191,-3.58787,-48.1205,10.7906,33.3292,41.3108,0,0,0,0,0,0,3.74841,2.66099,-1.62854,0.967976,0.697515,5.85272
3141,1.5705,4,2,4,0,0,0,0,0,0,36.6664,-3.16039,-48.1513,10.826,33.4977,41.7372,0,0,0,0,0,0,3.74906,2.71517,-1.61394,0.972714,0.684722,5.88176
3142,1.571,4,2,4,0,0,0,0,0,0,36.7024,-2.72599,-48.1821,10.8627,33.6701,42.1489,0,0,0,0,0,0,3.73936,2.76795,-1.58909,0.966487,0.676854,5.89975
3143,1.5715,4,2,4,0,0,0,0,0,0,36.7275,-2.28205,-48.2098,10.8989,33.8435,42.5475,0,0,0,0,0,0,3.72819,2.82258,-1.56958,0.963054,0.673421,5.92247
3144,1.572,4,2,4,0,0,0,0,0,0,36.7472,-1.83419,-48.2353,10.9354,34.0162,42.9372,0,0,0,0,0,0,3.73066,2.87474,-1.56124,0.968248,0.670358,5.95373
3145,1.5725,4,2,4,0,0,0,0,0,0,36.7673,-1.38615,-48.2601,10.975,34.1837,43.3264,0,0,0,0,0,0,3.75011,2.91879,-1.55488,0.975925,0.668208,6.00503
3146,1.573,4,2,4,0,0,0,0,0,0,36.7834,-0.932205,-48.2727,11.007,34.3458,43.7165,0,0,0,0,0,0,3.75716,2.96836,-1.53946,0.978595,0.66264,6.04389
3147,1.5735,4,2,4,0,0,0,0,0,0,36.8003,-0.478407,-48.2736,11.0264,34.5084,44.1143,0,0,0,0,0,0,3.75792,3.0118,-1.52216,0.977257,0.662203,6.07577
3148,1.574,4,2,4,0,0,0,0,0,0,36.824,-0.0311487,-48.2695,11.0386,34.6722,44.5276,0,0,0,0,0,0,3.75983,3.05316,-1.51317,0.979437,0.666195,6.0961
3149,1.5745,4,2,4,0,0,0,0,0,0,36.8636,0.406809,-48.2681,11.0522,34.8336,44.9674,0,0,0,0,0,0,3.74813,3.09905,-1.52001,0.994637,0.67613,6.1023
3150,1.575,4,2,4,0,0,0,0,0,0,36.9067,0.847443,-48.2655,11.0619,34.9984,45.4052,0,0,0,0,0,0,3.74848,3.15146,-1.52183,1.00517,0.68454,6.11911
3151,1.5755,4,2,4,0,0,0,0,0,0,36.9518,1.28591,-48.2594,11.0658,35.1648,45.8356,0,0,0,0,0,0,3.75411,3.19549,-1.52765,1.01887,0.688813,6.1384
3152,1.576,4,2,4,0,0,0,0,0,0,37.0026,1.7205,-48.2483,11.0659,35.3281,46.2643,0,0,0,0,0,0,3.79318,3.22983,-1.53238,1.03324,0.684049,6.19318
3153,1.5765,4,2,4,0,0,0,0,0,0,37.0387,2.15748,-48.2239,11.0598,35.4856,46.682,0,0,0,0,0,0,3.80904,3.26311,-1.52488,1.03765,0.67569,6.22875
3154,1.577,4,2,4,0,0,0,0,0,0,37.0539,2.60071,-48.1874,11.0526,35.6356,47.0909,0,0,0,0,0,0,3.83573,3.30968,-1.51282,1.0423,0.667666,6.2829
3155,1.5775,4,2,4,0,0,0,0,0,0,37.058,3.04104,-48.1435,11.0461,35.7794,47.5059,0,0,0,0,0,0,3.84736,3.36806,-1.49259,1.042,0.658149,6.32447
3156,1.578,4,2,4,0,0,0,0,0,0,37.0622,3.47206,-48.0973,11.0391,35.9228,47.9315,0,0,0,0,0,0,3.83539,3.41928,-1.46305,1.03318,0.649019,6.34782
3157,1.5785,4,2,4,0,0,0,0,0,0,37.073,3.89776,-48.0531,11.0379,36.0636,48.3713,0,0,0,0,0,0,3.82046,3.46361,-1.43427,1.02394,0.641866,6.36691
3158,1.579,4,2,4,0,0,0,0,0,0,37.0859,4.33178,-48.0122,11.0455,36.2007,48.8114,0,0,0,0,0,0,3.79107,3.51561,-1.41514,1.02183,0.642942,6.38339
3159,1.5795,4,2,4,0,0,0,0,0,0,37.1009,4.76693,-47.9717,11.0537,36.3368,49.2459,0,0,0,0,0,0,3.76801,3.57026,-1.40816,1.03235,0.642151,6.40277
3160,1.58,4,2,4,0,0,0,0,0,0,37.1195,5.19881,-47.9265,11.055,36.4728,49.673,0,0,0,0,0,0,3.77311,3.60869,-1.39642,1.03513,0.636812,6.45302
3161,1.5805,4,2,4,0,0,0,0,0,0,37.1469,5.63015,-47.876,11.0497,36.6049,50.1055,0,0,0,0,0,0,3.78723,3.64715,-1.38268,1.03918,0.62516,6.49881
3162,1.581,4,2,4,0,0,0,0,0,0,37.1657,6.06991,-47.8111,11.03,36.7367,50.5312,0,0,0,0,0,0,3.80042,3.69113,-1.37246,1.04316,0.621521,6.53427
3163,1.5815,4,2,4,0,0,0,0,0,0,37.1828,6.50977,-47.7348,11.0008,36.8627,50.9723,0,0,0,0,0,0,3.80507,3.74049,-1.36182,1.04429,0.626778,6.55917
3164,1.582,4,2,4,0,0,0,0,0,0,37.1974,6.94382,-47.6469,10.962,36.9837,51.4267,0,0,0,0,0,0,3.80307,3.78967,-1.35083,1.04524,0.629645,6.58129
3165,1.5825,4,2,4,0,0,0,0,0,0,37.2114,7.37031,-47.5529,10.9174,37.1029,51.8798,0,0,0,0,0,0,3.80741,3.83674,-1.33764,1.048,0.626116,6.61024
3166,1.583,4,2,4,0,0,0,0,0,0,37.2283,7.79539,-47.4574,10.8716,37.223,52.3281,0,0,0,0,0,0,3.80838,3.87323,-1.32808,1.05715,0.61647,6.62951
3167,1.5835,4,2,4,0,0,0,0,0,0,37.2469,8.21575,-47.3613,10.825,37.3438,52.7754,0,0,0,0,0,0,3.82759,3.91076,-1.3193,1.06569,0.608095,6.67406
3168,1.584,4,2,4,0,0,0,0,0,0,37.2634,8.63119,-47.2649,10.7798,37.4629,53.2227,0,0,0,0,0,0,3.84227,3.94559,-1.30948,1.07561,0.593114,6.7247
3169,1.5845,4,2,4,0,0,0,0,0,0,37.2714,9.05034,-47.1623,10.7331,37.5787,53.6646,0,0,0,0,0,0,3.85001,3.98388,-1.29103,1.07676,0.578686,6.77576
3170,1.585,4,2,4,0,0,0,0,0,0,37.2631,9.47266,-47.0467,10.6785,37.6902,54.0976,0,0,0,0,0,0,3.8453,4.02659,-1.26756,1.0745,0.568103,6.80292
3171,1.5855,4,2,4,0,0,0,0,0,0,37.2576,9.89047,-46.9308,10.63,37.7928,54.5499,0,0,0,0,0,0,3.84383,4.07399,-1.25032,1.07311,0.569025,6.83412
3172,1.586,4,2,4,0,0,0,0,0,0,37.2616,10.3022,-46.8198,10.5904,37.8879,55.0189,0,0,0,0,0,0,3.82245,4.12801,-1.23612,1.07599,0.570207,6.85027
3173,1.5865,4,2,4,0,0,0,0,0,0,37.2646,10.713,-46.7126,10.5539,37.9835,55.4763,0,0,0,0,0,0,3.80605,4.17926,-1.2197,1.07377,0.572331,6.87164
3174,1.587,4,2,4,0,0,0,0,0,0,37.2622,11.1288,-46.6033,10.512,38.0828,55.9161,0,0,0,0,0,0,3.80107,4.22072,-1.21047,1.0796,0.570589,6.89847
3175,1.5875,4,2,4,0,0,0,0,0,0,37.2644,11.5465,-46.4888,10.4623,38.1827,56.3566,0,0,0,0,0,0,3.81453,4.25154,-1.20619,1.08987,0.566983,6.94366
3176,1.588,4,2,4,0,0,0,0,0,0,37.2769,11.9677,-46.3671,10.4061,38.2776,56.8083,0,0,0,0,0,0,3.80971,4.28348,-1.19504,1.09359,0.560474,6.97214
3177,1.5885,4,2,4,0,0,0,0,0,0,37.292,12.385,-46.2354,10.3407,38.3656,57.2667,0,0,0,0,0,0,3.8179,4.33306,-1.17768,1.08951,0.558761,7.01004
3178,1.589,4,2,4,0,0,0,0,0,0,37.3086,12.7954,-46.0962,10.2684,38.4473,57.7373,0,0,0,0,0,0,3.82811,4.37301,-1.16962,1.09449,0.552891,7.05308
3179,1.5895,4,2,4,0,0,0,0,0,0,37.3177,13.1992,-45.95,10.1895,38.5265,58.2129,0,0,0,0,0,0,3.82073,4.41595,-1.14816,1.09103,0.543229,7.07448
3180,1.59,4,2,4,0,0,0,0,0,0,37.3176,13.6041,-45.797,10.1057,38.6052,58.6853,0,0,0,0,0,0,3.80409,4.45669,-1.11834,1.0806,0.532029,7.08083
3181,1.5905,4,2,4,0,0,0,0,0,0,37.3125,14.0096,-45.6451,10.0241,38.6839,59.1512,0,0,0,0,0,0,3.80523,4.49876,-1.09312,1.07677,0.516559,7.11727
3182,1.591,4,2,4,0,0,0,0,0,0,37.29,14.4171,-45.4886,9.94132,38.7611,59.5952,0,0,0,0,0,0,3.8171,4.53208,-1.06906,1.07699,0.497768,7.16954
3183,1.5915,4,2,4,0,0,0,0,0,0,37.2603,14.8229,-45.3243,9.85524,38.8328,60.0321,0,0,0,0,0,0,3.81366,4.56051,-1.04246,1.07266,0.482579,7.20489
3184,1.592,4,2,4,0,0,0,0,0,0,37.2292,15.2238,-45.1482,9.76171,38.8966,60.4715,0,0,0,0,0,0,3.79112,4.60022,-1.02384,1.0712,0.481508,7.21273
3185,1.5925,4,2,4,0,0,0,0,0,0,37.2162,15.6149,-44.9647,9.66486,38.9477,60.9366,0,0,0,0,0,0,3.77473,4.64316,-1.00738,1.07271,0.479051,7.23317
3186,1.593,4,2,4,0,0,0,0,0,0,37.2206,15.999,-44.7825,9.57185,38.9893,61.4247,0,0,0,0,0,0,3.76358,4.68141,-0.995936,1.0822,0.469541,7.26621
3187,1.5935,4,2,4,0,0,0,0,0,0,37.2158,16.3864,-44.5957,9.47252,39.0314,61.8969,0,0,0,0,0,0,3.75504,4.72706,-0.979769,1.0823,0.46718,7.29986
3188,1.594,4,2,4,0,0,0,0,0,0,37.2049,16.7774,-44.4065,9.36627,39.0762,62.3617,0,0,0,0,0,0,3.7453,4.76855,-0.974869,1.09476,0.463058,7.32789
3189,1.5945,4,2,4,0,0,0,0,0,0,37.1941,17.1698,-44.2178,9.25356,39.1262,62.8266,0,0,0,0,0,0,3.76892,4.81268,-0.971661,1.10755,0.459092,7.3907
3190,1.595,4,2,4,0,0,0,0,0,0,37.1905,17.5676,-44.0295,9.13719,39.179,63.2981,0,0,0,0,0,0,3.78463,4.85741,-0.973067,1.1209,0.458213,7.4454
3191,1.5955,4,2,4,0,0,0,0,0,0,37.1934,17.9655,-43.8438,9.02087,39.2334,63.7792,0,0,0,0,0,0,3.79509,4.90291,-0.96125,1.12141,0.456596,7.48282
3192,1.596,4,2,4,0,0,0,0,0,0,37.2019,18.3535,-43.6637,8.91274,39.2815,64.28,0,0,0,0,0,0,3.79185,4.92886,-0.947761,1.12561,0.445237,7.51238
3193,1.5965,4,2,4,0,0,0,0,0,0,37.1999,18.7386,-43.4794,8.8034,39.3265,64.7738,0,0,0,0,0,0,3.77862,4.95748,-0.917477,1.11438,0.433618,7.51773
3194,1.597,4,2,4,0,0,0,0,0,0,37.187,19.1234,-43.2921,8.69438,39.3681,65.2544,0,0,0,0,0,0,3.78353,4.98861,-0.891512,1.1091,0.413765,7.55687
3195,1.5975,4,2,4,0,0,0,0,0,0,37.1775,19.5069,-43.1037,8.58962,39.4003,65.7435,0,0,0,0,0,0,3.80415,5.02174,-0.878711,1.12152,0.389851,7.62683
3196,1.598,4,2,4,0,0,0,0,0,0,37.1493,19.8922,-42.9027,8.47859,39.4267,66.2139,0,0,0,0,0,0,3.79404,5.05666,-0.85938,1.12691,0.371261,7.66765
3197,1.5985,4,2,4,0,0,0,0,0,0,37.0913,20.2751,-42.6825,8.35289,39.4474,66.6545,0,0,0,0,0,0,3.76704,5.1043,-0.827174,1.1151,0.367292,7.68583
3198,1.599,4,2,4,0,0,0,0,0,0,37.0249,20.6543,-42.4534,8.22353,39.4589,67.0928,0,0,0,0,0,0,3.71691,5.13569,-0.798269,1.10393,0.365511,7.67914
3199,1.5995,4,2,4,0,0,0,0,0,0,36.9749,21.0225,-42.2257,8.09499,39.462,67.5525,0,0,0,0,0,0,3.69819,5.17343,-0.77822,1.10086,0.36159,7.70155
3200,1.6,4,2,4,0,0,0,0,0,0,36.9548,21.3908,-42.0022,7.96528,39.461,68.031,0,0,0,0,0,0,3.68908,5.2068,-0.76324,1.10131,0.355418,7.72789
3201,1.6005,4,2,4,0,0,0,0,0,0,36.9581,21.7627,-41.7823,7.83463,39.4565,68.5182,0,0,0,0,0,0,3.6998,5.24158,-0.7566,1.10748,0.348858,7.78163
3202,1.601,4,2,4,0,0,0,0,0,0,36.9622,22.1375,-41.5531,7.69299,39.449,69.0046,0,0,0,0,0,0,3.71074,5.28751,-0.744901,1.11205,0.344023,7.84027
3203,1.6015,4,2,4,0,0,0,0,0,0,36.945,22.5146,-41.3075,7.53364,39.442,69.4761,0,0,0,0,0,0,3.70598,5.32835,-0.728938,1.11275,0.335741,7.86982
3204,1.602,4,2,4,0,0,0,0,0,0,36.906,22.8906,-41.054,7.36661,39.4369,69.9356,0,0,0,0,0,0,3.70885,5.36825,-0.70818,1.11074,0.320949,7.90966
3205,1.6025,4,2,4,0,0,0,0,0,0,36.8776,23.2552,-40.8079,7.20885,39.4261,70.427,0,0,0,0,0,0,3.68686,5.39701,-0.683477,1.10737,0.304503,7.92205
3206,1.603,4,2,4,0,0,0,0,0,0,36.8552,23.6117,-40.5681,7.05635,39.414,70.9316,0,0,0,0,0,0,3.69604,5.43114,-0.663083,1.11138,0.280168,7.97298
3207,1.6035,4,2,4,0,0,0,0,0,0,36.8192,23.968,-40.3237,6.8982,39.4032,71.4148,0,0,0,0,0,0,3.69711,5.47051,-0.641543,1.11377,0.262123,8.02137
3208,1.604,4,2,4,0,0,0,0,0,0,36.7726,24.3276,-40.0723,6.73681,39.3877,71.8812,0,0,0,0,0,0,3.69229,5.4965,-0.621352,1.11344,0.246523,8.06501
3209,1.6045,4,2,4,0,0,0,0,0,0,36.7218,24.6889,-39.8117,6.57038,39.3634,72.3385,0,0,0,0,0,0,3.68655,5.53543,-0.597518,1.11025,0.234102,8.09878
3210,1.605,4,2,4,0,0,0,0,0,0,36.6658,25.0469,-39.5419,6.39909,39.3291,72.7887,0,0,0,0,0,0,3.65952,5.57246,-0.571389,1.10572,0.226831,8.10319
3211,1.6055,4,2,4,0,0,0,0,0,0,36.6156,25.3934,-39.2682,6.22762,39.2824,73.2538,0,0,0,0,0,0,3.62965,5.58355,-0.546209,1.09891,0.218289,8.10444
3212,1.606,4,2,4,0,0,0,0,0,0,36.5703,25.7312,-38.9959,6.05881,39.2286,73.7271,0,0,0,0,0,0,3.60805,5.60784,-0.528094,1.10312,0.208121,8.12651
3213,1.6065,4,2,4,0,0,0,0,0,0,36.5253,26.073,-38.7261,5.88932,39.1773,74.1959,0,0,0,0,0,0,3.57622,5.6381,-0.51189,1.10658,0.20286,8.13994
3214,1.607,4,2,4,0,0,0,0,0,0,36.4921,26.4213,-38.4662,5.72557,39.1292,74.678,0,0,0,0,0,0,3.57484,5.66964,-0.507836,1.1227,0.192193,8.19448
3215,1.6075,4,2,4,0,0,0,0,0,0,36.4729,26.7731,-38.2156,5.56615,39.0841,75.1784,0,0,0,0,0,0,3.60581,5.7134,-0.503786,1.13942,0.17799,8.28186
3216,1.608,4,2,4,0,0,0,0,0,0,36.4587,27.1257,-37.969,5.40803,39.04,75.6822,0,0,0,0,0,0,3.63022,5.75779,-0.497264,1.15738,0.160541,8.35523
3217,1.6085,4,2,4,0,0,0,0,0,0,36.4399,27.4719,-37.7201,5.24492,38.9947,76.1839,0,0,0,0,0,0,3.6348,5.79177,-0.482267,1.16184,0.146078,8.39873
3218,1.609,4,2,4,0,0,0,0,0,0,36.4163,27.8133,-37.4659,5.07719,38.9448,76.6859,0,0,0,0,0,0,3.62965,5.82125,-0.455443,1.15458,0.128604,8.42536
3219,1.6095,4,2,4,0,0,0,0,0,0,36.3764,28.1531,-37.199,4.89952,38.8884,77.1683,0,0,0,0,0,0,3.63829,5.84869,-0.430356,1.14931,0.106466,8.47344
3220,1.61,4,2,4,0,0,0,0,0,0,36.3129,28.4906,-36.9152,4.70973,38.8245,77.6263,0,0,0,0,0,0,3.62653,5.87804,-0.409355,1.15117,0.089512,8.50882
3221,1.6105,4,2,4,0,0,0,0,0,0,36.2331,28.8264,-36.6227,4.5174,38.7528,78.0668,0,0,0,0,0,0,3.58654,5.91157,-0.375894,1.13651,0.0799121,8.51243
3222,1.611,4,2,4,0,0,0,0,0,0,36.1533,29.1575,-36.3266,4.32582,38.6711,78.5089,0,0,0,0,0,0,3.55848,5.94106,-0.347324,1.12486,0.0684243,8.53234
3223,1.6115,4,2,4,0,0,0,0,0,0,36.0874,29.4807,-36.0329,4.13993,38.578,78.9668,0,0,0,0,0,0,3.53393,5.96133,-0.332807,1.12929,0.0569983,8.56321
3224,1.612,4,2,4,0,0,0,0,0,0,36.0325,29.8021,-35.7402,3.95487,38.4804,79.4365,0,0,0,0,0,0,3.51518,5.98798,-0.316379,1.13145,0.0504037,8.58079
3225,1.6125,4,2,4,0,0,0,0,0,0,35.9791,30.1238,-35.4473,3.76358,38.3866,79.904,0,0,0,0,0,0,3.50783,6.02126,-0.302716,1.13658,0.0420487,8.62244
3226,1.613,4,2,4,0,0,0,0,0,0,35.9232,30.4499,-35.1535,3.56506,38.2975,80.3617,0,0,0,0,0,0,3.50139,6.05648,-0.292976,1.14606,0.0355599,8.66446
3227,1.6135,4,2,4,0,0,0,0,0,0,35.866,30.7775,-34.856,3.35861,38.2078,80.8153,0,0,0,0,0,0,3.49015,6.08546,-0.273119,1.14347,0.0241084,8.69113
3228,1.614,4,2,4,0,0,0,0,0,0,35.8161,31.1063,-34.5581,3.15262,38.1119,81.282,0,0,0,0,0,0,3.48443,6.12082,-0.246748,1.13388,0.0101851,8.7226
3229,1.6145,4,2,4,0,0,0,0,0,0,35.7737,31.4274,-34.2663,2.9579,38.007,81.7713,0,0,0,0,0,0,3.48721,6.14568,-0.224142,1.13451,-0.0167211,8.77052
3230,1.615,4,2,4,0,0,0,0,0,0,35.7192,31.738,-33.9693,2.75832,37.8986,82.2527,0,0,0,0,0,0,3.47272,6.16498,-0.201747,1.13749,-0.0423639,8.80089
3231,1.6155,4,2,4,0,0,0,0,0,0,35.6432,32.0442,-33.661,2.54825,37.7873,82.7025,0,0,0,0,0,0,3.45773,6.18701,-0.171912,1.12834,-0.0627336,8.83052
3232,1.616,4,2,4,0,0,0,0,0,0,35.5558,32.3512,-33.3427,2.32964,37.6706,83.1329,0,0,0,0,0,0,3.4457,6.21582,-0.145669,1.12278,-0.079102,8.8719
3233,1.6165,4,2,4,0,0,0,0,0,0,35.4735,32.6616,-33.0176,2.10896,37.5423,83.5684,0,0,0,0,0,0,3.41051,6.24908,-0.122994,1.12206,-0.0889455,8.88212
3234,1.617,4,2,4,0,0,0,0,0,0,35.4052,32.9667,-32.692,1.89287,37.3997,84.0286,0,0,0,0,0,0,3.3902,6.278,-0.104175,1.12626,-0.101665,8.90347
3235,1.6175,4,2,4,0,0,0,0,0,0,35.3444,33.2599,-32.3676,1.67734,37.2506,84.5062,0,0,0,0,0,0,3.38581,6.30715,-0.0856854,1.13153,-0.119418,8.95217
3236,1.618,4,2,4,0,0,0,0,0,0,35.2941,33.5547,-32.0506,1.46173,37.1084,84.9919,0,0,0,0,0,0,3.37899,6.32545,-0.0706183,1.13704,-0.136237,8.99084
3237,1.6185,4,2,4,0,0,0,0,0,0,35.2462,33.8547,-31.7428,1.24637,36.9787,85.4689,0,0,0,0,0,0,3.3799,6.35235,-0.0695502,1.16148,-0.149709,9.04047
3238,1.619,4,2,4,0,0,0,0,0,0,35.1835,34.1572,-31.442,1.03345,36.8591,85.9232,0,0,0,0,0,0,3.37366,6.37238,-0.0502432,1.16125,-0.165955,9.0785
3239,1.6195,4,2,4,0,0,0,0,0,0,35.1103,34.4628,-31.1432,0.824456,36.7392,86.3668,0,0,0,0,0,0,3.37449,6.39543,-0.035434,1.16816,-0.184608,9.12417
3240,1.62,4,2,4,0,0,0,0,0,0,35.0481,34.7668,-30.8487,0.628736,36.6041,86.8315,0,0,0,0,0,0,3.37041,6.42093,-0.0243759,1.18077,-0.204895,9.16978
3241,1.6205,4,2,4,0,0,0,0,0,0,34.987,35.0666,-30.5496,0.434691,36.4541,87.3008,0,0,0,0,0,0,3.36049,6.44345,-0.00625974,1.18664,-0.226421,9.21072
3242,1.621,4,2,4,0,0,0,0,0,0,34.9092,35.362,-30.2332,0.226813,36.2937,87.7467,0,0,0,0,0,0,3.35924,6.47072,0.004772,1.20079,-0.246317,9.26171
3243,1.6215,4,2,4,0,0,0,0,0,0,34.8129,35.6548,-29.9006,0.00442587,36.1244,88.1627,0,0,0,0,0,0,3.3459,6.50318,0.025331,1.20057,-0.260452,9.29328
3244,1.622,4,2,4,0,0,0,0,0,0,34.7063,35.9434,-29.5599,-0.225666,35.9492,88.5631,0,0,0,0,0,0,3.32496,6.52886,0.05588,1.1894,-0.280899,9.3168
3245,1.6225,4,2,4,0,0,0,0,0,0,34.6053,36.2273,-29.2211,-0.454044,35.7697,88.9748,0,0,0,0,0,0,3.30918,6.57211,0.0752401,1.19672,-0.297313,9.37022
3246,1.623,4,2,4,0,0,0,0,0,0,34.5179,36.5034,-28.8943,-0.668321,35.5876,89.4144,0,0,0,0,0,0,3.30534,6.5981,0.0911311,1.20747,-0.319128,9.42729
3247,1.6235,4,2,4,0,0,0,0,0,0,34.4397,36.7789,-28.5781,-0.872772,35.4092,89.8715,0,0,0,0,0,0,3.28665,6.61285,0.107414,1.21233,-0.33135,9.45525
3248,1.624,4,2,4,0,0,0,0,0,0,34.3573,37.0607,-28.2695,-1.0753,35.2429,90.3226,0,0,0,0,0,0,3.26049,6.62866,0.123033,1.21787,-0.343905,9.48076
3249,1.6245,4,2,4,0,0,0,0,0,0,34.2657,37.3462,-27.9644,-1.27888,35.0831,90.7628,0,0,0,0,0,0,3.24713,6.64859,0.139293,1.22431,-0.358855,9.5184
3250,1.625,4,2,4,0,0,0,0,0,0,34.1693,37.6295,-27.6602,-1.48386,34.9218,91.1977,0,0,0,0,0,0,3.22299,6.662,0.16419,1.22063,-0.377044,9.53397
3251,1.6255,4,2,4,0,0,0,0,0,0,34.0821,37.9052,-27.355,-1.68613,34.7463,91.646,0,0,0,0,0,0,3.21287,6.67139,0.18288,1.22869,-0.407979,9.56566
3252,1.626,4,2,4,0,0,0,0,0,0,34.0016,38.1756,-27.0417,-1.89254,34.5532,92.1006,0,0,0,0,0,0,3.20182,6.69434,0.197525,1.23869,-0.428123,9.6044
3253,1.6265,4,2,4,0,0,0,0,0,0,33.9182,38.4465,-26.7084,-2.11722,34.346,92.5466,0,0,0,0,0,0,3.19451,6.72056,0.211212,1.24788,-0.44535,9.64703
3254,1.627,4,2,4,0,0,0,0,0,0,33.8276,38.7227,-26.3586,-2.35602,34.1288,92.9748,0,0,0,0,0,0,3.1955,6.75733,0.234201,1.24966,-0.466761,9.69994
3255,1.6275,4,2,4,0,0,0,0,0,0,33.721,38.9942,-26.001,-2.60417,33.9091,93.38,0,0,0,0,0,0,3.18853,6.8022,0.248549,1.26504,-0.484292,9.75301
3256,1.628,4,2,4,0,0,0,0,0,0,33.6081,39.2593,-25.6524,-2.84518,33.6933,93.7814,0,0,0,0,0,0,3.15504,6.82865,0.271633,1.26527,-0.498452,9.76315
3257,1.6285,4,2,4,0,0,0,0,0,0,33.4981,39.5159,-25.3185,-3.0728,33.4823,94.1925,0,0,0,0,0,0,3.14822,6.85149,0.277196,1.29034,-0.51683,9.82406
3258,1.629,4,2,4,0,0,0,0,0,0,33.3906,39.772,-25.0001,-3.28987,33.2835,94.6098,0,0,0,0,0,0,3.12823,6.86292,0.295411,1.29815,-0.539235,9.85515
3259,1.6295,4,2,4,0,0,0,0,0,0,33.2778,40.0317,-24.6888,-3.50558,33.0957,95.0239,0,0,0,0,0,0,3.10247,6.87325,0.318417,1.29445,-0.557697,9.8721
3260,1.63,4,2,4,0,0,0,0,0,0,33.1639,40.2934,-24.377,-3.72198,32.9075,95.4444,0,0,0,0,0,0,3.0758,6.87641,0.347393,1.27944,-0.575806,9.88149
3261,1.6305,4,2,4,0,0,0,0,0,0,33.0415,40.5498,-24.058,-3.94267,32.7102,95.8513,0,0,0,0,0,0,3.04951,6.87266,0.367083,1.27173,-0.59128,9.88082
3262,1.631,4,2,4,0,0,0,0,0,0,32.9174,40.7997,-23.7336,-4.16078,32.4967,96.2545,0,0,0,0,0,0,3.04087,6.88485,0.376587,1.28492,-0.611012,9.91493
3263,1.6315,4,2,4,0,0,0,0,0,0,32.7908,41.046,-23.3945,-4.38758,32.266,96.6527,0,0,0,0,0,0,3.03606,6.91036,0.383735,1.30605,-0.627975,9.97775
3264,1.632,4,2,4,0,0,0,0,0,0,32.6584,41.2897,-23.0359,-4.6335,32.023,97.0349,0,0,0,0,0,0,3.00473,6.93951,0.403522,1.31135,-0.638705,9.999
3265,1.6325,4,2,4,0,0,0,0,0,0,32.5238,41.5364,-22.6733,-4.88178,31.7755,97.4036,0,0,0,0,0,0,2.9577,6.96948,0.435468,1.30466,-0.650731,10.0008
3266,1.633,4,2,4,0,0,0,0,0,0,32.4067,41.7914,-22.3185,-5.11762,31.5224,97.7879,0,0,0,0,0,0,2.95672,7.00033,0.450192,1.32247,-0.675403,10.0633
3267,1.6335,4,2,4,0,0,0,0,0,0,32.3081,42.0473,-21.9897,-5.32413,31.2722,98.2022,0,0,0,0,0,0,2.97319,7.03151,0.451365,1.35825,-0.704811,10.1526
3268,1.634,4,2,4,0,0,0,0,0,0,32.2159,42.295,-21.6844,-5.50692,31.0292,98.6265,0,0,0,0,0,0,2.96133,7.05202,0.466317,1.37297,-0.728145,10.2013
3269,1.6345,4,2,4,0,0,0,0,0,0,32.1135,42.5346,-21.3831,-5.6892,30.7918,99.044,0,0,0,0,0,0,2.91723,7.06553,0.5006,1.36019,-0.74655,10.1969
3270,1.635,4,2,4,0,0,0,0,0,0,31.982,42.7658,-21.068,-5.8934,30.5578,99.4259,0,0,0,0,0,0,2.89659,7.08962,0.522896,1.3678,-0.770087,10.2459
3271,1.6355,4,2,4,0,0,0,0,0,0,31.8264,42.9956,-20.7391,-6.11532,30.3217,99.7808,0,0,0,0,0,0,2.89442,7.10486,0.535626,1.38591,-0.79904,10.305
3272,1.636,4,2,4,0,0,0,0,0,0,31.6653,43.2206,-20.4013,-6.34523,30.0746,100.132,0,0,0,0,0,0,2.86329,7.10969,0.549028,1.38957,-0.810052,10.3096
3273,1.6365,4,2,4,0,0,0,0,0,0,31.501,43.4411,-20.057,-6.58042,29.8182,100.477,0,0,0,0,0,0,2.8219,7.12883,0.576674,1.38345,-0.825449,10.3146
3274,1.637,4,2,4,0,0,0,0,0,0,31.3574,43.6701,-19.7161,-6.80835,29.5562,100.853,0,0,0,0,0,0,2.79462,7.14727,0.592935,1.39813,-0.845326,10.3473
3275,1.6375,4,2,4,0,0,0,0,0,0,31.2284,43.9095,-19.3832,-7.02743,29.2965,101.25,0,0,0,0,0,0,2.78586,7.14628,0.59658,1.41476,-0.86184,10.3792
3276,1.638,4,2,4,0,0,0,0,0,0,31.1065,44.1561,-19.0667,-7.22955,29.0452,101.652,0,0,0,0,0,0,2.80849,7.19631,0.613542,1.43606,-0.896269,10.475
3277,1.6385,4,2,4,0,0,0,0,0,0,30.9914,44.4027,-18.7649,-7.41297,28.7955,102.062,0,0,0,0,0,0,2.79741,7.20571,0.620374,1.45131,-0.91367,10.5086
3278,1.639,4,2,4,0,0,0,0,0,0,30.8686,44.6417,-18.465,-7.59163,28.5419,102.46,0,0,0,0,0,0,2.7806,7.2083,0.625883,1.47218,-0.932476,10.5392
3279,1.6395,4,2,4,0,0,0,0,0,0,30.7434,44.8742,-18.1546,-7.77776,28.2762,102.852,0,0,0,0,0,0,2.76193,7.22188,0.643746,1.48156,-0.954522,10.5719
3280,1.64,4,2,4,0,0,0,0,0,0,30.6018,45.1008,-17.8174,-7.99132,27.9964,103.212,0,0,0,0,0,0,2.75481,7.25426,0.65842,1.50276,-0.976728,10.64
3281,1.6405,4,2,4,0,0,0,0,0,0,30.4407,45.3169,-17.4592,-8.22764,27.7063,103.539,0,0,0,0,0,0,2.72694,7.27764,0.678668,1.51404,-0.996796,10.6713
3282,1.641,4,2,4,0,0,0,0,0,0,30.2794,45.5249,-17.108,-8.45498,27.4135,103.864,0,0,0,0,0,0,2.7016,7.30396,0.688272,1.5425,-1.01596,10.7105
3283,1.6415,4,2,4,0,0,0,0,0,0,30.1205,45.7315,-16.7733,-8.66493,27.1278,104.2,0,0,0,0,0,0,2.67715,7.31636,0.699332,1.56124,-1.03517,10.7509
3284,1.642,4,2,4,0,0,0,0,0,0,29.9635,45.9402,-16.4572,-8.85943,26.8558,104.54,0,0,0,0,0,0,2.65184,7.3323,0.720244,1.56806,-1.05588,10.7805
3285,1.6425,4,2,4,0,0,0,0,0,0,29.8015,46.1444,-16.1468,-9.05396,26.5929,104.873,0,0,0,0,0,0,2.63228,7.3416,0.747244,1.56301,-1.07869,10.8037
3286,1.643,4,2,4,0,0,0,0,0,0,29.6256,46.3472,-15.832,-9.25446,26.3312,105.187,0,0,0,0,0,0,2.6027,7.35631,0.779645,1.55499,-1.10184,10.8256
3287,1.6435,4,2,4,0,0,0,0,0,0,29.4459,46.5475,-15.5117,-9.45495,26.0577,105.498,0,0,0,0,0,0,2.56865,7.36677,0.796709,1.5674,-1.12222,10.843
3288,1.644,4,2,4,0,0,0,0,0,0,29.2567,46.744,-15.1786,-9.66287,25.7706,105.796,0,0,0,0,0,0,2.54573,7.37454,0.805808,1.58876,-1.1416,10.8674
3289,1.6445,4,2,4,0,0,0,0,0,0,29.064,46.9446,-14.8291,-9.88062,25.4688,106.092,0,0,0,0,0,0,2.51565,7.38983,0.817229,1.60854,-1.15521,10.8809
3290,1.645,4,2,4,0,0,0,0,0,0,28.8845,47.1578,-14.4787,-10.0934,25.1586,106.408,0,0,0,0,0,0,2.49641,7.42411,0.837618,1.62632,-1.17701,10.9386
3291,1.6455,4,2,4,0,0,0,0,0,0,28.7258,47.3849,-14.1454,-10.2847,24.8497,106.754,0,0,0,0,0,0,2.4715,7.45423,0.858466,1.63824,-1.19789,10.986
3292,1.646,4,2,4,0,0,0,0,0,0,28.5997,47.6191,-13.847,-10.4316,24.5423,107.153,0,0,0,0,0,0,2.49102,7.48139,0.866313,1.66635,-1.23043,11.0712
3293,1.6465,4,2,4,0,0,0,0,0,0,28.4818,47.8448,-13.5684,-10.5604,24.24,107.562,0,0,0,0,0,0,2.49841,7.50773,0.866963,1.70692,-1.25872,11.1415
3294,1.647,4,2,4,0,0,0,0,0,0,28.3535,48.0651,-13.2829,-10.7037,23.9404,107.956,0,0,0,0,0,0,2.48624,7.51849,0.872675,1.73472,-1.28347,11.1768
3295,1.6475,4,2,4,0,0,0,0,0,0,28.188,48.275,-12.973,-10.8895,23.6468,108.304,0,0,0,0,0,0,2.46773,7.53743,0.886168,1.75522,-1.30604,11.2175
3296,1.648,4,2,4,0,0,0,0,0,0,27.9818,48.4662,-12.6392,-11.1154,23.3566,108.594,0,0,0,0,0,0,2.45905,7.56257,0.898498,1.77732,-1.32707,11.2759
3297,1.6485,4,2,4,0,0,0,0,0,0,27.7643,48.6402,-12.3043,-11.3429,23.063,108.867,0,0,0,0,0,0,2.43052,7.5666,0.908782,1.79593,-1.34292,11.2958
3298,1.649,4,2,4,0,0,0,0,0,0,27.558,48.81,-11.9862,-11.5434,22.7656,109.156,0,0,0,0,0,0,2.38567,7.57806,0.920024,1.81725,-1.35511,11.313
3299,1.6495,4,2,4,0,0,0,0,0,0,27.365,48.9784,-11.6859,-11.7186,22.4705,109.464,0,0,0,0,0,0,2.34923,7.58031,0.940367,1.82215,-1.37325,11.3255
3300,1.65,4,2,4,0,0,0,0,0,0,27.1727,49.141,-11.3874,-11.8854,22.1741,109.765,0,0,0,0,0,0,2.32286,7.57773,0.958192,1.83517,-1.39629,11.3764
3301,1.6505,4,2,4,0,0,0,0,0,0,26.9607,49.2936,-11.0767,-12.0611,21.8736,110.028,0,0,0,0,0,0,2.2517,7.56517,0.992634,1.82221,-1.40905,11.3551
3302,1.651,4,2,4,0,0,0,0,0,0,26.7295,49.4297,-10.7511,-12.2478,21.5625,110.25,0,0,0,0,0,0,2.22128,7.57287,1.00629,1.84458,-1.42863,11.3876
3303,1.6515,4,2,4,0,0,0,0,0,0,26.4736,49.5529,-10.4121,-12.4513,21.2478,110.43,0,0,0,0,0,0,2.16578,7.57103,1.02775,1.85424,-1.44424,11.3893
3304,1.652,4,2,4,0,0,0,0,0,0,26.2041,49.6757,-10.0643,-12.672,20.9343,110.589,0,0,0,0,0,0,2.11437,7.57635,1.05198,1.86248,-1.46157,11.387
3305,1.6525,4,2,4,0,0,0,0,0,0,25.9506,49.8114,-9.7204,-12.8958,20.6229,110.778,0,0,0,0,0,0,2.04079,7.58056,1.09016,1.84421,-1.46859,11.3401
3306,1.653,4,2,4,0,0,0,0,0,0,25.7252,49.9696,-9.40014,-13.0976,20.319,111.017,0,0,0,0,0,0,2.0327,7.60495,1.11063,1.86227,-1.49571,11.3966
3307,1.6535,4,2,4,0,0,0,0,0,0,25.5381,50.1581,-9.11404,-13.2498,20.0162,111.318,0,0,0,0,0,0,2.03115,7.63422,1.11873,1.89386,-1.52229,11.4584
3308,1.654,4,2,4,0,0,0,0,0,0,25.3808,50.385,-8.84943,-13.363,19.7105,111.677,0,0,0,0,0,0,2.04721,7.68652,1.11626,1.94965,-1.5549,11.5601
3309,1.6545,4,2,4,0,0,0,0,0,0,25.2476,50.6497,-8.58373,-13.4655,19.3952,112.086,0,0,0,0,0,0,2.0564,7.75109,1.11974,2.00319,-1.58479,11.6675
3310,1.655,4,2,4,0,0,0,0,0,0,25.0989,50.9056,-8.29919,-13.593,19.075,112.469,0,0,0,0,0,0,2.08592,7.82327,1.12689,2.05262,-1.61793,11.8004
3311,1.6555,4,2,4,0,0,0,0,0,0,24.9235,51.1336,-7.99379,-13.7469,18.7483,112.805,0,0,0,0,0,0,2.08157,7.86567,1.14078,2.08136,-1.63983,11.8531
3312,1.656,4,2,4,0,0,0,0,0,0,24.7502,51.3374,-7.6934,-13.8837,18.4106,113.138,0,0,0,0,0,0,2.07196,7.90082,1.14923,2.11943,-1.66479,11.9178
3313,1.6565,4,2,4,0,0,0,0,0,0,24.5773,51.5219,-7.40823,-13.9974,18.0733,113.456,0,0,0,0,0,0,2.06365,7.90986,1.15099,2.15753,-1.68868,11.9621
3314,1.657,4,2,4,0,0,0,0,0,0,24.3771,51.6774,-7.12117,-14.1209,17.7465,113.715,0,0,0,0,0,0,2.03861,7.88709,1.15696,2.17773,-1.70652,11.9707
3315,1.6575,4,2,4,0,0,0,0,0,0,24.1334,51.8077,-6.81331,-14.2826,17.4289,113.9,0,0,0,0,0,0,1.97357,7.84756,1.18708,2.15353,-1.7126,11.9231
3316,1.658,4,2,4,0,0,0,0,0,0,23.8488,51.9173,-6.48718,-14.4759,17.116,114.025,0,0,0,0,0,0,1.88941,7.80935,1.21873,2.12975,-1.71397,11.849
3317,1.6585,4,2,4,0,0,0,0,0,0,23.5488,52.0209,-6.15598,-14.6757,16.801,114.138,0,0,0,0,0,0,1.84838,7.8084,1.23731,2.14444,-1.72955,11.8721
3318,1.659,4,2,4,0,0,0,0,0,0,23.2684,52.1406,-5.83994,-14.8562,16.482,114.303,0,0,0,0,0,0,1.78694,7.80036,1.24453,2.17224,-1.7361,11.8589
3319,1.6595,4,2,4,0,0,0,0,0,0,23.0237,52.2804,-5.54517,-15.0061,16.1584,114.538,0,0,0,0,0,0,1.7602,7.81171,1.25618,2.20211,-1.75819,11.9008
3320,1.66,4,2,4,0,0,0,0,0,0,22.7992,52.4332,-5.26285,-15.1374,15.8365,114.811,0,0,0,0,0,0,1.72618,7.82554,1.28014,2.21243,-1.77844,11.936
3321,1.6605,4,2,4,0,0,0,0,0,0,22.556,52.5729,-4.9862,-15.268,15.526,115.054,0,0,0,0,0,0,1.71457,7.83263,1.29931,2.22957,-1.80858,12.0009
3322,1.661,4,2,4,0,0,0,0,0,0,22.2846,52.6942,-4.70558,-15.4061,15.2206,115.247,0,0,0,0,0,0,1.68567,7.85707,1.31289,2.25748,-1.82726,12.0512
3323,1.6615,4,2,4,0,0,0,0,0,0,21.9894,52.7986,-4.40942,-15.5669,14.915,115.385,0,0,0,0,0,0,1.63074,7.87042,1.32955,2.28292,-1.84215,12.0524
3324,1.662,4,2,4,0,0,0,0,0,0,21.6952,52.8949,-4.10026,-15.7408,14.5993,115.511,0,0,0,0,0,0,1.55218,7.86054,1.3629,2.2793,-1.8507,12.0015
3325,1.6625,4,2,4,0,0,0,0,0,0,21.4326,53.0073,-3.79774,-15.8943,14.2714,115.683,0,0,0,0,0,0,1.53666,7.89477,1.38579,2.31285,-1.88037,12.0798
3326,1.663,4,2,4,0,0,0,0,0,0,21.1998,53.1378,-3.51822,-16.0042,13.9393,115.9,0,0,0,0,0,0,1.52715,7.92698,1.39866,2.3589,-1.91135,12.1661
3327,1.6635,4,2,4,0,0,0,0,0,0,20.9805,53.2792,-3.26328,-16.0827,13.6151,116.142,0,0,0,0,0,0,1.50648,7.95816,1.41112,2.40199,-1.93929,12.2197
3328,1.664,4,2,4,0,0,0,0,0,0,20.7462,53.4253,-3.01035,-16.1661,13.2996,116.366,0,0,0,0,0,0,1.48844,7.98629,1.41999,2.44673,-1.96406,12.2661
3329,1.6645,4,2,4,0,0,0,0,0,0,20.4914,53.5669,-2.74133,-16.2812,12.9875,116.57,0,0,0,0,0,0,1.457,8.00245,1.43437,2.47344,-1.97935,12.2884
3330,1.665,4,2,4,0,0,0,0,0,0,20.2304,53.7112,-2.45694,-16.4216,12.671,116.783,0,0,0,0,0,0,1.4337,8.03113,1.45763,2.49075,-2.00052,12.3447
3331,1.6655,4,2,4,0,0,0,0,0,0,19.9856,53.8682,-2.17643,-16.5453,12.3451,117.034,0,0,0,0,0,0,1.4042,8.06587,1.46725,2.52998,-2.01808,12.413
3332,1.666,4,2,4,0,0,0,0,0,0,19.7561,54.0295,-1.9082,-16.636,12.0097,117.297,0,0,0,0,0,0,1.3757,8.09662,1.46907,2.57965,-2.03459,12.4867
3333,1.6665,4,2,4,0,0,0,0,0,0,19.5193,54.1783,-1.64254,-16.7203,11.6761,117.529,0,0,0,0,0,0,1.33706,8.09891,1.48034,2.60421,-2.04837,12.5056
3334,1.667,4,2,4,0,0,0,0,0,0,19.2538,54.3036,-1.36587,-16.8256,11.3494,117.704,0,0,0,0,0,0,1.32114,8.10742,1.50239,2.621,-2.07338,12.5468
3335,1.6675,4,2,4,0,0,0,0,0,0,18.9611,54.407,-1.06986,-16.9563,11.0218,117.823,0,0,0,0,0,0,1.26227,8.07592,1.53173,2.6031,-2.07836,12.4769
3336,1.668,4,2,4,0,0,0,0,0,0,18.6522,54.4934,-0.763005,-17.1035,10.6927,117.913,0,0,0,0,0,0,1.21582,8.07581,1.55124,2.62135,-2.09318,12.474
3337,1.6685,4,2,4,0,0,0,0,0,0,18.3542,54.5882,-0.470295,-17.232,10.3637,118.033,0,0,0,0,0,0,1.16589,8.07485,1.56278,2.65843,-2.10871,12.4771
3338,1.669,4,2,4,0,0,0,0,0,0,18.0739,54.7005,-0.199785,-17.332,10.0395,118.196,0,0,0,0,0,0,1.13249,8.08474,1.57767,2.68643,-2.12819,12.5075
3339,1.6695,4,2,4,0,0,0,0,0,0,17.8025,54.8166,0.0541188,-17.4233,9.72787,118.385,0,0,0,0,0,0,1.09848,8.09656,1.60391,2.70056,-2.15054,12.543
3340,1.67,4,2,4,0,0,0,0,0,0,17.5187,54.9254,0.305278,-17.517,9.42535,118.554,0,0,0,0,0,0,1.06034,8.10828,1.62916,2.71872,-2.16931,12.5964
3341,1.6705,4,2,4,0,0,0,0,0,0,17.208,55.0137,0.565458,-17.6287,9.12793,118.673,0,0,0,0,0,0,1.005,8.11688,1.63905,2.7484,-2.17133,12.617
3342,1.671,4,2,4,0,0,0,0,0,0,16.8799,55.0883,0.834897,-17.7553,8.83075,118.758,0,0,0,0,0,0,0.953261,8.13742,1.65127,2.78025,-2.17765,12.6404
3343,1.6715,4,2,4,0,0,0,0,0,0,16.5726,55.1762,1.10527,-17.8687,8.51946,118.869,0,0,0,0,0,0,0.908961,8.15354,1.67101,2.80931,-2.196,12.6685
3344,1.672,4,2,4,0,0,0,0,0,0,16.3005,55.28,1.36341,-17.9448,8.19488,119.025,0,0,0,0,0,0,0.897501,8.17847,1.69151,2.8419,-2.22668,12.7295
3345,1.6725,4,2,4,0,0,0,0,0,0,16.0405,55.3865,1.61061,-17.9994,7.86966,119.2,0,0,0,0,0,0,0.875258,8.19041,1.71025,2.86946,-2.24822,12.77
3346,1.673,4,2,4,0,0,0,0,0,0,15.7544,55.4821,1.85418,-18.0605,7.55887,119.336,0,0,0,0,0,0,0.829081,8.20371,1.72971,2.90134,-2.26363,12.7985
3347,1.6735,4,2,4,0,0,0,0,0,0,15.4361,55.5612,2.10687,-18.1513,7.25968,119.428,0,0,0,0,0,0,0.782644,8.22873,1.74658,2.93935,-2.27837,12.8212
3348,1.674,4,2,4,0,0,0,0,0,0,15.1024,55.6396,2.36708,-18.2613,6.96337,119.512,0,0,0,0,0,0,0.73393,8.24681,1.76898,2.97473,-2.29844,12.8523
3349,1.6745,4,2,4,0,0,0,0,0,0,14.7959,55.7324,2.62114,-18.3527,6.65551,119.651,0,0,0,0,0,0,0.706392,8.25189,1.78267,3.00311,-2.31569,12.9029
3350,1.675,4,2,4,0,0,0,0,0,0,14.5053,55.8347,2.86184,-18.4167,6.34549,119.832,0,0,0,0,0,0,0.670143,8.2483,1.79452,3.02816,-2.32641,12.9271
3351,1.6755,4,2,4,0,0,0,0,0,0,14.2124,55.9328,3.09976,-18.4702,6.03598,119.996,0,0,0,0,0,0,0.617773,8.24673,1.81876,3.03814,-2.34052,12.9216
3352,1.676,4,2,4,0,0,0,0,0,0,13.8985,56.0122,3.34873,-18.5309,5.72414,120.102,0,0,0,0,0,0,0.591763,8.25851,1.82693,3.06624,-2.35175,12.9326
3353,1.6765,4,2,4,0,0,0,0,0,0,13.5629,56.0785,3.61445,-18.6146,5.41126,120.153,0,0,0,0,0,0,0.560982,8.27394,1.84363,3.08834,-2.36611,12.9448
3354,1.677,4,2,4,0,0,0,0,0,0,13.2277,56.1359,3.88206,-18.704,5.09536,120.207,0,0,0,0,0,0,0.500676,8.27379,1.87421,3.109,-2.38454,12.9697
3355,1.6775,4,2,4,0,0,0,0,0,0,12.9091,56.2001,4.13792,-18.7788,4.77975,120.294,0,0,0,0,0,0,0.450994,8.25962,1.89423,3.14376,-2.40348,12.9927
3356,1.678,4,2,4,0,0,0,0,0,0,12.5969,56.2702,4.3778,-18.8316,4.47077,120.399,0,0,0,0,0,0,0.403496,8.24912,1.91419,3.17364,-2.42219,12.9966
3357,1.6785,4,2,4,0,0,0,0,0,0,12.2749,56.3427,4.6091,-18.8824,4.17508,120.496,0,0,0,0,0,0,0.367776,8.27524,1.94087,3.20421,-2.44811,13.0288
3358,1.679,4,2,4,0,0,0,0,0,0,11.9294,56.4017,4.84282,-18.9517,3.8912,120.561,0,0,0,0,0,0,0.343103,8.29803,1.95005,3.23667,-2.45842,13.0652
3359,1.6795,4,2,4,0,0,0,0,0,0,11.5775,56.4501,5.08644,-19.0305,3.60237,120.607,0,0,0,0,0,0,0.291581,8.29429,1.96905,3.24158,-2.4624,13.0531
3360,1.68,4,2,4,0,0,0,0,0,0,11.2462,56.5035,5.33358,-19.095,3.29814,120.674,0,0,0,0,0,0,0.255885,8.311,1.985,3.27747,-2.47646,13.0972
3361,1.6805,4,2,4,0,0,0,0,0,0,10.9336,56.5668,5.57685,-19.138,2.98358,120.757,0,0,0,0,0,0,0.205326,8.33509,2.01202,3.31898,-2.49992,13.1563
3362,1.681,4,2,4,0,0,0,0,0,0,10.6144,56.6259,5.81617,-19.1754,2.67242,120.833,0,0,0,0,0,0,0.157307,8.3689,2.04123,3.36587,-2.5252,13.2196
3363,1.6815,4,2,4,0,0,0,0,0,0,10.2847,56.6773,6.04474,-19.2135,2.37568,120.893,0,0,0,0,0,0,0.115525,8.38589,2.06553,3.39877,-2.54459,13.2583
3364,1.682,4,2,4,0,0,0,0,0,0,9.93726,56.7098,6.26841,-19.2629,2.09348,120.919,0,0,0,0,0,0,0.0695952,8.37791,2.0791,3.4233,-2.54963,13.2479
3365,1.6825,4,2,4,0,0,0,0,0,0,9.58017,56.742,6.49517,-19.3293,1.81817,120.95,0,0,0,0,0,0,0.0246308,8.38827,2.10626,3.44993,-2.57083,13.27
3366,1.683,4,2,4,0,0,0,0,0,0,9.22338,56.7813,6.72124,-19.3963,1.54374,121.013,0,0,0,0,0,0,-0.0313625,8.39859,2.1339,3.47753,-2.58901,13.3015
3367,1.6835,4,2,4,0,0,0,0,0,0,8.88402,56.8312,6.94663,-19.4413,1.25741,121.098,0,0,0,0,0,0,-0.0753272,8.42072,2.1518,3.51596,-2.60223,13.3607
3368,1.684,4,2,4,0,0,0,0,0,0,8.55886,56.8821,7.17079,-19.4658,0.959903,121.174,0,0,0,0,0,0,-0.121709,8.42971,2.16125,3.54235,-2.6013,13.3884
3369,1.6845,4,2,4,0,0,0,0,0,0,8.22043,56.9205,7.39477,-19.4837,0.665802,121.215,0,0,0,0,0,0,-0.160314,8.42217,2.17191,3.5649,-2.60625,13.3913
3370,1.685,4,2,4,0,0,0,0,0,0,7.86197,56.947,7.62924,-19.5198,0.375552,121.226,0,0,0,0,0,0,-0.234111,8.40967,2.20676,3.58271,-2.62175,13.3674
3371,1.6855,4,2,4,0,0,0,0,0,0,7.50208,56.9684,7.87034,-19.5719,0.0830806,121.241,0,0,0,0,0,0,-0.283094,8.41985,2.23799,3.62843,-2.64725,13.4164
3372,1.686,4,2,4,0,0,0,0,0,0,7.15516,56.9955,8.10003,-19.6176,-0.204973,121.291,0,0,0,0,0,0,-0.322943,8.4241,2.26432,3.66071,-2.66898,13.4285
3373,1.6865,4,2,4,0,0,0,0,0,0,6.80988,57.035,8.30832,-19.6435,-0.477482,121.372,0,0,0,0,0,0,-0.331585,8.4306,2.27398,3.69465,-2.68727,13.4622
3374,1.687,4,2,4,0,0,0,0,0,0,6.4406,57.0699,8.5056,-19.6694,-0.728543,121.427,0,0,0,0,0,0,-0.396883,8.442,2.29635,3.72988,-2.69335,13.4868
3375,1.6875,4,2,4,0,0,0,0,0,0,6.05651,57.0816,8.71555,-19.7108,-0.982255,121.426,0,0,0,0,0,0,-0.47672,8.45299,2.32244,3.75579,-2.69544,13.5139
3376,1.688,4,2,4,0,0,0,0,0,0,5.67294,57.0753,8.94812,-19.7662,-1.25709,121.384,0,0,0,0,0,0,-0.533114,8.45804,2.34622,3.77972,-2.70418,13.5592
3377,1.6885,4,2,4,0,0,0,0,0,0,5.31245,57.0768,9.18005,-19.8016,-1.54644,121.377,0,0,0,0,0,0,-0.56812,8.43307,2.36623,3.77837,-2.71519,13.5263
3378,1.689,4,2,4,0,0,0,0,0,0,4.97286,57.0917,9.39393,-19.8051,-1.83395,121.416,0,0,0,0,0,0,-0.600697,8.43368,2.38663,3.81205,-2.73491,13.5269
3379,1.6895,4,2,4,0,0,0,0,0,0,4.62838,57.1173,9.59553,-19.7966,-2.10887,121.452,0,0,0,0,0,0,-0.662224,8.44808,2.40939,3.85942,-2.74658,13.5406
3380,1.69,4,2,4,0,0,0,0,0,0,4.24514,57.1187,9.79773,-19.8121,-2.3618,121.425,0,0,0,0,0,0,-0.706383,8.4599,2.43253,3.90672,-2.76533,13.5677
3381,1.6905,4,2,4,0,0,0,0,0,0,3.82906,57.1009,10.0069,-19.864,-2.5984,121.364,0,0,0,0,0,0,-0.745299,8.45651,2.45849,3.9168,-2.7771,13.5778
3382,1.691,4,2,4,0,0,0,0,0,0,3.43088,57.0853,10.2203,-19.9092,-2.85069,121.326,0,0,0,0,0,0,-0.794827,8.4649,2.48445,3.92668,-2.78655,13.6119
3383,1.6915,4,2,4,0,0,0,0,0,0,3.07016,57.0829,10.4273,-19.9131,-3.12479,121.323,0,0,0,0,0,0,-0.847466,8.47664,2.49582,3.95804,-2.78634,13.6462
3384,1.692,4,2,4,0,0,0,0,0,0,2.72076,57.0918,10.629,-19.889,-3.40497,121.327,0,0,0,0,0,0,-0.918777,8.48488,2.51195,4.0076,-2.78931,13.6653
3385,1.6925,4,2,4,0,0,0,0,0,0,2.3528,57.0901,10.8289,-19.8746,-3.67216,121.306,0,0,0,0,0,0,-0.973361,8.49351,2.54158,4.04564,-2.80805,13.6886
3386,1.693,4,2,4,0,0,0,0,0,0,1.95912,57.0638,11.0397,-19.8897,-3.92966,121.233,0,0,0,0,0,0,-1.01148,8.49926,2.57598,4.07781,-2.83411,13.7204
3387,1.6935,4,2,4,0,0,0,0,0,0,1.56421,57.0315,11.2536,-19.9158,-4.18785,121.165,0,0,0,0,0,0,-1.0606,8.49064,2.61231,4.09804,-2.85626,13.7298
3388,1.694,4,2,4,0,0,0,0,0,0,1.1775,57.0027,11.4518,-19.9277,-4.43771,121.137,0,0,0,0,0,0,-1.09854,8.49991,2.63387,4.14257,-2.87263,13.7547
3389,1.6945,4,2,4,0,0,0,0,0,0,0.802417,56.9988,11.6314,-19.9188,-4.6768,121.142,0,0,0,0,0,0,-1.14881,8.50583,2.64838,4.18535,-2.87753,13.7723
3390,1.695,4,2,4,0,0,0,0,0,0,0.42677,56.9961,11.8143,-19.907,-4.91844,121.123,0,0,0,0,0,0,-1.21284,8.51876,2.66863,4.22056,-2.8803,13.8006
3391,1.6955,4,2,4,0,0,0,0,0,0,0.0290226,56.9679,12.0095,-19.9142,-5.15677,121.054,0,0,0,0,0,0,-1.26638,8.51041,2.68767,4.24147,-2.88341,13.8106
3392,1.696,4,2,4,0,0,0,0,0,0,-0.37917,56.9237,12.2146,-19.9355,-5.39663,120.972,0,0,0,0,0,0,-1.33516,8.47888,2.71745,4.23771,-2.88494,13.7832
3393,1.6965,4,2,4,0,0,0,0,0,0,-0.777418,56.8767,12.4114,-19.9416,-5.63687,120.918,0,0,0,0,0,0,-1.36833,8.50237,2.73667,4.28285,-2.89852,13.8504
3394,1.697,4,2,4,0,0,0,0,0,0,-1.157,56.8487,12.5935,-19.9228,-5.87425,120.903,0,0,0,0,0,0,-1.41592,8.52908,2.76213,4.32688,-2.91423,13.8831
3395,1.6975,4,2,4,0,0,0,0,0,0,-1.54481,56.8243,12.7703,-19.9017,-6.102,120.881,0,0,0,0,0,0,-1.50358,8.5225,2.79434,4.3511,-2.91829,13.8492
3396,1.698,4,2,4,0,0,0,0,0,0,-1.95287,56.7816,12.9484,-19.9015,-6.31866,120.809,0,0,0,0,0,0,-1.56016,8.52016,2.81899,4.39389,-2.93018,13.8766
3397,1.6985,4,2,4,0,0,0,0,0,0,-2.36866,56.7229,13.1354,-19.9173,-6.5393,120.709,0,0,0,0,0,0,-1.59379,8.50223,2.8424,4.41402,-2.94353,13.899
3398,1.699,4,2,4,0,0,0,0,0,0,-2.77821,56.6667,13.3317,-19.9186,-6.77648,120.621,0,0,0,0,0,0,-1.65087,8.48386,2.87077,4.42759,-2.95176,13.8974
3399,1.6995,4,2,4,0,0,0,0,0,0,-3.17904,56.6195,13.5223,-19.8977,-7.01579,120.561,0,0,0,0,0,0,-1.71035,8.47157,2.8934,4.44241,-2.95437,13.8776
3400,1.7,4,2,4,0,0,0,0,0,0,-3.57414,56.5803,13.7063,-19.8637,-7.25217,120.517,0,0,0,0,0,0,-1.76535,8.47734,2.91125,4.47031,-2.95648,13.8936
3401,1.7005,4,2,4,0,0,0,0,0,0,-3.97083,56.5311,13.8859,-19.8421,-7.4794,120.444,0,0,0,0,0,0,-1.82056,8.4928,2.93163,4.51132,-2.96185,13.9277
3402,1.701,4,2,4,0,0,0,0,0,0,-4.38012,56.4692,14.0659,-19.832,-7.69892,120.347,0,0,0,0,0,0,-1.89228,8.48076,2.9655,4.5325,-2.96994,13.9209
3403,1.7015,4,2,4,0,0,0,0,0,0,-4.79571,56.3954,14.247,-19.8316,-7.91588,120.228,0,0,0,0,0,0,-1.97066,8.45682,3.01537,4.54954,-2.99229,13.9159
3404,1.702,4,2,4,0,0,0,0,0,0,-5.20661,56.323,14.424,-19.823,-8.13281,120.124,0,0,0,0,0,0,-1.99745,8.46041,3.03607,4.60431,-3.0097,13.9595
3405,1.7025,4,2,4,0,0,0,0,0,0,-5.61233,56.2519,14.5928,-19.8044,-8.34522,120.039,0,0,0,0,0,0,-2.05811,8.46278,3.0615,4.63737,-3.01541,13.9676
3406,1.703,4,2,4,0,0,0,0,0,0,-6.01699,56.1812,14.7616,-19.7823,-8.55734,119.962,0,0,0,0,0,0,-2.12704,8.47196,3.0919,4.65414,-3.02092,13.9636
3407,1.7035,4,2,4,0,0,0,0,0,0,-6.43086,56.1072,14.9311,-19.7574,-8.76419,119.868,0,0,0,0,0,0,-2.18157,8.47961,3.11354,4.69277,-3.02575,14.0074
3408,1.704,4,2,4,0,0,0,0,0,0,-6.85655,56.0165,15.1036,-19.742,-8.96468,119.735,0,0,0,0,0,0,-2.23715,8.48512,3.13632,4.74133,-3.03304,14.0513
3409,1.7045,4,2,4,0,0,0,0,0,0,-7.2714,55.9292,15.2772,-19.7222,-9.17054,119.608,0,0,0,0,0,0,-2.30307,8.4685,3.16433,4.76804,-3.03746,14.0548
3410,1.705,4,2,4,0,0,0,0,0,0,-7.67114,55.8389,15.445,-19.6988,-9.37828,119.485,0,0,0,0,0,0,-2.36375,8.44974,3.20059,4.78823,-3.05005,14.041
3411,1.7055,4,2,4,0,0,0,0,0,0,-8.06982,55.75,15.6073,-19.6743,-9.58212,119.382,0,0,0,0,0,0,-2.39897,8.43674,3.21964,4.82017,-3.05967,14.0467
3412,1.706,4,2,4,0,0,0,0,0,0,-8.48931,55.6522,15.7674,-19.6518,-9.7736,119.259,0,0,0,0,0,0,-2.44076,8.43988,3.23509,4.85441,-3.06196,14.0613
3413,1.7065,4,2,4,0,0,0,0,0,0,-8.93095,55.547,15.9239,-19.6391,-9.94855,119.117,0,0,0,0,0,0,-2.5006,8.44268,3.26241,4.86603,-3.06491,14.0538
3414,1.707,4,2,4,0,0,0,0,0,0,-9.37155,55.4538,16.0823,-19.6163,-10.1251,118.989,0,0,0,0,0,0,-2.57291,8.4338,3.28654,4.87205,-3.06085,14.0598
3415,1.7075,4,2,4,0,0,0,0,0,0,-9.79683,55.3707,16.2388,-19.5781,-10.3081,118.884,0,0,0,0,0,0,-2.63517,8.42904,3.31361,4.90419,-3.06535,14.1049
3416,1.708,4,2,4,0,0,0,0,0,0,-10.2076,55.2873,16.3996,-19.53,-10.5042,118.784,0,0,0,0,0,0,-2.69225,8.39348,3.33657,4.92484,-3.06505,14.0667
3417,1.7085,4,2,4,0,0,0,0,0,0,-10.6149,55.1769,16.5631,-19.4946,-10.7053,118.64,0,0,0,0,0,0,-2.76614,8.35667,3.37027,4.95024,-3.07132,14.0255
3418,1.709,4,2,4,0,0,0,0,0,0,-11.0316,55.042,16.7253,-19.4707,-10.9008,118.456,0,0,0,0,0,0,-2.81965,8.33776,3.40244,4.96609,-3.08414,13.9965
3419,1.7095,4,2,4,0,0,0,0,0,0,-11.461,54.9012,16.8862,-19.451,-11.0881,118.263,0,0,0,0,0,0,-2.88215,8.3503,3.43381,5.00334,-3.09465,14.0301
3420,1.71,4,2,4,0,0,0,0,0,0,-11.8876,54.7764,17.0376,-19.4247,-11.265,118.1,0,0,0,0,0,0,-2.92313,8.37309,3.4628,5.0536,-3.112,14.0799
3421,1.7105,4,2,4,0,0,0,0,0,0,-12.3121,54.6604,17.181,-19.3859,-11.4341,117.969,0,0,0,0,0,0,-2.97528,8.37611,3.48462,5.09039,-3.11311,14.0995
3422,1.711,4,2,4,0,0,0,0,0,0,-12.7295,54.5475,17.3261,-19.3447,-11.6069,117.844,0,0,0,0,0,0,-3.05512,8.34477,3.5085,5.09626,-3.10212,14.0796
3423,1.7115,4,2,4,0,0,0,0,0,0,-13.1497,54.4238,17.4827,-19.3008,-11.7901,117.69,0,0,0,0,0,0,-3.13986,8.32365,3.53759,5.12446,-3.0965,14.1089
3424,1.712,4,2,4,0,0,0,0,0,0,-13.5727,54.2769,17.6506,-19.268,-11.9824,117.491,0,0,0,0,0,0,-3.19603,8.32071,3.56722,5.16483,-3.10588,14.1429
3425,1.7125,4,2,4,0,0,0,0,0,0,-13.9972,54.1256,17.8135,-19.2358,-12.1687,117.281,0,0,0,0,0,0,-3.24735,8.31967,3.60824,5.21706,-3.12864,14.1675
3426,1.713,4,2,4,0,0,0,0,0,0,-14.4275,53.9849,17.9545,-19.1942,-12.3307,117.104,0,0,0,0,0,0,-3.29843,8.30525,3.64929,5.23925,-3.15003,14.1487
3427,1.7135,4,2,4,0,0,0,0,0,0,-14.8625,53.8572,18.0825,-19.1507,-12.4758,116.966,0,0,0,0,0,0,-3.36169,8.29067,3.67406,5.25745,-3.14947,14.125
3428,1.714,4,2,4,0,0,0,0,0,0,-15.3011,53.7247,18.2097,-19.109,-12.615,116.831,0,0,0,0,0,0,-3.40988,8.26341,3.6769,5.25979,-3.1289,14.093
3429,1.7145,4,2,4,0,0,0,0,0,0,-15.7446,53.5797,18.3482,-19.0728,-12.7584,116.668,0,0,0,0,0,0,-3.4721,8.22675,3.68516,5.25283,-3.10715,14.0607
3430,1.715,4,2,4,0,0,0,0,0,0,-16.1834,53.4252,18.498,-19.0443,-12.9131,116.474,0,0,0,0,0,0,-3.53829,8.19142,3.71212,5.27106,-3.10445,14.0439
3431,1.7155,4,2,4,0,0,0,0,0,0,-16.6059,53.269,18.648,-19.0147,-13.079,116.274,0,0,0,0,0,0,-3.62074,8.19057,3.76382,5.32038,-3.12401,14.0943
3432,1.716,4,2,4,0,0,0,0,0,0,-17.0183,53.1009,18.789,-18.9702,-13.2451,116.066,0,0,0,0,0,0,-3.69524,8.20602,3.80726,5.3763,-3.14007,14.1444
3433,1.7165,4,2,4,0,0,0,0,0,0,-17.433,52.9348,18.9268,-18.9127,-13.4082,115.874,0,0,0,0,0,0,-3.74532,8.18761,3.82794,5.39387,-3.14024,14.1022
3434,1.717,4,2,4,0,0,0,0,0,0,-17.8681,52.7608,19.058,-18.8683,-13.5532,115.679,0,0,0,0,0,0,-3.78466,8.17421,3.84523,5.42811,-3.14162,14.0871
3435,1.7175,4,2,4,0,0,0,0,0,0,-18.3235,52.5977,19.1832,-18.8342,-13.6793,115.5,0,0,0,0,0,0,-3.8369,8.12612,3.86646,5.42147,-3.13785,14.0301
3436,1.718,4,2,4,0,0,0,0,0,0,-18.7764,52.4369,19.3098,-18.8064,-13.8049,115.326,0,0,0,0,0,0,-3.9038,8.1059,3.89839,5.43708,-3.13959,14.0518
3437,1.7185,4,2,4,0,0,0,0,0,0,-19.2053,52.2756,19.4449,-18.7569,-13.9504,115.14,0,0,0,0,0,0,-3.98183,8.08629,3.93064,5.44942,-3.13695,14.067
3438,1.719,4,2,4,0,0,0,0,0,0,-19.6082,52.1029,19.5806,-18.6957,-14.1089,114.927,0,0,0,0,0,0,-4.08344,8.06925,3.96581,5.49679,-3.13052,14.1073
3439,1.7195,4,2,4,0,0,0,0,0,0,-20.0102,51.9103,19.7185,-18.6432,-14.2698,114.685,0,0,0,0,0,0,-4.13653,8.06164,3.99383,5.54267,-3.13538,14.1201
3440,1.72,4,2,4,0,0,0,0,0,0,-20.4278,51.6945,19.8548,-18.6084,-14.421,114.413,0,0,0,0,0,0,-4.17762,8.03854,4.02653,5.56183,-3.15013,14.0826
3441,1.7205,4,2,4,0,0,0,0,0,0,-20.8649,51.4796,19.9858,-18.5844,-14.556,114.159,0,0,0,0,0,0,-4.21797,8.00834,4.05111,5.57754,-3.15571,14.0394
3442,1.721,4,2,4,0,0,0,0,0,0,-21.3113,51.2892,20.1119,-18.5482,-14.6809,113.964,0,0,0,0,0,0,-4.27098,8.01384,4.07601,5.62613,-3.15666,14.0738
3443,1.7215,4,2,4,0,0,0,0,0,0,-21.7568,51.1174,20.2311,-18.4957,-14.7988,113.806,0,0,0,0,0,0,-4.3566,7.9946,4.11187,5.65837,-3.15191,14.0879
3444,1.722,4,2,4,0,0,0,0,0,0,-22.1915,50.9419,20.3473,-18.4384,-14.9184,113.639,0,0,0,0,0,0,-4.43724,7.99131,4.14773,5.68176,-3.15062,14.1123
3445,1.7225,4,2,4,0,0,0,0,0,0,-22.6102,50.7493,20.4689,-18.385,-15.0483,113.414,0,0,0,0,0,0,-4.51139,7.97816,4.17196,5.70874,-3.14072,14.139
3446,1.723,4,2,4,0,0,0,0,0,0,-23.0201,50.5376,20.5982,-18.344,-15.1873,113.142,0,0,0,0,0,0,-4.57604,7.9544,4.19441,5.73527,-3.13481,14.1421
3447,1.7235,4,2,4,0,0,0,0,0,0,-23.4323,50.3202,20.7311,-18.3079,-15.3271,112.868,0,0,0,0,0,0,-4.62598,7.91569,4.21669,5.74696,-3.13452,14.1078
3448,1.724,4,2,4,0,0,0,0,0,0,-23.8529,50.1006,20.8489,-18.2702,-15.4472,112.613,0,0,0,0,0,0,-4.65572,7.84927,4.23886,5.72468,-3.13947,14.0091
3449,1.7245,4,2,4,0,0,0,0,0,0,-24.296,49.8815,20.9514,-18.2204,-15.5418,112.393,0,0,0,0,0,0,-4.70535,7.82689,4.26414,5.76038,-3.14229,14.016
3450,1.725,4,2,4,0,0,0,0,0,0,-24.7443,49.6683,21.0638,-18.1655,-15.6447,112.197,0,0,0,0,0,0,-4.77487,7.81936,4.29269,5.80405,-3.138,14.0534
3451,1.7255,4,2,4,0,0,0,0,0,0,-25.1862,49.4497,21.1843,-18.1174,-15.7582,111.981,0,0,0,0,0,0,-4.87098,7.77595,4.31969,5.81766,-3.11728,14.0352
3452,1.726,4,2,4,0,0,0,0,0,0,-25.6134,49.2245,21.3024,-18.0775,-15.875,111.736,0,0,0,0,0,0,-4.94575,7.74411,4.35432,5.83881,-3.1136,14.0159
3453,1.7265,4,2,4,0,0,0,0,0,0,-26.0252,48.994,21.4193,-18.0369,-15.998,111.468,0,0,0,0,0,0,-5.01329,7.73976,4.4029,5.87456,-3.13158,14.0386
3454,1.727,4,2,4,0,0,0,0,0,0,-26.4244,48.7633,21.5354,-17.9843,-16.1254,111.188,0,0,0,0,0,0,-5.05478,7.73373,4.42407,5.9161,-3.13338,14.0588
3455,1.7275,4,2,4,0,0,0,0,0,0,-26.8251,48.5301,21.6466,-17.9328,-16.246,110.927,0,0,0,0,0,0,-5.11272,7.70042,4.44432,5.90306,-3.12504,14.0068
3456,1.728,4,2,4,0,0,0,0,0,0,-27.2441,48.2897,21.7613,-17.8807,-16.3574,110.675,0,0,0,0,0,0,-5.17978,7.66546,4.46898,5.91149,-3.11743,13.9702
3457,1.7285,4,2,4,0,0,0,0,0,0,-27.6864,48.0465,21.8814,-17.8357,-16.4623,110.438,0,0,0,0,0,0,-5.24436,7.642,4.50109,5.9487,-3.11692,13.9751
3458,1.729,4,2,4,0,0,0,0,0,0,-28.1308,47.8002,21.9961,-17.8047,-16.5604,110.19,0,0,0,0,0,0,-5.3045,7.61176,4.52193,5.97267,-3.10365,13.9857
3459,1.7295,4,2,4,0,0,0,0,0,0,-28.5578,47.565,22.1076,-17.7677,-16.6636,109.946,0,0,0,0,0,0,-5.37318,7.57298,4.54199,5.97399,-3.08828,13.9822
3460,1.73,4,2,4,0,0,0,0,0,0,-28.9658,47.3226,22.2149,-17.7127,-16.7706,109.682,0,0,0,0,0,0,-5.43456,7.55095,4.5741,5.99429,-3.09051,13.9974
3461,1.7305,4,2,4,0,0,0,0,0,0,-29.3559,47.074,22.3172,-17.658,-16.8803,109.393,0,0,0,0,0,0,-5.49224,7.53701,4.61761,6.05066,-3.1057,14.002
3462,1.731,4,2,4,0,0,0,0,0,0,-29.7458,46.8078,22.4221,-17.6125,-16.9912,109.09,0,0,0,0,0,0,-5.56692,7.496,4.6629,6.07963,-3.11271,13.9464
3463,1.7315,4,2,4,0,0,0,0,0,0,-30.1491,46.5332,22.5271,-17.5808,-17.0956,108.8,0,0,0,0,0,0,-5.63423,7.46015,4.69207,6.09407,-3.10729,13.9106
3464,1.732,4,2,4,0,0,0,0,0,0,-30.5742,46.2615,22.6343,-17.5426,-17.1921,108.541,0,0,0,0,0,0,-5.69277,7.4139,4.70657,6.09612,-3.09306,13.8951
3465,1.7325,4,2,4,0,0,0,0,0,0,-31.0062,45.9918,22.7517,-17.4896,-17.2944,108.287,0,0,0,0,0,0,-5.74211,7.38759,4.71901,6.11748,-3.07843,13.9195
3466,1.733,4,2,4,0,0,0,0,0,0,-31.4356,45.7329,22.8589,-17.4335,-17.3869,108.04,0,0,0,0,0,0,-5.79444,7.36061,4.75051,6.13791,-3.0793,13.9087
3467,1.7335,4,2,4,0,0,0,0,0,0,-31.8498,45.4668,22.95,-17.3798,-17.4681,107.763,0,0,0,0,0,0,-5.84866,7.31656,4.76609,6.12428,-3.06465,13.8535
3468,1.734,4,2,4,0,0,0,0,0,0,-32.2445,45.1912,23.0314,-17.3366,-17.5466,107.46,0,0,0,0,0,0,-5.91151,7.27566,4.78608,6.12929,-3.05337,13.8192
3469,1.7345,4,2,4,0,0,0,0,0,0,-32.6318,44.9003,23.1224,-17.3048,-17.6357,107.136,0,0,0,0,0,0,-6.01212,7.246,4.83506,6.17548,-3.05411,13.8326
3470,1.735,4,2,4,0,0,0,0,0,0,-33.0209,44.6014,23.2285,-17.2673,-17.7383,106.807,0,0,0,0,0,0,-6.09202,7.2299,4.8748,6.22172,-3.05318,13.8688
3471,1.7355,4,2,4,0,0,0,0,0,0,-33.4208,44.3109,23.3369,-17.2215,-17.8386,106.505,0,0,0,0,0,0,-6.15465,7.21077,4.90683,6.25549,-3.05099,13.8989
3472,1.736,4,2,4,0,0,0,0,0,0,-33.8288,44.0316,23.4514,-17.1559,-17.9417,106.243,0,0,0,0,0,0,-6.17009,7.17708,4.91055,6.26712,-3.03885,13.8779
3473,1.7365,4,2,4,0,0,0,0,0,0,-34.2408,43.7511,23.5595,-17.0942,-18.0361,105.989,0,0,0,0,0,0,-6.1892,7.10741,4.91355,6.25411,-3.02267,13.7573
3474,1.737,4,2,4,0,0,0,0,0,0,-34.6501,43.4713,23.6555,-17.0512,-18.1169,105.728,0,0,0,0,0,0,-6.24625,7.03611,4.93365,6.23922,-3.01098,13.6632
3475,1.7375,4,2,4,0,0,0,0,0,0,-35.0437,43.1858,23.7358,-17.0254,-18.1862,105.435,0,0,0,0,0,0,-6.33049,6.93709,4.96144,6.19827,-2.99918,13.5568
3476,1.738,4,2,4,0,0,0,0,0,0,-35.4328,42.8978,23.8158,-16.999,-18.2563,105.128,0,0,0,0,0,0,-6.4401,6.86673,5.00159,6.1865,-2.98668,13.5257
3477,1.7385,4,2,4,0,0,0,0,0,0,-35.8192,42.6168,23.9111,-16.952,-18.343,104.834,0,0,0,0,0,0,-6.56762,6.87912,5.0713,6.26942,-2.9962,13.6737
