iStep,time,X,Y,Z,Vx,Vy,Vz,Rx,Ry,Rz,Fx,Fy,Fz,Mx,My,Mz,Fcpx,Fcpy,Fcpz,Tcpx,Tcpy,Tcpz,SumUx,SumUy,SumUz,SumTx,SumTy,SumTz
0,0,4,2,4,0,0,0,0,0,0,0,0,0,0,0,0,0,0,0,0,0,0,0,0,0,0,0,0
1,0.0005,4,2,4,0,0,0,0,0,0,-1.06581e-14,818.115,0,383.721,5.32907e-15,1325.65,0,0,0,0,0,0,-0.0572281,447.84,-0.179479,295.188,0.23811,622.793
2,0.001,4,2,4,0,0,0,0,0,0,-3.9008,373.486,2.87444,3.13569,-1.57956,813.453,0,0,0,0,0,0,-1.66019,176.915,1.46699,106.719,-0.722591,270.642
3,0.0015,4,2,4,0,0,0,0,0,0,-6.36463,183.932,4.14499,-153.039,-2.475,562.421,0,0,0,0,0,0,-2.34874,64.4754,2.20752,25.3404,-1.22799,114.583
4,0.002,4,2,4,0,0,0,0,0,0,-7.91906,109.297,4.5265,-194.491,-2.85425,438.892,0,0,0,0,0,0,-2.58078,22.8633,2.4227,-2.89471,-1.40226,53.0283
5,0.0025,4,2,4,0,0,0,0,0,0,-8.97004,78.8645,4.6225,-188.599,-3.0696,365.216,0,0,0,0,0,0,-2.6615,7.76567,2.47701,-10.7545,-1.47329,28.3008
6,0.003,4,2,4,0,0,0,0,0,0,-9.70759,65.362,4.69447,-165.71,-3.29388,312.232,0,0,0,0,0,0,-2.71552,2.40662,2.45305,-11.4572,-1.47039,17.5451
7,0.0035,4,2,4,0,0,0,0,0,0,-10.2335,58.4901,4.83166,-138.726,-3.5811,269.906,0,0,0,0,0,0,-2.76253,0.596691,2.39377,-9.96754,-1.42074,12.2294
8,0.004,4,2,4,0,0,0,0,0,0,-10.5965,54.3373,5.04109,-112.912,-3.92973,234.776,0,0,0,0,0,0,-2.78973,0.0523167,2.34975,-8.08293,-1.39055,9.1879
9,0.0045,4,2,4,0,0,0,0,0,0,-10.8454,51.4045,5.31402,-90.2015,-4.32413,205.454,0,0,0,0,0,0,-2.81435,-0.0620246,2.32393,-6.34923,-1.37541,7.19066
10,0.005,4,2,4,0,0,0,0,0,0,-11.015,49.0923,5.63244,-71.0656,-4.74383,181.105,0,0,0,0,0,0,-2.82973,-0.0464263,2.3072,-4.90129,-1.36742,5.75563
11,0.0055,4,2,4,0,0,0,0,0,0,-11.1371,47.1469,5.98101,-55.3513,-5.17054,161.017,0,0,0,0,0,0,-2.84087,0.000213015,2.29586,-3.74607,-1.36273,4.67867
12,0.006,4,2,4,0,0,0,0,0,0,-11.2311,45.4476,6.34243,-42.6619,-5.58827,144.526,0,0,0,0,0,0,-2.85056,0.0549022,2.29334,-2.8368,-1.36429,3.87519
13,0.0065,4,2,4,0,0,0,0,0,0,-11.3102,43.9315,6.70298,-32.5323,-5.98587,131.03,0,0,0,0,0,0,-2.85747,0.103467,2.29821,-2.12305,-1.37101,3.26403
14,0.007,4,2,4,0,0,0,0,0,0,-11.3833,42.5592,7.05336,-24.5152,-6.35692,119.987,0,0,0,0,0,0,-2.84882,0.147228,2.30039,-1.56177,-1.37923,2.78859
15,0.0075,4,2,4,0,0,0,0,0,0,-11.4562,41.3069,7.38792,-18.2109,-6.69825,110.942,0,0,0,0,0,0,-2.83708,0.185153,2.3073,-1.11976,-1.39196,2.42535
16,0.008,4,2,4,0,0,0,0,0,0,-11.533,40.1544,7.70679,-13.2789,-7.01269,103.504,0,0,0,0,0,0,-2.82209,0.217357,2.31222,-0.776319,-1.40325,2.14306
17,0.0085,4,2,4,0,0,0,0,0,0,-11.6165,39.0825,8.0117,-9.43907,-7.30455,97.3493,0,0,0,0,0,0,-2.81028,0.24897,2.31833,-0.501956,-1.41363,1.93642
18,0.009,4,2,4,0,0,0,0,0,0,-11.7069,38.0772,8.30317,-6.45784,-7.57674,92.2167,0,0,0,0,0,0,-2.80253,0.274874,2.32538,-0.285847,-1.42301,1.78282
19,0.0095,4,2,4,0,0,0,0,0,0,-11.8056,37.1302,8.58037,-4.1501,-7.82936,87.9012,0,0,0,0,0,0,-2.79196,0.295687,2.32965,-0.117684,-1.43057,1.66088
20,0.01,4,2,4,0,0,0,0,0,0,-11.9136,36.2404,8.84315,-2.36614,-8.06276,84.2488,0,0,0,0,0,0,-2.77771,0.303337,2.33054,0.00631166,-1.43595,1.55285
21,0.0105,4,2,4,0,0,0,0,0,0,-12.0284,35.4031,9.09098,-0.990337,-8.27795,81.1254,0,0,0,0,0,0,-2.76821,0.302091,2.33465,0.0999482,-1.44254,1.46312
22,0.011,4,2,4,0,0,0,0,0,0,-12.1514,34.6141,9.32486,0.071148,-8.47567,78.424,0,0,0,0,0,0,-2.75985,0.29161,2.3374,0.168785,-1.44716,1.38424
23,0.0115,4,2,4,0,0,0,0,0,0,-12.2818,33.8738,9.54614,0.894739,-8.65786,76.0673,0,0,0,0,0,0,-2.75578,0.273934,2.34223,0.218503,-1.45204,1.31186
24,0.012,4,2,4,0,0,0,0,0,0,-12.4189,33.181,9.75572,1.53601,-8.82625,73.994,0,0,0,0,0,0,-2.7526,0.255994,2.3485,0.255934,-1.45832,1.25008
25,0.0125,4,2,4,0,0,0,0,0,0,-12.5615,32.5321,9.95365,2.03747,-8.98149,72.1534,0,0,0,0,0,0,-2.74926,0.24044,2.35533,0.286469,-1.46504,1.19981
26,0.013,4,2,4,0,0,0,0,0,0,-12.7073,31.9192,10.1397,2.42828,-9.12445,70.4977,0,0,0,0,0,0,-2.74743,0.222169,2.36317,0.31208,-1.47192,1.15562
27,0.0135,4,2,4,0,0,0,0,0,0,-12.8567,31.3362,10.3138,2.73222,-9.25444,68.9917,0,0,0,0,0,0,-2.74793,0.210237,2.37248,0.338127,-1.47978,1.13004
28,0.014,4,2,4,0,0,0,0,0,0,-13.0097,30.7812,10.4773,2.97071,-9.37281,67.6109,0,0,0,0,0,0,-2.74794,0.202724,2.3803,0.360287,-1.48637,1.11103
29,0.0145,4,2,4,0,0,0,0,0,0,-13.1638,30.2492,10.6302,3.15542,-9.48022,66.3316,0,0,0,0,0,0,-2.74792,0.194798,2.38566,0.378617,-1.49021,1.09437
30,0.015,4,2,4,0,0,0,0,0,0,-13.3179,29.737,10.7738,3.29706,-9.57849,65.1362,0,0,0,0,0,0,-2.7464,0.188299,2.38704,0.39732,-1.49032,1.08399
31,0.0155,4,2,4,0,0,0,0,0,0,-13.4717,29.2436,10.9104,3.40619,-9.67015,64.0162,0,0,0,0,0,0,-2.74331,0.180723,2.386,0.40921,-1.48896,1.07
32,0.016,4,2,4,0,0,0,0,0,0,-13.6259,28.7671,11.0429,3.49108,-9.75736,62.9625,0,0,0,0,0,0,-2.74135,0.173002,2.38611,0.419247,-1.48884,1.05746
33,0.0165,4,2,4,0,0,0,0,0,0,-13.7804,28.3044,11.173,3.55732,-9.8418,61.9637,0,0,0,0,0,0,-2.73941,0.165526,2.38524,0.429285,-1.48786,1.04759
34,0.017,4,2,4,0,0,0,0,0,0,-13.9345,27.8539,11.3006,3.60848,-9.92398,61.012,0,0,0,0,0,0,-2.738,0.155198,2.38538,0.437707,-1.48782,1.03474
35,0.0175,4,2,4,0,0,0,0,0,0,-14.0877,27.416,11.4258,3.6474,-10.0043,60.1032,0,0,0,0,0,0,-2.73783,0.142972,2.38673,0.445509,-1.48842,1.01999
36,0.018,4,2,4,0,0,0,0,0,0,-14.2407,26.9923,11.5491,3.6772,-10.0829,59.2392,0,0,0,0,0,0,-2.73859,0.130149,2.38891,0.451642,-1.48978,1.00514
37,0.0185,4,2,4,0,0,0,0,0,0,-14.3943,26.5834,11.6708,3.69978,-10.1597,58.419,0,0,0,0,0,0,-2.7392,0.116807,2.39246,0.457757,-1.4922,0.988818
38,0.019,4,2,4,0,0,0,0,0,0,-14.5492,26.1882,11.7912,3.71657,-10.2342,57.6387,0,0,0,0,0,0,-2.73852,0.103824,2.39526,0.46497,-1.49367,0.971629
39,0.0195,4,2,4,0,0,0,0,0,0,-14.7049,25.807,11.9099,3.72872,-10.3064,56.8941,0,0,0,0,0,0,-2.73666,0.0905266,2.3982,0.469825,-1.49585,0.95289
40,0.02,4,2,4,0,0,0,0,0,0,-14.8608,25.4371,12.0243,3.73573,-10.3741,56.1776,0,0,0,0,0,0,-2.73799,0.0758662,2.40051,0.473017,-1.49631,0.936339
41,0.0205,4,2,4,0,0,0,0,0,0,-15.0168,25.0776,12.132,3.73622,-10.4353,55.4863,0,0,0,0,0,0,-2.74085,0.0628892,2.40278,0.478021,-1.49618,0.92659
42,0.021,4,2,4,0,0,0,0,0,0,-15.173,24.7285,12.2344,3.73218,-10.491,54.8191,0,0,0,0,0,0,-2.74336,0.0505117,2.40412,0.481576,-1.49552,0.916979
43,0.0215,4,2,4,0,0,0,0,0,0,-15.3298,24.3873,12.3321,3.72438,-10.5415,54.1718,0,0,0,0,0,0,-2.74765,0.0395682,2.40769,0.486873,-1.49657,0.910536
44,0.022,4,2,4,0,0,0,0,0,0,-15.4868,24.0515,12.4257,3.71317,-10.5876,53.5408,0,0,0,0,0,0,-2.74883,0.0288972,2.40882,0.490426,-1.49642,0.901697
45,0.0225,4,2,4,0,0,0,0,0,0,-15.6436,23.7224,12.5173,3.70246,-10.6311,52.927,0,0,0,0,0,0,-2.74932,0.0183244,2.40892,0.492988,-1.49553,0.892697
46,0.023,4,2,4,0,0,0,0,0,0,-15.7987,23.401,12.6091,3.69348,-10.6752,52.3304,0,0,0,0,0,0,-2.74906,0.00783412,2.40864,0.494708,-1.49453,0.882323
47,0.0235,4,2,4,0,0,0,0,0,0,-15.9516,23.0875,12.7009,3.68574,-10.7203,51.7523,0,0,0,0,0,0,-2.7495,-0.00384458,2.40635,0.494666,-1.49148,0.87224
48,0.024,4,2,4,0,0,0,0,0,0,-16.1016,22.7789,12.7919,3.67844,-10.7658,51.188,0,0,0,0,0,0,-2.74949,-0.0168225,2.40484,0.493794,-1.4892,0.857992
49,0.0245,4,2,4,0,0,0,0,0,0,-16.2492,22.4752,12.8825,3.67247,-10.8117,50.6352,0,0,0,0,0,0,-2.75055,-0.0293531,2.4043,0.494353,-1.48754,0.844306
50,0.025,4,2,4,0,0,0,0,0,0,-16.3946,22.1775,12.9727,3.66783,-10.8577,50.0953,0,0,0,0,0,0,-2.75256,-0.0421822,2.40545,0.496754,-1.48685,0.830777
51,0.0255,4,2,4,0,0,0,0,0,0,-16.5385,21.8868,13.0619,3.66345,-10.9035,49.5709,0,0,0,0,0,0,-2.75581,-0.0549232,2.40969,0.503318,-1.48837,0.819461
52,0.026,4,2,4,0,0,0,0,0,0,-16.6799,21.6013,13.1506,3.65803,-10.9498,49.0592,0,0,0,0,0,0,-2.75668,-0.0666593,2.41208,0.509736,-1.48887,0.808501
53,0.0265,4,2,4,0,0,0,0,0,0,-16.8196,21.3219,13.2392,3.652,-10.9963,48.5615,0,0,0,0,0,0,-2.7612,-0.0765072,2.41675,0.519333,-1.48995,0.804316
54,0.027,4,2,4,0,0,0,0,0,0,-16.9584,21.048,13.3261,3.64376,-11.0415,48.0766,0,0,0,0,0,0,-2.76316,-0.0889438,2.41794,0.523963,-1.48881,0.794087
55,0.0275,4,2,4,0,0,0,0,0,0,-17.0958,20.7778,13.4102,3.63128,-11.0845,47.6018,0,0,0,0,0,0,-2.76483,-0.102348,2.4182,0.5258,-1.48716,0.781605
56,0.028,4,2,4,0,0,0,0,0,0,-17.2328,20.5123,13.4932,3.61794,-11.1264,47.1394,0,0,0,0,0,0,-2.76889,-0.117834,2.41797,0.525933,-1.4842,0.769389
57,0.0285,4,2,4,0,0,0,0,0,0,-17.3693,20.2507,13.5753,3.60524,-11.1673,46.6873,0,0,0,0,0,0,-2.77081,-0.134053,2.41631,0.522591,-1.48094,0.753089
58,0.029,4,2,4,0,0,0,0,0,0,-17.5057,19.9927,13.6559,3.59231,-11.2066,46.2441,0,0,0,0,0,0,-2.76956,-0.149226,2.41526,0.521285,-1.47952,0.736459
59,0.0295,4,2,4,0,0,0,0,0,0,-17.6428,19.7382,13.7353,3.57979,-11.2441,45.8098,0,0,0,0,0,0,-2.76872,-0.162205,2.41725,0.522128,-1.481,0.720779
60,0.03,4,2,4,0,0,0,0,0,0,-17.7789,19.4847,13.8134,3.56695,-11.2805,45.3806,0,0,0,0,0,0,-2.76838,-0.174485,2.41908,0.523973,-1.48199,0.707403
61,0.0305,4,2,4,0,0,0,0,0,0,-17.9147,19.2332,13.891,3.55621,-11.3158,44.9581,0,0,0,0,0,0,-2.76864,-0.187075,2.42035,0.526289,-1.4822,0.697168
62,0.031,4,2,4,0,0,0,0,0,0,-18.05,18.9847,13.9653,3.54533,-11.3479,44.5428,0,0,0,0,0,0,-2.76825,-0.198485,2.42017,0.527404,-1.48139,0.687258
63,0.0315,4,2,4,0,0,0,0,0,0,-18.1851,18.7405,14.0364,3.53449,-11.3766,44.1378,0,0,0,0,0,0,-2.77061,-0.210534,2.42064,0.529814,-1.47987,0.678902
64,0.032,4,2,4,0,0,0,0,0,0,-18.3196,18.4996,14.1055,3.52389,-11.4033,43.7406,0,0,0,0,0,0,-2.77411,-0.225461,2.4231,0.533534,-1.47947,0.669981
65,0.0325,4,2,4,0,0,0,0,0,0,-18.453,18.262,14.173,3.51229,-11.4285,43.3513,0,0,0,0,0,0,-2.7794,-0.240164,2.42648,0.538568,-1.4791,0.662845
66,0.033,4,2,4,0,0,0,0,0,0,-18.5852,18.0279,14.2386,3.49861,-11.4525,42.9703,0,0,0,0,0,0,-2.78383,-0.251925,2.42845,0.544196,-1.47768,0.657715
67,0.0335,4,2,4,0,0,0,0,0,0,-18.7159,17.7958,14.3015,3.48138,-11.4745,42.5963,0,0,0,0,0,0,-2.78577,-0.26461,2.42856,0.544973,-1.47597,0.646318
68,0.034,4,2,4,0,0,0,0,0,0,-18.8455,17.5667,14.3637,3.46388,-11.4962,42.2294,0,0,0,0,0,0,-2.78859,-0.276466,2.42843,0.54549,-1.47386,0.636468
69,0.0345,4,2,4,0,0,0,0,0,0,-18.9746,17.3409,14.4277,3.4496,-11.5193,41.8696,0,0,0,0,0,0,-2.78886,-0.288807,2.42528,0.54283,-1.46991,0.622659
70,0.035,4,2,4,0,0,0,0,0,0,-19.1028,17.1167,14.4941,3.43822,-11.5448,41.5136,0,0,0,0,0,0,-2.78803,-0.302821,2.42025,0.537836,-1.46492,0.606364
71,0.0355,4,2,4,0,0,0,0,0,0,-19.2293,16.8948,14.5611,3.42819,-11.5719,41.1613,0,0,0,0,0,0,-2.78724,-0.320183,2.41497,0.531313,-1.45956,0.586633
72,0.036,4,2,4,0,0,0,0,0,0,-19.3543,16.6745,14.6282,3.41914,-11.6002,40.8124,0,0,0,0,0,0,-2.78817,-0.335856,2.41201,0.529278,-1.45535,0.572342
73,0.0365,4,2,4,0,0,0,0,0,0,-19.4774,16.4562,14.6956,3.41083,-11.6294,40.4667,0,0,0,0,0,0,-2.789,-0.350139,2.41206,0.531568,-1.45349,0.559543
74,0.037,4,2,4,0,0,0,0,0,0,-19.5996,16.2388,14.7618,3.40157,-11.6577,40.1237,0,0,0,0,0,0,-2.79101,-0.364407,2.41472,0.536353,-1.4532,0.547513
75,0.0375,4,2,4,0,0,0,0,0,0,-19.7195,16.0222,14.8261,3.3911,-11.6847,39.7813,0,0,0,0,0,0,-2.79578,-0.376424,2.41929,0.543798,-1.4536,0.541951
76,0.038,4,2,4,0,0,0,0,0,0,-19.8398,15.8082,14.889,3.38127,-11.7097,39.4456,0,0,0,0,0,0,-2.80038,-0.386024,2.42376,0.549902,-1.45451,0.537626
77,0.0385,4,2,4,0,0,0,0,0,0,-19.959,15.596,14.9497,3.37081,-11.7326,39.1139,0,0,0,0,0,0,-2.80498,-0.397624,2.42756,0.553198,-1.45516,0.529942
78,0.039,4,2,4,0,0,0,0,0,0,-20.0778,15.3856,15.0094,3.36099,-11.7541,38.7871,0,0,0,0,0,0,-2.80769,-0.408785,2.4291,0.555081,-1.45458,0.521275
79,0.0395,4,2,4,0,0,0,0,0,0,-20.1946,15.1755,15.0663,3.34929,-11.7734,38.462,0,0,0,0,0,0,-2.80812,-0.423685,2.42813,0.552913,-1.45269,0.508017
80,0.04,4,2,4,0,0,0,0,0,0,-20.3126,14.9676,15.1223,3.34026,-11.7907,38.1453,0,0,0,0,0,0,-2.80611,-0.43849,2.42589,0.552142,-1.45014,0.494642
81,0.0405,4,2,4,0,0,0,0,0,0,-20.4303,14.7612,15.1781,3.33355,-11.8077,37.8341,0,0,0,0,0,0,-2.80583,-0.451929,2.42375,0.552925,-1.4469,0.485719
82,0.041,4,2,4,0,0,0,0,0,0,-20.546,14.556,15.2329,3.32658,-11.8244,37.5261,0,0,0,0,0,0,-2.80467,-0.466024,2.42075,0.551477,-1.4433,0.474348
83,0.0415,4,2,4,0,0,0,0,0,0,-20.661,14.3527,15.2861,3.31839,-11.84,37.2234,0,0,0,0,0,0,-2.80195,-0.481454,2.41681,0.549119,-1.43951,0.45889
84,0.042,4,2,4,0,0,0,0,0,0,-20.776,14.1522,15.3371,3.30828,-11.8541,36.9269,0,0,0,0,0,0,-2.80433,-0.497123,2.4173,0.549893,-1.43785,0.446245
85,0.0425,4,2,4,0,0,0,0,0,0,-20.891,13.9535,15.3881,3.29825,-11.8684,36.6355,0,0,0,0,0,0,-2.80769,-0.511616,2.41859,0.551917,-1.43652,0.43426
86,0.043,4,2,4,0,0,0,0,0,0,-21.0047,13.756,15.4401,3.28797,-11.8841,36.3464,0,0,0,0,0,0,-2.81276,-0.524327,2.42177,0.557021,-1.43591,0.425571
87,0.0435,4,2,4,0,0,0,0,0,0,-21.119,13.5602,15.4924,3.2781,-11.8998,36.0627,0,0,0,0,0,0,-2.81694,-0.536164,2.42148,0.559863,-1.43233,0.419107
88,0.044,4,2,4,0,0,0,0,0,0,-21.2334,13.3647,15.543,3.26628,-11.9139,35.7813,0,0,0,0,0,0,-2.8212,-0.546097,2.41892,0.561425,-1.42699,0.415489
89,0.0445,4,2,4,0,0,0,0,0,0,-21.3487,13.1699,15.5923,3.25371,-11.9263,35.5035,0,0,0,0,0,0,-2.82318,-0.556143,2.41459,0.559951,-1.42125,0.409087
90,0.045,4,2,4,0,0,0,0,0,0,-21.4648,12.9758,15.6398,3.24001,-11.9365,35.2284,0,0,0,0,0,0,-2.82465,-0.566679,2.41406,0.5625,-1.41847,0.402619
91,0.0455,4,2,4,0,0,0,0,0,0,-21.582,12.7819,15.6857,3.22582,-11.9445,34.9569,0,0,0,0,0,0,-2.82497,-0.577954,2.41448,0.564173,-1.41695,0.392177
92,0.046,4,2,4,0,0,0,0,0,0,-21.6992,12.5883,15.7313,3.21269,-11.9519,34.6884,0,0,0,0,0,0,-2.82625,-0.590034,2.41638,0.568109,-1.41635,0.382768
93,0.0465,4,2,4,0,0,0,0,0,0,-21.814,12.3956,15.7775,3.20181,-11.9605,34.4207,0,0,0,0,0,0,-2.82407,-0.603382,2.41555,0.56653,-1.41518,0.365591
94,0.047,4,2,4,0,0,0,0,0,0,-21.9244,12.2038,15.8248,3.19402,-11.9712,34.1511,0,0,0,0,0,0,-2.82309,-0.616958,2.41657,0.565933,-1.41535,0.347589
95,0.0475,4,2,4,0,0,0,0,0,0,-22.0312,12.0128,15.8711,3.18669,-11.9823,33.8803,0,0,0,0,0,0,-2.82181,-0.629658,2.41561,0.563742,-1.4142,0.331747
96,0.048,4,2,4,0,0,0,0,0,0,-22.1351,11.8221,15.9147,3.17807,-11.9918,33.6099,0,0,0,0,0,0,-2.82433,-0.642021,2.41724,0.568405,-1.41293,0.325657
97,0.0485,4,2,4,0,0,0,0,0,0,-22.2374,11.6334,15.9572,3.17046,-12.0004,33.3427,0,0,0,0,0,0,-2.82879,-0.654651,2.41721,0.570434,-1.40978,0.322053
98,0.049,4,2,4,0,0,0,0,0,0,-22.3365,11.4465,15.9988,3.16285,-12.0091,33.0765,0,0,0,0,0,0,-2.83434,-0.668037,2.41525,0.570225,-1.40455,0.319222
99,0.0495,4,2,4,0,0,0,0,0,0,-22.4345,11.2613,16.0397,3.1552,-12.0178,32.8139,0,0,0,0,0,0,-2.8353,-0.682074,2.41151,0.568363,-1.39904,0.310819
100,0.05,4,2,4,0,0,0,0,0,0,-22.5324,11.0774,16.0808,3.14751,-12.0268,32.5551,0,0,0,0,0,0,-2.83375,-0.697863,2.40806,0.567041,-1.39466,0.296683
101,0.0505,4,2,4,0,0,0,0,0,0,-22.6317,10.8953,16.1237,3.14219,-12.0368,32.3031,0,0,0,0,0,0,-2.83335,-0.712407,2.4074,0.567757,-1.39264,0.283077
102,0.051,4,2,4,0,0,0,0,0,0,-22.7327,10.714,16.1676,3.13851,-12.047,32.0569,0,0,0,0,0,0,-2.83464,-0.725237,2.4082,0.570017,-1.39126,0.2721
103,0.0515,4,2,4,0,0,0,0,0,0,-22.834,10.5333,16.2101,3.13336,-12.0565,31.813,0,0,0,0,0,0,-2.83607,-0.736914,2.40781,0.570281,-1.38949,0.262139
104,0.052,4,2,4,0,0,0,0,0,0,-22.9338,10.3529,16.2514,3.1273,-12.0655,31.568,0,0,0,0,0,0,-2.83714,-0.747478,2.40717,0.571255,-1.38772,0.253386
105,0.0525,4,2,4,0,0,0,0,0,0,-23.0345,10.1728,16.2919,3.1214,-12.073,31.3253,0,0,0,0,0,0,-2.8347,-0.759429,2.40414,0.571793,-1.38425,0.241458
106,0.053,4,2,4,0,0,0,0,0,0,-23.1357,9.99175,16.332,3.11602,-12.0793,31.0842,0,0,0,0,0,0,-2.83329,-0.771114,2.4019,0.571775,-1.38105,0.230421
107,0.0535,4,2,4,0,0,0,0,0,0,-23.2362,9.81016,16.3709,3.11,-12.0845,30.8433,0,0,0,0,0,0,-2.83534,-0.782872,2.4011,0.572763,-1.37793,0.223706
108,0.054,4,2,4,0,0,0,0,0,0,-23.3345,9.6287,16.409,3.10449,-12.0892,30.601,0,0,0,0,0,0,-2.8352,-0.794586,2.39736,0.57176,-1.37288,0.216556
109,0.0545,4,2,4,0,0,0,0,0,0,-23.432,9.44752,16.447,3.09964,-12.0935,30.3601,0,0,0,0,0,0,-2.83578,-0.808732,2.39424,0.57125,-1.36819,0.208714
110,0.055,4,2,4,0,0,0,0,0,0,-23.5276,9.26662,16.4823,3.09227,-12.0961,30.1201,0,0,0,0,0,0,-2.83354,-0.82352,2.39051,0.568154,-1.36456,0.195543
111,0.0555,4,2,4,0,0,0,0,0,0,-23.6235,9.08735,16.517,3.08571,-12.0977,29.8856,0,0,0,0,0,0,-2.83357,-0.837611,2.38972,0.567416,-1.36255,0.184309
112,0.056,4,2,4,0,0,0,0,0,0,-23.72,8.9082,16.5498,3.0783,-12.0972,29.6548,0,0,0,0,0,0,-2.83295,-0.850409,2.38912,0.568693,-1.36055,0.174178
113,0.0565,4,2,4,0,0,0,0,0,0,-23.8166,8.73044,16.5803,3.06949,-12.0948,29.4273,0,0,0,0,0,0,-2.83486,-0.863355,2.3913,0.572836,-1.35969,0.165605
114,0.057,4,2,4,0,0,0,0,0,0,-23.9114,8.55406,16.609,3.05911,-12.0914,29.2002,0,0,0,0,0,0,-2.83794,-0.876945,2.39289,0.572743,-1.35852,0.154408
115,0.0575,4,2,4,0,0,0,0,0,0,-24.0056,8.37855,16.638,3.04954,-12.0888,28.9751,0,0,0,0,0,0,-2.83886,-0.889809,2.39246,0.571218,-1.35647,0.141978
116,0.058,4,2,4,0,0,0,0,0,0,-24.0992,8.20282,16.6658,3.03849,-12.0858,28.7512,0,0,0,0,0,0,-2.83893,-0.902845,2.38995,0.570669,-1.35259,0.131039
117,0.0585,4,2,4,0,0,0,0,0,0,-24.1928,8.02729,16.6927,3.02673,-12.0824,28.5292,0,0,0,0,0,0,-2.8388,-0.915018,2.38608,0.570827,-1.34759,0.12295
118,0.059,4,2,4,0,0,0,0,0,0,-24.2866,7.85169,16.7205,3.01618,-12.0798,28.3092,0,0,0,0,0,0,-2.83897,-0.926214,2.38192,0.570319,-1.34235,0.11656
119,0.0595,4,2,4,0,0,0,0,0,0,-24.3801,7.67612,16.7509,3.00917,-12.0787,28.0911,0,0,0,0,0,0,-2.83883,-0.937838,2.3788,0.571135,-1.33816,0.108949
120,0.06,4,2,4,0,0,0,0,0,0,-24.4738,7.50135,16.7816,3.00313,-12.0775,27.8759,0,0,0,0,0,0,-2.83753,-0.949827,2.3769,0.573564,-1.33514,0.0997038
121,0.0605,4,2,4,0,0,0,0,0,0,-24.5654,7.32714,16.812,2.99724,-12.0762,27.6603,0,0,0,0,0,0,-2.83712,-0.962743,2.37526,0.575079,-1.33208,0.0898111
122,0.061,4,2,4,0,0,0,0,0,0,-24.6568,7.15336,16.8432,2.99365,-12.0747,27.4464,0,0,0,0,0,0,-2.83991,-0.975446,2.37532,0.577192,-1.32933,0.0834578
123,0.0615,4,2,4,0,0,0,0,0,0,-24.7454,6.97981,16.8738,2.99004,-12.0732,27.23,0,0,0,0,0,0,-2.83877,-0.987727,2.37215,0.575396,-1.32532,0.0732402
124,0.062,4,2,4,0,0,0,0,0,0,-24.8295,6.80565,16.901,2.98223,-12.0706,27.0084,0,0,0,0,0,0,-2.83775,-1.00232,2.36973,0.572395,-1.32212,0.0595649
125,0.0625,4,2,4,0,0,0,0,0,0,-24.9112,6.63182,16.9254,2.97205,-12.0669,26.7846,0,0,0,0,0,0,-2.83423,-1.01649,2.36566,0.569047,-1.31826,0.0445163
126,0.063,4,2,4,0,0,0,0,0,0,-24.9932,6.45839,16.9489,2.96196,-12.0626,26.5632,0,0,0,0,0,0,-2.83067,-1.02972,2.3629,0.568595,-1.31508,0.0290463
127,0.0635,4,2,4,0,0,0,0,0,0,-25.0756,6.28517,16.9713,2.95109,-12.0573,26.3437,0,0,0,0,0,0,-2.82886,-1.04159,2.36136,0.569826,-1.31227,0.0170192
128,0.064,4,2,4,0,0,0,0,0,0,-25.1576,6.1128,16.9932,2.94107,-12.0518,26.1262,0,0,0,0,0,0,-2.83005,-1.05264,2.36048,0.571407,-1.3094,0.0104221
129,0.0645,4,2,4,0,0,0,0,0,0,-25.243,5.94254,17.0163,2.9348,-12.0455,25.9167,0,0,0,0,0,0,-2.83139,-1.06366,2.35978,0.572769,-1.30673,0.00306863
130,0.065,4,2,4,0,0,0,0,0,0,-25.33,5.77411,17.0394,2.93048,-12.0386,25.7126,0,0,0,0,0,0,-2.83245,-1.07389,2.35818,0.57382,-1.30342,-0.00456432
131,0.0655,4,2,4,0,0,0,0,0,0,-25.4188,5.60619,17.064,2.92932,-12.0319,25.5139,0,0,0,0,0,0,-2.83685,-1.08769,2.35706,0.575111,-1.29925,-0.00857056
132,0.066,4,2,4,0,0,0,0,0,0,-25.508,5.43846,17.0907,2.93137,-12.0265,25.3185,0,0,0,0,0,0,-2.83775,-1.10017,2.35325,0.57409,-1.29429,-0.0155299
133,0.0665,4,2,4,0,0,0,0,0,0,-25.5927,5.2708,17.1171,2.93324,-12.0219,25.1195,0,0,0,0,0,0,-2.83602,-1.11226,2.34921,0.57241,-1.29017,-0.0259382
134,0.067,4,2,4,0,0,0,0,0,0,-25.6738,5.10346,17.1425,2.93479,-12.0176,24.9175,0,0,0,0,0,0,-2.83231,-1.12388,2.34472,0.571469,-1.28584,-0.0382479
135,0.0675,4,2,4,0,0,0,0,0,0,-25.7509,4.93512,17.1658,2.93428,-12.0128,24.7115,0,0,0,0,0,0,-2.83018,-1.13571,2.34186,0.572678,-1.28171,-0.0492417
136,0.068,4,2,4,0,0,0,0,0,0,-25.8247,4.76574,17.1859,2.9297,-12.0067,24.502,0,0,0,0,0,0,-2.82545,-1.1484,2.33706,0.570177,-1.27713,-0.0655484
137,0.0685,4,2,4,0,0,0,0,0,0,-25.8967,4.59613,17.2016,2.9192,-11.9985,24.2912,0,0,0,0,0,0,-2.82439,-1.16135,2.33584,0.572179,-1.27403,-0.0760506
138,0.069,4,2,4,0,0,0,0,0,0,-25.9702,4.42719,17.2172,2.90851,-11.9898,24.0835,0,0,0,0,0,0,-2.82364,-1.17456,2.33287,0.571325,-1.27002,-0.0862145
139,0.0695,4,2,4,0,0,0,0,0,0,-26.0468,4.25945,17.235,2.90113,-11.9817,23.8818,0,0,0,0,0,0,-2.82662,-1.18763,2.33233,0.572759,-1.26666,-0.0910917
140,0.07,4,2,4,0,0,0,0,0,0,-26.1255,4.09244,17.2542,2.89588,-11.9739,23.6846,0,0,0,0,0,0,-2.82914,-1.20086,2.33171,0.574166,-1.26342,-0.0974076
141,0.0705,4,2,4,0,0,0,0,0,0,-26.2062,3.9257,17.2732,2.89133,-11.9655,23.4926,0,0,0,0,0,0,-2.8308,-1.21322,2.33113,0.576671,-1.26042,-0.104138
142,0.071,4,2,4,0,0,0,0,0,0,-26.2879,3.75963,17.2922,2.88806,-11.9564,23.3044,0,0,0,0,0,0,-2.82767,-1.22617,2.32726,0.576673,-1.25646,-0.115454
143,0.0715,4,2,4,0,0,0,0,0,0,-26.3683,3.59357,17.3108,2.88541,-11.9468,23.1158,0,0,0,0,0,0,-2.82438,-1.23862,2.32215,0.573245,-1.25215,-0.128927
144,0.072,4,2,4,0,0,0,0,0,0,-26.4471,3.42762,17.329,2.88342,-11.9369,22.9271,0,0,0,0,0,0,-2.82235,-1.2513,2.31869,0.572107,-1.24848,-0.139505
145,0.0725,4,2,4,0,0,0,0,0,0,-26.5235,3.26142,17.3466,2.88149,-11.9265,22.7371,0,0,0,0,0,0,-2.82259,-1.26479,2.31542,0.571527,-1.24384,-0.146626
146,0.073,4,2,4,0,0,0,0,0,0,-26.5967,3.09503,17.3617,2.87689,-11.9148,22.5441,0,0,0,0,0,0,-2.82002,-1.27732,2.30912,0.566097,-1.23822,-0.158942
147,0.0735,4,2,4,0,0,0,0,0,0,-26.6663,2.92818,17.3731,2.86811,-11.9014,22.3477,0,0,0,0,0,0,-2.81672,-1.2907,2.30338,0.560231,-1.23332,-0.171773
148,0.074,4,2,4,0,0,0,0,0,0,-26.7351,2.76174,17.3826,2.85835,-11.8869,22.1526,0,0,0,0,0,0,-2.81656,-1.30476,2.30117,0.558338,-1.23002,-0.180551
149,0.0745,4,2,4,0,0,0,0,0,0,-26.8065,2.5966,17.3926,2.85055,-11.8723,21.9636,0,0,0,0,0,0,-2.81485,-1.31703,2.30004,0.561045,-1.22692,-0.187659
150,0.075,4,2,4,0,0,0,0,0,0,-26.8783,2.43152,17.4035,2.8438,-11.8583,21.7767,0,0,0,0,0,0,-2.81416,-1.32961,2.29892,0.565902,-1.22311,-0.192614
151,0.0755,4,2,4,0,0,0,0,0,0,-26.9514,2.26709,17.4148,2.8375,-11.8446,21.5929,0,0,0,0,0,0,-2.8152,-1.34236,2.29852,0.570266,-1.21974,-0.196954
152,0.076,4,2,4,0,0,0,0,0,0,-27.0254,2.10375,17.4279,2.8336,-11.8321,21.412,0,0,0,0,0,0,-2.81362,-1.35308,2.29534,0.56914,-1.21645,-0.20642
153,0.0765,4,2,4,0,0,0,0,0,0,-27.0989,1.94092,17.4389,2.82684,-11.8185,21.231,0,0,0,0,0,0,-2.8123,-1.36322,2.29224,0.567787,-1.21328,-0.215701
154,0.077,4,2,4,0,0,0,0,0,0,-27.1723,1.77872,17.4497,2.82062,-11.8039,21.0521,0,0,0,0,0,0,-2.80998,-1.37261,2.28686,0.565324,-1.20853,-0.224573
155,0.0775,4,2,4,0,0,0,0,0,0,-27.2451,1.6165,17.4616,2.81677,-11.7896,20.8745,0,0,0,0,0,0,-2.80843,-1.38272,2.28213,0.564628,-1.20368,-0.231155
156,0.078,4,2,4,0,0,0,0,0,0,-27.3147,1.45318,17.4724,2.81116,-11.7752,20.6934,0,0,0,0,0,0,-2.80858,-1.39592,2.2793,0.563498,-1.1996,-0.239362
157,0.0785,4,2,4,0,0,0,0,0,0,-27.3815,1.28909,17.4813,2.80352,-11.7604,20.5097,0,0,0,0,0,0,-2.80778,-1.40953,2.2749,0.559776,-1.1946,-0.249859
158,0.079,4,2,4,0,0,0,0,0,0,-27.4478,1.1261,17.4902,2.7976,-11.7455,20.3279,0,0,0,0,0,0,-2.8056,-1.42208,2.26941,0.555138,-1.1893,-0.260651
159,0.0795,4,2,4,0,0,0,0,0,0,-27.5134,0.963226,17.4985,2.79194,-11.7306,20.1466,0,0,0,0,0,0,-2.80269,-1.4335,2.26493,0.553086,-1.18455,-0.270019
160,0.08,4,2,4,0,0,0,0,0,0,-27.5788,0.800741,17.5068,2.78661,-11.7163,19.9665,0,0,0,0,0,0,-2.80101,-1.44473,2.2617,0.552193,-1.18038,-0.278099
161,0.0805,4,2,4,0,0,0,0,0,0,-27.6446,0.640046,17.5169,2.78461,-11.7032,19.7896,0,0,0,0,0,0,-2.80251,-1.45645,2.26133,0.554294,-1.17736,-0.284771
162,0.081,4,2,4,0,0,0,0,0,0,-27.7096,0.480441,17.5264,2.78324,-11.6896,19.6145,0,0,0,0,0,0,-2.80311,-1.46766,2.26163,0.559874,-1.17458,-0.291347
163,0.0815,4,2,4,0,0,0,0,0,0,-27.7747,0.321089,17.5331,2.77949,-11.6739,19.4412,0,0,0,0,0,0,-2.80117,-1.47892,2.25914,0.563095,-1.17047,-0.300588
164,0.082,4,2,4,0,0,0,0,0,0,-27.8413,0.161884,17.5384,2.77456,-11.6568,19.2709,0,0,0,0,0,0,-2.80077,-1.49004,2.25572,0.565199,-1.16548,-0.306048
165,0.0825,4,2,4,0,0,0,0,0,0,-27.9077,0.00220172,17.5437,2.76979,-11.6398,19.1017,0,0,0,0,0,0,-2.79859,-1.50119,2.25165,0.565279,-1.16094,-0.314033
166,0.083,4,2,4,0,0,0,0,0,0,-27.9716,-0.158269,17.5495,2.76488,-11.6238,18.9308,0,0,0,0,0,0,-2.79389,-1.51228,2.24375,0.55941,-1.1548,-0.324373
167,0.0835,4,2,4,0,0,0,0,0,0,-28.0318,-0.318201,17.5555,2.76103,-11.6085,18.7583,0,0,0,0,0,0,-2.787,-1.52429,2.23426,0.550555,-1.14864,-0.338418
168,0.084,4,2,4,0,0,0,0,0,0,-28.0902,-0.477724,17.5621,2.75931,-11.594,18.587,0,0,0,0,0,0,-2.78202,-1.53755,2.22904,0.547581,-1.14433,-0.349755
169,0.0845,4,2,4,0,0,0,0,0,0,-28.144,-0.638535,17.5666,2.75485,-11.5795,18.4102,0,0,0,0,0,0,-2.77825,-1.55078,2.22579,0.548131,-1.14038,-0.358669
170,0.085,4,2,4,0,0,0,0,0,0,-28.1978,-0.799803,17.5696,2.74937,-11.5641,18.2335,0,0,0,0,0,0,-2.77286,-1.56291,2.22171,0.548472,-1.13633,-0.37027
171,0.0855,4,2,4,0,0,0,0,0,0,-28.2522,-0.959826,17.5736,2.74679,-11.5484,18.0587,0,0,0,0,0,0,-2.76992,-1.57411,2.21884,0.549719,-1.13265,-0.380569
172,0.086,4,2,4,0,0,0,0,0,0,-28.306,-1.11836,17.5777,2.74628,-11.532,17.8848,0,0,0,0,0,0,-2.76763,-1.58444,2.21691,0.552793,-1.12946,-0.388563
173,0.0865,4,2,4,0,0,0,0,0,0,-28.3607,-1.27742,17.5805,2.74497,-11.5144,17.7123,0,0,0,0,0,0,-2.76489,-1.59553,2.21284,0.552668,-1.12565,-0.397413
174,0.087,4,2,4,0,0,0,0,0,0,-28.4169,-1.43735,17.581,2.74095,-11.4949,17.5411,0,0,0,0,0,0,-2.76038,-1.60782,2.20592,0.547782,-1.12064,-0.410065
175,0.0875,4,2,4,0,0,0,0,0,0,-28.474,-1.59825,17.5796,2.73484,-11.4738,17.3714,0,0,0,0,0,0,-2.75671,-1.62133,2.20185,0.546684,-1.11678,-0.420564
176,0.088,4,2,4,0,0,0,0,0,0,-28.5315,-1.75891,17.5778,2.72901,-11.4519,17.2032,0,0,0,0,0,0,-2.75555,-1.63428,2.19857,0.547019,-1.11222,-0.426687
177,0.0885,4,2,4,0,0,0,0,0,0,-28.5885,-1.91828,17.5769,2.72532,-11.4302,17.0368,0,0,0,0,0,0,-2.75364,-1.64712,2.19516,0.545833,-1.10827,-0.435735
178,0.089,4,2,4,0,0,0,0,0,0,-28.6428,-2.0774,17.5759,2.7216,-11.4094,16.8679,0,0,0,0,0,0,-2.74971,-1.6595,2.19035,0.541858,-1.10455,-0.447709
179,0.0895,4,2,4,0,0,0,0,0,0,-28.6938,-2.2361,17.5728,2.71477,-11.3883,16.6969,0,0,0,0,0,0,-2.74581,-1.67113,2.18696,0.540633,-1.10128,-0.458912
180,0.09,4,2,4,0,0,0,0,0,0,-28.746,-2.39475,17.57,2.70909,-11.367,16.5298,0,0,0,0,0,0,-2.74026,-1.68119,2.18244,0.538632,-1.09788,-0.471849
181,0.0905,4,2,4,0,0,0,0,0,0,-28.7997,-2.5509,17.5688,2.70699,-11.3459,16.3675,0,0,0,0,0,0,-2.73465,-1.68975,2.17505,0.534752,-1.09276,-0.482277
182,0.091,4,2,4,0,0,0,0,0,0,-28.8531,-2.70508,17.5697,2.70898,-11.3263,16.2068,0,0,0,0,0,0,-2.73508,-1.70071,2.16989,0.531984,-1.08744,-0.487083
183,0.0915,4,2,4,0,0,0,0,0,0,-28.9069,-2.85959,17.5709,2.71074,-11.3069,16.048,0,0,0,0,0,0,-2.74074,-1.71148,2.17053,0.538449,-1.08317,-0.483852
184,0.092,4,2,4,0,0,0,0,0,0,-28.9619,-3.0155,17.5699,2.7093,-11.2861,15.8912,0,0,0,0,0,0,-2.74689,-1.72219,2.17335,0.547695,-1.07966,-0.481065
185,0.0925,4,2,4,0,0,0,0,0,0,-29.0189,-3.17117,17.5671,2.70667,-11.2636,15.7393,0,0,0,0,0,0,-2.74775,-1.73091,2.17123,0.550325,-1.07501,-0.484305
186,0.093,4,2,4,0,0,0,0,0,0,-29.0762,-3.32654,17.5641,2.70417,-11.2409,15.59,0,0,0,0,0,0,-2.74328,-1.73939,2.16444,0.547883,-1.06914,-0.492553
187,0.0935,4,2,4,0,0,0,0,0,0,-29.1289,-3.48165,17.5606,2.70096,-11.2196,15.4361,0,0,0,0,0,0,-2.73917,-1.74942,2.1563,0.543729,-1.06242,-0.499973
188,0.094,4,2,4,0,0,0,0,0,0,-29.1758,-3.63661,17.5556,2.6955,-11.1995,15.2759,0,0,0,0,0,0,-2.73275,-1.76053,2.14823,0.538726,-1.0566,-0.512291
189,0.0945,4,2,4,0,0,0,0,0,0,-29.2194,-3.79132,17.5495,2.68906,-11.18,15.1128,0,0,0,0,0,0,-2.72796,-1.77328,2.14194,0.534667,-1.05151,-0.524854
190,0.095,4,2,4,0,0,0,0,0,0,-29.2626,-3.94464,17.5442,2.68542,-11.161,14.9525,0,0,0,0,0,0,-2.72294,-1.78442,2.13528,0.53228,-1.04618,-0.535328
191,0.0955,4,2,4,0,0,0,0,0,0,-29.3052,-4.09689,17.5392,2.68366,-11.142,14.7938,0,0,0,0,0,0,-2.72055,-1.79589,2.13098,0.535207,-1.04085,-0.539289
192,0.096,4,2,4,0,0,0,0,0,0,-29.3479,-4.24875,17.534,2.68292,-11.1223,14.6366,0,0,0,0,0,0,-2.71543,-1.80657,2.12455,0.537311,-1.03473,-0.544498
193,0.0965,4,2,4,0,0,0,0,0,0,-29.3926,-4.40168,17.5284,2.68285,-11.1011,14.4835,0,0,0,0,0,0,-2.71015,-1.81734,2.11943,0.53892,-1.02984,-0.552023
194,0.097,4,2,4,0,0,0,0,0,0,-29.44,-4.55537,17.5212,2.68083,-11.0783,14.336,0,0,0,0,0,0,-2.7043,-1.82872,2.11538,0.539924,-1.02578,-0.562755
195,0.0975,4,2,4,0,0,0,0,0,0,-29.4893,-4.70934,17.5126,2.67829,-11.054,14.1931,0,0,0,0,0,0,-2.69798,-1.84085,2.111,0.539773,-1.02154,-0.574108
196,0.098,4,2,4,0,0,0,0,0,0,-29.5352,-4.86388,17.5024,2.67426,-11.0296,14.0467,0,0,0,0,0,0,-2.69173,-1.85236,2.10354,0.53556,-1.01606,-0.583963
197,0.0985,4,2,4,0,0,0,0,0,0,-29.5743,-5.01909,17.4894,2.66706,-11.005,13.8919,0,0,0,0,0,0,-2.68284,-1.86533,2.09301,0.526893,-1.01006,-0.598252
198,0.099,4,2,4,0,0,0,0,0,0,-29.6094,-5.17426,17.4748,2.65794,-10.9802,13.7319,0,0,0,0,0,0,-2.67218,-1.87799,2.0819,0.517917,-1.00417,-0.615164
199,0.0995,4,2,4,0,0,0,0,0,0,-29.6436,-5.32811,17.4606,2.65007,-10.9556,13.5707,0,0,0,0,0,0,-2.6679,-1.89117,2.07716,0.516072,-1.00059,-0.625513
200,0.1,4,2,4,0,0,0,0,0,0,-29.6767,-5.48053,17.4449,2.64154,-10.9302,13.409,0,0,0,0,0,0,-2.66328,-1.9036,2.07239,0.514107,-0.997087,-0.636438
201,0.1005,4,2,4,0,0,0,0,0,0,-29.7121,-5.63212,17.4298,2.6351,-10.9038,13.2507,0,0,0,0,0,0,-2.65663,-1.91409,2.06589,0.509703,-0.993522,-0.650665
202,0.101,4,2,4,0,0,0,0,0,0,-29.7523,-5.7837,17.4172,2.63193,-10.8769,13.0986,0,0,0,0,0,0,-2.65498,-1.92477,2.06452,0.512144,-0.991123,-0.657354
203,0.1015,4,2,4,0,0,0,0,0,0,-29.8009,-5.93514,17.4081,2.63145,-10.8504,12.956,0,0,0,0,0,0,-2.65828,-1.9348,2.06759,0.519714,-0.989484,-0.657619
204,0.102,4,2,4,0,0,0,0,0,0,-29.8579,-6.08659,17.4024,2.63167,-10.8246,12.8218,0,0,0,0,0,0,-2.66274,-1.94381,2.07074,0.526772,-0.987293,-0.656832
205,0.1025,4,2,4,0,0,0,0,0,0,-29.9178,-6.23817,17.3988,2.63307,-10.8,12.691,0,0,0,0,0,0,-2.66414,-1.9525,2.06965,0.526649,-0.984451,-0.663247
206,0.103,4,2,4,0,0,0,0,0,0,-29.9742,-6.39048,17.3953,2.63304,-10.7767,12.5557,0,0,0,0,0,0,-2.66415,-1.96054,2.06595,0.524588,-0.980317,-0.669878
207,0.1035,4,2,4,0,0,0,0,0,0,-30.0265,-6.54303,17.3916,2.63244,-10.7544,12.4161,0,0,0,0,0,0,-2.66606,-1.96902,2.06225,0.521376,-0.976484,-0.674111
208,0.104,4,2,4,0,0,0,0,0,0,-30.0735,-6.69318,17.389,2.63346,-10.7339,12.2713,0,0,0,0,0,0,-2.66773,-1.97851,2.0575,0.515183,-0.972358,-0.680991
209,0.1045,4,2,4,0,0,0,0,0,0,-30.1162,-6.84144,17.3865,2.63478,-10.7152,12.1237,0,0,0,0,0,0,-2.66696,-1.98711,2.05286,0.510665,-0.967807,-0.690594
210,0.105,4,2,4,0,0,0,0,0,0,-30.1564,-6.98933,17.3829,2.63631,-10.6967,11.9773,0,0,0,0,0,0,-2.66773,-1.99681,2.0514,0.513463,-0.963141,-0.693998
211,0.1055,4,2,4,0,0,0,0,0,0,-30.1954,-7.1375,17.3776,2.63892,-10.677,11.835,0,0,0,0,0,0,-2.66879,-2.00633,2.05193,0.521227,-0.959165,-0.693013
212,0.106,4,2,4,0,0,0,0,0,0,-30.2339,-7.28511,17.3713,2.64226,-10.6569,11.696,0,0,0,0,0,0,-2.66395,-2.01466,2.04762,0.525061,-0.953891,-0.69585
213,0.1065,4,2,4,0,0,0,0,0,0,-30.2697,-7.43277,17.3626,2.64401,-10.637,11.5568,0,0,0,0,0,0,-2.65333,-2.02129,2.03914,0.524534,-0.947722,-0.704786
214,0.107,4,2,4,0,0,0,0,0,0,-30.3013,-7.58138,17.3506,2.64333,-10.6168,11.4161,0,0,0,0,0,0,-2.64203,-2.02885,2.02973,0.523186,-0.940974,-0.713687
215,0.1075,4,2,4,0,0,0,0,0,0,-30.3287,-7.73113,17.3342,2.6397,-10.5951,11.2736,0,0,0,0,0,0,-2.62698,-2.03594,2.01539,0.515791,-0.933314,-0.726505
216,0.108,4,2,4,0,0,0,0,0,0,-30.3533,-7.88095,17.3154,2.63589,-10.5714,11.1304,0,0,0,0,0,0,-2.6141,-2.04531,2.00133,0.508347,-0.925314,-0.736843
217,0.1085,4,2,4,0,0,0,0,0,0,-30.3766,-8.02874,17.2966,2.63328,-10.547,10.9863,0,0,0,0,0,0,-2.60482,-2.05599,1.9896,0.502896,-0.917803,-0.745024
218,0.109,4,2,4,0,0,0,0,0,0,-30.3979,-8.17448,17.2781,2.6316,-10.5224,10.8403,0,0,0,0,0,0,-2.60101,-2.06735,1.98293,0.50245,-0.911668,-0.748697
219,0.1095,4,2,4,0,0,0,0,0,0,-30.4226,-8.32039,17.2613,2.63199,-10.4971,10.6989,0,0,0,0,0,0,-2.59504,-2.07849,1.97585,0.502729,-0.904762,-0.752481
220,0.11,4,2,4,0,0,0,0,0,0,-30.4524,-8.46698,17.2446,2.63298,-10.4699,10.5648,0,0,0,0,0,0,-2.58366,-2.08911,1.967,0.500682,-0.8988,-0.763057
221,0.1105,4,2,4,0,0,0,0,0,0,-30.4831,-8.61211,17.2259,2.63343,-10.4407,10.4356,0,0,0,0,0,0,-2.57804,-2.10179,1.96264,0.503262,-0.893728,-0.767157
222,0.111,4,2,4,0,0,0,0,0,0,-30.509,-8.75657,17.2029,2.63164,-10.4101,10.3052,0,0,0,0,0,0,-2.5744,-2.11564,1.95974,0.506737,-0.889385,-0.771955
223,0.1115,4,2,4,0,0,0,0,0,0,-30.5279,-8.90167,17.1738,2.62481,-10.3781,10.1699,0,0,0,0,0,0,-2.56614,-2.12764,1.95313,0.505389,-0.884821,-0.783015
224,0.112,4,2,4,0,0,0,0,0,0,-30.5413,-9.04732,17.1396,2.61428,-10.3445,10.0315,0,0,0,0,0,0,-2.55671,-2.13989,1.94489,0.501562,-0.880584,-0.79514
225,0.1125,4,2,4,0,0,0,0,0,0,-30.5488,-9.1919,17.1013,2.60184,-10.3097,9.88908,0,0,0,0,0,0,-2.5434,-2.14973,1.93405,0.496785,-0.875476,-0.80772
226,0.113,4,2,4,0,0,0,0,0,0,-30.5517,-9.3341,17.0615,2.59025,-10.2745,9.74276,0,0,0,0,0,0,-2.53036,-2.15945,1.91981,0.488466,-0.868275,-0.819468
227,0.1135,4,2,4,0,0,0,0,0,0,-30.5533,-9.47398,17.0221,2.58025,-10.2394,9.59503,0,0,0,0,0,0,-2.51848,-2.16854,1.90683,0.480647,-0.862108,-0.833108
228,0.114,4,2,4,0,0,0,0,0,0,-30.5586,-9.61388,16.9874,2.57411,-10.2058,9.45069,0,0,0,0,0,0,-2.50848,-2.17671,1.89554,0.473969,-0.855918,-0.846041
229,0.1145,4,2,4,0,0,0,0,0,0,-30.5748,-9.75414,16.9604,2.57402,-10.1739,9.31728,0,0,0,0,0,0,-2.50453,-2.1859,1.88928,0.473676,-0.849699,-0.851334
230,0.115,4,2,4,0,0,0,0,0,0,-30.5998,-9.89261,16.939,2.57615,-10.1439,9.19007,0,0,0,0,0,0,-2.5021,-2.19542,1.88565,0.473418,-0.845504,-0.859657
231,0.1155,4,2,4,0,0,0,0,0,0,-30.6346,-10.0309,16.9235,2.57994,-10.1164,9.06784,0,0,0,0,0,0,-2.50213,-2.20514,1.88475,0.473076,-0.843703,-0.869627
232,0.116,4,2,4,0,0,0,0,0,0,-30.6811,-10.1706,16.916,2.58611,-10.0932,8.94973,0,0,0,0,0,0,-2.51057,-2.21373,1.88989,0.477848,-0.843528,-0.872964
233,0.1165,4,2,4,0,0,0,0,0,0,-30.7408,-10.3136,16.9182,2.59503,-10.0745,8.83683,0,0,0,0,0,0,-2.53041,-2.22402,1.90169,0.48743,-0.844771,-0.867747
234,0.117,4,2,4,0,0,0,0,0,0,-30.807,-10.4584,16.9268,2.60536,-10.0594,8.72623,0,0,0,0,0,0,-2.54916,-2.23375,1.91053,0.492733,-0.845032,-0.862574
235,0.1175,4,2,4,0,0,0,0,0,0,-30.8663,-10.6026,16.9343,2.61515,-10.0456,8.61075,0,0,0,0,0,0,-2.55887,-2.24069,1.91372,0.494598,-0.844258,-0.862307
236,0.118,4,2,4,0,0,0,0,0,0,-30.9127,-10.7455,16.9361,2.62247,-10.0313,8.48779,0,0,0,0,0,0,-2.56156,-2.24716,1.91191,0.494472,-0.841172,-0.864054
237,0.1185,4,2,4,0,0,0,0,0,0,-30.9502,-10.8899,16.9326,2.62817,-10.0152,8.36307,0,0,0,0,0,0,-2.55934,-2.2537,1.90795,0.495413,-0.836805,-0.866079
238,0.119,4,2,4,0,0,0,0,0,0,-30.9836,-11.035,16.9242,2.63255,-9.99609,8.24159,0,0,0,0,0,0,-2.55296,-2.26286,1.90048,0.492855,-0.831459,-0.873123
239,0.1195,4,2,4,0,0,0,0,0,0,-31.0089,-11.1765,16.9078,2.63269,-9.97345,8.11722,0,0,0,0,0,0,-2.54461,-2.27355,1.89177,0.490212,-0.824991,-0.881191
240,0.12,4,2,4,0,0,0,0,0,0,-31.0286,-11.3163,16.8862,2.63162,-9.94785,7.99299,0,0,0,0,0,0,-2.53292,-2.28127,1.88063,0.487531,-0.817619,-0.888916
241,0.1205,4,2,4,0,0,0,0,0,0,-31.0439,-11.4564,16.8587,2.62782,-9.91966,7.86801,0,0,0,0,0,0,-2.51369,-2.28547,1.86333,0.478652,-0.809558,-0.903129
242,0.121,4,2,4,0,0,0,0,0,0,-31.0577,-11.5983,16.8268,2.62201,-9.88947,7.74343,0,0,0,0,0,0,-2.49886,-2.2926,1.84881,0.473363,-0.801762,-0.910536
243,0.1215,4,2,4,0,0,0,0,0,0,-31.0691,-11.7386,16.7923,2.61532,-9.85814,7.61795,0,0,0,0,0,0,-2.48812,-2.30035,1.8371,0.472778,-0.793841,-0.911631
244,0.122,4,2,4,0,0,0,0,0,0,-31.0768,-11.8754,16.7569,2.60996,-9.82599,7.48908,0,0,0,0,0,0,-2.47759,-2.3079,1.82526,0.469805,-0.78703,-0.915163
245,0.1225,4,2,4,0,0,0,0,0,0,-31.0827,-12.0108,16.7225,2.60803,-9.7937,7.35984,0,0,0,0,0,0,-2.46526,-2.31556,1.81482,0.467877,-0.78143,-0.921567
246,0.123,4,2,4,0,0,0,0,0,0,-31.0915,-12.1482,16.6909,2.61129,-9.76115,7.23664,0,0,0,0,0,0,-2.45394,-2.32408,1.80573,0.467981,-0.775183,-0.927464
247,0.1235,4,2,4,0,0,0,0,0,0,-31.1013,-12.2858,16.6585,2.61417,-9.72788,7.11669,0,0,0,0,0,0,-2.44449,-2.33367,1.79872,0.46961,-0.769021,-0.932545
248,0.124,4,2,4,0,0,0,0,0,0,-31.1101,-12.4205,16.6241,2.61395,-9.69449,6.99633,0,0,0,0,0,0,-2.43372,-2.34301,1.78983,0.466641,-0.762864,-0.941853
249,0.1245,4,2,4,0,0,0,0,0,0,-31.1184,-12.5524,16.5883,2.61187,-9.66067,6.87681,0,0,0,0,0,0,-2.4241,-2.35066,1.78143,0.463952,-0.756999,-0.951523
250,0.125,4,2,4,0,0,0,0,0,0,-31.1262,-12.6838,16.5515,2.60795,-9.62669,6.75862,0,0,0,0,0,0,-2.41896,-2.35868,1.77343,0.461612,-0.750313,-0.958343
251,0.1255,4,2,4,0,0,0,0,0,0,-31.1356,-12.8176,16.5146,2.60247,-9.59304,6.64295,0,0,0,0,0,0,-2.41632,-2.36809,1.76712,0.459816,-0.745483,-0.963473
252,0.126,4,2,4,0,0,0,0,0,0,-31.1451,-12.9504,16.4782,2.59539,-9.5611,6.52567,0,0,0,0,0,0,-2.41446,-2.37677,1.76095,0.458615,-0.740631,-0.964791
253,0.1265,4,2,4,0,0,0,0,0,0,-31.1559,-13.08,16.4469,2.59343,-9.53217,6.40799,0,0,0,0,0,0,-2.41594,-2.38479,1.75728,0.459355,-0.736083,-0.961855
254,0.127,4,2,4,0,0,0,0,0,0,-31.1702,-13.2095,16.4213,2.59722,-9.50526,6.292,0,0,0,0,0,0,-2.41495,-2.39052,1.75436,0.460139,-0.732842,-0.964195
255,0.1275,4,2,4,0,0,0,0,0,0,-31.19,-13.342,16.4003,2.60559,-9.47921,6.18162,0,0,0,0,0,0,-2.41312,-2.39664,1.75102,0.461045,-0.729069,-0.967515
256,0.128,4,2,4,0,0,0,0,0,0,-31.2118,-13.4751,16.3804,2.61457,-9.45357,6.07366,0,0,0,0,0,0,-2.41092,-2.40426,1.74914,0.463953,-0.725542,-0.971737
257,0.1285,4,2,4,0,0,0,0,0,0,-31.2334,-13.6081,16.3606,2.62218,-9.42825,5.96519,0,0,0,0,0,0,-2.40815,-2.41551,1.74564,0.462185,-0.723048,-0.979654
258,0.129,4,2,4,0,0,0,0,0,0,-31.252,-13.7383,16.338,2.62656,-9.4022,5.8546,0,0,0,0,0,0,-2.40352,-2.42417,1.73878,0.45839,-0.719249,-0.987535
259,0.1295,4,2,4,0,0,0,0,0,0,-31.2686,-13.869,16.3132,2.62881,-9.37504,5.74408,0,0,0,0,0,0,-2.39858,-2.43105,1.73197,0.45639,-0.714098,-0.992315
260,0.13,4,2,4,0,0,0,0,0,0,-31.2832,-14.0025,16.2851,2.62709,-9.34663,5.63323,0,0,0,0,0,0,-2.39214,-2.4388,1.72313,0.452029,-0.708342,-0.997049
261,0.1305,4,2,4,0,0,0,0,0,0,-31.2934,-14.135,16.2518,2.61921,-9.31747,5.51874,0,0,0,0,0,0,-2.38247,-2.44531,1.71148,0.444472,-0.702836,-1.00522
262,0.131,4,2,4,0,0,0,0,0,0,-31.3013,-14.2641,16.2204,2.61465,-9.28973,5.40462,0,0,0,0,0,0,-2.37928,-2.45188,1.70663,0.444996,-0.698457,-1.00651
263,0.1315,4,2,4,0,0,0,0,0,0,-31.31,-14.3921,16.1939,2.61799,-9.26319,5.29471,0,0,0,0,0,0,-2.37749,-2.45945,1.70432,0.449511,-0.694031,-1.00677
264,0.132,4,2,4,0,0,0,0,0,0,-31.3171,-14.5205,16.1686,2.62467,-9.23672,5.18705,0,0,0,0,0,0,-2.3689,-2.46468,1.69726,0.44948,-0.689386,-1.0139
265,0.1325,4,2,4,0,0,0,0,0,0,-31.3215,-14.6485,16.1421,2.63153,-9.20971,5.0791,0,0,0,0,0,0,-2.35972,-2.47096,1.69127,0.451305,-0.684732,-1.01959
266,0.133,4,2,4,0,0,0,0,0,0,-31.326,-14.7764,16.1153,2.63914,-9.18267,4.97354,0,0,0,0,0,0,-2.35436,-2.48035,1.68544,0.452034,-0.679745,-1.02225
267,0.1335,4,2,4,0,0,0,0,0,0,-31.3306,-14.9016,16.0864,2.64573,-9.15491,4.86975,0,0,0,0,0,0,-2.34365,-2.48562,1.67402,0.44657,-0.674084,-1.02996
268,0.134,4,2,4,0,0,0,0,0,0,-31.3362,-15.027,16.0559,2.6511,-9.12598,4.76754,0,0,0,0,0,0,-2.33202,-2.48936,1.66087,0.439435,-0.667504,-1.03813
269,0.1345,4,2,4,0,0,0,0,0,0,-31.3423,-15.1539,16.0221,2.65105,-9.09594,4.66467,0,0,0,0,0,0,-2.32134,-2.49391,1.65002,0.435785,-0.66089,-1.04458
270,0.135,4,2,4,0,0,0,0,0,0,-31.3449,-15.2797,15.9829,2.64344,-9.06523,4.55762,0,0,0,0,0,0,-2.31608,-2.50121,1.64202,0.433933,-0.654835,-1.04652
271,0.1355,4,2,4,0,0,0,0,0,0,-31.3491,-15.4034,15.946,2.63865,-9.03508,4.45312,0,0,0,0,0,0,-2.31127,-2.50827,1.63514,0.431953,-0.649837,-1.05005
272,0.136,4,2,4,0,0,0,0,0,0,-31.3584,-15.5267,15.9156,2.64157,-9.00642,4.3544,0,0,0,0,0,0,-2.30823,-2.51495,1.62991,0.432829,-0.645218,-1.05026
273,0.1365,4,2,4,0,0,0,0,0,0,-31.3685,-15.6509,15.8894,2.64824,-8.97969,4.25445,0,0,0,0,0,0,-2.30725,-2.52151,1.62591,0.434792,-0.640846,-1.04972
274,0.137,4,2,4,0,0,0,0,0,0,-31.3791,-15.7772,15.8649,2.65571,-8.95362,4.1528,0,0,0,0,0,0,-2.30563,-2.52729,1.62441,0.439476,-0.637827,-1.04928
275,0.1375,4,2,4,0,0,0,0,0,0,-31.3876,-15.9025,15.8392,2.66189,-8.92773,4.04978,0,0,0,0,0,0,-2.2963,-2.53259,1.61772,0.437563,-0.634957,-1.05958
276,0.138,4,2,4,0,0,0,0,0,0,-31.395,-16.0246,15.8125,2.66787,-8.9021,3.94867,0,0,0,0,0,0,-2.28888,-2.53924,1.61202,0.437586,-0.63151,-1.0685
277,0.1385,4,2,4,0,0,0,0,0,0,-31.4025,-16.1473,15.7858,2.67534,-8.87648,3.85116,0,0,0,0,0,0,-2.28398,-2.54716,1.60843,0.43994,-0.626988,-1.0722
278,0.139,4,2,4,0,0,0,0,0,0,-31.4059,-16.2708,15.754,2.67728,-8.8498,3.74929,0,0,0,0,0,0,-2.274,-2.55208,1.60094,0.439165,-0.621949,-1.07745
279,0.1395,4,2,4,0,0,0,0,0,0,-31.4073,-16.394,15.7162,2.67305,-8.82096,3.64467,0,0,0,0,0,0,-2.26509,-2.55552,1.59024,0.43491,-0.615821,-1.08264
280,0.14,4,2,4,0,0,0,0,0,0,-31.41,-16.5155,15.6761,2.66913,-8.78974,3.54334,0,0,0,0,0,0,-2.25659,-2.55997,1.57998,0.429208,-0.610945,-1.08953
281,0.1405,4,2,4,0,0,0,0,0,0,-31.4137,-16.6359,15.6361,2.66891,-8.75637,3.4466,0,0,0,0,0,0,-2.25363,-2.56573,1.57177,0.426341,-0.605814,-1.09091
282,0.141,4,2,4,0,0,0,0,0,0,-31.4137,-16.7552,15.5954,2.67014,-8.72306,3.34735,0,0,0,0,0,0,-2.24815,-2.57025,1.56291,0.42279,-0.60093,-1.09714
283,0.1415,4,2,4,0,0,0,0,0,0,-31.4127,-16.8762,15.556,2.67402,-8.69077,3.24895,0,0,0,0,0,0,-2.2396,-2.57501,1.55525,0.421765,-0.596701,-1.10527
284,0.142,4,2,4,0,0,0,0,0,0,-31.4109,-16.996,15.5157,2.67761,-8.65912,3.15091,0,0,0,0,0,0,-2.22982,-2.58004,1.54688,0.421789,-0.591977,-1.11166
285,0.1425,4,2,4,0,0,0,0,0,0,-31.4092,-17.1124,15.4738,2.68025,-8.62751,3.05543,0,0,0,0,0,0,-2.22003,-2.58393,1.5393,0.423009,-0.587356,-1.11598
286,0.143,4,2,4,0,0,0,0,0,0,-31.4089,-17.228,15.4325,2.68368,-8.59651,2.96334,0,0,0,0,0,0,-2.21296,-2.58889,1.53261,0.424542,-0.582696,-1.11966
287,0.1435,4,2,4,0,0,0,0,0,0,-31.4082,-17.344,15.3908,2.68527,-8.5668,2.87017,0,0,0,0,0,0,-2.20863,-2.59598,1.52745,0.425929,-0.578014,-1.12194
288,0.144,4,2,4,0,0,0,0,0,0,-31.4071,-17.4603,15.3484,2.68438,-8.53759,2.7765,0,0,0,0,0,0,-2.20703,-2.60316,1.52222,0.424692,-0.573744,-1.12518
289,0.1445,4,2,4,0,0,0,0,0,0,-31.4102,-17.5755,15.309,2.68652,-8.50802,2.68792,0,0,0,0,0,0,-2.20367,-2.6064,1.51192,0.418341,-0.567828,-1.128
290,0.145,4,2,4,0,0,0,0,0,0,-31.4175,-17.6912,15.2723,2.69109,-8.478,2.60333,0,0,0,0,0,0,-2.20289,-2.6129,1.50527,0.415747,-0.56244,-1.12958
291,0.1455,4,2,4,0,0,0,0,0,0,-31.424,-17.8071,15.2351,2.69427,-8.44749,2.51502,0,0,0,0,0,0,-2.1983,-2.61679,1.49525,0.41052,-0.556733,-1.13358
292,0.146,4,2,4,0,0,0,0,0,0,-31.433,-17.9264,15.1989,2.69776,-8.41664,2.42831,0,0,0,0,0,0,-2.19338,-2.62093,1.48618,0.406282,-0.55205,-1.13984
293,0.1465,4,2,4,0,0,0,0,0,0,-31.4425,-18.0445,15.1642,2.70255,-8.38646,2.34353,0,0,0,0,0,0,-2.19031,-2.62878,1.48223,0.40767,-0.548244,-1.14289
294,0.147,4,2,4,0,0,0,0,0,0,-31.4502,-18.1601,15.1299,2.70852,-8.35687,2.25951,0,0,0,0,0,0,-2.18756,-2.63681,1.47905,0.411387,-0.544611,-1.1418
295,0.1475,4,2,4,0,0,0,0,0,0,-31.4546,-18.2749,15.0939,2.71335,-8.32728,2.17401,0,0,0,0,0,0,-2.18046,-2.63981,1.47267,0.412715,-0.54037,-1.14156
296,0.148,4,2,4,0,0,0,0,0,0,-31.4553,-18.3899,15.0541,2.71424,-8.29729,2.08533,0,0,0,0,0,0,-2.17417,-2.64405,1.46794,0.415034,-0.536884,-1.14056
297,0.1485,4,2,4,0,0,0,0,0,0,-31.4536,-18.5041,15.0123,2.71386,-8.26715,1.99749,0,0,0,0,0,0,-2.16523,-2.64771,1.46003,0.414763,-0.532781,-1.14106
298,0.149,4,2,4,0,0,0,0,0,0,-31.4501,-18.6149,14.9721,2.71667,-8.23777,1.91263,0,0,0,0,0,0,-2.157,-2.65343,1.45273,0.414098,-0.528831,-1.14317
299,0.1495,4,2,4,0,0,0,0,0,0,-31.4432,-18.7232,14.9328,2.72057,-8.20905,1.82579,0,0,0,0,0,0,-2.14883,-2.65816,1.44243,0.41018,-0.523942,-1.14521
300,0.15,4,2,4,0,0,0,0,0,0,-31.4336,-18.8313,14.8931,2.72475,-8.17955,1.73742,0,0,0,0,0,0,-2.14146,-2.66199,1.4323,0.406222,-0.518128,-1.14826
301,0.1505,4,2,4,0,0,0,0,0,0,-31.4213,-18.9405,14.851,2.72782,-8.14853,1.64917,0,0,0,0,0,0,-2.13227,-2.66311,1.4213,0.403564,-0.510652,-1.14975
302,0.151,4,2,4,0,0,0,0,0,0,-31.4107,-19.0486,14.8066,2.72979,-8.11648,1.56448,0,0,0,0,0,0,-2.1199,-2.66699,1.41037,0.398464,-0.505226,-1.15818
303,0.1515,4,2,4,0,0,0,0,0,0,-31.4018,-19.1543,14.7624,2.73272,-8.08439,1.48331,0,0,0,0,0,0,-2.11021,-2.67174,1.40197,0.39642,-0.500154,-1.16488
304,0.152,4,2,4,0,0,0,0,0,0,-31.3922,-19.2584,14.7185,2.73505,-8.05387,1.40168,0,0,0,0,0,0,-2.10524,-2.67862,1.39814,0.398667,-0.496053,-1.16907
305,0.1525,4,2,4,0,0,0,0,0,0,-31.3814,-19.3628,14.676,2.73744,-8.02576,1.31967,0,0,0,0,0,0,-2.10112,-2.68464,1.39327,0.400578,-0.492074,-1.17014
306,0.153,4,2,4,0,0,0,0,0,0,-31.372,-19.4674,14.6341,2.74003,-7.99894,1.24081,0,0,0,0,0,0,-2.09632,-2.68719,1.38647,0.40152,-0.487469,-1.16867
307,0.1535,4,2,4,0,0,0,0,0,0,-31.3651,-19.5719,14.5941,2.74461,-7.97291,1.16408,0,0,0,0,0,0,-2.09202,-2.68985,1.37835,0.400251,-0.4825,-1.16622
308,0.154,4,2,4,0,0,0,0,0,0,-31.3585,-19.6754,14.5569,2.75224,-7.94757,1.08628,0,0,0,0,0,0,-2.08723,-2.69247,1.37023,0.398434,-0.47768,-1.16693
309,0.1545,4,2,4,0,0,0,0,0,0,-31.3512,-19.7802,14.5205,2.76057,-7.92205,1.00651,0,0,0,0,0,0,-2.07943,-2.69467,1.36064,0.393608,-0.473764,-1.17397
310,0.155,4,2,4,0,0,0,0,0,0,-31.3447,-19.8864,14.4844,2.76881,-7.89497,0.926764,0,0,0,0,0,0,-2.07046,-2.69864,1.3502,0.387215,-0.470124,-1.18338
311,0.1555,4,2,4,0,0,0,0,0,0,-31.3392,-19.9916,14.4466,2.77492,-7.86637,0.847022,0,0,0,0,0,0,-2.06731,-2.70499,1.34411,0.385512,-0.465404,-1.18596
312,0.156,4,2,4,0,0,0,0,0,0,-31.3336,-20.0951,14.4055,2.77813,-7.83641,0.76873,0,0,0,0,0,0,-2.06459,-2.71018,1.33915,0.3867,-0.459832,-1.18118
313,0.1565,4,2,4,0,0,0,0,0,0,-31.3281,-20.1987,14.3618,2.77903,-7.80579,0.692291,0,0,0,0,0,0,-2.05571,-2.71224,1.33199,0.386396,-0.455329,-1.18251
314,0.157,4,2,4,0,0,0,0,0,0,-31.3199,-20.3013,14.3161,2.77846,-7.77498,0.615725,0,0,0,0,0,0,-2.048,-2.71656,1.32564,0.384989,-0.452547,-1.18577
315,0.1575,4,2,4,0,0,0,0,0,0,-31.3129,-20.4034,14.2713,2.77933,-7.74438,0.542699,0,0,0,0,0,0,-2.04104,-2.71901,1.31997,0.38515,-0.449724,-1.18894
316,0.158,4,2,4,0,0,0,0,0,0,-31.3065,-20.5044,14.2285,2.78323,-7.71419,0.470738,0,0,0,0,0,0,-2.03398,-2.72057,1.314,0.383972,-0.446965,-1.194
317,0.1585,4,2,4,0,0,0,0,0,0,-31.295,-20.6031,14.1862,2.78925,-7.68445,0.395514,0,0,0,0,0,0,-2.02312,-2.72031,1.30574,0.380079,-0.444569,-1.20404
318,0.159,4,2,4,0,0,0,0,0,0,-31.2812,-20.7023,14.1446,2.79798,-7.65534,0.321097,0,0,0,0,0,0,-2.01482,-2.7219,1.29856,0.379628,-0.440253,-1.20598
319,0.1595,4,2,4,0,0,0,0,0,0,-31.2683,-20.8009,14.1054,2.80961,-7.62762,0.249781,0,0,0,0,0,0,-2.00648,-2.72391,1.29218,0.383126,-0.434596,-1.20479
320,0.16,4,2,4,0,0,0,0,0,0,-31.2568,-20.8973,14.0668,2.82118,-7.60071,0.17951,0,0,0,0,0,0,-1.9964,-2.7235,1.28346,0.384239,-0.428952,-1.20583
321,0.1605,4,2,4,0,0,0,0,0,0,-31.2455,-20.991,14.0253,2.8281,-7.57381,0.10878,0,0,0,0,0,0,-1.98763,-2.72379,1.27149,0.379664,-0.422847,-1.20823
322,0.161,4,2,4,0,0,0,0,0,0,-31.2328,-21.0853,13.9787,2.8291,-7.54623,0.037928,0,0,0,0,0,0,-1.98356,-2.73045,1.26269,0.376853,-0.416688,-1.21125
323,0.1615,4,2,4,0,0,0,0,0,0,-31.2225,-21.1811,13.9301,2.82771,-7.51816,-0.0282238,0,0,0,0,0,0,-1.97822,-2.73784,1.25401,0.373612,-0.410711,-1.2177
324,0.162,4,2,4,0,0,0,0,0,0,-31.2138,-21.2762,13.8813,2.82475,-7.49057,-0.0932085,0,0,0,0,0,0,-1.97366,-2.74225,1.24568,0.369877,-0.405962,-1.22345
325,0.1625,4,2,4,0,0,0,0,0,0,-31.2057,-21.3708,13.8361,2.82448,-7.46432,-0.159533,0,0,0,0,0,0,-1.9694,-2.7399,1.23567,0.366235,-0.401651,-1.22317
326,0.163,4,2,4,0,0,0,0,0,0,-31.1981,-21.4663,13.7952,2.82844,-7.43905,-0.227822,0,0,0,0,0,0,-1.96983,-2.7428,1.23035,0.366564,-0.398756,-1.21733
327,0.1635,4,2,4,0,0,0,0,0,0,-31.1905,-21.5642,13.7565,2.83579,-7.41291,-0.296695,0,0,0,0,0,0,-1.9662,-2.74643,1.22659,0.367608,-0.396773,-1.21516
328,0.164,4,2,4,0,0,0,0,0,0,-31.183,-21.662,13.7167,2.84408,-7.38499,-0.363874,0,0,0,0,0,0,-1.95927,-2.74928,1.21997,0.367441,-0.393264,-1.21245
329,0.1645,4,2,4,0,0,0,0,0,0,-31.1729,-21.7573,13.6753,2.85391,-7.35611,-0.430548,0,0,0,0,0,0,-1.95123,-2.75256,1.21205,0.367992,-0.389108,-1.2113
330,0.165,4,2,4,0,0,0,0,0,0,-31.1587,-21.8482,13.6313,2.86186,-7.32741,-0.499653,0,0,0,0,0,0,-1.94315,-2.7568,1.20597,0.369452,-0.385268,-1.2155
331,0.1655,4,2,4,0,0,0,0,0,0,-31.1451,-21.9398,13.5849,2.8664,-7.29912,-0.568026,0,0,0,0,0,0,-1.93348,-2.76149,1.20085,0.369867,-0.382587,-1.22513
332,0.166,4,2,4,0,0,0,0,0,0,-31.1338,-22.0332,13.5357,2.86796,-7.27,-0.631193,0,0,0,0,0,0,-1.9285,-2.76506,1.19451,0.369562,-0.37882,-1.22676
333,0.1665,4,2,4,0,0,0,0,0,0,-31.1186,-22.1234,13.4806,2.86489,-7.23955,-0.693479,0,0,0,0,0,0,-1.92158,-2.76471,1.18352,0.366945,-0.372924,-1.22205
334,0.167,4,2,4,0,0,0,0,0,0,-31.0988,-22.2097,13.4215,2.85998,-7.20775,-0.758005,0,0,0,0,0,0,-1.91313,-2.76237,1.1706,0.361984,-0.367348,-1.22128
335,0.1675,4,2,4,0,0,0,0,0,0,-31.0784,-22.2956,13.3631,2.85763,-7.1755,-0.823501,0,0,0,0,0,0,-1.90894,-2.7642,1.1621,0.359849,-0.362333,-1.22102
336,0.168,4,2,4,0,0,0,0,0,0,-31.0602,-22.3826,13.3099,2.86057,-7.14449,-0.888043,0,0,0,0,0,0,-1.90526,-2.76751,1.15627,0.358971,-0.35847,-1.22327
337,0.1685,4,2,4,0,0,0,0,0,0,-31.0435,-22.4696,13.2601,2.86783,-7.11474,-0.950093,0,0,0,0,0,0,-1.89759,-2.76854,1.1509,0.359695,-0.355578,-1.22631
338,0.169,4,2,4,0,0,0,0,0,0,-31.0273,-22.5539,13.2104,2.87627,-7.08574,-1.00964,0,0,0,0,0,0,-1.88669,-2.76738,1.14382,0.358423,-0.353168,-1.2326
339,0.1695,4,2,4,0,0,0,0,0,0,-31.0112,-22.6359,13.1589,2.88298,-7.0577,-1.06911,0,0,0,0,0,0,-1.88104,-2.76818,1.13636,0.358335,-0.349215,-1.23103
340,0.17,4,2,4,0,0,0,0,0,0,-30.9981,-22.7193,13.1083,2.88964,-7.03066,-1.12622,0,0,0,0,0,0,-1.87634,-2.7696,1.12971,0.359593,-0.345295,-1.22893
341,0.1705,4,2,4,0,0,0,0,0,0,-30.9885,-22.805,13.0587,2.89534,-7.00462,-1.17968,0,0,0,0,0,0,-1.87351,-2.77258,1.12251,0.359741,-0.341096,-1.22662
342,0.171,4,2,4,0,0,0,0,0,0,-30.9815,-22.8908,13.01,2.89907,-6.97952,-1.2338,0,0,0,0,0,0,-1.87191,-2.77469,1.11429,0.356443,-0.336952,-1.22762
343,0.1715,4,2,4,0,0,0,0,0,0,-30.9737,-22.9771,12.9597,2.90032,-6.95381,-1.29056,0,0,0,0,0,0,-1.8688,-2.7731,1.10398,0.351109,-0.332188,-1.22822
344,0.172,4,2,4,0,0,0,0,0,0,-30.9664,-23.0653,12.9081,2.90123,-6.92545,-1.34781,0,0,0,0,0,0,-1.85894,-2.77031,1.0924,0.345604,-0.328054,-1.23455
345,0.1725,4,2,4,0,0,0,0,0,0,-30.9597,-23.1546,12.8557,2.90307,-6.89398,-1.40418,0,0,0,0,0,0,-1.85082,-2.77096,1.08163,0.341806,-0.324238,-1.23727
346,0.173,4,2,4,0,0,0,0,0,0,-30.9531,-23.242,12.8028,2.90605,-6.86037,-1.45917,0,0,0,0,0,0,-1.84557,-2.77434,1.07446,0.3417,-0.32014,-1.23551
347,0.1735,4,2,4,0,0,0,0,0,0,-30.9441,-23.325,12.7495,2.9097,-6.82705,-1.51456,0,0,0,0,0,0,-1.839,-2.77507,1.06981,0.344008,-0.316597,-1.23741
348,0.174,4,2,4,0,0,0,0,0,0,-30.9338,-23.4056,12.6954,2.91263,-6.79503,-1.56973,0,0,0,0,0,0,-1.83338,-2.77762,1.06682,0.347704,-0.314018,-1.23924
349,0.1745,4,2,4,0,0,0,0,0,0,-30.9244,-23.4878,12.6407,2.91536,-6.76327,-1.61978,0,0,0,0,0,0,-1.82988,-2.78142,1.06396,0.352249,-0.310843,-1.23615
350,0.175,4,2,4,0,0,0,0,0,0,-30.9117,-23.5677,12.5832,2.91555,-6.73214,-1.66897,0,0,0,0,0,0,-1.82593,-2.78281,1.05634,0.352847,-0.306449,-1.23226
351,0.1755,4,2,4,0,0,0,0,0,0,-30.8943,-23.644,12.5247,2.91545,-6.70242,-1.71955,0,0,0,0,0,0,-1.81722,-2.77952,1.04536,0.35076,-0.30191,-1.23061
352,0.176,4,2,4,0,0,0,0,0,0,-30.8742,-23.719,12.4685,2.91779,-6.67409,-1.77092,0,0,0,0,0,0,-1.81063,-2.77903,1.03641,0.349291,-0.297608,-1.23075
353,0.1765,4,2,4,0,0,0,0,0,0,-30.8507,-23.7937,12.4132,2.92109,-6.64659,-1.82386,0,0,0,0,0,0,-1.80174,-2.77623,1.02377,0.342241,-0.293469,-1.23304
354,0.177,4,2,4,0,0,0,0,0,0,-30.8265,-23.8697,12.359,2.92535,-6.61946,-1.87565,0,0,0,0,0,0,-1.79574,-2.77752,1.01356,0.336236,-0.289195,-1.23466
355,0.1775,4,2,4,0,0,0,0,0,0,-30.8046,-23.9452,12.3063,2.93089,-6.59239,-1.92501,0,0,0,0,0,0,-1.79056,-2.78045,1.00404,0.332682,-0.284418,-1.23441
356,0.178,4,2,4,0,0,0,0,0,0,-30.7835,-24.016,12.2537,2.93597,-6.56577,-1.97394,0,0,0,0,0,0,-1.7868,-2.78281,0.996705,0.333672,-0.278577,-1.22936
357,0.1785,4,2,4,0,0,0,0,0,0,-30.7624,-24.0824,12.2009,2.93968,-6.54016,-2.02402,0,0,0,0,0,0,-1.78208,-2.78227,0.990082,0.334733,-0.273537,-1.22638
358,0.179,4,2,4,0,0,0,0,0,0,-30.7448,-24.1532,12.1503,2.94493,-6.51545,-2.07011,0,0,0,0,0,0,-1.77871,-2.78348,0.985416,0.334787,-0.270277,-1.22688
359,0.1795,4,2,4,0,0,0,0,0,0,-30.73,-24.2266,12.0998,2.94837,-6.49261,-2.11565,0,0,0,0,0,0,-1.77765,-2.78727,0.983305,0.337456,-0.268132,-1.22453
360,0.18,4,2,4,0,0,0,0,0,0,-30.7157,-24.3004,12.0472,2.94805,-6.47033,-2.16328,0,0,0,0,0,0,-1.77206,-2.78685,0.976281,0.336455,-0.266094,-1.22526
361,0.1805,4,2,4,0,0,0,0,0,0,-30.7003,-24.3735,11.9937,2.94724,-6.447,-2.21282,0,0,0,0,0,0,-1.76095,-2.77962,0.964264,0.33177,-0.264249,-1.22788
362,0.181,4,2,4,0,0,0,0,0,0,-30.6834,-24.4469,11.9423,2.94939,-6.42256,-2.26377,0,0,0,0,0,0,-1.75312,-2.77575,0.954364,0.327593,-0.262343,-1.23277
363,0.1815,4,2,4,0,0,0,0,0,0,-30.6679,-24.5226,11.8927,2.95452,-6.3964,-2.312,0,0,0,0,0,0,-1.74916,-2.78044,0.949571,0.327535,-0.259827,-1.23458
364,0.182,4,2,4,0,0,0,0,0,0,-30.655,-24.5986,11.8438,2.96115,-6.36875,-2.35658,0,0,0,0,0,0,-1.74228,-2.78141,0.943165,0.325903,-0.256815,-1.23827
365,0.1825,4,2,4,0,0,0,0,0,0,-30.6393,-24.669,11.7914,2.9663,-6.33946,-2.40073,0,0,0,0,0,0,-1.73325,-2.77966,0.933213,0.322922,-0.252542,-1.24064
366,0.183,4,2,4,0,0,0,0,0,0,-30.6201,-24.7331,11.7343,2.96808,-6.30917,-2.44578,0,0,0,0,0,0,-1.72235,-2.77281,0.923324,0.322565,-0.246763,-1.23945
367,0.1835,4,2,4,0,0,0,0,0,0,-30.6013,-24.7972,11.6758,2.96936,-6.27805,-2.48582,0,0,0,0,0,0,-1.71145,-2.76859,0.914473,0.321607,-0.241944,-1.24141
368,0.184,4,2,4,0,0,0,0,0,0,-30.581,-24.8592,11.615,2.96789,-6.24791,-2.52471,0,0,0,0,0,0,-1.70488,-2.76985,0.907402,0.320831,-0.238333,-1.24183
369,0.1845,4,2,4,0,0,0,0,0,0,-30.5578,-24.9214,11.5526,2.96355,-6.21992,-2.56589,0,0,0,0,0,0,-1.7009,-2.77259,0.90044,0.319192,-0.236048,-1.24216
370,0.185,4,2,4,0,0,0,0,0,0,-30.5338,-24.9852,11.4912,2.95975,-6.19407,-2.60815,0,0,0,0,0,0,-1.69469,-2.76706,0.893201,0.319497,-0.23292,-1.24113
371,0.1855,4,2,4,0,0,0,0,0,0,-30.5112,-25.0486,11.4327,2.959,-6.16914,-2.65031,0,0,0,0,0,0,-1.68838,-2.76036,0.884936,0.317772,-0.230132,-1.24207
372,0.186,4,2,4,0,0,0,0,0,0,-30.4898,-25.1116,11.3786,2.96268,-6.14502,-2.69119,0,0,0,0,0,0,-1.68869,-2.76135,0.878051,0.316032,-0.226736,-1.23759
373,0.1865,4,2,4,0,0,0,0,0,0,-30.4693,-25.1737,11.3285,2.97047,-6.12238,-2.72985,0,0,0,0,0,0,-1.69063,-2.76563,0.874752,0.319409,-0.222361,-1.23001
374,0.187,4,2,4,0,0,0,0,0,0,-30.4497,-25.2335,11.2799,2.98002,-6.10126,-2.76776,0,0,0,0,0,0,-1.68845,-2.76888,0.869577,0.320409,-0.219164,-1.22665
375,0.1875,4,2,4,0,0,0,0,0,0,-30.4288,-25.2895,11.2292,2.98759,-6.08085,-2.80765,0,0,0,0,0,0,-1.68155,-2.76747,0.860251,0.317479,-0.216557,-1.22786
376,0.188,4,2,4,0,0,0,0,0,0,-30.4094,-25.345,11.1764,2.99332,-6.05957,-2.84437,0,0,0,0,0,0,-1.67376,-2.76674,0.85143,0.315361,-0.212985,-1.22694
377,0.1885,4,2,4,0,0,0,0,0,0,-30.3912,-25.4004,11.1201,2.9947,-6.03677,-2.88161,0,0,0,0,0,0,-1.66547,-2.76202,0.84208,0.313903,-0.208177,-1.22261
378,0.189,4,2,4,0,0,0,0,0,0,-30.3773,-25.4618,11.0622,2.9924,-6.01227,-2.92012,0,0,0,0,0,0,-1.65864,-2.75597,0.831801,0.310573,-0.204025,-1.21924
379,0.1895,4,2,4,0,0,0,0,0,0,-30.3702,-25.5314,11.0052,2.9882,-5.98721,-2.95858,0,0,0,0,0,0,-1.65681,-2.75542,0.824396,0.30656,-0.202311,-1.22111
380,0.19,4,2,4,0,0,0,0,0,0,-30.3653,-25.6039,10.9491,2.98428,-5.96154,-2.99705,0,0,0,0,0,0,-1.65766,-2.75796,0.821643,0.307368,-0.200526,-1.22331
381,0.1905,4,2,4,0,0,0,0,0,0,-30.3584,-25.6739,10.8938,2.9829,-5.93539,-3.03361,0,0,0,0,0,0,-1.65715,-2.76039,0.819223,0.310099,-0.197933,-1.223
382,0.191,4,2,4,0,0,0,0,0,0,-30.3444,-25.7373,10.8368,2.984,-5.90809,-3.06649,0,0,0,0,0,0,-1.64915,-2.75732,0.811739,0.310501,-0.194942,-1.22022
383,0.1915,4,2,4,0,0,0,0,0,0,-30.3211,-25.7904,10.777,2.987,-5.88003,-3.0973,0,0,0,0,0,0,-1.63563,-2.74985,0.800219,0.310263,-0.191356,-1.21408
384,0.192,4,2,4,0,0,0,0,0,0,-30.2909,-25.836,10.7145,2.99007,-5.85249,-3.12903,0,0,0,0,0,0,-1.62348,-2.7455,0.791933,0.31067,-0.188149,-1.21182
385,0.1925,4,2,4,0,0,0,0,0,0,-30.2631,-25.8815,10.6526,2.99419,-5.8257,-3.15667,0,0,0,0,0,0,-1.6165,-2.74491,0.785895,0.31037,-0.184698,-1.21149
386,0.193,4,2,4,0,0,0,0,0,0,-30.2385,-25.9271,10.5909,2.99651,-5.80018,-3.18568,0,0,0,0,0,0,-1.60997,-2.74061,0.778194,0.3092,-0.180679,-1.2114
387,0.1935,4,2,4,0,0,0,0,0,0,-30.215,-25.9747,10.5298,2.99639,-5.77616,-3.21998,0,0,0,0,0,0,-1.60143,-2.73248,0.768125,0.305971,-0.177066,-1.21594
388,0.194,4,2,4,0,0,0,0,0,0,-30.1952,-26.0278,10.4705,2.99584,-5.7534,-3.25409,0,0,0,0,0,0,-1.59473,-2.72328,0.757282,0.301075,-0.173827,-1.22035
389,0.1945,4,2,4,0,0,0,0,0,0,-30.1739,-26.0823,10.4105,2.99544,-5.73087,-3.28772,0,0,0,0,0,0,-1.59324,-2.72334,0.749489,0.295752,-0.171279,-1.22288
390,0.195,4,2,4,0,0,0,0,0,0,-30.1507,-26.1339,10.3503,2.99653,-5.70866,-3.32002,0,0,0,0,0,0,-1.59275,-2.72602,0.740964,0.289788,-0.169222,-1.22267
391,0.1955,4,2,4,0,0,0,0,0,0,-30.1279,-26.1831,10.2923,3.00041,-5.68729,-3.35022,0,0,0,0,0,0,-1.58938,-2.72597,0.735004,0.289249,-0.166606,-1.21988
392,0.196,4,2,4,0,0,0,0,0,0,-30.1075,-26.2304,10.2377,3.00687,-5.66703,-3.3793,0,0,0,0,0,0,-1.58391,-2.72126,0.728518,0.289505,-0.163481,-1.21615
393,0.1965,4,2,4,0,0,0,0,0,0,-30.0889,-26.2763,10.1835,3.01212,-5.64748,-3.41095,0,0,0,0,0,0,-1.57845,-2.71835,0.72119,0.289895,-0.160439,-1.21339
394,0.197,4,2,4,0,0,0,0,0,0,-30.0737,-26.3242,10.1281,3.01509,-5.62759,-3.44189,0,0,0,0,0,0,-1.57494,-2.71918,0.717334,0.292745,-0.158445,-1.21079
395,0.1975,4,2,4,0,0,0,0,0,0,-30.0609,-26.3725,10.07,3.01493,-5.6071,-3.47051,0,0,0,0,0,0,-1.57036,-2.71968,0.714055,0.295602,-0.156886,-1.2111
396,0.198,4,2,4,0,0,0,0,0,0,-30.0459,-26.4193,10.0082,3.0117,-5.58566,-3.50219,0,0,0,0,0,0,-1.56458,-2.71402,0.705566,0.293882,-0.155678,-1.21183
397,0.1985,4,2,4,0,0,0,0,0,0,-30.0295,-26.4682,9.94356,3.00697,-5.56219,-3.53426,0,0,0,0,0,0,-1.55728,-2.70643,0.693885,0.290239,-0.153481,-1.20939
398,0.199,4,2,4,0,0,0,0,0,0,-30.0126,-26.5191,9.87646,3.00073,-5.5366,-3.5652,0,0,0,0,0,0,-1.55286,-2.7021,0.687581,0.291776,-0.15002,-1.20207
399,0.1995,4,2,4,0,0,0,0,0,0,-29.9975,-26.572,9.80794,2.99354,-5.50964,-3.593,0,0,0,0,0,0,-1.54994,-2.69911,0.679588,0.289117,-0.147019,-1.19875
400,0.2,4,2,4,0,0,0,0,0,0,-29.9824,-26.6221,9.73903,2.98708,-5.48234,-3.61794,0,0,0,0,0,0,-1.54528,-2.69579,0.670006,0.28419,-0.14384,-1.20021
401,0.2005,4,2,4,0,0,0,0,0,0,-29.9652,-26.6677,9.67063,2.98234,-5.45544,-3.64114,0,0,0,0,0,0,-1.53818,-2.69216,0.659942,0.280668,-0.140493,-1.20063
402,0.201,4,2,4,0,0,0,0,0,0,-29.9463,-26.7068,9.60283,2.97876,-5.42938,-3.66517,0,0,0,0,0,0,-1.53559,-2.69243,0.653356,0.281351,-0.136614,-1.19747
403,0.2015,4,2,4,0,0,0,0,0,0,-29.9269,-26.7428,9.5356,2.97682,-5.4042,-3.68794,0,0,0,0,0,0,-1.53027,-2.68798,0.646092,0.282294,-0.133167,-1.19251
404,0.202,4,2,4,0,0,0,0,0,0,-29.909,-26.7775,9.46716,2.97449,-5.38019,-3.70827,0,0,0,0,0,0,-1.52663,-2.68333,0.642351,0.284755,-0.130768,-1.19001
405,0.2025,4,2,4,0,0,0,0,0,0,-29.892,-26.8119,9.3978,2.97109,-5.35773,-3.72836,0,0,0,0,0,0,-1.52498,-2.67978,0.639218,0.285712,-0.12899,-1.19099
406,0.203,4,2,4,0,0,0,0,0,0,-29.8732,-26.8478,9.32983,2.96876,-5.33696,-3.75019,0,0,0,0,0,0,-1.52333,-2.67516,0.633889,0.284718,-0.126793,-1.19329
407,0.2035,4,2,4,0,0,0,0,0,0,-29.8517,-26.8854,9.26419,2.96823,-5.31825,-3.77471,0,0,0,0,0,0,-1.52018,-2.66845,0.625945,0.28235,-0.124614,-1.19573
408,0.204,4,2,4,0,0,0,0,0,0,-29.8299,-26.9252,9.2019,2.97034,-5.301,-3.79911,0,0,0,0,0,0,-1.51257,-2.66043,0.616065,0.278212,-0.122676,-1.19767
409,0.2045,4,2,4,0,0,0,0,0,0,-29.8094,-26.9669,9.14198,2.97397,-5.28459,-3.82112,0,0,0,0,0,0,-1.50679,-2.65558,0.606172,0.27517,-0.12013,-1.19516
410,0.205,4,2,4,0,0,0,0,0,0,-29.7898,-27.0063,9.08243,2.97715,-5.26803,-3.84278,0,0,0,0,0,0,-1.5027,-2.65326,0.598558,0.27425,-0.117851,-1.18816
411,0.2055,4,2,4,0,0,0,0,0,0,-29.7703,-27.0426,9.02156,2.9786,-5.25031,-3.86624,0,0,0,0,0,0,-1.50231,-2.65403,0.592709,0.274179,-0.114849,-1.18081
412,0.206,4,2,4,0,0,0,0,0,0,-29.7529,-27.076,8.95964,2.97894,-5.23019,-3.88866,0,0,0,0,0,0,-1.4959,-2.65106,0.584202,0.272581,-0.112617,-1.17759
413,0.2065,4,2,4,0,0,0,0,0,0,-29.7348,-27.1074,8.89402,2.97623,-5.20796,-3.91011,0,0,0,0,0,0,-1.49119,-2.64697,0.576901,0.273024,-0.109781,-1.17174
414,0.207,4,2,4,0,0,0,0,0,0,-29.7159,-27.1376,8.82394,2.96963,-5.18484,-3.93224,0,0,0,0,0,0,-1.48912,-2.64443,0.569276,0.272193,-0.107536,-1.16766
415,0.2075,4,2,4,0,0,0,0,0,0,-29.6971,-27.1705,8.75129,2.96059,-5.16134,-3.95535,0,0,0,0,0,0,-1.48417,-2.63852,0.562504,0.271032,-0.106532,-1.16655
416,0.208,4,2,4,0,0,0,0,0,0,-29.6807,-27.2083,8.67899,2.95181,-5.1375,-3.97837,0,0,0,0,0,0,-1.48048,-2.63268,0.554586,0.26781,-0.106488,-1.16852
417,0.2085,4,2,4,0,0,0,0,0,0,-29.6649,-27.245,8.60672,2.94343,-5.114,-4.00275,0,0,0,0,0,0,-1.4757,-2.62615,0.547728,0.264728,-0.106048,-1.17034
418,0.209,4,2,4,0,0,0,0,0,0,-29.6457,-27.2789,8.53406,2.93715,-5.09083,-4.02612,0,0,0,0,0,0,-1.46877,-2.61779,0.541942,0.264243,-0.104154,-1.17079
419,0.2095,4,2,4,0,0,0,0,0,0,-29.6272,-27.3117,8.46243,2.93433,-5.06803,-4.04345,0,0,0,0,0,0,-1.4606,-2.61257,0.534889,0.263471,-0.1022,-1.17171
420,0.21,4,2,4,0,0,0,0,0,0,-29.6074,-27.3396,8.39033,2.93217,-5.04589,-4.05997,0,0,0,0,0,0,-1.4553,-2.6078,0.525522,0.262589,-0.0988703,-1.16824
421,0.2105,4,2,4,0,0,0,0,0,0,-29.5875,-27.3627,8.31811,2.92952,-5.02443,-4.07627,0,0,0,0,0,0,-1.45278,-2.6055,0.517919,0.261957,-0.0949396,-1.16785
422,0.211,4,2,4,0,0,0,0,0,0,-29.5699,-27.3826,8.2462,2.9256,-5.00411,-4.09185,0,0,0,0,0,0,-1.44993,-2.60124,0.510474,0.261331,-0.0911279,-1.16685
423,0.2115,4,2,4,0,0,0,0,0,0,-29.5529,-27.4016,8.17465,2.92034,-4.98498,-4.10659,0,0,0,0,0,0,-1.44547,-2.59335,0.500889,0.258333,-0.0878349,-1.16623
424,0.212,4,2,4,0,0,0,0,0,0,-29.5348,-27.4211,8.10361,2.91422,-4.9674,-4.12063,0,0,0,0,0,0,-1.44128,-2.58427,0.490365,0.254916,-0.0847781,-1.16302
425,0.2125,4,2,4,0,0,0,0,0,0,-29.5164,-27.4456,8.03478,2.90923,-4.95143,-4.13166,0,0,0,0,0,0,-1.43685,-2.576,0.483648,0.254118,-0.0819037,-1.16295
426,0.213,4,2,4,0,0,0,0,0,0,-29.4967,-27.4726,7.96937,2.90609,-4.93732,-4.14356,0,0,0,0,0,0,-1.43632,-2.57331,0.479776,0.255348,-0.079869,-1.16131
427,0.2135,4,2,4,0,0,0,0,0,0,-29.4747,-27.4989,7.90687,2.90443,-4.92452,-4.1586,0,0,0,0,0,0,-1.43279,-2.56841,0.473284,0.25443,-0.0791064,-1.16108
428,0.214,4,2,4,0,0,0,0,0,0,-29.4506,-27.5238,7.84507,2.90287,-4.91141,-4.17465,0,0,0,0,0,0,-1.4286,-2.56296,0.467429,0.254254,-0.0790755,-1.15549
429,0.2145,4,2,4,0,0,0,0,0,0,-29.4287,-27.5481,7.78184,2.90152,-4.89661,-4.18742,0,0,0,0,0,0,-1.4228,-2.55765,0.461801,0.254719,-0.0783166,-1.14809
430,0.215,4,2,4,0,0,0,0,0,0,-29.4091,-27.5703,7.71601,2.89938,-4.8803,-4.20064,0,0,0,0,0,0,-1.41973,-2.55626,0.456971,0.256903,-0.0768821,-1.1384
431,0.2155,4,2,4,0,0,0,0,0,0,-29.3933,-27.5916,7.64761,2.89583,-4.86284,-4.21525,0,0,0,0,0,0,-1.41706,-2.55281,0.45047,0.257539,-0.0751705,-1.13392
432,0.216,4,2,4,0,0,0,0,0,0,-29.3805,-27.6105,7.57636,2.89016,-4.84381,-4.23192,0,0,0,0,0,0,-1.41829,-2.5484,0.444076,0.256893,-0.0736737,-1.1313
433,0.2165,4,2,4,0,0,0,0,0,0,-29.3713,-27.6322,7.50218,2.882,-4.82354,-4.24986,0,0,0,0,0,0,-1.41829,-2.54302,0.437986,0.254129,-0.0728532,-1.13209
434,0.217,4,2,4,0,0,0,0,0,0,-29.3629,-27.6564,7.4247,2.87124,-4.80239,-4.26853,0,0,0,0,0,0,-1.41627,-2.53589,0.430665,0.249869,-0.0716524,-1.13345
435,0.2175,4,2,4,0,0,0,0,0,0,-29.3529,-27.6833,7.34546,2.85996,-4.78062,-4.28482,0,0,0,0,0,0,-1.41587,-2.53041,0.421902,0.245139,-0.069937,-1.13236
436,0.218,4,2,4,0,0,0,0,0,0,-29.3378,-27.7066,7.26555,2.84907,-4.75967,-4.30133,0,0,0,0,0,0,-1.41131,-2.52495,0.41284,0.241503,-0.0686242,-1.13476
437,0.2185,4,2,4,0,0,0,0,0,0,-29.3165,-27.7234,7.18617,2.83982,-4.73979,-4.31674,0,0,0,0,0,0,-1.40407,-2.51687,0.403999,0.240204,-0.0662608,-1.13793
438,0.219,4,2,4,0,0,0,0,0,0,-29.2916,-27.7349,7.10839,2.83261,-4.72088,-4.32988,0,0,0,0,0,0,-1.39724,-2.51053,0.396004,0.239449,-0.0635753,-1.13627
439,0.2195,4,2,4,0,0,0,0,0,0,-29.2666,-27.7416,7.03265,2.82702,-4.7031,-4.34047,0,0,0,0,0,0,-1.38991,-2.50225,0.389228,0.239551,-0.0606497,-1.13331
440,0.22,4,2,4,0,0,0,0,0,0,-29.2439,-27.7468,6.95925,2.82198,-4.68749,-4.34761,0,0,0,0,0,0,-1.38444,-2.49539,0.381989,0.238874,-0.0582727,-1.12973
441,0.2205,4,2,4,0,0,0,0,0,0,-29.2209,-27.7487,6.88721,2.8166,-4.67433,-4.3536,0,0,0,0,0,0,-1.3807,-2.49027,0.374147,0.237936,-0.0567909,-1.12569
442,0.221,4,2,4,0,0,0,0,0,0,-29.1953,-27.747,6.81545,2.81046,-4.66308,-4.36116,0,0,0,0,0,0,-1.37932,-2.48155,0.366931,0.237723,-0.0546203,-1.12087
443,0.2215,4,2,4,0,0,0,0,0,0,-29.171,-27.7473,6.74451,2.80382,-4.65332,-4.36993,0,0,0,0,0,0,-1.37397,-2.4681,0.359124,0.237829,-0.0523279,-1.122
444,0.222,4,2,4,0,0,0,0,0,0,-29.1512,-27.7545,6.67474,2.7971,-4.64389,-4.37843,0,0,0,0,0,0,-1.36866,-2.45525,0.35174,0.237911,-0.0507259,-1.12414
445,0.2225,4,2,4,0,0,0,0,0,0,-29.1359,-27.7699,6.60567,2.7904,-4.63428,-4.38724,0,0,0,0,0,0,-1.36789,-2.44596,0.344375,0.235157,-0.0498862,-1.12388
446,0.223,4,2,4,0,0,0,0,0,0,-29.1227,-27.7892,6.53662,2.78298,-4.62461,-4.39977,0,0,0,0,0,0,-1.36909,-2.44282,0.338629,0.232746,-0.0492715,-1.12277
447,0.2235,4,2,4,0,0,0,0,0,0,-29.1091,-27.8079,6.46719,2.77584,-4.6136,-4.41432,0,0,0,0,0,0,-1.36961,-2.4408,0.332911,0.230001,-0.0488676,-1.12014
448,0.224,4,2,4,0,0,0,0,0,0,-29.0958,-27.8232,6.39643,2.7694,-4.60022,-4.42729,0,0,0,0,0,0,-1.36731,-2.43688,0.326767,0.229265,-0.0482551,-1.11579
449,0.2245,4,2,4,0,0,0,0,0,0,-29.0828,-27.8339,6.32338,2.76253,-4.58518,-4.4394,0,0,0,0,0,0,-1.36484,-2.433,0.319075,0.22702,-0.0485351,-1.11348
450,0.225,4,2,4,0,0,0,0,0,0,-29.0703,-27.8419,6.24729,2.75465,-4.56907,-4.45027,0,0,0,0,0,0,-1.36529,-2.43155,0.31642,0.227631,-0.0484828,-1.10705
451,0.2255,4,2,4,0,0,0,0,0,0,-29.0572,-27.8469,6.1675,2.74494,-4.5523,-4.46087,0,0,0,0,0,0,-1.36343,-2.42753,0.315861,0.230407,-0.0477479,-1.10015
452,0.226,4,2,4,0,0,0,0,0,0,-29.0424,-27.8484,6.08446,2.73303,-4.53529,-4.47359,0,0,0,0,0,0,-1.35357,-2.41479,0.310836,0.231631,-0.0467637,-1.0977
453,0.2265,4,2,4,0,0,0,0,0,0,-29.0259,-27.849,6.00116,2.72025,-4.5183,-4.48751,0,0,0,0,0,0,-1.34506,-2.40105,0.303176,0.230155,-0.0465453,-1.09726
454,0.227,4,2,4,0,0,0,0,0,0,-29.0095,-27.8535,5.92,2.70833,-4.50204,-4.49813,0,0,0,0,0,0,-1.34059,-2.38949,0.294143,0.227102,-0.0453487,-1.09759
455,0.2275,4,2,4,0,0,0,0,0,0,-28.9935,-27.8604,5.84037,2.69693,-4.48712,-4.50589,0,0,0,0,0,0,-1.3386,-2.38261,0.286373,0.225643,-0.0431366,-1.0976
456,0.228,4,2,4,0,0,0,0,0,0,-28.9755,-27.8642,5.7622,2.68593,-4.47397,-4.5136,0,0,0,0,0,0,-1.335,-2.37496,0.276913,0.221786,-0.0418899,-1.0957
457,0.2285,4,2,4,0,0,0,0,0,0,-28.9581,-27.865,5.6854,2.67598,-4.46229,-4.52023,0,0,0,0,0,0,-1.33186,-2.36786,0.265961,0.218271,-0.0398237,-1.09155
458,0.229,4,2,4,0,0,0,0,0,0,-28.9413,-27.8618,5.61032,2.66806,-4.45125,-4.52539,0,0,0,0,0,0,-1.33284,-2.36365,0.256012,0.217019,-0.036769,-1.08702
459,0.2295,4,2,4,0,0,0,0,0,0,-28.9254,-27.8554,5.53589,2.66112,-4.44088,-4.52934,0,0,0,0,0,0,-1.3355,-2.35723,0.24946,0.216655,-0.0338058,-1.08295
460,0.23,4,2,4,0,0,0,0,0,0,-28.9097,-27.8478,5.46072,2.65356,-4.43199,-4.53295,0,0,0,0,0,0,-1.33432,-2.34778,0.24425,0.216012,-0.031379,-1.08139
461,0.2305,4,2,4,0,0,0,0,0,0,-28.8948,-27.8399,5.3863,2.64606,-4.42469,-4.53661,0,0,0,0,0,0,-1.33568,-2.3416,0.238361,0.214991,-0.0304738,-1.07905
462,0.231,4,2,4,0,0,0,0,0,0,-28.8797,-27.8322,5.31235,2.63749,-4.41927,-4.54399,0,0,0,0,0,0,-1.3355,-2.33263,0.234036,0.214923,-0.02968,-1.07666
463,0.2315,4,2,4,0,0,0,0,0,0,-28.8659,-27.8276,5.2392,2.6279,-4.41504,-4.55325,0,0,0,0,0,0,-1.33236,-2.3234,0.228332,0.213505,-0.0297331,-1.07751
464,0.232,4,2,4,0,0,0,0,0,0,-28.8521,-27.8269,5.16709,2.61876,-4.41043,-4.5625,0,0,0,0,0,0,-1.32939,-2.31662,0.222929,0.210278,-0.0311879,-1.07896
465,0.2325,4,2,4,0,0,0,0,0,0,-28.8371,-27.8284,5.09412,2.60946,-4.40524,-4.57173,0,0,0,0,0,0,-1.3236,-2.30603,0.218155,0.208432,-0.032492,-1.0776
466,0.233,4,2,4,0,0,0,0,0,0,-28.8228,-27.8303,5.01934,2.59969,-4.3989,-4.58025,0,0,0,0,0,0,-1.31627,-2.2926,0.212806,0.207512,-0.0332347,-1.07617
467,0.2335,4,2,4,0,0,0,0,0,0,-28.8083,-27.8306,4.94202,2.58944,-4.39007,-4.5871,0,0,0,0,0,0,-1.31291,-2.28387,0.20639,0.20599,-0.0337452,-1.07508
468,0.234,4,2,4,0,0,0,0,0,0,-28.7937,-27.8269,4.8626,2.57832,-4.37891,-4.59415,0,0,0,0,0,0,-1.3091,-2.275,0.199959,0.204477,-0.0333198,-1.07191
469,0.2345,4,2,4,0,0,0,0,0,0,-28.7805,-27.8193,4.78116,2.56559,-4.36628,-4.6033,0,0,0,0,0,0,-1.3063,-2.26758,0.192967,0.20413,-0.0315894,-1.06601
470,0.235,4,2,4,0,0,0,0,0,0,-28.7693,-27.8097,4.69729,2.55064,-4.35347,-4.61357,0,0,0,0,0,0,-1.30538,-2.26175,0.185551,0.203541,-0.0297896,-1.06383
471,0.2355,4,2,4,0,0,0,0,0,0,-28.7583,-27.7989,4.61031,2.53444,-4.34121,-4.62213,0,0,0,0,0,0,-1.30245,-2.25255,0.1799,0.204122,-0.0279545,-1.06253
472,0.236,4,2,4,0,0,0,0,0,0,-28.7441,-27.7837,4.52084,2.51753,-4.32948,-4.63258,0,0,0,0,0,0,-1.29778,-2.24074,0.173103,0.204759,-0.0268287,-1.06511
473,0.2365,4,2,4,0,0,0,0,0,0,-28.7286,-27.7695,4.43075,2.50102,-4.31858,-4.64101,0,0,0,0,0,0,-1.29234,-2.22835,0.166467,0.204664,-0.0262225,-1.0729
474,0.237,4,2,4,0,0,0,0,0,0,-28.7145,-27.7578,4.34186,2.48608,-4.30823,-4.64637,0,0,0,0,0,0,-1.28817,-2.21629,0.159358,0.204049,-0.0260531,-1.07803
475,0.2375,4,2,4,0,0,0,0,0,0,-28.7019,-27.7487,4.25552,2.47307,-4.29909,-4.65075,0,0,0,0,0,0,-1.28525,-2.207,0.152907,0.203299,-0.0254868,-1.07462
476,0.238,4,2,4,0,0,0,0,0,0,-28.689,-27.7386,4.17235,2.462,-4.29194,-4.65412,0,0,0,0,0,0,-1.28453,-2.20246,0.148061,0.200776,-0.025152,-1.07471
477,0.2385,4,2,4,0,0,0,0,0,0,-28.6756,-27.7268,4.09265,2.45358,-4.28635,-4.65348,0,0,0,0,0,0,-1.28768,-2.20309,0.143709,0.19826,-0.024544,-1.06833
478,0.239,4,2,4,0,0,0,0,0,0,-28.6598,-27.7102,4.01642,2.44643,-4.2823,-4.65184,0,0,0,0,0,0,-1.29076,-2.20099,0.13773,0.196772,-0.022955,-1.05553
479,0.2395,4,2,4,0,0,0,0,0,0,-28.6423,-27.6886,3.94291,2.43908,-4.27956,-4.65324,0,0,0,0,0,0,-1.28975,-2.19374,0.131338,0.195178,-0.0215903,-1.05056
480,0.24,4,2,4,0,0,0,0,0,0,-28.6244,-27.6638,3.87018,2.42982,-4.27837,-4.65738,0,0,0,0,0,0,-1.28909,-2.18348,0.124912,0.193918,-0.0200208,-1.04378
481,0.2405,4,2,4,0,0,0,0,0,0,-28.6071,-27.6388,3.79767,2.41936,-4.27784,-4.66085,0,0,0,0,0,0,-1.28734,-2.17093,0.117005,0.191791,-0.0189771,-1.03685
482,0.241,4,2,4,0,0,0,0,0,0,-28.5897,-27.6139,3.72332,2.40733,-4.27788,-4.6663,0,0,0,0,0,0,-1.28409,-2.15614,0.108752,0.189351,-0.0188395,-1.03417
483,0.2415,4,2,4,0,0,0,0,0,0,-28.5728,-27.5918,3.64622,2.39385,-4.278,-4.67438,0,0,0,0,0,0,-1.28389,-2.14434,0.100338,0.188271,-0.0183395,-1.03081
484,0.242,4,2,4,0,0,0,0,0,0,-28.5588,-27.5754,3.56734,2.37976,-4.27755,-4.68361,0,0,0,0,0,0,-1.28183,-2.13066,0.0927357,0.186721,-0.0195627,-1.03166
485,0.2425,4,2,4,0,0,0,0,0,0,-28.5477,-27.5613,3.48678,2.36477,-4.27615,-4.6957,0,0,0,0,0,0,-1.28116,-2.11697,0.0862421,0.183876,-0.0214316,-1.03508
486,0.243,4,2,4,0,0,0,0,0,0,-28.5375,-27.5469,3.40411,2.34889,-4.2736,-4.7096,0,0,0,0,0,0,-1.28299,-2.1093,0.0819412,0.182523,-0.0229925,-1.04011
487,0.2435,4,2,4,0,0,0,0,0,0,-28.5289,-27.5329,3.31919,2.33277,-4.26965,-4.72194,0,0,0,0,0,0,-1.27975,-2.09755,0.0762922,0.181546,-0.0245422,-1.0428
488,0.244,4,2,4,0,0,0,0,0,0,-28.5216,-27.5189,3.23275,2.31696,-4.26462,-4.73125,0,0,0,0,0,0,-1.27799,-2.08975,0.0714348,0.181664,-0.0251732,-1.03931
489,0.2445,4,2,4,0,0,0,0,0,0,-28.5138,-27.5,3.14638,2.30202,-4.25906,-4.74117,0,0,0,0,0,0,-1.27372,-2.08294,0.0678431,0.18222,-0.0254166,-1.03812
490,0.245,4,2,4,0,0,0,0,0,0,-28.5022,-27.4738,3.05918,2.28697,-4.25339,-4.75363,0,0,0,0,0,0,-1.26661,-2.06998,0.0630297,0.182593,-0.0245014,-1.03405
491,0.2455,4,2,4,0,0,0,0,0,0,-28.4906,-27.4456,2.97028,2.27112,-4.24774,-4.76334,0,0,0,0,0,0,-1.26046,-2.05608,0.0592905,0.183152,-0.0232046,-1.03214
492,0.246,4,2,4,0,0,0,0,0,0,-28.479,-27.416,2.88002,2.25411,-4.24257,-4.77044,0,0,0,0,0,0,-1.25842,-2.04366,0.0529651,0.181146,-0.022721,-1.03801
493,0.2465,4,2,4,0,0,0,0,0,0,-28.4651,-27.3857,2.78972,2.23599,-4.23811,-4.77486,0,0,0,0,0,0,-1.25736,-2.02979,0.047487,0.17897,-0.0219215,-1.03923
494,0.247,4,2,4,0,0,0,0,0,0,-28.4497,-27.3564,2.70023,2.21771,-4.23442,-4.77544,0,0,0,0,0,0,-1.25868,-2.02221,0.0411493,0.178077,-0.0214641,-1.03994
495,0.2475,4,2,4,0,0,0,0,0,0,-28.4345,-27.3277,2.61329,2.20059,-4.23145,-4.77571,0,0,0,0,0,0,-1.25987,-2.01762,0.0338028,0.176704,-0.0213011,-1.03992
496,0.248,4,2,4,0,0,0,0,0,0,-28.419,-27.299,2.52712,2.18533,-4.22924,-4.77544,0,0,0,0,0,0,-1.26272,-2.01561,0.0271362,0.175428,-0.0213074,-1.03821
497,0.2485,4,2,4,0,0,0,0,0,0,-28.403,-27.2684,2.44197,2.17217,-4.22836,-4.77438,0,0,0,0,0,0,-1.26425,-2.01075,0.0193225,0.172862,-0.0217074,-1.03648
498,0.249,4,2,4,0,0,0,0,0,0,-28.3869,-27.2366,2.35835,2.16081,-4.22876,-4.77245,0,0,0,0,0,0,-1.26585,-2.00575,0.011314,0.171434,-0.0211211,-1.03535
499,0.2495,4,2,4,0,0,0,0,0,0,-28.3715,-27.202,2.27674,2.15008,-4.23099,-4.77174,0,0,0,0,0,0,-1.26548,-1.99725,0.00292216,0.170782,-0.0205036,-1.02743
500,0.25,4,2,4,0,0,0,0,0,0,-28.3553,-27.1629,2.19747,2.13941,-4.23486,-4.77728,0,0,0,0,0,0,-1.26523,-1.98554,-0.00479527,0.170148,-0.0201274,-1.01909
501,0.2505,4,2,4,0,0,0,0,0,0,-28.3378,-27.1202,2.12037,2.12812,-4.24025,-4.78847,0,0,0,0,0,0,-1.26493,-1.97432,-0.00976566,0.168006,-0.02061,-1.0175
502,0.251,4,2,4,0,0,0,0,0,0,-28.3215,-27.0795,2.04429,2.11584,-4.24697,-4.79946,0,0,0,0,0,0,-1.26398,-1.95947,-0.0125884,0.166729,-0.020319,-1.01629
503,0.2515,4,2,4,0,0,0,0,0,0,-28.3051,-27.0405,1.96731,2.10174,-4.2544,-4.8112,0,0,0,0,0,0,-1.25975,-1.94311,-0.0161865,0.16639,-0.0200634,-1.01564
504,0.252,4,2,4,0,0,0,0,0,0,-28.2881,-27.0061,1.88841,2.0855,-4.26134,-4.82117,0,0,0,0,0,0,-1.25037,-1.92287,-0.0236985,0.164723,-0.0208643,-1.02136
505,0.2525,4,2,4,0,0,0,0,0,0,-28.2714,-26.9731,1.80663,2.06708,-4.26692,-4.83077,0,0,0,0,0,0,-1.24031,-1.90245,-0.0309325,0.162706,-0.021566,-1.02269
506,0.253,4,2,4,0,0,0,0,0,0,-28.2559,-26.9403,1.72214,2.04693,-4.27124,-4.84254,0,0,0,0,0,0,-1.23205,-1.88456,-0.0368245,0.161383,-0.0219756,-1.02317
507,0.2535,4,2,4,0,0,0,0,0,0,-28.2419,-26.9067,1.63565,2.02601,-4.27444,-4.85628,0,0,0,0,0,0,-1.22798,-1.87063,-0.0422826,0.159843,-0.0227385,-1.02419
508,0.254,4,2,4,0,0,0,0,0,0,-28.2324,-26.8739,1.54667,2.00564,-4.27673,-4.8666,0,0,0,0,0,0,-1.23095,-1.86115,-0.0484542,0.158996,-0.0242674,-1.02385
509,0.2545,4,2,4,0,0,0,0,0,0,-28.2262,-26.8416,1.45592,1.9866,-4.27793,-4.87507,0,0,0,0,0,0,-1.23567,-1.85523,-0.0519727,0.15908,-0.0258956,-1.02093
510,0.255,4,2,4,0,0,0,0,0,0,-28.2215,-26.8067,1.36319,1.96867,-4.27831,-4.88346,0,0,0,0,0,0,-1.23995,-1.85127,-0.0539742,0.160988,-0.0265691,-1.0145
511,0.2555,4,2,4,0,0,0,0,0,0,-28.2152,-26.7653,1.2697,1.95178,-4.27761,-4.89296,0,0,0,0,0,0,-1.24366,-1.84667,-0.0550491,0.161375,-0.0273173,-1.01132
512,0.256,4,2,4,0,0,0,0,0,0,-28.2071,-26.7221,1.17725,1.93539,-4.2769,-4.90196,0,0,0,0,0,0,-1.24593,-1.83847,-0.0580372,0.160851,-0.0281798,-1.01031
513,0.2565,4,2,4,0,0,0,0,0,0,-28.1985,-26.6791,1.08553,1.91895,-4.27771,-4.9115,0,0,0,0,0,0,-1.24708,-1.82873,-0.0619167,0.159182,-0.0290981,-1.01008
514,0.257,4,2,4,0,0,0,0,0,0,-28.1893,-26.6368,0.994066,1.90266,-4.28,-4.92053,0,0,0,0,0,0,-1.24778,-1.81783,-0.0691023,0.156423,-0.0297119,-1.01317
515,0.2575,4,2,4,0,0,0,0,0,0,-28.1792,-26.5955,0.902186,1.88603,-4.28326,-4.92717,0,0,0,0,0,0,-1.24665,-1.80757,-0.0755264,0.155803,-0.0281089,-1.01307
516,0.258,4,2,4,0,0,0,0,0,0,-28.166,-26.5504,0.810105,1.86877,-4.28739,-4.93323,0,0,0,0,0,0,-1.24381,-1.79283,-0.0814427,0.153132,-0.0276692,-1.01309
517,0.2585,4,2,4,0,0,0,0,0,0,-28.1486,-26.5025,0.718659,1.85075,-4.29241,-4.93861,0,0,0,0,0,0,-1.23983,-1.77478,-0.0886928,0.151084,-0.026958,-1.01166
518,0.259,4,2,4,0,0,0,0,0,0,-28.1289,-26.4528,0.629759,1.83203,-4.2986,-4.94449,0,0,0,0,0,0,-1.23901,-1.76302,-0.0967104,0.148356,-0.0273876,-1.01537
519,0.2595,4,2,4,0,0,0,0,0,0,-28.1106,-26.4037,0.5444,1.81303,-4.30656,-4.94828,0,0,0,0,0,0,-1.2399,-1.75641,-0.104167,0.146176,-0.0272742,-1.01532
520,0.26,4,2,4,0,0,0,0,0,0,-28.0932,-26.353,0.462707,1.79406,-4.31685,-4.95335,0,0,0,0,0,0,-1.23864,-1.74827,-0.112055,0.143685,-0.0274047,-1.01319
521,0.2605,4,2,4,0,0,0,0,0,0,-28.0767,-26.2996,0.383347,1.77561,-4.32927,-4.96251,0,0,0,0,0,0,-1.236,-1.73634,-0.120109,0.141694,-0.0280414,-1.01238
522,0.261,4,2,4,0,0,0,0,0,0,-28.06,-26.2417,0.305197,1.75819,-4.3428,-4.97548,0,0,0,0,0,0,-1.23394,-1.72171,-0.123697,0.141924,-0.0277655,-1.01189
523,0.2615,4,2,4,0,0,0,0,0,0,-28.0448,-26.1841,0.22843,1.74158,-4.35692,-4.98858,0,0,0,0,0,0,-1.2316,-1.70682,-0.125752,0.143168,-0.027478,-1.01635
524,0.262,4,2,4,0,0,0,0,0,0,-28.0314,-26.1297,0.152537,1.72551,-4.37137,-5.00231,0,0,0,0,0,0,-1.22869,-1.69125,-0.129533,0.143354,-0.0287883,-1.02017
525,0.2625,4,2,4,0,0,0,0,0,0,-28.0206,-26.0813,0.0758279,1.70999,-4.38543,-5.01327,0,0,0,0,0,0,-1.22719,-1.67697,-0.131716,0.142198,-0.0308413,-1.02159
526,0.263,4,2,4,0,0,0,0,0,0,-28.0121,-26.0374,-0.00319613,1.69467,-4.3983,-5.02258,0,0,0,0,0,0,-1.225,-1.66446,-0.134773,0.140968,-0.0325468,-1.0204
527,0.2635,4,2,4,0,0,0,0,0,0,-28.0054,-25.9925,-0.0847505,1.67906,-4.40888,-5.03262,0,0,0,0,0,0,-1.22082,-1.65078,-0.13675,0.137424,-0.0348017,-1.01775
528,0.264,4,2,4,0,0,0,0,0,0,-28.0006,-25.9466,-0.17023,1.66213,-4.41785,-5.04617,0,0,0,0,0,0,-1.21569,-1.63515,-0.139772,0.135705,-0.0354444,-1.01853
529,0.2645,4,2,4,0,0,0,0,0,0,-27.9973,-25.9,-0.25824,1.64398,-4.42546,-5.06088,0,0,0,0,0,0,-1.20913,-1.61559,-0.145307,0.135335,-0.0351807,-1.0195
530,0.265,4,2,4,0,0,0,0,0,0,-27.9958,-25.8544,-0.348546,1.62465,-4.43269,-5.07355,0,0,0,0,0,0,-1.20405,-1.59816,-0.149977,0.136026,-0.0340466,-1.01631
531,0.2655,4,2,4,0,0,0,0,0,0,-27.994,-25.8071,-0.440381,1.60452,-4.43998,-5.08556,0,0,0,0,0,0,-1.19993,-1.58383,-0.155608,0.135985,-0.0346956,-1.00904
532,0.266,4,2,4,0,0,0,0,0,0,-27.9905,-25.7552,-0.533863,1.58405,-4.44722,-5.10049,0,0,0,0,0,0,-1.19726,-1.57253,-0.161732,0.135687,-0.0362799,-0.999892
533,0.2665,4,2,4,0,0,0,0,0,0,-27.987,-25.7006,-0.629088,1.56392,-4.45507,-5.11914,0,0,0,0,0,0,-1.19793,-1.56112,-0.167454,0.133851,-0.0389818,-0.995908
534,0.267,4,2,4,0,0,0,0,0,0,-27.9838,-25.6455,-0.725629,1.54403,-4.4637,-5.13994,0,0,0,0,0,0,-1.19714,-1.54568,-0.171654,0.132415,-0.0409156,-0.997949
535,0.2675,4,2,4,0,0,0,0,0,0,-27.9789,-25.5896,-0.823216,1.52354,-4.47394,-5.16158,0,0,0,0,0,0,-1.19601,-1.53104,-0.175749,0.132139,-0.0417975,-1.01178
536,0.268,4,2,4,0,0,0,0,0,0,-27.9725,-25.5355,-0.920667,1.50281,-4.48546,-5.17696,0,0,0,0,0,0,-1.19601,-1.51734,-0.181199,0.132217,-0.0424023,-1.02867
537,0.2685,4,2,4,0,0,0,0,0,0,-27.965,-25.4826,-1.01685,1.48136,-4.49834,-5.18806,0,0,0,0,0,0,-1.1898,-1.50221,-0.187251,0.13162,-0.0433116,-1.03745
538,0.269,4,2,4,0,0,0,0,0,0,-27.9574,-25.4284,-1.1116,1.4599,-4.51212,-5.19876,0,0,0,0,0,0,-1.18641,-1.49051,-0.191354,0.130012,-0.0443768,-1.03933
539,0.2695,4,2,4,0,0,0,0,0,0,-27.9493,-25.3707,-1.20609,1.43883,-4.52677,-5.20957,0,0,0,0,0,0,-1.18405,-1.48022,-0.194101,0.127227,-0.0448171,-1.03972
540,0.27,4,2,4,0,0,0,0,0,0,-27.942,-25.3099,-1.30121,1.41822,-4.54231,-5.21829,0,0,0,0,0,0,-1.18154,-1.46942,-0.197264,0.123207,-0.0454661,-1.03896
541,0.2705,4,2,4,0,0,0,0,0,0,-27.9362,-25.2484,-1.39586,1.39775,-4.55889,-5.22485,0,0,0,0,0,0,-1.18464,-1.46377,-0.200927,0.120904,-0.0450003,-1.03489
542,0.271,4,2,4,0,0,0,0,0,0,-27.9319,-25.1865,-1.48859,1.37707,-4.57687,-5.23231,0,0,0,0,0,0,-1.18369,-1.45401,-0.206113,0.118302,-0.0451504,-1.02826
543,0.2715,4,2,4,0,0,0,0,0,0,-27.9279,-25.1212,-1.57715,1.35711,-4.59545,-5.24431,0,0,0,0,0,0,-1.18125,-1.44267,-0.211858,0.116802,-0.0455377,-1.02241
544,0.272,4,2,4,0,0,0,0,0,0,-27.9241,-25.0535,-1.66189,1.33867,-4.61433,-5.25925,0,0,0,0,0,0,-1.18401,-1.43249,-0.219215,0.11859,-0.0453618,-1.01654
545,0.2725,4,2,4,0,0,0,0,0,0,-27.9208,-24.9859,-1.74309,1.32253,-4.6335,-5.27614,0,0,0,0,0,0,-1.18569,-1.42043,-0.22746,0.120553,-0.046247,-1.0119
546,0.273,4,2,4,0,0,0,0,0,0,-27.918,-24.9196,-1.82203,1.30782,-4.65335,-5.29645,0,0,0,0,0,0,-1.18683,-1.40413,-0.236144,0.121724,-0.0481935,-1.00887
547,0.2735,4,2,4,0,0,0,0,0,0,-27.9161,-24.8593,-1.90102,1.29367,-4.67428,-5.3174,0,0,0,0,0,0,-1.18641,-1.38493,-0.242256,0.121604,-0.0505119,-1.01061
548,0.274,4,2,4,0,0,0,0,0,0,-27.9141,-24.804,-1.97952,1.27974,-4.69584,-5.3396,0,0,0,0,0,0,-1.18378,-1.366,-0.247728,0.12049,-0.0528148,-1.01643
549,0.2745,4,2,4,0,0,0,0,0,0,-27.9108,-24.7478,-2.05807,1.26549,-4.71715,-5.36378,0,0,0,0,0,0,-1.18184,-1.35056,-0.250227,0.118238,-0.0549633,-1.0237
550,0.275,4,2,4,0,0,0,0,0,0,-27.9048,-24.6877,-2.13785,1.2508,-4.7368,-5.38928,0,0,0,0,0,0,-1.17766,-1.33059,-0.253063,0.116488,-0.0565826,-1.02897
551,0.2755,4,2,4,0,0,0,0,0,0,-27.8963,-24.6244,-2.22115,1.23455,-4.75535,-5.41473,0,0,0,0,0,0,-1.17047,-1.3092,-0.255951,0.115292,-0.0576531,-1.03236
552,0.276,4,2,4,0,0,0,0,0,0,-27.8862,-24.5584,-2.30863,1.21583,-4.77318,-5.4363,0,0,0,0,0,0,-1.16557,-1.29107,-0.259565,0.114736,-0.058717,-1.03355
553,0.2765,4,2,4,0,0,0,0,0,0,-27.8756,-24.4886,-2.40015,1.19442,-4.7905,-5.45491,0,0,0,0,0,0,-1.16174,-1.27328,-0.263625,0.113016,-0.0601394,-1.03687
554,0.277,4,2,4,0,0,0,0,0,0,-27.8626,-24.4138,-2.49403,1.17081,-4.80751,-5.47604,0,0,0,0,0,0,-1.16198,-1.25876,-0.266347,0.111129,-0.0611284,-1.04089
555,0.2775,4,2,4,0,0,0,0,0,0,-27.847,-24.3337,-2.58783,1.14583,-4.8239,-5.49967,0,0,0,0,0,0,-1.16385,-1.24624,-0.2696,0.10937,-0.0623932,-1.04008
556,0.278,4,2,4,0,0,0,0,0,0,-27.8297,-24.2514,-2.68057,1.12041,-4.83987,-5.52254,0,0,0,0,0,0,-1.16115,-1.22993,-0.274965,0.10814,-0.0642767,-1.03636
557,0.2785,4,2,4,0,0,0,0,0,0,-27.8106,-24.1679,-2.77287,1.09539,-4.85572,-5.54289,0,0,0,0,0,0,-1.16067,-1.21545,-0.279658,0.107281,-0.0660897,-1.03241
558,0.279,4,2,4,0,0,0,0,0,0,-27.7903,-24.0856,-2.86608,1.07041,-4.87239,-5.55994,0,0,0,0,0,0,-1.16468,-1.20243,-0.28406,0.1085,-0.0672802,-1.03235
559,0.2795,4,2,4,0,0,0,0,0,0,-27.7701,-24.0066,-2.96004,1.04578,-4.89,-5.5736,0,0,0,0,0,0,-1.16679,-1.19064,-0.289839,0.110053,-0.0689723,-1.03362
560,0.28,4,2,4,0,0,0,0,0,0,-27.7507,-23.9288,-3.05304,1.02193,-4.90825,-5.58764,0,0,0,0,0,0,-1.17203,-1.18414,-0.294946,0.111611,-0.0705367,-1.03441
561,0.2805,4,2,4,0,0,0,0,0,0,-27.7322,-23.8511,-3.14278,0.998502,-4.92703,-5.60478,0,0,0,0,0,0,-1.17486,-1.17677,-0.298991,0.11236,-0.071729,-1.04093
562,0.281,4,2,4,0,0,0,0,0,0,-27.7139,-23.7712,-3.23056,0.975778,-4.94642,-5.62561,0,0,0,0,0,0,-1.18077,-1.1697,-0.301604,0.110819,-0.0734226,-1.05285
563,0.2815,4,2,4,0,0,0,0,0,0,-27.6973,-23.69,-3.31901,0.953769,-4.96693,-5.64589,0,0,0,0,0,0,-1.19413,-1.16664,-0.302848,0.109474,-0.0734209,-1.06026
564,0.282,4,2,4,0,0,0,0,0,0,-27.6816,-23.6087,-3.4091,0.931814,-4.98908,-5.66527,0,0,0,0,0,0,-1.20419,-1.16094,-0.30453,0.106979,-0.0739055,-1.06246
565,0.2825,4,2,4,0,0,0,0,0,0,-27.6664,-23.525,-3.50034,0.910397,-5.01198,-5.68546,0,0,0,0,0,0,-1.21411,-1.15616,-0.306219,0.104117,-0.0745125,-1.05824
566,0.283,4,2,4,0,0,0,0,0,0,-27.6509,-23.4358,-3.59077,0.889852,-5.03477,-5.71066,0,0,0,0,0,0,-1.2253,-1.15525,-0.309549,0.102206,-0.0762439,-1.0556
567,0.2835,4,2,4,0,0,0,0,0,0,-27.6378,-23.3446,-3.67889,0.86989,-5.05769,-5.743,0,0,0,0,0,0,-1.23298,-1.15221,-0.313843,0.100958,-0.0781944,-1.0605
568,0.284,4,2,4,0,0,0,0,0,0,-27.6282,-23.2545,-3.76324,0.850166,-5.081,-5.78022,0,0,0,0,0,0,-1.24718,-1.14938,-0.318757,0.100265,-0.0793462,-1.06642
569,0.2845,4,2,4,0,0,0,0,0,0,-27.6202,-23.1664,-3.84471,0.83069,-5.10558,-5.8185,0,0,0,0,0,0,-1.25885,-1.14067,-0.325765,0.101105,-0.0799688,-1.07194
570,0.285,4,2,4,0,0,0,0,0,0,-27.615,-23.0847,-3.92523,0.811135,-5.13205,-5.85169,0,0,0,0,0,0,-1.26407,-1.12849,-0.331816,0.100759,-0.081323,-1.07448
571,0.2855,4,2,4,0,0,0,0,0,0,-27.6115,-23.0074,-4.00339,0.791707,-5.15967,-5.88276,0,0,0,0,0,0,-1.27079,-1.11692,-0.334761,0.0992583,-0.0821732,-1.07437
572,0.286,4,2,4,0,0,0,0,0,0,-27.61,-22.9329,-4.0778,0.77266,-5.18816,-5.91416,0,0,0,0,0,0,-1.27583,-1.10659,-0.337495,0.0974351,-0.0834634,-1.07925
573,0.2865,4,2,4,0,0,0,0,0,0,-27.6083,-22.86,-4.14837,0.754342,-5.21775,-5.94657,0,0,0,0,0,0,-1.27816,-1.09512,-0.339804,0.0964991,-0.0840073,-1.08102
574,0.287,4,2,4,0,0,0,0,0,0,-27.6065,-22.7886,-4.21541,0.736004,-5.24881,-5.97957,0,0,0,0,0,0,-1.27817,-1.08451,-0.34242,0.0959834,-0.0849335,-1.08664
575,0.2875,4,2,4,0,0,0,0,0,0,-27.6062,-22.7172,-4.2831,0.717846,-5.28117,-6.00867,0,0,0,0,0,0,-1.26886,-1.0678,-0.344695,0.0956174,-0.0863624,-1.08784
576,0.288,4,2,4,0,0,0,0,0,0,-27.6062,-22.6456,-4.35504,0.699163,-5.31434,-6.03404,0,0,0,0,0,0,-1.2687,-1.05447,-0.344051,0.0931895,-0.0877998,-1.08778
577,0.2885,4,2,4,0,0,0,0,0,0,-27.6059,-22.5716,-4.43285,0.679889,-5.34735,-6.05955,0,0,0,0,0,0,-1.26453,-1.03824,-0.342036,0.0899775,-0.0888063,-1.08163
578,0.289,4,2,4,0,0,0,0,0,0,-27.6047,-22.4922,-4.51552,0.661023,-5.37842,-6.08721,0,0,0,0,0,0,-1.25034,-1.01371,-0.341465,0.0864416,-0.090299,-1.07477
579,0.2895,4,2,4,0,0,0,0,0,0,-27.6047,-22.4106,-4.60272,0.642752,-5.40739,-6.11922,0,0,0,0,0,0,-1.23364,-0.985788,-0.340702,0.0841496,-0.0911484,-1.06797
580,0.29,4,2,4,0,0,0,0,0,0,-27.6077,-22.3297,-4.69299,0.624526,-5.43477,-6.15681,0,0,0,0,0,0,-1.2176,-0.95881,-0.342438,0.0832691,-0.0928015,-1.06604
581,0.2905,4,2,4,0,0,0,0,0,0,-27.6128,-22.2508,-4.78724,0.606117,-5.46191,-6.19758,0,0,0,0,0,0,-1.20093,-0.928599,-0.346836,0.0834603,-0.0950106,-1.06091
582,0.291,4,2,4,0,0,0,0,0,0,-27.6197,-22.1767,-4.88636,0.587403,-5.48942,-6.23577,0,0,0,0,0,0,-1.18689,-0.89791,-0.351526,0.0851573,-0.0964146,-1.06455
583,0.2915,4,2,4,0,0,0,0,0,0,-27.6279,-22.1046,-4.9893,0.56938,-5.51644,-6.2737,0,0,0,0,0,0,-1.17024,-0.866827,-0.356486,0.0880254,-0.097719,-1.07006
584,0.292,4,2,4,0,0,0,0,0,0,-27.6368,-22.033,-5.09354,0.551636,-5.54286,-6.31433,0,0,0,0,0,0,-1.14997,-0.832032,-0.359592,0.0895672,-0.0985168,-1.07256
585,0.2925,4,2,4,0,0,0,0,0,0,-27.6467,-21.961,-5.19683,0.534288,-5.5683,-6.36081,0,0,0,0,0,0,-1.13422,-0.80085,-0.362293,0.0898244,-0.0998901,-1.07709
586,0.293,4,2,4,0,0,0,0,0,0,-27.6563,-21.8884,-5.29882,0.516497,-5.59361,-6.41031,0,0,0,0,0,0,-1.11891,-0.772867,-0.366585,0.0895964,-0.102141,-1.08073
587,0.2935,4,2,4,0,0,0,0,0,0,-27.6649,-21.8132,-5.40033,0.497243,-5.61982,-6.45667,0,0,0,0,0,0,-1.10505,-0.74647,-0.370301,0.0887618,-0.104379,-1.08196
588,0.294,4,2,4,0,0,0,0,0,0,-27.6715,-21.7343,-5.50143,0.475699,-5.64726,-6.49846,0,0,0,0,0,0,-1.08758,-0.721844,-0.374796,0.0878109,-0.107683,-1.0834
589,0.2945,4,2,4,0,0,0,0,0,0,-27.674,-21.65,-5.60054,0.452729,-5.67491,-6.53968,0,0,0,0,0,0,-1.06896,-0.696326,-0.381096,0.0873602,-0.111602,-1.08125
590,0.295,4,2,4,0,0,0,0,0,0,-27.6703,-21.5565,-5.69676,0.429704,-5.70171,-6.5809,0,0,0,0,0,0,-1.0581,-0.672434,-0.384713,0.0862147,-0.11407,-1.08343
591,0.2955,4,2,4,0,0,0,0,0,0,-27.6597,-21.4568,-5.78838,0.406565,-5.72749,-6.61993,0,0,0,0,0,0,-1.04958,-0.649355,-0.388082,0.0855607,-0.116075,-1.08908
592,0.296,4,2,4,0,0,0,0,0,0,-27.6436,-21.3535,-5.87468,0.382687,-5.753,-6.65819,0,0,0,0,0,0,-1.03527,-0.623441,-0.390908,0.0846146,-0.117923,-1.09144
593,0.2965,4,2,4,0,0,0,0,0,0,-27.6227,-21.247,-5.95696,0.357578,-5.77958,-6.69491,0,0,0,0,0,0,-1.02238,-0.597362,-0.393741,0.0841533,-0.119492,-1.093
594,0.297,4,2,4,0,0,0,0,0,0,-27.5984,-21.1408,-6.0377,0.33153,-5.80779,-6.72638,0,0,0,0,0,0,-1.0147,-0.577655,-0.399082,0.0843649,-0.122443,-1.09267
595,0.2975,4,2,4,0,0,0,0,0,0,-27.5698,-21.0323,-6.11729,0.305539,-5.83697,-6.75506,0,0,0,0,0,0,-1.00683,-0.559372,-0.405198,0.0855,-0.12516,-1.08794
596,0.298,4,2,4,0,0,0,0,0,0,-27.5376,-20.9204,-6.19477,0.279905,-5.86649,-6.78512,0,0,0,0,0,0,-1.00279,-0.54409,-0.410313,0.0863953,-0.127098,-1.09308
597,0.2985,4,2,4,0,0,0,0,0,0,-27.5017,-20.8042,-6.26975,0.255865,-5.89536,-6.82135,0,0,0,0,0,0,-1.00244,-0.529244,-0.416454,0.0885143,-0.128578,-1.10319
598,0.299,4,2,4,0,0,0,0,0,0,-27.462,-20.6859,-6.34186,0.232584,-5.92421,-6.86163,0,0,0,0,0,0,-1.00797,-0.517251,-0.419917,0.0885797,-0.129618,-1.1177
599,0.2995,4,2,4,0,0,0,0,0,0,-27.4196,-20.5648,-6.41309,0.209685,-5.95407,-6.90055,0,0,0,0,0,0,-1.01671,-0.508738,-0.420411,0.0872696,-0.129508,-1.13197
600,0.3,4,2,4,0,0,0,0,0,0,-27.3754,-20.4403,-6.48492,0.18735,-5.98501,-6.93678,0,0,0,0,0,0,-1.02255,-0.500423,-0.418805,0.0841677,-0.128756,-1.13939
601,0.3005,4,2,4,0,0,0,0,0,0,-27.3294,-20.313,-6.55602,0.165235,-6.01628,-6.97399,0,0,0,0,0,0,-1.03331,-0.495617,-0.419884,0.0809375,-0.128982,-1.14419
602,0.301,4,2,4,0,0,0,0,0,0,-27.2835,-20.1807,-6.62566,0.144272,-6.04678,-7.01759,0,0,0,0,0,0,-1.04342,-0.49243,-0.421759,0.0788024,-0.129996,-1.15125
603,0.3015,4,2,4,0,0,0,0,0,0,-27.2404,-20.0464,-6.69386,0.12409,-6.07713,-7.06646,0,0,0,0,0,0,-1.05346,-0.487863,-0.423756,0.0783225,-0.130477,-1.16195
604,0.302,4,2,4,0,0,0,0,0,0,-27.2008,-19.9151,-6.75939,0.103296,-6.10823,-7.11666,0,0,0,0,0,0,-1.06903,-0.481955,-0.427425,0.0795452,-0.130093,-1.17504
605,0.3025,4,2,4,0,0,0,0,0,0,-27.1666,-19.7884,-6.8235,0.0812949,-6.14128,-7.16711,0,0,0,0,0,0,-1.08345,-0.472828,-0.431694,0.0799954,-0.130746,-1.18489
606,0.303,4,2,4,0,0,0,0,0,0,-27.1394,-19.6689,-6.89173,0.0588532,-6.17839,-7.21413,0,0,0,0,0,0,-1.09413,-0.462357,-0.433101,0.0795877,-0.130684,-1.19084
607,0.3035,4,2,4,0,0,0,0,0,0,-27.1176,-19.5562,-6.9665,0.0371758,-6.21974,-7.25716,0,0,0,0,0,0,-1.10436,-0.454859,-0.434524,0.0785082,-0.131747,-1.19502
608,0.304,4,2,4,0,0,0,0,0,0,-27.0979,-19.4481,-7.04652,0.0165474,-6.26387,-7.29851,0,0,0,0,0,0,-1.11238,-0.447845,-0.435187,0.076827,-0.133314,-1.19434
609,0.3045,4,2,4,0,0,0,0,0,0,-27.0805,-19.3431,-7.1298,-0.00275688,-6.30905,-7.3405,0,0,0,0,0,0,-1.12266,-0.442494,-0.436545,0.075911,-0.134856,-1.19869
610,0.305,4,2,4,0,0,0,0,0,0,-27.0647,-19.2403,-7.2127,-0.0223214,-6.35425,-7.38452,0,0,0,0,0,0,-1.12804,-0.435918,-0.43776,0.0754549,-0.136331,-1.20926
611,0.3055,4,2,4,0,0,0,0,0,0,-27.0517,-19.1378,-7.29685,-0.0422857,-6.39967,-7.42649,0,0,0,0,0,0,-1.12884,-0.425826,-0.44014,0.0753343,-0.138259,-1.2181
612,0.306,4,2,4,0,0,0,0,0,0,-27.0421,-19.0361,-7.38437,-0.0624519,-6.4457,-7.46545,0,0,0,0,0,0,-1.1376,-0.417397,-0.440235,0.0731319,-0.140113,-1.23232
613,0.3065,4,2,4,0,0,0,0,0,0,-27.0351,-18.9353,-7.47444,-0.0828905,-6.49151,-7.50422,0,0,0,0,0,0,-1.14476,-0.407699,-0.437914,0.0699036,-0.14099,-1.23817
614,0.307,4,2,4,0,0,0,0,0,0,-27.0303,-18.8318,-7.56637,-0.10147,-6.53516,-7.54793,0,0,0,0,0,0,-1.14452,-0.3929,-0.433318,0.0655677,-0.141123,-1.24334
615,0.3075,4,2,4,0,0,0,0,0,0,-27.0274,-18.7258,-7.65818,-0.117528,-6.57557,-7.59895,0,0,0,0,0,0,-1.14054,-0.377377,-0.431747,0.0627577,-0.142333,-1.24696
616,0.308,4,2,4,0,0,0,0,0,0,-27.0262,-18.6199,-7.74727,-0.133394,-6.61377,-7.65453,0,0,0,0,0,0,-1.13242,-0.358292,-0.433438,0.0626544,-0.144188,-1.2462
617,0.3085,4,2,4,0,0,0,0,0,0,-27.0267,-18.5145,-7.83375,-0.149602,-6.65036,-7.71416,0,0,0,0,0,0,-1.12206,-0.338033,-0.437617,0.0654085,-0.146309,-1.24512
618,0.309,4,2,4,0,0,0,0,0,0,-27.0276,-18.4097,-7.91891,-0.166463,-6.68644,-7.77522,0,0,0,0,0,0,-1.11626,-0.316616,-0.441953,0.0685866,-0.148645,-1.25011
619,0.3095,4,2,4,0,0,0,0,0,0,-27.0307,-18.3085,-8.00475,-0.184281,-6.72298,-7.837,0,0,0,0,0,0,-1.10836,-0.292511,-0.446822,0.0718438,-0.151217,-1.25186
620,0.31,4,2,4,0,0,0,0,0,0,-27.0352,-18.2088,-8.08981,-0.202601,-6.7592,-7.90174,0,0,0,0,0,0,-1.10046,-0.269935,-0.450235,0.0752158,-0.152625,-1.25911
621,0.3105,4,2,4,0,0,0,0,0,0,-27.0379,-18.1093,-8.17282,-0.221291,-6.79512,-7.96775,0,0,0,0,0,0,-1.09261,-0.249513,-0.45287,0.0781198,-0.154405,-1.26852
622,0.311,4,2,4,0,0,0,0,0,0,-27.0362,-18.0083,-8.25083,-0.241181,-6.82998,-8.03349,0,0,0,0,0,0,-1.08928,-0.232842,-0.454336,0.0789102,-0.155781,-1.28137
623,0.3115,4,2,4,0,0,0,0,0,0,-27.0314,-17.9031,-8.32497,-0.261627,-6.86369,-8.09798,0,0,0,0,0,0,-1.08411,-0.21477,-0.454345,0.0775586,-0.157683,-1.29008
624,0.312,4,2,4,0,0,0,0,0,0,-27.0235,-17.7949,-8.39678,-0.28337,-6.89754,-8.15981,0,0,0,0,0,0,-1.07823,-0.19561,-0.453289,0.0760173,-0.159153,-1.29393
625,0.3125,4,2,4,0,0,0,0,0,0,-27.0114,-17.6831,-8.46649,-0.307356,-6.93212,-8.21707,0,0,0,0,0,0,-1.07036,-0.17539,-0.453363,0.0749338,-0.160817,-1.29559
626,0.313,4,2,4,0,0,0,0,0,0,-26.9944,-17.5664,-8.53331,-0.333194,-6.96701,-8.27064,0,0,0,0,0,0,-1.06461,-0.157247,-0.455891,0.0744517,-0.162845,-1.29838
627,0.3135,4,2,4,0,0,0,0,0,0,-26.9728,-17.4451,-8.59449,-0.36011,-7.00057,-8.3262,0,0,0,0,0,0,-1.0591,-0.137624,-0.456303,0.0724129,-0.164357,-1.3004
628,0.314,4,2,4,0,0,0,0,0,0,-26.9469,-17.3197,-8.64943,-0.387826,-7.03266,-8.38462,0,0,0,0,0,0,-1.05505,-0.120057,-0.455393,0.068746,-0.165977,-1.29925
629,0.3145,4,2,4,0,0,0,0,0,0,-26.9188,-17.1928,-8.69972,-0.415578,-7.06361,-8.44335,0,0,0,0,0,0,-1.04566,-0.0989662,-0.453843,0.0655845,-0.167545,-1.29522
630,0.315,4,2,4,0,0,0,0,0,0,-26.8901,-17.0658,-8.74827,-0.442352,-7.09436,-8.50193,0,0,0,0,0,0,-1.04061,-0.0779111,-0.453472,0.0630855,-0.16952,-1.29416
631,0.3155,4,2,4,0,0,0,0,0,0,-26.8651,-16.941,-8.79853,-0.467083,-7.12569,-8.56273,0,0,0,0,0,0,-1.04182,-0.0590938,-0.454768,0.0634946,-0.170707,-1.30018
632,0.316,4,2,4,0,0,0,0,0,0,-26.8448,-16.8214,-8.85255,-0.489828,-7.15863,-8.62554,0,0,0,0,0,0,-1.04712,-0.0438787,-0.457929,0.0666095,-0.170853,-1.30959
633,0.3165,4,2,4,0,0,0,0,0,0,-26.826,-16.7051,-8.91003,-0.511239,-7.19379,-8.69083,0,0,0,0,0,0,-1.05367,-0.0332572,-0.463402,0.0707185,-0.171739,-1.32253
634,0.317,4,2,4,0,0,0,0,0,0,-26.807,-16.5882,-8.9713,-0.531606,-7.23141,-8.75627,0,0,0,0,0,0,-1.05653,-0.0213238,-0.464852,0.0720656,-0.172262,-1.33529
635,0.3175,4,2,4,0,0,0,0,0,0,-26.7897,-16.4711,-9.03881,-0.54954,-7.27165,-8.82453,0,0,0,0,0,0,-1.0558,-0.00612762,-0.462224,0.0708827,-0.172063,-1.34647
636,0.318,4,2,4,0,0,0,0,0,0,-26.7751,-16.3545,-9.11318,-0.565264,-7.3146,-8.89676,0,0,0,0,0,0,-1.0568,0.00913894,-0.457402,0.0679406,-0.171465,-1.35888
637,0.3185,4,2,4,0,0,0,0,0,0,-26.7627,-16.2361,-9.19411,-0.579419,-7.3601,-8.96943,0,0,0,0,0,0,-1.05969,0.0248039,-0.45306,0.0660715,-0.170232,-1.36873
638,0.319,4,2,4,0,0,0,0,0,0,-26.7509,-16.1162,-9.27972,-0.59342,-7.40769,-9.04132,0,0,0,0,0,0,-1.05801,0.0422531,-0.448653,0.0641,-0.169333,-1.37521
639,0.3195,4,2,4,0,0,0,0,0,0,-26.7385,-15.9953,-9.36683,-0.608397,-7.45636,-9.11285,0,0,0,0,0,0,-1.05574,0.0597645,-0.447969,0.0644354,-0.169491,-1.38002
640,0.32,4,2,4,0,0,0,0,0,0,-26.7252,-15.8726,-9.45182,-0.624235,-7.50395,-9.18538,0,0,0,0,0,0,-1.05183,0.0772561,-0.447978,0.0641591,-0.171004,-1.38011
641,0.3205,4,2,4,0,0,0,0,0,0,-26.7097,-15.7479,-9.53369,-0.640358,-7.54988,-9.25642,0,0,0,0,0,0,-1.04236,0.0967559,-0.447057,0.0630409,-0.172818,-1.37188
642,0.321,4,2,4,0,0,0,0,0,0,-26.6927,-15.6227,-9.61292,-0.656422,-7.59454,-9.32616,0,0,0,0,0,0,-1.03343,0.112535,-0.448276,0.0618764,-0.176208,-1.36511
643,0.3215,4,2,4,0,0,0,0,0,0,-26.676,-15.4986,-9.68975,-0.672366,-7.63806,-9.39611,0,0,0,0,0,0,-1.02754,0.130488,-0.450352,0.0620822,-0.179191,-1.37237
644,0.322,4,2,4,0,0,0,0,0,0,-26.6595,-15.3757,-9.76377,-0.689076,-7.68101,-9.46731,0,0,0,0,0,0,-1.02367,0.148019,-0.452348,0.0630995,-0.181754,-1.38566
645,0.3225,4,2,4,0,0,0,0,0,0,-26.6424,-15.2532,-9.83419,-0.708493,-7.72419,-9.53569,0,0,0,0,0,0,-1.02057,0.164916,-0.454911,0.0663591,-0.183307,-1.40307
646,0.323,4,2,4,0,0,0,0,0,0,-26.625,-15.1318,-9.8996,-0.731689,-7.76711,-9.60097,0,0,0,0,0,0,-1.01712,0.181953,-0.458847,0.0707487,-0.184531,-1.41716
647,0.3235,4,2,4,0,0,0,0,0,0,-26.6077,-15.0102,-9.96123,-0.756975,-7.80943,-9.66788,0,0,0,0,0,0,-1.01375,0.198342,-0.460786,0.0729982,-0.185412,-1.42773
648,0.324,4,2,4,0,0,0,0,0,0,-26.5894,-14.8861,-10.0187,-0.782669,-7.85001,-9.73726,0,0,0,0,0,0,-1.00691,0.216256,-0.458449,0.0714295,-0.18582,-1.43327
649,0.3245,4,2,4,0,0,0,0,0,0,-26.5705,-14.76,-10.0745,-0.806876,-7.88915,-9.81098,0,0,0,0,0,0,-0.997235,0.234276,-0.454654,0.0675153,-0.186855,-1.43659
650,0.325,4,2,4,0,0,0,0,0,0,-26.5513,-14.6322,-10.1289,-0.82911,-7.92651,-9.88906,0,0,0,0,0,0,-0.989782,0.251702,-0.451558,0.0634038,-0.188301,-1.43989
651,0.3255,4,2,4,0,0,0,0,0,0,-26.5317,-14.5041,-10.1816,-0.851547,-7.96304,-9.96888,0,0,0,0,0,0,-0.986633,0.268591,-0.450257,0.0601839,-0.190167,-1.44477
652,0.326,4,2,4,0,0,0,0,0,0,-26.5109,-14.3749,-10.2319,-0.875211,-7.99909,-10.0489,0,0,0,0,0,0,-0.987723,0.284542,-0.451408,0.0601454,-0.191414,-1.45095
653,0.3265,4,2,4,0,0,0,0,0,0,-26.4886,-14.2443,-10.2786,-0.899143,-8.0331,-10.1306,0,0,0,0,0,0,-0.990521,0.298221,-0.455908,0.0617654,-0.193299,-1.45767
654,0.327,4,2,4,0,0,0,0,0,0,-26.4665,-14.1133,-10.3224,-0.921823,-8.06509,-10.216,0,0,0,0,0,0,-0.994868,0.311958,-0.461744,0.0643335,-0.19523,-1.46638
655,0.3275,4,2,4,0,0,0,0,0,0,-26.4447,-13.983,-10.3649,-0.942861,-8.09632,-10.3042,0,0,0,0,0,0,-1.00501,0.323804,-0.468502,0.0684166,-0.196381,-1.48241
656,0.328,4,2,4,0,0,0,0,0,0,-26.4209,-13.851,-10.4057,-0.963033,-8.12728,-10.39,0,0,0,0,0,0,-1.01057,0.336894,-0.471368,0.0707243,-0.197383,-1.49601
657,0.3285,4,2,4,0,0,0,0,0,0,-26.3936,-13.7175,-10.4464,-0.982801,-8.15919,-10.4725,0,0,0,0,0,0,-1.01297,0.350586,-0.4688,0.0698194,-0.197456,-1.50255
658,0.329,4,2,4,0,0,0,0,0,0,-26.3632,-13.583,-10.4894,-1.00301,-8.1941,-10.552,0,0,0,0,0,0,-1.00963,0.365265,-0.46319,0.0682715,-0.195919,-1.50763
659,0.3295,4,2,4,0,0,0,0,0,0,-26.3321,-13.4492,-10.5366,-1.02417,-8.23324,-10.6278,0,0,0,0,0,0,-1.00488,0.380828,-0.456447,0.066048,-0.194512,-1.5109
660,0.33,4,2,4,0,0,0,0,0,0,-26.303,-13.3166,-10.5918,-1.04473,-8.27754,-10.7032,0,0,0,0,0,0,-0.999751,0.399511,-0.450769,0.065661,-0.192877,-1.51764
661,0.3305,4,2,4,0,0,0,0,0,0,-26.2764,-13.1838,-10.6546,-1.06389,-8.32581,-10.7811,0,0,0,0,0,0,-0.993497,0.419315,-0.446872,0.066539,-0.19139,-1.52129
662,0.331,4,2,4,0,0,0,0,0,0,-26.2501,-13.0497,-10.7211,-1.0827,-8.37581,-10.8603,0,0,0,0,0,0,-0.986854,0.43696,-0.440305,0.0649218,-0.189437,-1.52231
663,0.3315,4,2,4,0,0,0,0,0,0,-26.221,-12.9147,-10.7871,-1.10308,-8.42573,-10.9384,0,0,0,0,0,0,-0.975344,0.45542,-0.432642,0.0620372,-0.188084,-1.52135
664,0.332,4,2,4,0,0,0,0,0,0,-26.191,-12.7797,-10.8519,-1.12494,-8.47471,-11.0172,0,0,0,0,0,0,-0.962473,0.475112,-0.425956,0.057724,-0.189131,-1.52141
665,0.3325,4,2,4,0,0,0,0,0,0,-26.1637,-12.6475,-10.9178,-1.1476,-8.52402,-11.0979,0,0,0,0,0,0,-0.953608,0.492005,-0.422948,0.0559067,-0.19079,-1.52526
666,0.333,4,2,4,0,0,0,0,0,0,-26.1412,-12.5178,-10.9844,-1.16967,-8.57295,-11.1828,0,0,0,0,0,0,-0.950091,0.505851,-0.426424,0.0575199,-0.194187,-1.53425
667,0.3335,4,2,4,0,0,0,0,0,0,-26.1245,-12.3876,-11.0518,-1.18916,-8.62047,-11.2708,0,0,0,0,0,0,-0.950416,0.518486,-0.432377,0.0612358,-0.197504,-1.551
668,0.334,4,2,4,0,0,0,0,0,0,-26.1109,-12.2569,-11.1184,-1.20563,-8.6654,-11.3632,0,0,0,0,0,0,-0.951467,0.533283,-0.441503,0.066796,-0.201394,-1.57048
669,0.3345,4,2,4,0,0,0,0,0,0,-26.0975,-12.124,-11.181,-1.22035,-8.70645,-11.4592,0,0,0,0,0,0,-0.953185,0.548307,-0.448153,0.070306,-0.205136,-1.58463
670,0.335,4,2,4,0,0,0,0,0,0,-26.0842,-11.9902,-11.2368,-1.23464,-8.74291,-11.5579,0,0,0,0,0,0,-0.950244,0.565059,-0.450394,0.0710577,-0.207741,-1.5954
671,0.3355,4,2,4,0,0,0,0,0,0,-26.072,-11.8575,-11.2885,-1.24893,-8.77702,-11.658,0,0,0,0,0,0,-0.943867,0.582926,-0.447976,0.0692525,-0.208489,-1.60346
672,0.336,4,2,4,0,0,0,0,0,0,-26.0576,-11.7242,-11.337,-1.26384,-8.81016,-11.7573,0,0,0,0,0,0,-0.939023,0.603008,-0.442115,0.0663382,-0.207841,-1.61132
673,0.3365,4,2,4,0,0,0,0,0,0,-26.0379,-11.5891,-11.3826,-1.28064,-8.843,-11.852,0,0,0,0,0,0,-0.930382,0.624628,-0.435934,0.0637577,-0.207253,-1.61261
674,0.337,4,2,4,0,0,0,0,0,0,-26.0125,-11.4532,-11.4256,-1.30018,-8.87587,-11.9417,0,0,0,0,0,0,-0.922865,0.645405,-0.432623,0.0634334,-0.206949,-1.61232
675,0.3375,4,2,4,0,0,0,0,0,0,-25.9828,-11.317,-11.4645,-1.32376,-8.90857,-12.0292,0,0,0,0,0,0,-0.921029,0.662664,-0.431655,0.0653537,-0.20562,-1.61585
676,0.338,4,2,4,0,0,0,0,0,0,-25.951,-11.1815,-11.4985,-1.35008,-8.94,-12.1171,0,0,0,0,0,0,-0.920574,0.676487,-0.431023,0.0672462,-0.204267,-1.62243
677,0.3385,4,2,4,0,0,0,0,0,0,-25.9175,-11.0457,-11.5274,-1.37933,-8.97058,-12.2038,0,0,0,0,0,0,-0.926165,0.687978,-0.430226,0.0691554,-0.202662,-1.6369
678,0.339,4,2,4,0,0,0,0,0,0,-25.8818,-10.9081,-11.5563,-1.40896,-9.00332,-12.2899,0,0,0,0,0,0,-0.927788,0.704132,-0.426886,0.0697294,-0.200702,-1.65407
679,0.3395,4,2,4,0,0,0,0,0,0,-25.8449,-10.7692,-11.5891,-1.43777,-9.04024,-12.3759,0,0,0,0,0,0,-0.930028,0.717347,-0.422546,0.0678704,-0.20001,-1.66458
680,0.34,4,2,4,0,0,0,0,0,0,-25.8069,-10.628,-11.6257,-1.46547,-9.08093,-12.4613,0,0,0,0,0,0,-0.923991,0.73225,-0.417291,0.0642274,-0.201282,-1.66386
681,0.3405,4,2,4,0,0,0,0,0,0,-25.7705,-10.4865,-11.6665,-1.4915,-9.12472,-12.5502,0,0,0,0,0,0,-0.919639,0.745464,-0.414478,0.0618907,-0.203421,-1.6667
682,0.341,4,2,4,0,0,0,0,0,0,-25.7374,-10.3458,-11.7101,-1.5152,-9.16985,-12.6441,0,0,0,0,0,0,-0.913226,0.758843,-0.413689,0.0619988,-0.205245,-1.66953
683,0.3415,4,2,4,0,0,0,0,0,0,-25.7081,-10.2053,-11.7566,-1.53494,-9.21498,-12.7423,0,0,0,0,0,0,-0.907698,0.773786,-0.413898,0.06479,-0.205982,-1.67078
684,0.342,4,2,4,0,0,0,0,0,0,-25.6811,-10.0654,-11.8048,-1.55076,-9.25914,-12.8428,0,0,0,0,0,0,-0.902776,0.79054,-0.411578,0.0650783,-0.20548,-1.67537
685,0.3425,4,2,4,0,0,0,0,0,0,-25.6561,-9.92729,-11.8548,-1.56422,-9.30266,-12.9455,0,0,0,0,0,0,-0.899164,0.805881,-0.4051,0.0615072,-0.204408,-1.68439
686,0.343,4,2,4,0,0,0,0,0,0,-25.6324,-9.78952,-11.9064,-1.57594,-9.3452,-13.0511,0,0,0,0,0,0,-0.89266,0.820594,-0.397733,0.0585839,-0.202965,-1.69437
687,0.3435,4,2,4,0,0,0,0,0,0,-25.609,-9.6514,-11.9584,-1.58595,-9.38588,-13.1598,0,0,0,0,0,0,-0.88299,0.837189,-0.391313,0.0567681,-0.201924,-1.70813
688,0.344,4,2,4,0,0,0,0,0,0,-25.5853,-9.51226,-12.0097,-1.59665,-9.42555,-13.2679,0,0,0,0,0,0,-0.878527,0.853145,-0.38878,0.0601038,-0.20053,-1.72567
689,0.3445,4,2,4,0,0,0,0,0,0,-25.5601,-9.37298,-12.0589,-1.61001,-9.46471,-13.3745,0,0,0,0,0,0,-0.875329,0.868804,-0.388347,0.0665082,-0.19939,-1.74228
690,0.345,4,2,4,0,0,0,0,0,0,-25.5321,-9.23124,-12.1045,-1.62587,-9.50275,-13.4773,0,0,0,0,0,0,-0.870983,0.887068,-0.389864,0.0726783,-0.199778,-1.75475
691,0.3455,4,2,4,0,0,0,0,0,0,-25.5045,-9.08885,-12.1494,-1.64298,-9.54104,-13.5785,0,0,0,0,0,0,-0.865666,0.905566,-0.391605,0.0762444,-0.201653,-1.76384
692,0.346,4,2,4,0,0,0,0,0,0,-25.479,-8.94734,-12.1927,-1.66082,-9.57851,-13.6824,0,0,0,0,0,0,-0.863432,0.922543,-0.392414,0.0775693,-0.203933,-1.76992
693,0.3465,4,2,4,0,0,0,0,0,0,-25.4533,-8.80653,-12.2328,-1.6807,-9.61509,-13.7877,0,0,0,0,0,0,-0.855592,0.943645,-0.391466,0.0765047,-0.206684,-1.77347
694,0.347,4,2,4,0,0,0,0,0,0,-25.4242,-8.66445,-12.2683,-1.70379,-9.65081,-13.8905,0,0,0,0,0,0,-0.850519,0.961017,-0.389081,0.0747869,-0.207828,-1.77712
695,0.3475,4,2,4,0,0,0,0,0,0,-25.3921,-8.52263,-12.3,-1.73002,-9.68626,-13.9903,0,0,0,0,0,0,-0.845721,0.976689,-0.385838,0.073297,-0.207522,-1.78014
696,0.348,4,2,4,0,0,0,0,0,0,-25.3599,-8.38256,-12.3277,-1.75757,-9.72001,-14.0903,0,0,0,0,0,0,-0.841141,0.992507,-0.383869,0.0711898,-0.208498,-1.78301
697,0.3485,4,2,4,0,0,0,0,0,0,-25.3261,-8.24298,-12.3506,-1.78438,-9.75031,-14.1899,0,0,0,0,0,0,-0.839183,1.00382,-0.380124,0.0686458,-0.207624,-1.7895
698,0.349,4,2,4,0,0,0,0,0,0,-25.2905,-8.10213,-12.3677,-1.81057,-9.77704,-14.2902,0,0,0,0,0,0,-0.836197,1.0163,-0.376912,0.0678613,-0.206629,-1.79733
699,0.3495,4,2,4,0,0,0,0,0,0,-25.2533,-7.96022,-12.3808,-1.83676,-9.80255,-14.3913,0,0,0,0,0,0,-0.839568,1.02761,-0.372109,0.0662988,-0.204152,-1.81394
700,0.35,4,2,4,0,0,0,0,0,0,-25.2149,-7.81758,-12.3924,-1.86399,-9.82932,-14.4916,0,0,0,0,0,0,-0.84555,1.03759,-0.368005,0.065272,-0.201463,-1.83098
701,0.3505,4,2,4,0,0,0,0,0,0,-25.1748,-7.67398,-12.4055,-1.89205,-9.85946,-14.5912,0,0,0,0,0,0,-0.845548,1.0501,-0.362269,0.0623679,-0.200161,-1.83958
702,0.351,4,2,4,0,0,0,0,0,0,-25.1357,-7.53025,-12.4244,-1.91709,-9.89339,-14.6966,0,0,0,0,0,0,-0.838333,1.06678,-0.356579,0.0605996,-0.19959,-1.84542
703,0.3515,4,2,4,0,0,0,0,0,0,-25.1011,-7.38687,-12.4506,-1.93678,-9.92983,-14.8115,0,0,0,0,0,0,-0.827596,1.08525,-0.351812,0.0611849,-0.199844,-1.84849
704,0.352,4,2,4,0,0,0,0,0,0,-25.0706,-7.2434,-12.4846,-1.95237,-9.96932,-14.9304,0,0,0,0,0,0,-0.821895,1.1025,-0.349855,0.0646984,-0.199573,-1.85465
705,0.3525,4,2,4,0,0,0,0,0,0,-25.0431,-7.10083,-12.5247,-1.96573,-10.0112,-15.0492,0,0,0,0,0,0,-0.818152,1.119,-0.349796,0.0715102,-0.198543,-1.86381
706,0.353,4,2,4,0,0,0,0,0,0,-25.0144,-6.95893,-12.5659,-1.97863,-10.0525,-15.1662,0,0,0,0,0,0,-0.81246,1.13452,-0.347644,0.075439,-0.197886,-1.87367
707,0.3535,4,2,4,0,0,0,0,0,0,-24.9831,-6.81727,-12.6066,-1.99205,-10.093,-15.2808,0,0,0,0,0,0,-0.808424,1.14673,-0.343209,0.0767841,-0.195957,-1.88692
708,0.354,4,2,4,0,0,0,0,0,0,-24.9485,-6.67386,-12.6475,-2.00494,-10.133,-15.3929,0,0,0,0,0,0,-0.804412,1.15957,-0.336512,0.0756886,-0.193602,-1.90067
709,0.3545,4,2,4,0,0,0,0,0,0,-24.9134,-6.52914,-12.689,-2.01737,-10.1729,-15.5058,0,0,0,0,0,0,-0.796825,1.1727,-0.330256,0.0735076,-0.191935,-1.91236
710,0.355,4,2,4,0,0,0,0,0,0,-24.8787,-6.38318,-12.728,-2.03213,-10.2122,-15.619,0,0,0,0,0,0,-0.789713,1.18726,-0.325518,0.0719857,-0.191321,-1.91915
711,0.3555,4,2,4,0,0,0,0,0,0,-24.8422,-6.23615,-12.7607,-2.05056,-10.2485,-15.7303,0,0,0,0,0,0,-0.785409,1.20246,-0.323911,0.0733506,-0.191787,-1.92785
712,0.356,4,2,4,0,0,0,0,0,0,-24.8031,-6.08839,-12.785,-2.07255,-10.2804,-15.8407,0,0,0,0,0,0,-0.775696,1.22114,-0.322405,0.0752999,-0.192849,-1.93174
713,0.3565,4,2,4,0,0,0,0,0,0,-24.7633,-5.94068,-12.8017,-2.09577,-10.3073,-15.9531,0,0,0,0,0,0,-0.767034,1.23818,-0.321135,0.075469,-0.195147,-1.93435
714,0.357,4,2,4,0,0,0,0,0,0,-24.7254,-5.79357,-12.8138,-2.11822,-10.3304,-16.0661,0,0,0,0,0,0,-0.758516,1.25429,-0.318957,0.0742789,-0.197818,-1.9323
715,0.3575,4,2,4,0,0,0,0,0,0,-24.6902,-5.6483,-12.824,-2.14019,-10.3519,-16.1797,0,0,0,0,0,0,-0.753205,1.27177,-0.317909,0.0750152,-0.198921,-1.93676
716,0.358,4,2,4,0,0,0,0,0,0,-24.657,-5.50493,-12.8323,-2.16277,-10.3724,-16.2945,0,0,0,0,0,0,-0.753269,1.28586,-0.318383,0.0770759,-0.199187,-1.94576
717,0.3585,4,2,4,0,0,0,0,0,0,-24.6224,-5.36338,-12.8384,-2.1874,-10.3928,-16.408,0,0,0,0,0,0,-0.752748,1.29941,-0.315667,0.077482,-0.197481,-1.95378
718,0.359,4,2,4,0,0,0,0,0,0,-24.5852,-5.22161,-12.8428,-2.2128,-10.4134,-16.5212,0,0,0,0,0,0,-0.751413,1.31126,-0.311276,0.0777292,-0.194114,-1.96475
719,0.3595,4,2,4,0,0,0,0,0,0,-24.5483,-5.07951,-12.8494,-2.23578,-10.4357,-16.6394,0,0,0,0,0,0,-0.749802,1.32059,-0.30563,0.0780005,-0.190195,-1.97819
720,0.36,4,2,4,0,0,0,0,0,0,-24.5095,-4.9361,-12.8583,-2.25761,-10.4609,-16.759,0,0,0,0,0,0,-0.748084,1.33036,-0.298699,0.0780425,-0.18558,-1.99368
721,0.3605,4,2,4,0,0,0,0,0,0,-24.4691,-4.79182,-12.8682,-2.28041,-10.489,-16.8787,0,0,0,0,0,0,-0.745106,1.34447,-0.28976,0.0757889,-0.181563,-2.00937
722,0.361,4,2,4,0,0,0,0,0,0,-24.4264,-4.64732,-12.8798,-2.30399,-10.5197,-16.9976,0,0,0,0,0,0,-0.740853,1.35869,-0.280217,0.0735389,-0.176812,-2.01977
723,0.3615,4,2,4,0,0,0,0,0,0,-24.3835,-4.50287,-12.8958,-2.32621,-10.5533,-17.1175,0,0,0,0,0,0,-0.734457,1.37252,-0.269159,0.0687948,-0.173538,-2.02564
724,0.362,4,2,4,0,0,0,0,0,0,-24.3396,-4.35716,-12.9164,-2.34766,-10.5899,-17.2356,0,0,0,0,0,0,-0.719243,1.3895,-0.260237,0.0652981,-0.173205,-2.02445
725,0.3625,4,2,4,0,0,0,0,0,0,-24.2973,-4.21088,-12.9416,-2.36645,-10.6281,-17.3549,0,0,0,0,0,0,-0.708816,1.4054,-0.256404,0.0666794,-0.173342,-2.03252
726,0.363,4,2,4,0,0,0,0,0,0,-24.2577,-4.06442,-12.9701,-2.38155,-10.6658,-17.4774,0,0,0,0,0,0,-0.705828,1.42121,-0.257594,0.0727656,-0.17432,-2.04701
727,0.3635,4,2,4,0,0,0,0,0,0,-24.2161,-3.91707,-12.9971,-2.39588,-10.7012,-17.5984,0,0,0,0,0,0,-0.704137,1.43494,-0.260541,0.0800221,-0.175735,-2.06079
728,0.364,4,2,4,0,0,0,0,0,0,-24.1727,-3.76886,-13.0194,-2.41132,-10.7327,-17.7178,0,0,0,0,0,0,-0.701745,1.44822,-0.261251,0.0850637,-0.176671,-2.0731
729,0.3645,4,2,4,0,0,0,0,0,0,-24.1307,-3.62114,-13.0367,-2.42705,-10.7594,-17.8399,0,0,0,0,0,0,-0.692663,1.4628,-0.258864,0.0879269,-0.176844,-2.08265
730,0.365,4,2,4,0,0,0,0,0,0,-24.09,-3.47317,-13.048,-2.4447,-10.7823,-17.9628,0,0,0,0,0,0,-0.686488,1.47569,-0.253832,0.0867565,-0.175953,-2.0937
731,0.3655,4,2,4,0,0,0,0,0,0,-24.0495,-3.32497,-13.0558,-2.46387,-10.8036,-18.085,0,0,0,0,0,0,-0.678965,1.48798,-0.245282,0.0825611,-0.17339,-2.09764
732,0.366,4,2,4,0,0,0,0,0,0,-24.0085,-3.17735,-13.0619,-2.48405,-10.8242,-18.2062,0,0,0,0,0,0,-0.675128,1.50127,-0.238582,0.0795176,-0.171196,-2.10413
733,0.3665,4,2,4,0,0,0,0,0,0,-23.9698,-3.03111,-13.0674,-2.50312,-10.8431,-18.3291,0,0,0,0,0,0,-0.669909,1.51716,-0.233644,0.0785926,-0.169336,-2.10649
734,0.367,4,2,4,0,0,0,0,0,0,-23.9352,-2.88731,-13.0722,-2.52203,-10.8609,-18.4531,0,0,0,0,0,0,-0.668522,1.53038,-0.231702,0.080384,-0.167739,-2.11054
735,0.3675,4,2,4,0,0,0,0,0,0,-23.9014,-2.74593,-13.073,-2.54235,-10.8759,-18.5771,0,0,0,0,0,0,-0.671461,1.54245,-0.23123,0.0823926,-0.166771,-2.11879
736,0.368,4,2,4,0,0,0,0,0,0,-23.8641,-2.60572,-13.0681,-2.56482,-10.8883,-18.7002,0,0,0,0,0,0,-0.67245,1.55504,-0.228918,0.0826925,-0.16574,-2.13071
737,0.3685,4,2,4,0,0,0,0,0,0,-23.8222,-2.46507,-13.0606,-2.58786,-10.9007,-18.8227,0,0,0,0,0,0,-0.668239,1.567,-0.224535,0.0828984,-0.164097,-2.1391
738,0.369,4,2,4,0,0,0,0,0,0,-23.7753,-2.32239,-13.0536,-2.61029,-10.9151,-18.9449,0,0,0,0,0,0,-0.662213,1.58134,-0.218672,0.0846467,-0.160928,-2.1526
739,0.3695,4,2,4,0,0,0,0,0,0,-23.7271,-2.1783,-13.0491,-2.63157,-10.9323,-19.0699,0,0,0,0,0,0,-0.65828,1.59315,-0.213402,0.088597,-0.156695,-2.16892
740,0.37,4,2,4,0,0,0,0,0,0,-23.6814,-2.03287,-13.0486,-2.65293,-10.9539,-19.1998,0,0,0,0,0,0,-0.652011,1.60484,-0.207491,0.0919299,-0.152735,-2.18085
741,0.3705,4,2,4,0,0,0,0,0,0,-23.6341,-1.88637,-13.0492,-2.67639,-10.9786,-19.3307,0,0,0,0,0,0,-0.640416,1.61883,-0.200353,0.0926229,-0.150268,-2.18589
742,0.371,4,2,4,0,0,0,0,0,0,-23.5843,-1.73915,-13.0515,-2.70006,-11.0054,-19.4608,0,0,0,0,0,0,-0.628479,1.63342,-0.191346,0.0898469,-0.14831,-2.19076
743,0.3715,4,2,4,0,0,0,0,0,0,-23.5324,-1.59142,-13.0561,-2.72218,-11.0334,-19.5894,0,0,0,0,0,0,-0.615785,1.64747,-0.182187,0.0864759,-0.146474,-2.19679
744,0.372,4,2,4,0,0,0,0,0,0,-23.4812,-1.44347,-13.0655,-2.74088,-11.0628,-19.7166,0,0,0,0,0,0,-0.599732,1.65981,-0.173509,0.0828879,-0.145788,-2.19437
745,0.3725,4,2,4,0,0,0,0,0,0,-23.4329,-1.29659,-13.078,-2.75656,-11.0913,-19.8433,0,0,0,0,0,0,-0.592961,1.67125,-0.166565,0.079866,-0.14448,-2.20091
746,0.373,4,2,4,0,0,0,0,0,0,-23.3867,-1.15133,-13.0894,-2.77224,-11.1171,-19.9689,0,0,0,0,0,0,-0.591926,1.68036,-0.161821,0.079021,-0.142613,-2.21023
747,0.3735,4,2,4,0,0,0,0,0,0,-23.3411,-1.00693,-13.0963,-2.79027,-11.1391,-20.0925,0,0,0,0,0,0,-0.587882,1.68917,-0.157946,0.0786837,-0.141451,-2.21856
748,0.374,4,2,4,0,0,0,0,0,0,-23.2963,-0.862052,-13.0986,-2.80903,-11.1567,-20.2185,0,0,0,0,0,0,-0.58583,1.69945,-0.155305,0.0796271,-0.140155,-2.23287
749,0.3745,4,2,4,0,0,0,0,0,0,-23.2513,-0.715739,-13.0967,-2.82805,-11.1711,-20.3474,0,0,0,0,0,0,-0.583317,1.71428,-0.154241,0.0824986,-0.140173,-2.24752
750,0.375,4,2,4,0,0,0,0,0,0,-23.2068,-0.567858,-13.0916,-2.84736,-11.1836,-20.479,0,0,0,0,0,0,-0.580377,1.72856,-0.154582,0.0869141,-0.14136,-2.25747
751,0.3755,4,2,4,0,0,0,0,0,0,-23.1612,-0.420175,-13.0808,-2.86819,-11.1927,-20.6114,0,0,0,0,0,0,-0.579142,1.74319,-0.155512,0.0922314,-0.142143,-2.26657
752,0.376,4,2,4,0,0,0,0,0,0,-23.1157,-0.274755,-13.0633,-2.89137,-11.1972,-20.7428,0,0,0,0,0,0,-0.577606,1.75898,-0.15388,0.0959272,-0.14087,-2.2788
753,0.3765,4,2,4,0,0,0,0,0,0,-23.0704,-0.132308,-13.0424,-2.91531,-11.1992,-20.872,0,0,0,0,0,0,-0.569848,1.77372,-0.146485,0.0951167,-0.136941,-2.28478
754,0.377,4,2,4,0,0,0,0,0,0,-23.0267,0.00802108,-13.0251,-2.93601,-11.2029,-21.0021,0,0,0,0,0,0,-0.563938,1.7852,-0.136132,0.0921676,-0.131571,-2.29111
755,0.3775,4,2,4,0,0,0,0,0,0,-22.9852,0.146851,-13.0131,-2.95197,-11.2092,-21.1365,0,0,0,0,0,0,-0.561653,1.79409,-0.127425,0.0918483,-0.125214,-2.30108
756,0.378,4,2,4,0,0,0,0,0,0,-22.941,0.286462,-13.0037,-2.96649,-11.2183,-21.2703,0,0,0,0,0,0,-0.559286,1.80087,-0.120423,0.0932359,-0.119356,-2.31083
757,0.3785,4,2,4,0,0,0,0,0,0,-22.8918,0.426674,-12.9942,-2.9837,-11.23,-21.4009,0,0,0,0,0,0,-0.557397,1.80846,-0.113266,0.0949436,-0.113406,-2.32141
758,0.379,4,2,4,0,0,0,0,0,0,-22.8389,0.568121,-12.985,-3.00297,-11.2438,-21.5301,0,0,0,0,0,0,-0.55577,1.81906,-0.107309,0.0965747,-0.109426,-2.33758
759,0.3795,4,2,4,0,0,0,0,0,0,-22.7842,0.711906,-12.9748,-3.02412,-11.2581,-21.6608,0,0,0,0,0,0,-0.548102,1.83033,-0.100915,0.0963483,-0.106639,-2.3455
760,0.38,4,2,4,0,0,0,0,0,0,-22.7277,0.857335,-12.9631,-3.04663,-11.2728,-21.7923,0,0,0,0,0,0,-0.537867,1.84571,-0.0945809,0.0957808,-0.10526,-2.35461
761,0.3805,4,2,4,0,0,0,0,0,0,-22.6728,1.00338,-12.9528,-3.06698,-11.2879,-21.9278,0,0,0,0,0,0,-0.523994,1.86002,-0.0876471,0.0949829,-0.105011,-2.35645
762,0.381,4,2,4,0,0,0,0,0,0,-22.6192,1.14951,-12.9447,-3.08471,-11.3033,-22.0646,0,0,0,0,0,0,-0.509756,1.87493,-0.0828802,0.0971348,-0.105611,-2.35673
763,0.3815,4,2,4,0,0,0,0,0,0,-22.5669,1.29497,-12.9381,-3.10194,-11.3187,-22.2001,0,0,0,0,0,0,-0.499663,1.88798,-0.0784824,0.098854,-0.10543,-2.36115
764,0.382,4,2,4,0,0,0,0,0,0,-22.5172,1.43935,-12.9319,-3.12043,-11.3337,-22.3351,0,0,0,0,0,0,-0.496533,1.89689,-0.0745704,0.100927,-0.103316,-2.3713
765,0.3825,4,2,4,0,0,0,0,0,0,-22.4673,1.58299,-12.9241,-3.13963,-11.3467,-22.4683,0,0,0,0,0,0,-0.489452,1.90562,-0.0698312,0.102282,-0.101349,-2.37966
766,0.383,4,2,4,0,0,0,0,0,0,-22.4144,1.72697,-12.9132,-3.15975,-11.3576,-22.5971,0,0,0,0,0,0,-0.483927,1.91275,-0.0635658,0.101409,-0.0988433,-2.38579
767,0.3835,4,2,4,0,0,0,0,0,0,-22.358,1.87035,-12.8978,-3.18119,-11.3655,-22.7239,0,0,0,0,0,0,-0.477708,1.92191,-0.0566061,0.100589,-0.0950055,-2.39556
768,0.384,4,2,4,0,0,0,0,0,0,-22.3024,2.01308,-12.8778,-3.20333,-11.3693,-22.8529,0,0,0,0,0,0,-0.470948,1.93136,-0.0487994,0.0994299,-0.090719,-2.40532
769,0.3845,4,2,4,0,0,0,0,0,0,-22.2489,2.15493,-12.8531,-3.22668,-11.3688,-22.9824,0,0,0,0,0,0,-0.463631,1.9409,-0.0414133,0.0961009,-0.0882305,-2.40921
770,0.385,4,2,4,0,0,0,0,0,0,-22.1975,2.29543,-12.8229,-3.25134,-11.3635,-23.1125,0,0,0,0,0,0,-0.458557,1.95332,-0.0341417,0.0928538,-0.0860716,-2.41442
771,0.3855,4,2,4,0,0,0,0,0,0,-22.1459,2.43476,-12.7896,-3.27662,-11.3559,-23.2426,0,0,0,0,0,0,-0.456152,1.96427,-0.0287922,0.0920671,-0.0833293,-2.42204
772,0.386,4,2,4,0,0,0,0,0,0,-22.0951,2.57324,-12.759,-3.29826,-11.3492,-23.3754,0,0,0,0,0,0,-0.454147,1.97547,-0.0245212,0.0932775,-0.0802202,-2.43179
773,0.3865,4,2,4,0,0,0,0,0,0,-22.0434,2.71208,-12.7335,-3.31526,-11.3456,-23.5095,0,0,0,0,0,0,-0.453082,1.98913,-0.023149,0.0992983,-0.077688,-2.44441
774,0.387,4,2,4,0,0,0,0,0,0,-21.99,2.85196,-12.7118,-3.32931,-11.3449,-23.6432,0,0,0,0,0,0,-0.448389,2.00388,-0.0207115,0.105177,-0.0754992,-2.45727
775,0.3875,4,2,4,0,0,0,0,0,0,-21.9347,2.99205,-12.6913,-3.34277,-11.3458,-23.7757,0,0,0,0,0,0,-0.444217,2.01457,-0.0161773,0.108731,-0.0719105,-2.46985
776,0.388,4,2,4,0,0,0,0,0,0,-21.8798,3.13112,-12.6708,-3.3568,-11.3474,-23.9111,0,0,0,0,0,0,-0.436139,2.0209,-0.00838367,0.107723,-0.0676273,-2.47639
777,0.3885,4,2,4,0,0,0,0,0,0,-21.8252,3.27009,-12.651,-3.37046,-11.3496,-24.0497,0,0,0,0,0,0,-0.429779,2.02678,0.00105415,0.104757,-0.0629488,-2.48412
778,0.389,4,2,4,0,0,0,0,0,0,-21.7707,3.41066,-12.6322,-3.38346,-11.3525,-24.1908,0,0,0,0,0,0,-0.424974,2.03532,0.0105717,0.102554,-0.0577507,-2.49569
779,0.3895,4,2,4,0,0,0,0,0,0,-21.7141,3.55185,-12.6148,-3.39674,-11.3573,-24.3309,0,0,0,0,0,0,-0.418343,2.0464,0.0167175,0.105169,-0.0533588,-2.50972
780,0.39,4,2,4,0,0,0,0,0,0,-21.6569,3.6937,-12.5988,-3.40989,-11.3633,-24.4715,0,0,0,0,0,0,-0.406438,2.05771,0.0247273,0.10547,-0.0495123,-2.5173
781,0.3905,4,2,4,0,0,0,0,0,0,-21.5996,3.83449,-12.5815,-3.42544,-11.3688,-24.6109,0,0,0,0,0,0,-0.393391,2.07008,0.0337857,0.103969,-0.047161,-2.51941
782,0.391,4,2,4,0,0,0,0,0,0,-21.5419,3.97429,-12.5616,-3.44416,-11.3722,-24.7487,0,0,0,0,0,0,-0.385955,2.07966,0.0393022,0.10475,-0.0459755,-2.52382
783,0.3915,4,2,4,0,0,0,0,0,0,-21.4837,4.11356,-12.539,-3.46458,-11.373,-24.8856,0,0,0,0,0,0,-0.379555,2.0887,0.0422818,0.109611,-0.0442858,-2.53142
784,0.392,4,2,4,0,0,0,0,0,0,-21.4272,4.2534,-12.514,-3.48494,-11.3707,-25.0232,0,0,0,0,0,0,-0.378451,2.09834,0.0449189,0.114927,-0.0412964,-2.54568
785,0.3925,4,2,4,0,0,0,0,0,0,-21.3719,4.39249,-12.4853,-3.50726,-11.3655,-25.1606,0,0,0,0,0,0,-0.376343,2.11033,0.0486534,0.119561,-0.0378925,-2.55853
786,0.393,4,2,4,0,0,0,0,0,0,-21.3194,4.53032,-12.453,-3.53201,-11.3578,-25.2995,0,0,0,0,0,0,-0.372151,2.12041,0.0515978,0.123404,-0.0350185,-2.56684
787,0.3935,4,2,4,0,0,0,0,0,0,-21.2682,4.66683,-12.4143,-3.56084,-11.3463,-25.4381,0,0,0,0,0,0,-0.368371,2.12712,0.056295,0.123733,-0.0318104,-2.57267
788,0.394,4,2,4,0,0,0,0,0,0,-21.2156,4.80242,-12.3721,-3.58966,-11.3318,-25.5757,0,0,0,0,0,0,-0.362209,2.13296,0.0630778,0.120951,-0.0286179,-2.57338
789,0.3945,4,2,4,0,0,0,0,0,0,-21.161,4.93747,-12.3308,-3.61538,-11.3178,-25.7127,0,0,0,0,0,0,-0.352756,2.14428,0.0726336,0.116512,-0.0251112,-2.57525
790,0.395,4,2,4,0,0,0,0,0,0,-21.1012,5.07281,-12.2923,-3.63747,-11.3064,-25.8465,0,0,0,0,0,0,-0.343548,2.15698,0.0827517,0.112487,-0.0210979,-2.57746
791,0.3955,4,2,4,0,0,0,0,0,0,-21.0366,5.2077,-12.2557,-3.65752,-11.2969,-25.9763,0,0,0,0,0,0,-0.335486,2.16615,0.0928855,0.108703,-0.0161396,-2.58315
792,0.396,4,2,4,0,0,0,0,0,0,-20.9718,5.34165,-12.2227,-3.67525,-11.2892,-26.1053,0,0,0,0,0,0,-0.3306,2.17042,0.100742,0.105703,-0.0117089,-2.59199
793,0.3965,4,2,4,0,0,0,0,0,0,-20.9083,5.47614,-12.1917,-3.69128,-11.282,-26.2348,0,0,0,0,0,0,-0.324115,2.17418,0.105913,0.105882,-0.00792006,-2.59973
794,0.397,4,2,4,0,0,0,0,0,0,-20.8424,5.61177,-12.16,-3.70753,-11.2749,-26.3627,0,0,0,0,0,0,-0.319474,2.18536,0.11197,0.108246,-0.00406989,-2.61342
795,0.3975,4,2,4,0,0,0,0,0,0,-20.7753,5.74805,-12.1268,-3.72334,-11.267,-26.4927,0,0,0,0,0,0,-0.316636,2.19531,0.117423,0.113273,0.000825266,-2.63141
796,0.398,4,2,4,0,0,0,0,0,0,-20.7057,5.88519,-12.0913,-3.73927,-11.2582,-26.6241,0,0,0,0,0,0,-0.30466,2.20369,0.122504,0.118424,0.00339662,-2.63741
797,0.3985,4,2,4,0,0,0,0,0,0,-20.6322,6.02301,-12.0533,-3.75596,-11.2482,-26.7546,0,0,0,0,0,0,-0.285585,2.2114,0.128865,0.121221,0.00434617,-2.63359
798,0.399,4,2,4,0,0,0,0,0,0,-20.5607,6.16025,-12.0146,-3.77293,-11.2366,-26.8877,0,0,0,0,0,0,-0.268655,2.22099,0.136064,0.121736,0.0045388,-2.63147
799,0.3995,4,2,4,0,0,0,0,0,0,-20.4988,6.29671,-11.9808,-3.78663,-11.225,-27.0282,0,0,0,0,0,0,-0.26446,2.23022,0.14437,0.121011,0.00861401,-2.64338
800,0.4,4,2,4,0,0,0,0,0,0,-20.4452,6.43283,-11.9521,-3.79648,-11.2132,-27.1736,0,0,0,0,0,0,-0.260704,2.23954,0.152603,0.120182,0.0139925,-2.65349
801,0.4005,4,2,4,0,0,0,0,0,0,-20.3949,6.56736,-11.9258,-3.80482,-11.2009,-27.3189,0,0,0,0,0,0,-0.259086,2.24615,0.159707,0.120265,0.0203582,-2.66364
802,0.401,4,2,4,0,0,0,0,0,0,-20.3432,6.70028,-11.8969,-3.81549,-11.1867,-27.4624,0,0,0,0,0,0,-0.260384,2.25227,0.166002,0.120084,0.0257402,-2.67463
803,0.4015,4,2,4,0,0,0,0,0,0,-20.2865,6.8322,-11.861,-3.83066,-11.1685,-27.6035,0,0,0,0,0,0,-0.258548,2.25851,0.171396,0.121666,0.0307216,-2.68371
804,0.402,4,2,4,0,0,0,0,0,0,-20.2251,6.96332,-11.8173,-3.85129,-11.1465,-27.7421,0,0,0,0,0,0,-0.257194,2.26211,0.175423,0.125576,0.0365086,-2.6953
805,0.4025,4,2,4,0,0,0,0,0,0,-20.1604,7.09454,-11.7672,-3.87714,-11.1226,-27.8776,0,0,0,0,0,0,-0.256464,2.26978,0.180203,0.129191,0.0418629,-2.70881
806,0.403,4,2,4,0,0,0,0,0,0,-20.0967,7.226,-11.715,-3.9035,-11.0981,-28.0138,0,0,0,0,0,0,-0.254856,2.2822,0.186281,0.131323,0.0466049,-2.72305
807,0.4035,4,2,4,0,0,0,0,0,0,-20.0347,7.35802,-11.666,-3.9271,-11.0758,-28.1522,0,0,0,0,0,0,-0.248567,2.29877,0.191819,0.135368,0.0506222,-2.73535
808,0.404,4,2,4,0,0,0,0,0,0,-19.9732,7.48973,-11.6198,-3.94851,-11.0556,-28.2924,0,0,0,0,0,0,-0.240728,2.30776,0.196345,0.138838,0.0535079,-2.7416
809,0.4045,4,2,4,0,0,0,0,0,0,-19.9102,7.62052,-11.5745,-3.96863,-11.0359,-28.4323,0,0,0,0,0,0,-0.23162,2.31252,0.202767,0.139107,0.0566583,-2.74539
810,0.405,4,2,4,0,0,0,0,0,0,-19.8443,7.75163,-11.5316,-3.98659,-11.0179,-28.5699,0,0,0,0,0,0,-0.219515,2.31849,0.211335,0.138156,0.0609081,-2.74662
811,0.4055,4,2,4,0,0,0,0,0,0,-19.775,7.88394,-11.4918,-4.00192,-11.0027,-28.7043,0,0,0,0,0,0,-0.20646,2.32784,0.222017,0.136079,0.0662048,-2.74902
812,0.406,4,2,4,0,0,0,0,0,0,-19.7032,8.01585,-11.4539,-4.0148,-10.989,-28.8364,0,0,0,0,0,0,-0.195489,2.33519,0.232174,0.13302,0.0706627,-2.75332
813,0.4065,4,2,4,0,0,0,0,0,0,-19.6315,8.14655,-11.416,-4.02611,-10.9743,-28.9698,0,0,0,0,0,0,-0.185297,2.33998,0.240581,0.130479,0.0737144,-2.7563
814,0.407,4,2,4,0,0,0,0,0,0,-19.5568,8.27602,-11.3745,-4.03919,-10.9574,-29.0995,0,0,0,0,0,0,-0.177451,2.34205,0.246941,0.13079,0.0771443,-2.76015
815,0.4075,4,2,4,0,0,0,0,0,0,-19.4791,8.4037,-11.3272,-4.05636,-10.9372,-29.2243,0,0,0,0,0,0,-0.167218,2.34667,0.254285,0.13072,0.0803209,-2.76147
816,0.408,4,2,4,0,0,0,0,0,0,-19.4055,8.53084,-11.278,-4.07372,-10.9139,-29.3521,0,0,0,0,0,0,-0.15737,2.35625,0.262388,0.130268,0.0830848,-2.76628
817,0.4085,4,2,4,0,0,0,0,0,0,-19.3373,8.6581,-11.228,-4.09,-10.8872,-29.4842,0,0,0,0,0,0,-0.14793,2.36494,0.269842,0.130897,0.0862609,-2.77112
818,0.409,4,2,4,0,0,0,0,0,0,-19.2736,8.78576,-11.1789,-4.10396,-10.8582,-29.6199,0,0,0,0,0,0,-0.143074,2.37185,0.273995,0.134952,0.0896423,-2.77746
819,0.4095,4,2,4,0,0,0,0,0,0,-19.2105,8.91338,-11.1293,-4.11717,-10.8268,-29.7554,0,0,0,0,0,0,-0.139888,2.37806,0.276506,0.140486,0.092697,-2.78819
820,0.41,4,2,4,0,0,0,0,0,0,-19.1475,9.04026,-11.077,-4.13249,-10.7928,-29.8896,0,0,0,0,0,0,-0.140322,2.38484,0.280459,0.145145,0.0980958,-2.79972
821,0.4105,4,2,4,0,0,0,0,0,0,-19.0868,9.16703,-11.0235,-4.14933,-10.7577,-30.0254,0,0,0,0,0,0,-0.139711,2.39259,0.285185,0.149775,0.104638,-2.81172
822,0.411,4,2,4,0,0,0,0,0,0,-19.0283,9.2922,-10.9714,-4.16398,-10.7231,-30.1666,0,0,0,0,0,0,-0.135702,2.39729,0.290825,0.152788,0.111242,-2.81995
823,0.4115,4,2,4,0,0,0,0,0,0,-18.9663,9.41636,-10.9185,-4.17966,-10.6902,-30.3059,0,0,0,0,0,0,-0.131167,2.40039,0.29972,0.150636,0.117863,-2.82711
824,0.412,4,2,4,0,0,0,0,0,0,-18.8985,9.5403,-10.8636,-4.19847,-10.6591,-30.4397,0,0,0,0,0,0,-0.120779,2.40651,0.311868,0.144495,0.123799,-2.82892
825,0.4125,4,2,4,0,0,0,0,0,0,-18.8281,9.66313,-10.8076,-4.21846,-10.6286,-30.572,0,0,0,0,0,0,-0.112175,2.41129,0.322009,0.140718,0.129353,-2.83178
826,0.413,4,2,4,0,0,0,0,0,0,-18.757,9.78577,-10.7507,-4.23887,-10.5975,-30.7063,0,0,0,0,0,0,-0.0995555,2.41481,0.331405,0.13854,0.133769,-2.83236
827,0.4135,4,2,4,0,0,0,0,0,0,-18.6815,9.90908,-10.6932,-4.25993,-10.567,-30.8365,0,0,0,0,0,0,-0.0878451,2.42266,0.340897,0.13784,0.138271,-2.83648
828,0.414,4,2,4,0,0,0,0,0,0,-18.6037,10.0341,-10.6373,-4.27828,-10.5369,-30.9653,0,0,0,0,0,0,-0.0804387,2.43054,0.3474,0.141641,0.142828,-2.84588
829,0.4145,4,2,4,0,0,0,0,0,0,-18.5269,10.1598,-10.5863,-4.29059,-10.5081,-31.096,0,0,0,0,0,0,-0.0752369,2.43987,0.351509,0.148406,0.14636,-2.85849
830,0.415,4,2,4,0,0,0,0,0,0,-18.4496,10.2852,-10.5368,-4.30144,-10.4801,-31.2261,0,0,0,0,0,0,-0.0664532,2.44614,0.356008,0.1532,0.149744,-2.86444
831,0.4155,4,2,4,0,0,0,0,0,0,-18.3744,10.4094,-10.4876,-4.31338,-10.4526,-31.3585,0,0,0,0,0,0,-0.0564354,2.44904,0.361502,0.15654,0.153942,-2.86755
832,0.416,4,2,4,0,0,0,0,0,0,-18.3014,10.5329,-10.4387,-4.3264,-10.4256,-31.4923,0,0,0,0,0,0,-0.0526357,2.4518,0.367436,0.159418,0.159035,-2.87869
833,0.4165,4,2,4,0,0,0,0,0,0,-18.2264,10.6555,-10.3888,-4.34085,-10.3991,-31.6228,0,0,0,0,0,0,-0.0433668,2.45656,0.375172,0.159568,0.162905,-2.88189
834,0.417,4,2,4,0,0,0,0,0,0,-18.1514,10.7776,-10.3377,-4.35492,-10.3708,-31.7524,0,0,0,0,0,0,-0.0353895,2.46229,0.384795,0.156287,0.167351,-2.88503
835,0.4175,4,2,4,0,0,0,0,0,0,-18.0789,10.8989,-10.2839,-4.36823,-10.3379,-31.8835,0,0,0,0,0,0,-0.0303907,2.46577,0.394426,0.152062,0.172503,-2.88898
836,0.418,4,2,4,0,0,0,0,0,0,-18.0076,11.0187,-10.2256,-4.38275,-10.2991,-32.0132,0,0,0,0,0,0,-0.0276707,2.46916,0.401888,0.151681,0.178466,-2.89705
837,0.4185,4,2,4,0,0,0,0,0,0,-17.9356,11.1378,-10.1626,-4.39972,-10.2556,-32.1381,0,0,0,0,0,0,-0.0246415,2.47371,0.408927,0.153096,0.18491,-2.90467
838,0.419,4,2,4,0,0,0,0,0,0,-17.8658,11.2563,-10.0982,-4.41672,-10.2093,-32.2632,0,0,0,0,0,0,-0.0215351,2.48257,0.415805,0.155264,0.19117,-2.91514
839,0.4195,4,2,4,0,0,0,0,0,0,-17.7989,11.3741,-10.0346,-4.43101,-10.1618,-32.393,0,0,0,0,0,0,-0.0163336,2.49116,0.42103,0.158859,0.19599,-2.92304
840,0.42,4,2,4,0,0,0,0,0,0,-17.7335,11.4911,-9.97279,-4.44202,-10.1149,-32.5272,0,0,0,0,0,0,-0.010681,2.49912,0.424463,0.165251,0.200331,-2.93172
841,0.4205,4,2,4,0,0,0,0,0,0,-17.6664,11.6074,-9.91028,-4.45392,-10.0693,-32.6607,0,0,0,0,0,0,-0.00607599,2.5048,0.428117,0.169989,0.204628,-2.93911
842,0.421,4,2,4,0,0,0,0,0,0,-17.5953,11.723,-9.84579,-4.46865,-10.0251,-32.7906,0,0,0,0,0,0,0.000487855,2.50909,0.434754,0.170702,0.209683,-2.94334
843,0.4215,4,2,4,0,0,0,0,0,0,-17.5236,11.8389,-9.78135,-4.48381,-9.98195,-32.9212,0,0,0,0,0,0,0.00893221,2.51414,0.444299,0.169283,0.215877,-2.94707
844,0.422,4,2,4,0,0,0,0,0,0,-17.4542,11.9554,-9.72088,-4.49492,-9.94064,-33.0565,0,0,0,0,0,0,0.0171155,2.51991,0.453586,0.16903,0.222208,-2.95416
845,0.4225,4,2,4,0,0,0,0,0,0,-17.3816,12.0717,-9.66213,-4.50392,-9.90082,-33.1891,0,0,0,0,0,0,0.0255296,2.52291,0.463126,0.167831,0.228414,-2.96014
846,0.423,4,2,4,0,0,0,0,0,0,-17.3014,12.1879,-9.60045,-4.51525,-9.86047,-33.3133,0,0,0,0,0,0,0.0376703,2.52181,0.469872,0.168146,0.231856,-2.9587
847,0.4235,4,2,4,0,0,0,0,0,0,-17.2156,12.3028,-9.53613,-4.52985,-9.81962,-33.431,0,0,0,0,0,0,0.0505695,2.52015,0.47767,0.167729,0.236098,-2.95643
848,0.424,4,2,4,0,0,0,0,0,0,-17.1324,12.4167,-9.4721,-4.54491,-9.77774,-33.5523,0,0,0,0,0,0,0.0582184,2.5234,0.484785,0.169287,0.241138,-2.96284
849,0.4245,4,2,4,0,0,0,0,0,0,-17.0528,12.5308,-9.40908,-4.55985,-9.73569,-33.6762,0,0,0,0,0,0,0.0648577,2.52773,0.491178,0.171139,0.245408,-2.96995
850,0.425,4,2,4,0,0,0,0,0,0,-16.9725,12.6451,-9.34602,-4.57499,-9.69437,-33.7988,0,0,0,0,0,0,0.0711257,2.53173,0.495476,0.174916,0.248817,-2.97695
851,0.4255,4,2,4,0,0,0,0,0,0,-16.8936,12.759,-9.28314,-4.5886,-9.65235,-33.9238,0,0,0,0,0,0,0.0800046,2.53695,0.499144,0.179987,0.251518,-2.98025
852,0.426,4,2,4,0,0,0,0,0,0,-16.8175,12.8727,-9.21938,-4.60176,-9.60844,-34.051,0,0,0,0,0,0,0.0883155,2.54728,0.507035,0.182323,0.255902,-2.98641
853,0.4265,4,2,4,0,0,0,0,0,0,-16.7452,12.9861,-9.15353,-4.61576,-9.56078,-34.1805,0,0,0,0,0,0,0.0936365,2.55478,0.515409,0.183134,0.261531,-2.99314
854,0.427,4,2,4,0,0,0,0,0,0,-16.678,13.0994,-9.08806,-4.62719,-9.50973,-34.3143,0,0,0,0,0,0,0.0959661,2.55268,0.520367,0.184617,0.26744,-2.995
855,0.4275,4,2,4,0,0,0,0,0,0,-16.61,13.2128,-9.02333,-4.63613,-9.45763,-34.4449,0,0,0,0,0,0,0.098563,2.55166,0.52524,0.186112,0.273317,-2.99655
856,0.428,4,2,4,0,0,0,0,0,0,-16.5374,13.3239,-8.95721,-4.64572,-9.40498,-34.5689,0,0,0,0,0,0,0.0995633,2.55505,0.533064,0.185676,0.280516,-3.00401
857,0.4285,4,2,4,0,0,0,0,0,0,-16.4612,13.432,-8.88878,-4.65696,-9.35139,-34.6889,0,0,0,0,0,0,0.104715,2.56211,0.543182,0.184678,0.288178,-3.01493
858,0.429,4,2,4,0,0,0,0,0,0,-16.3797,13.5384,-8.81794,-4.67028,-9.29778,-34.8033,0,0,0,0,0,0,0.114074,2.56609,0.550358,0.186365,0.293809,-3.0191
859,0.4295,4,2,4,0,0,0,0,0,0,-16.2938,13.6445,-8.7443,-4.68712,-9.24471,-34.9134,0,0,0,0,0,0,0.121528,2.56873,0.557266,0.187392,0.299536,-3.02366
860,0.43,4,2,4,0,0,0,0,0,0,-16.2072,13.7504,-8.66902,-4.70608,-9.19161,-35.024,0,0,0,0,0,0,0.132492,2.57361,0.566494,0.185503,0.304311,-3.02462
861,0.4305,4,2,4,0,0,0,0,0,0,-16.1242,13.8565,-8.59586,-4.72215,-9.13911,-35.1408,0,0,0,0,0,0,0.144924,2.57821,0.57565,0.184283,0.308337,-3.02299
862,0.431,4,2,4,0,0,0,0,0,0,-16.0419,13.9635,-8.5244,-4.7359,-9.08781,-35.2603,0,0,0,0,0,0,0.152896,2.58039,0.581112,0.188408,0.312606,-3.0279
863,0.4315,4,2,4,0,0,0,0,0,0,-15.9581,14.0717,-8.45452,-4.74743,-9.03744,-35.3787,0,0,0,0,0,0,0.162239,2.58279,0.587751,0.190572,0.316891,-3.0332
864,0.432,4,2,4,0,0,0,0,0,0,-15.8745,14.1803,-8.38662,-4.75575,-8.98673,-35.4978,0,0,0,0,0,0,0.17379,2.58519,0.595774,0.191094,0.321634,-3.03412
865,0.4325,4,2,4,0,0,0,0,0,0,-15.7929,14.2896,-8.32212,-4.75949,-8.93627,-35.6199,0,0,0,0,0,0,0.183841,2.58746,0.603322,0.19292,0.327675,-3.03793
866,0.433,4,2,4,0,0,0,0,0,0,-15.7095,14.3973,-8.25876,-4.76155,-8.88635,-35.7411,0,0,0,0,0,0,0.19019,2.58896,0.610693,0.193324,0.33394,-3.04417
867,0.4335,4,2,4,0,0,0,0,0,0,-15.6262,14.5039,-8.19527,-4.76375,-8.83597,-35.8619,0,0,0,0,0,0,0.199327,2.58749,0.617765,0.191812,0.338164,-3.04215
868,0.434,4,2,4,0,0,0,0,0,0,-15.542,14.6093,-8.1292,-4.76911,-8.78438,-35.9792,0,0,0,0,0,0,0.206105,2.58694,0.62364,0.191837,0.342153,-3.04301
869,0.4345,4,2,4,0,0,0,0,0,0,-15.4566,14.713,-8.05904,-4.77922,-8.7308,-36.0926,0,0,0,0,0,0,0.213722,2.58886,0.630266,0.192123,0.346384,-3.04489
870,0.435,4,2,4,0,0,0,0,0,0,-15.3749,14.8154,-7.98571,-4.79205,-8.67332,-36.2082,0,0,0,0,0,0,0.216543,2.59313,0.636192,0.194283,0.351769,-3.05598
871,0.4355,4,2,4,0,0,0,0,0,0,-15.2961,14.9172,-7.91027,-4.80637,-8.61302,-36.3249,0,0,0,0,0,0,0.219858,2.5994,0.642977,0.197096,0.358155,-3.06711
872,0.436,4,2,4,0,0,0,0,0,0,-15.2208,15.0209,-7.83482,-4.81881,-8.55063,-36.445,0,0,0,0,0,0,0.22516,2.60414,0.648524,0.201695,0.36369,-3.07309
873,0.4365,4,2,4,0,0,0,0,0,0,-15.148,15.1249,-7.76024,-4.82819,-8.48677,-36.5677,0,0,0,0,0,0,0.22698,2.60825,0.652497,0.207399,0.369036,-3.08259
874,0.437,4,2,4,0,0,0,0,0,0,-15.074,15.2276,-7.68508,-4.83762,-8.42241,-36.6891,0,0,0,0,0,0,0.229635,2.61182,0.657403,0.212244,0.375214,-3.09162
875,0.4375,4,2,4,0,0,0,0,0,0,-14.9973,15.3285,-7.61056,-4.8462,-8.3591,-36.8078,0,0,0,0,0,0,0.235718,2.61407,0.662999,0.215184,0.380324,-3.09579
876,0.438,4,2,4,0,0,0,0,0,0,-14.9166,15.4277,-7.53753,-4.85296,-8.29806,-36.9222,0,0,0,0,0,0,0.246038,2.61755,0.671238,0.215949,0.386438,-3.09748
877,0.4385,4,2,4,0,0,0,0,0,0,-14.8313,15.5247,-7.4636,-4.86058,-8.23818,-37.0313,0,0,0,0,0,0,0.254882,2.62069,0.681311,0.214626,0.393651,-3.09964
878,0.439,4,2,4,0,0,0,0,0,0,-14.744,15.6207,-7.38886,-4.86876,-8.17878,-37.1384,0,0,0,0,0,0,0.263475,2.61868,0.689548,0.213164,0.398861,-3.09835
879,0.4395,4,2,4,0,0,0,0,0,0,-14.6536,15.7153,-7.31102,-4.87939,-8.11814,-37.2423,0,0,0,0,0,0,0.275608,2.61477,0.698507,0.210738,0.40355,-3.09217
880,0.44,4,2,4,0,0,0,0,0,0,-14.5608,15.81,-7.22972,-4.89286,-8.05543,-37.3439,0,0,0,0,0,0,0.287824,2.61067,0.707747,0.20854,0.408918,-3.08736
881,0.4405,4,2,4,0,0,0,0,0,0,-14.4674,15.9053,-7.14667,-4.90792,-7.99115,-37.4449,0,0,0,0,0,0,0.29729,2.61135,0.715303,0.20943,0.414156,-3.08895
882,0.441,4,2,4,0,0,0,0,0,0,-14.3759,16.0017,-7.06629,-4.91917,-7.92731,-37.5495,0,0,0,0,0,0,0.305215,2.61373,0.722679,0.21146,0.420267,-3.09419
883,0.4415,4,2,4,0,0,0,0,0,0,-14.2857,16.0998,-6.9879,-4.92708,-7.86403,-37.6565,0,0,0,0,0,0,0.312375,2.61671,0.728398,0.216021,0.425531,-3.09964
884,0.442,4,2,4,0,0,0,0,0,0,-14.1942,16.1982,-6.9096,-4.93479,-7.80107,-37.7617,0,0,0,0,0,0,0.321762,2.61648,0.732827,0.220171,0.429412,-3.09882
885,0.4425,4,2,4,0,0,0,0,0,0,-14.1032,16.2954,-6.83209,-4.94192,-7.73806,-37.8675,0,0,0,0,0,0,0.330887,2.61767,0.739495,0.220602,0.433815,-3.09746
886,0.443,4,2,4,0,0,0,0,0,0,-14.0144,16.3915,-6.75652,-4.94731,-7.67536,-37.9753,0,0,0,0,0,0,0.338492,2.6213,0.748749,0.219554,0.44031,-3.10032
887,0.4435,4,2,4,0,0,0,0,0,0,-13.9271,16.4861,-6.68341,-4.95105,-7.61411,-38.0834,0,0,0,0,0,0,0.346282,2.62156,0.754256,0.221257,0.444722,-3.10119
888,0.444,4,2,4,0,0,0,0,0,0,-13.8425,16.5806,-6.61168,-4.95346,-7.55301,-38.1931,0,0,0,0,0,0,0.349519,2.62436,0.761029,0.221523,0.45073,-3.10735
889,0.4445,4,2,4,0,0,0,0,0,0,-13.7577,16.6748,-6.53724,-4.95879,-7.48976,-38.3005,0,0,0,0,0,0,0.350097,2.62568,0.766806,0.222351,0.456782,-3.11379
890,0.445,4,2,4,0,0,0,0,0,0,-13.6732,16.7678,-6.45941,-4.96685,-7.42275,-38.4061,0,0,0,0,0,0,0.353512,2.62555,0.771378,0.225404,0.462366,-3.11965
891,0.4455,4,2,4,0,0,0,0,0,0,-13.5903,16.8589,-6.38032,-4.97427,-7.35245,-38.5121,0,0,0,0,0,0,0.360262,2.62733,0.777121,0.229057,0.468022,-3.12372
892,0.446,4,2,4,0,0,0,0,0,0,-13.5066,16.9484,-6.29996,-4.98144,-7.2803,-38.617,0,0,0,0,0,0,0.366359,2.63134,0.783797,0.232764,0.47435,-3.13131
893,0.4465,4,2,4,0,0,0,0,0,0,-13.4219,17.0377,-6.21907,-4.98812,-7.20788,-38.7218,0,0,0,0,0,0,0.373178,2.63497,0.789585,0.237399,0.479585,-3.13708
894,0.447,4,2,4,0,0,0,0,0,0,-13.338,17.1265,-6.13876,-4.994,-7.13594,-38.8285,0,0,0,0,0,0,0.380344,2.63765,0.795821,0.241264,0.485376,-3.14108
895,0.4475,4,2,4,0,0,0,0,0,0,-13.2524,17.2137,-6.0577,-5.00098,-7.06476,-38.9333,0,0,0,0,0,0,0.390028,2.6368,0.803083,0.2424,0.490925,-3.13904
896,0.448,4,2,4,0,0,0,0,0,0,-13.1654,17.3004,-5.97611,-5.00896,-6.99458,-39.0364,0,0,0,0,0,0,0.39732,2.63675,0.811458,0.242256,0.497039,-3.1405
897,0.4485,4,2,4,0,0,0,0,0,0,-13.0786,17.3877,-5.89613,-5.01512,-6.92604,-39.1402,0,0,0,0,0,0,0.404348,2.63577,0.819218,0.243319,0.50321,-3.14503
898,0.449,4,2,4,0,0,0,0,0,0,-12.9891,17.4756,-5.81721,-5.01961,-6.8593,-39.241,0,0,0,0,0,0,0.415744,2.6338,0.828998,0.241642,0.509016,-3.14201
899,0.4495,4,2,4,0,0,0,0,0,0,-12.8968,17.5624,-5.73807,-5.02301,-6.7926,-39.339,0,0,0,0,0,0,0.427048,2.63113,0.838729,0.240163,0.515517,-3.13973
900,0.45,4,2,4,0,0,0,0,0,0,-12.8047,17.6483,-5.65882,-5.02493,-6.72424,-39.4388,0,0,0,0,0,0,0.436803,2.62689,0.845745,0.24083,0.521168,-3.13883
901,0.4505,4,2,4,0,0,0,0,0,0,-12.7102,17.734,-5.57711,-5.02953,-6.65422,-39.5348,0,0,0,0,0,0,0.446663,2.6242,0.852966,0.241502,0.526524,-3.13671
902,0.451,4,2,4,0,0,0,0,0,0,-12.6127,17.8193,-5.49183,-5.03859,-6.58261,-39.6246,0,0,0,0,0,0,0.455641,2.62304,0.860183,0.241235,0.531207,-3.13332
903,0.4515,4,2,4,0,0,0,0,0,0,-12.5165,17.9049,-5.4071,-5.04619,-6.5102,-39.7154,0,0,0,0,0,0,0.461901,2.62508,0.865646,0.244218,0.53613,-3.13797
904,0.452,4,2,4,0,0,0,0,0,0,-12.4247,17.9914,-5.3249,-5.04998,-6.43783,-39.8117,0,0,0,0,0,0,0.467056,2.62821,0.869387,0.250217,0.540623,-3.14389
905,0.4525,4,2,4,0,0,0,0,0,0,-12.3328,18.0768,-5.24276,-5.05471,-6.36625,-39.9071,0,0,0,0,0,0,0.472207,2.63005,0.873038,0.255822,0.544822,-3.14909
906,0.453,4,2,4,0,0,0,0,0,0,-12.2443,18.1619,-5.16098,-5.05954,-6.294,-40.0053,0,0,0,0,0,0,0.478598,2.62965,0.877307,0.259529,0.549017,-3.15047
907,0.4535,4,2,4,0,0,0,0,0,0,-12.1604,18.2486,-5.07991,-5.06252,-6.2204,-40.1075,0,0,0,0,0,0,0.483357,2.62843,0.882775,0.260928,0.554182,-3.15128
908,0.454,4,2,4,0,0,0,0,0,0,-12.0795,18.3352,-5.00043,-5.06254,-6.14591,-40.2125,0,0,0,0,0,0,0.484342,2.62985,0.88819,0.264616,0.561237,-3.16148
909,0.4545,4,2,4,0,0,0,0,0,0,-11.9977,18.4194,-4.92204,-5.0609,-6.07133,-40.3153,0,0,0,0,0,0,0.490746,2.63013,0.895793,0.264746,0.567616,-3.16337
910,0.455,4,2,4,0,0,0,0,0,0,-11.9077,18.4989,-4.84107,-5.0626,-5.99715,-40.4046,0,0,0,0,0,0,0.496651,2.63221,0.904602,0.263461,0.574335,-3.16777
911,0.4555,4,2,4,0,0,0,0,0,0,-11.8099,18.5748,-4.75579,-5.06967,-5.9221,-40.4813,0,0,0,0,0,0,0.503323,2.63155,0.911131,0.264462,0.579699,-3.16984
912,0.456,4,2,4,0,0,0,0,0,0,-11.7101,18.6487,-4.66854,-5.07856,-5.84587,-40.5553,0,0,0,0,0,0,0.513436,2.62902,0.917339,0.265527,0.584163,-3.16613
913,0.4565,4,2,4,0,0,0,0,0,0,-11.6099,18.722,-4.57947,-5.08819,-5.76837,-40.6295,0,0,0,0,0,0,0.526296,2.62684,0.923997,0.267473,0.588166,-3.16
914,0.457,4,2,4,0,0,0,0,0,0,-11.5121,18.7962,-4.49076,-5.0953,-5.69006,-40.7088,0,0,0,0,0,0,0.534866,2.62618,0.931692,0.26933,0.594403,-3.16099
915,0.4575,4,2,4,0,0,0,0,0,0,-11.4164,18.8712,-4.4018,-5.10127,-5.61111,-40.7929,0,0,0,0,0,0,0.54376,2.62441,0.938673,0.271368,0.600266,-3.16063
916,0.458,4,2,4,0,0,0,0,0,0,-11.3213,18.9462,-4.31206,-5.10682,-5.53109,-40.8793,0,0,0,0,0,0,0.553548,2.62084,0.9481,0.270425,0.607053,-3.1597
917,0.4585,4,2,4,0,0,0,0,0,0,-11.2295,19.0214,-4.22467,-5.10819,-5.45057,-40.9702,0,0,0,0,0,0,0.564495,2.61729,0.957945,0.268731,0.613432,-3.15692
918,0.459,4,2,4,0,0,0,0,0,0,-11.138,19.0986,-4.1405,-5.10516,-5.37164,-41.0618,0,0,0,0,0,0,0.573191,2.61497,0.965566,0.26998,0.619551,-3.15463
919,0.4595,4,2,4,0,0,0,0,0,0,-11.0414,19.1755,-4.05602,-5.10313,-5.29433,-41.1465,0,0,0,0,0,0,0.580592,2.61518,0.973441,0.270737,0.625464,-3.15576
920,0.46,4,2,4,0,0,0,0,0,0,-10.9407,19.2517,-3.97011,-5.10347,-5.21742,-41.2253,0,0,0,0,0,0,0.590239,2.61228,0.980298,0.270846,0.629691,-3.15094
921,0.4605,4,2,4,0,0,0,0,0,0,-10.8392,19.3276,-3.88494,-5.10311,-5.14074,-41.303,0,0,0,0,0,0,0.598301,2.60866,0.985346,0.273047,0.634194,-3.14721
922,0.461,4,2,4,0,0,0,0,0,0,-10.7364,19.403,-3.79914,-5.10336,-5.06378,-41.3793,0,0,0,0,0,0,0.600925,2.61078,0.992033,0.276188,0.642435,-3.1553
923,0.4615,4,2,4,0,0,0,0,0,0,-10.6366,19.4792,-3.71376,-5.10292,-4.98626,-41.4611,0,0,0,0,0,0,0.603447,2.61177,0.997179,0.280066,0.648997,-3.16238
924,0.462,4,2,4,0,0,0,0,0,0,-10.5424,19.5581,-3.62944,-5.10086,-4.90809,-41.5512,0,0,0,0,0,0,0.606689,2.61424,1.00148,0.285932,0.654563,-3.17145
925,0.4625,4,2,4,0,0,0,0,0,0,-10.4546,19.6381,-3.54713,-5.09581,-4.82904,-41.6494,0,0,0,0,0,0,0.611279,2.61587,1.00583,0.291503,0.65947,-3.17719
926,0.463,4,2,4,0,0,0,0,0,0,-10.3713,19.7169,-3.4664,-5.08898,-4.74882,-41.7507,0,0,0,0,0,0,0.613529,2.61783,1.00903,0.297957,0.664088,-3.18425
927,0.4635,4,2,4,0,0,0,0,0,0,-10.2881,19.7931,-3.38608,-5.0821,-4.66805,-41.8481,0,0,0,0,0,0,0.615128,2.61941,1.01238,0.303535,0.669198,-3.19117
928,0.464,4,2,4,0,0,0,0,0,0,-10.2018,19.8669,-3.30552,-5.07599,-4.5877,-41.9393,0,0,0,0,0,0,0.619615,2.62101,1.01683,0.307555,0.674051,-3.19578
929,0.4645,4,2,4,0,0,0,0,0,0,-10.1097,19.9364,-3.22323,-5.07291,-4.50802,-42.02,0,0,0,0,0,0,0.626127,2.62006,1.02233,0.309339,0.679382,-3.19622
930,0.465,4,2,4,0,0,0,0,0,0,-10.0118,20.0014,-3.13874,-5.0735,-4.42873,-42.0914,0,0,0,0,0,0,0.632108,2.61578,1.02699,0.311551,0.684844,-3.1963
931,0.4655,4,2,4,0,0,0,0,0,0,-9.90864,20.0631,-3.05142,-5.07815,-4.34938,-42.1544,0,0,0,0,0,0,0.64091,2.60887,1.03322,0.312068,0.690539,-3.19127
932,0.466,4,2,4,0,0,0,0,0,0,-9.80292,20.1225,-2.96136,-5.08609,-4.26934,-42.2138,0,0,0,0,0,0,0.652341,2.59977,1.03976,0.311126,0.69481,-3.18143
933,0.4665,4,2,4,0,0,0,0,0,0,-9.69518,20.1816,-2.86903,-5.09596,-4.18881,-42.2721,0,0,0,0,0,0,0.662526,2.59417,1.04736,0.310058,0.699566,-3.1775
934,0.467,4,2,4,0,0,0,0,0,0,-9.59124,20.2418,-2.77889,-5.10028,-4.10754,-42.3394,0,0,0,0,0,0,0.67558,2.58721,1.05625,0.309091,0.704715,-3.17091
935,0.4675,4,2,4,0,0,0,0,0,0,-9.48952,20.3021,-2.6913,-5.09981,-4.02619,-42.4113,0,0,0,0,0,0,0.68747,2.58217,1.06463,0.309355,0.709989,-3.16847
936,0.468,4,2,4,0,0,0,0,0,0,-9.38542,20.3592,-2.60339,-5.09947,-3.94448,-42.4794,0,0,0,0,0,0,0.702594,2.57596,1.07435,0.306609,0.71478,-3.15878
937,0.4685,4,2,4,0,0,0,0,0,0,-9.28001,20.4137,-2.5149,-5.09988,-3.86198,-42.5432,0,0,0,0,0,0,0.714973,2.57139,1.08411,0.305177,0.721349,-3.15283
938,0.469,4,2,4,0,0,0,0,0,0,-9.17438,20.4672,-2.42648,-5.10018,-3.77936,-42.6035,0,0,0,0,0,0,0.726622,2.56568,1.09214,0.305482,0.727289,-3.14573
939,0.4695,4,2,4,0,0,0,0,0,0,-9.06489,20.5195,-2.33703,-5.10206,-3.69774,-42.6559,0,0,0,0,0,0,0.74176,2.55539,1.1008,0.302384,0.732123,-3.13006
940,0.47,4,2,4,0,0,0,0,0,0,-8.9522,20.57,-2.24681,-5.10477,-3.61685,-42.7024,0,0,0,0,0,0,0.753204,2.54961,1.10972,0.301916,0.739002,-3.12601
941,0.4705,4,2,4,0,0,0,0,0,0,-8.83747,20.6187,-2.15424,-5.11082,-3.53567,-42.7439,0,0,0,0,0,0,0.764145,2.54503,1.11835,0.301773,0.745273,-3.12276
942,0.471,4,2,4,0,0,0,0,0,0,-8.72348,20.6678,-2.05939,-5.11964,-3.45324,-42.7854,0,0,0,0,0,0,0.776726,2.54029,1.12786,0.299614,0.750551,-3.11635
943,0.4715,4,2,4,0,0,0,0,0,0,-8.61471,20.7212,-1.96635,-5.1246,-3.37051,-42.8359,0,0,0,0,0,0,0.786086,2.53836,1.13648,0.299033,0.756279,-3.11471
944,0.472,4,2,4,0,0,0,0,0,0,-8.51023,20.7802,-1.87531,-5.12542,-3.28759,-42.8942,0,0,0,0,0,0,0.792124,2.54061,1.14295,0.302896,0.761795,-3.1191
945,0.4725,4,2,4,0,0,0,0,0,0,-8.4122,20.8485,-1.78768,-5.11919,-3.20443,-42.9656,0,0,0,0,0,0,0.795624,2.54542,1.14764,0.309091,0.767423,-3.12467
946,0.473,4,2,4,0,0,0,0,0,0,-8.3222,20.9266,-1.70415,-5.10554,-3.12079,-43.0521,0,0,0,0,0,0,0.796604,2.55539,1.15209,0.317104,0.773796,-3.1348
947,0.4735,4,2,4,0,0,0,0,0,0,-8.24128,21.0111,-1.6251,-5.08411,-3.03601,-43.1535,0,0,0,0,0,0,0.791888,2.56729,1.15268,0.330133,0.779875,-3.15353
948,0.474,4,2,4,0,0,0,0,0,0,-8.1635,21.0959,-1.54807,-5.05974,-2.95089,-43.2574,0,0,0,0,0,0,0.784878,2.58254,1.15345,0.344898,0.787283,-3.18087
949,0.4745,4,2,4,0,0,0,0,0,0,-8.08328,21.1764,-1.46931,-5.03761,-2.86499,-43.3551,0,0,0,0,0,0,0.780573,2.59149,1.15473,0.356552,0.793854,-3.20071
950,0.475,4,2,4,0,0,0,0,0,0,-7.99862,21.2491,-1.38664,-5.02165,-2.77807,-43.443,0,0,0,0,0,0,0.780606,2.59477,1.15753,0.364068,0.799491,-3.21199
951,0.4755,4,2,4,0,0,0,0,0,0,-7.9098,21.3136,-1.30077,-5.01149,-2.69061,-43.5217,0,0,0,0,0,0,0.783961,2.59121,1.16077,0.367981,0.803478,-3.21357
952,0.476,4,2,4,0,0,0,0,0,0,-7.81592,21.3711,-1.21142,-5.00734,-2.60294,-43.5899,0,0,0,0,0,0,0.789013,2.58653,1.16618,0.369025,0.808543,-3.21358
953,0.4765,4,2,4,0,0,0,0,0,0,-7.71478,21.4225,-1.11836,-5.00952,-2.5155,-43.6447,0,0,0,0,0,0,0.798793,2.57554,1.17178,0.366737,0.811366,-3.20205
954,0.477,4,2,4,0,0,0,0,0,0,-7.60848,21.4704,-1.02326,-5.01487,-2.42818,-43.6901,0,0,0,0,0,0,0.810012,2.56307,1.17828,0.362581,0.814167,-3.18622
955,0.4775,4,2,4,0,0,0,0,0,0,-7.49783,21.5153,-0.927005,-5.02127,-2.34073,-43.7286,0,0,0,0,0,0,0.819661,2.54935,1.18393,0.358988,0.817573,-3.17223
956,0.478,4,2,4,0,0,0,0,0,0,-7.38512,21.5586,-0.832201,-5.02517,-2.25412,-43.7646,0,0,0,0,0,0,0.833402,2.53492,1.18993,0.355582,0.820023,-3.15329
957,0.4785,4,2,4,0,0,0,0,0,0,-7.27095,21.6015,-0.738495,-5.0269,-2.16825,-43.7992,0,0,0,0,0,0,0.848471,2.52332,1.19798,0.352028,0.82368,-3.13618
958,0.479,4,2,4,0,0,0,0,0,0,-7.15742,21.6453,-0.64704,-5.02488,-2.08312,-43.8374,0,0,0,0,0,0,0.862779,2.51239,1.20611,0.34972,0.828129,-3.12195
959,0.4795,4,2,4,0,0,0,0,0,0,-7.04706,21.6911,-0.557739,-5.01893,-1.99813,-43.883,0,0,0,0,0,0,0.871292,2.50381,1.21223,0.351588,0.833877,-3.11699
960,0.48,4,2,4,0,0,0,0,0,0,-6.93958,21.7383,-0.468758,-5.01222,-1.91257,-43.9349,0,0,0,0,0,0,0.878968,2.4956,1.21908,0.352252,0.840097,-3.11133
961,0.4805,4,2,4,0,0,0,0,0,0,-6.83344,21.7852,-0.379379,-5.00655,-1.82655,-43.9892,0,0,0,0,0,0,0.887269,2.48892,1.22725,0.352379,0.846861,-3.10812
962,0.481,4,2,4,0,0,0,0,0,0,-6.72423,21.8294,-0.28908,-5.00361,-1.74155,-44.0376,0,0,0,0,0,0,0.893742,2.48513,1.23773,0.350318,0.855861,-3.10932
963,0.4815,4,2,4,0,0,0,0,0,0,-6.61154,21.871,-0.197723,-5.00296,-1.65736,-44.0795,0,0,0,0,0,0,0.903417,2.47941,1.24671,0.349127,0.862619,-3.10518
964,0.482,4,2,4,0,0,0,0,0,0,-6.49708,21.9096,-0.105876,-5.00382,-1.57315,-44.1159,0,0,0,0,0,0,0.917487,2.47438,1.25637,0.347784,0.868446,-3.09667
965,0.4825,4,2,4,0,0,0,0,0,0,-6.38183,21.9462,-0.0145636,-5.00447,-1.48916,-44.1483,0,0,0,0,0,0,0.930886,2.47042,1.26391,0.349419,0.872774,-3.09039
966,0.483,4,2,4,0,0,0,0,0,0,-6.2672,21.9835,0.07477,-5.00222,-1.40604,-44.1797,0,0,0,0,0,0,0.941107,2.4689,1.26951,0.354774,0.877359,-3.09113
967,0.4835,4,2,4,0,0,0,0,0,0,-6.1551,22.0226,0.161557,-4.99594,-1.32374,-44.2139,0,0,0,0,0,0,0.948194,2.46752,1.27338,0.36184,0.88201,-3.09348
968,0.484,4,2,4,0,0,0,0,0,0,-6.04784,22.0654,0.245833,-4.98544,-1.24165,-44.2556,0,0,0,0,0,0,0.954569,2.46507,1.27982,0.364456,0.888354,-3.09271
969,0.4845,4,2,4,0,0,0,0,0,0,-5.9438,22.1078,0.329075,-4.9735,-1.15933,-44.301,0,0,0,0,0,0,0.958953,2.46273,1.28512,0.367898,0.894261,-3.09561
970,0.485,4,2,4,0,0,0,0,0,0,-5.8406,22.1493,0.412542,-4.96179,-1.07655,-44.3463,0,0,0,0,0,0,0.964387,2.4603,1.29036,0.370767,0.899191,-3.09576
971,0.4855,4,2,4,0,0,0,0,0,0,-5.73625,22.192,0.49762,-4.95182,-0.993253,-44.3895,0,0,0,0,0,0,0.971912,2.45828,1.29692,0.373273,0.904576,-3.09607
972,0.486,4,2,4,0,0,0,0,0,0,-5.63065,22.2345,0.583196,-4.94267,-0.909776,-44.4312,0,0,0,0,0,0,0.981562,2.4568,1.30489,0.374395,0.910092,-3.09414
973,0.4865,4,2,4,0,0,0,0,0,0,-5.52379,22.2753,0.66927,-4.93486,-0.826053,-44.4706,0,0,0,0,0,0,0.989048,2.4554,1.30997,0.379204,0.9148,-3.09542
974,0.487,4,2,4,0,0,0,0,0,0,-5.41568,22.3167,0.756113,-4.92691,-0.741592,-44.5094,0,0,0,0,0,0,0.9935,2.45648,1.31433,0.385955,0.920458,-3.10121
975,0.4875,4,2,4,0,0,0,0,0,0,-5.30958,22.3617,0.842526,-4.91513,-0.655624,-44.5545,0,0,0,0,0,0,0.999433,2.4569,1.31812,0.392874,0.924995,-3.10312
976,0.488,4,2,4,0,0,0,0,0,0,-5.20739,22.4113,0.928203,-4.89902,-0.56805,-44.6077,0,0,0,0,0,0,1.00175,2.45997,1.32223,0.399476,0.930482,-3.11191
977,0.4885,4,2,4,0,0,0,0,0,0,-5.10807,22.4623,1.01381,-4.88125,-0.479431,-44.6655,0,0,0,0,0,0,1.00325,2.46231,1.32645,0.405333,0.93656,-3.11983
978,0.489,4,2,4,0,0,0,0,0,0,-5.00927,22.5105,1.1003,-4.86456,-0.390172,-44.7223,0,0,0,0,0,0,1.00772,2.45956,1.3291,0.411327,0.940201,-3.12063
979,0.4895,4,2,4,0,0,0,0,0,0,-4.90769,22.5534,1.18917,-4.85204,-0.300725,-44.7712,0,0,0,0,0,0,1.01731,2.45087,1.33437,0.411815,0.943658,-3.11011
980,0.49,4,2,4,0,0,0,0,0,0,-4.80116,22.5918,1.28154,-4.84488,-0.211102,-44.8097,0,0,0,0,0,0,1.0279,2.44001,1.34176,0.409007,0.948064,-3.09707
981,0.4905,4,2,4,0,0,0,0,0,0,-4.69089,22.6283,1.37592,-4.84072,-0.121727,-44.8416,0,0,0,0,0,0,1.03921,2.42993,1.34952,0.406213,0.952687,-3.08391
982,0.491,4,2,4,0,0,0,0,0,0,-4.57611,22.6614,1.47105,-4.83882,-0.0335793,-44.865,0,0,0,0,0,0,1.0488,2.41842,1.35615,0.404313,0.957488,-3.07045
983,0.4915,4,2,4,0,0,0,0,0,0,-4.45583,22.6894,1.56672,-4.84005,0.0529154,-44.8779,0,0,0,0,0,0,1.05924,2.40565,1.36343,0.401234,0.962163,-3.05744
984,0.492,4,2,4,0,0,0,0,0,0,-4.33398,22.7165,1.66092,-4.84038,0.137872,-44.8884,0,0,0,0,0,0,1.06759,2.39757,1.37122,0.399635,0.967995,-3.05172
985,0.4925,4,2,4,0,0,0,0,0,0,-4.21578,22.7471,1.75198,-4.83455,0.222525,-44.9065,0,0,0,0,0,0,1.0756,2.39266,1.37826,0.400772,0.973645,-3.04866
986,0.493,4,2,4,0,0,0,0,0,0,-4.10271,22.7802,1.84034,-4.82309,0.307501,-44.9332,0,0,0,0,0,0,1.08231,2.39049,1.38449,0.404348,0.979759,-3.04818
987,0.4935,4,2,4,0,0,0,0,0,0,-3.99355,22.8133,1.92688,-4.80821,0.3929,-44.9648,0,0,0,0,0,0,1.08909,2.38633,1.38896,0.407387,0.983871,-3.04345
988,0.494,4,2,4,0,0,0,0,0,0,-3.88658,22.8453,2.01294,-4.79226,0.478912,-44.998,0,0,0,0,0,0,1.09658,2.37935,1.39272,0.410414,0.987074,-3.03723
989,0.4945,4,2,4,0,0,0,0,0,0,-3.77878,22.8744,2.10072,-4.78024,0.565277,-45.0269,0,0,0,0,0,0,1.10731,2.37048,1.39772,0.411778,0.989815,-3.02783
990,0.495,4,2,4,0,0,0,0,0,0,-3.67167,22.9033,2.18857,-4.76935,0.651508,-45.0561,0,0,0,0,0,0,1.11691,2.3635,1.40399,0.412901,0.994013,-3.02233
991,0.4955,4,2,4,0,0,0,0,0,0,-3.56192,22.9308,2.27768,-4.7614,0.737122,-45.0796,0,0,0,0,0,0,1.12686,2.35728,1.41143,0.413532,0.999009,-3.0176
992,0.496,4,2,4,0,0,0,0,0,0,-3.44781,22.9557,2.36827,-4.75675,0.821991,-45.0951,0,0,0,0,0,0,1.13249,2.3546,1.41766,0.416926,1.00487,-3.01961
993,0.4965,4,2,4,0,0,0,0,0,0,-3.33053,22.9795,2.45819,-4.75227,0.905198,-45.1058,0,0,0,0,0,0,1.13821,2.3523,1.42402,0.420505,1.01124,-3.02106
994,0.497,4,2,4,0,0,0,0,0,0,-3.21364,23.005,2.5463,-4.74558,0.987288,-45.1185,0,0,0,0,0,0,1.14542,2.34902,1.43012,0.424877,1.01714,-3.02243
995,0.4975,4,2,4,0,0,0,0,0,0,-3.10048,23.0326,2.63259,-4.73512,1.06994,-45.1386,0,0,0,0,0,0,1.1526,2.34521,1.43585,0.427792,1.0223,-3.02175
996,0.498,4,2,4,0,0,0,0,0,0,-2.98988,23.0619,2.71661,-4.72031,1.15259,-45.1632,0,0,0,0,0,0,1.15951,2.34314,1.44187,0.430429,1.02722,-3.0224
997,0.4985,4,2,4,0,0,0,0,0,0,-2.87986,23.0903,2.79983,-4.7038,1.23516,-45.1876,0,0,0,0,0,0,1.16594,2.3422,1.44766,0.433654,1.03227,-3.02318
998,0.499,4,2,4,0,0,0,0,0,0,-2.77062,23.1178,2.88336,-4.6863,1.31864,-45.2133,0,0,0,0,0,0,1.17212,2.33826,1.45162,0.437964,1.036,-3.021
999,0.4995,4,2,4,0,0,0,0,0,0,-2.66227,23.1455,2.96829,-4.66946,1.40339,-45.2414,0,0,0,0,0,0,1.17839,2.33377,1.45665,0.441609,1.04071,-3.01968
1000,0.5,4,2,4,0,0,0,0,0,0,-2.5543,23.1724,3.05499,-4.65516,1.4893,-45.269,0,0,0,0,0,0,1.18513,2.32822,1.4615,0.445031,1.04484,-3.01697
1001,0.5005,4,2,4,0,0,0,0,0,0,-2.4427,23.1958,3.14347,-4.64494,1.57494,-45.2899,0,0,0,0,0,0,1.19472,2.31869,1.46793,0.445643,1.04929,-3.00776
1002,0.501,4,2,4,0,0,0,0,0,0,-2.32736,23.2168,3.23267,-4.6372,1.65953,-45.304,0,0,0,0,0,0,1.2055,2.30757,1.47432,0.445784,1.05344,-2.99631
1003,0.5015,4,2,4,0,0,0,0,0,0,-2.21115,23.2369,3.32208,-4.63014,1.74387,-45.3163,0,0,0,0,0,0,1.2141,2.29657,1.48033,0.4445,1.05755,-2.98433
1004,0.502,4,2,4,0,0,0,0,0,0,-2.09581,23.2578,3.41072,-4.62163,1.82824,-45.3307,0,0,0,0,0,0,1.21998,2.28988,1.48637,0.445248,1.06287,-2.98059
1005,0.5025,4,2,4,0,0,0,0,0,0,-1.98057,23.2793,3.49824,-4.6116,1.91198,-45.3454,0,0,0,0,0,0,1.22503,2.28566,1.49133,0.449128,1.06801,-2.9797
1006,0.503,4,2,4,0,0,0,0,0,0,-1.86523,23.3006,3.58435,-4.59936,1.99488,-45.3592,0,0,0,0,0,0,1.23229,2.28192,1.49749,0.452319,1.07348,-2.9768
1007,0.5035,4,2,4,0,0,0,0,0,0,-1.74909,23.3211,3.66948,-4.58548,2.07677,-45.3701,0,0,0,0,0,0,1.24009,2.27861,1.50316,0.456264,1.07835,-2.9756
1008,0.504,4,2,4,0,0,0,0,0,0,-1.63333,23.3402,3.75437,-4.57036,2.15876,-45.3799,0,0,0,0,0,0,1.24854,2.27391,1.50815,0.460596,1.08245,-2.97314
1009,0.5045,4,2,4,0,0,0,0,0,0,-1.51836,23.3585,3.84009,-4.55554,2.24178,-45.3886,0,0,0,0,0,0,1.25872,2.26478,1.51241,0.463301,1.08508,-2.96402
1010,0.505,4,2,4,0,0,0,0,0,0,-1.40301,23.3757,3.92721,-4.54265,2.32538,-45.3951,0,0,0,0,0,0,1.26914,2.25478,1.51869,0.462977,1.08891,-2.95442
1011,0.5055,4,2,4,0,0,0,0,0,0,-1.28451,23.3896,4.01588,-4.53277,2.40859,-45.3954,0,0,0,0,0,0,1.27861,2.24509,1.52594,0.461642,1.09371,-2.94531
1012,0.506,4,2,4,0,0,0,0,0,0,-1.16512,23.4022,4.10458,-4.52321,2.49141,-45.3941,0,0,0,0,0,0,1.28654,2.23757,1.53241,0.463132,1.0989,-2.9398
1013,0.5065,4,2,4,0,0,0,0,0,0,-1.04702,23.4142,4.19256,-4.51231,2.57437,-45.3944,0,0,0,0,0,0,1.29426,2.23144,1.53839,0.464801,1.10344,-2.93424
1014,0.507,4,2,4,0,0,0,0,0,0,-0.929105,23.4249,4.27994,-4.50112,2.65702,-45.3935,0,0,0,0,0,0,1.30271,2.22485,1.54485,0.46466,1.10784,-2.92611
1015,0.5075,4,2,4,0,0,0,0,0,0,-0.812578,23.4373,4.36641,-4.48818,2.73958,-45.3953,0,0,0,0,0,0,1.31148,2.21867,1.55112,0.465095,1.1122,-2.91776
1016,0.508,4,2,4,0,0,0,0,0,0,-0.697698,23.4515,4.45148,-4.47271,2.82187,-45.4003,0,0,0,0,0,0,1.31891,2.214,1.5557,0.467971,1.11582,-2.91153
1017,0.5085,4,2,4,0,0,0,0,0,0,-0.58285,23.4653,4.53566,-4.45644,2.90328,-45.4045,0,0,0,0,0,0,1.32504,2.2109,1.55988,0.473046,1.12002,-2.91177
1018,0.509,4,2,4,0,0,0,0,0,0,-0.467291,23.4774,4.61978,-4.44052,2.98415,-45.4072,0,0,0,0,0,0,1.33031,2.20788,1.56376,0.479554,1.12445,-2.91438
1019,0.5095,4,2,4,0,0,0,0,0,0,-0.352699,23.4903,4.70384,-4.42375,3.0652,-45.4118,0,0,0,0,0,0,1.33486,2.20267,1.56798,0.483524,1.12898,-2.91272
1020,0.51,4,2,4,0,0,0,0,0,0,-0.237334,23.5027,4.78911,-4.40899,3.14654,-45.413,0,0,0,0,0,0,1.34085,2.19548,1.57333,0.484903,1.13353,-2.90713
1021,0.5105,4,2,4,0,0,0,0,0,0,-0.120685,23.5135,4.875,-4.39616,3.22754,-45.4094,0,0,0,0,0,0,1.34781,2.18643,1.57903,0.485839,1.13804,-2.89992
1022,0.511,4,2,4,0,0,0,0,0,0,-0.0031184,23.522,4.96078,-4.38397,3.30807,-45.4028,0,0,0,0,0,0,1.35877,2.1771,1.58599,0.486979,1.14219,-2.89067
1023,0.5115,4,2,4,0,0,0,0,0,0,0.114702,23.528,5.04588,-4.3717,3.388,-45.3958,0,0,0,0,0,0,1.36941,2.16967,1.59366,0.487977,1.14696,-2.88429
1024,0.512,4,2,4,0,0,0,0,0,0,0.234377,23.5323,5.13076,-4.36043,3.46698,-45.3864,0,0,0,0,0,0,1.37795,2.16489,1.60164,0.488936,1.15289,-2.88103
1025,0.5125,4,2,4,0,0,0,0,0,0,0.353042,23.5377,5.2146,-4.34695,3.54586,-45.38,0,0,0,0,0,0,1.38474,2.16111,1.60732,0.491961,1.15753,-2.87943
1026,0.513,4,2,4,0,0,0,0,0,0,0.471177,23.5439,5.29715,-4.3316,3.62394,-45.3761,0,0,0,0,0,0,1.39135,2.15575,1.61267,0.495102,1.16225,-2.87509
1027,0.5135,4,2,4,0,0,0,0,0,0,0.589789,23.5502,5.37909,-4.31655,3.70108,-45.372,0,0,0,0,0,0,1.39897,2.14968,1.61793,0.49855,1.16664,-2.86996
1028,0.514,4,2,4,0,0,0,0,0,0,0.707951,23.5577,5.46031,-4.30009,3.77775,-45.3697,0,0,0,0,0,0,1.40835,2.14294,1.62274,0.501152,1.16966,-2.86287
1029,0.5145,4,2,4,0,0,0,0,0,0,0.825495,23.5658,5.54169,-4.28304,3.85458,-45.3685,0,0,0,0,0,0,1.41576,2.13688,1.62638,0.505126,1.17246,-2.85873
1030,0.515,4,2,4,0,0,0,0,0,0,0.94374,23.5717,5.62443,-4.26821,3.9319,-45.3643,0,0,0,0,0,0,1.42424,2.12837,1.63091,0.506234,1.17501,-2.84947
1031,0.5155,4,2,4,0,0,0,0,0,0,1.06187,23.5774,5.7081,-4.25411,4.00973,-45.36,0,0,0,0,0,0,1.43221,2.12075,1.63703,0.506181,1.17929,-2.84333
1032,0.516,4,2,4,0,0,0,0,0,0,1.17962,23.583,5.79249,-4.24011,4.08831,-45.3558,0,0,0,0,0,0,1.43975,2.11069,1.64272,0.505855,1.18338,-2.83621
1033,0.5165,4,2,4,0,0,0,0,0,0,1.29923,23.5855,5.87768,-4.22762,4.16694,-45.346,0,0,0,0,0,0,1.44894,2.09869,1.64841,0.505602,1.18693,-2.82602
1034,0.517,4,2,4,0,0,0,0,0,0,1.42045,23.5863,5.96256,-4.21497,4.2448,-45.3321,0,0,0,0,0,0,1.45591,2.08927,1.65414,0.504862,1.19115,-2.81829
1035,0.5175,4,2,4,0,0,0,0,0,0,1.54239,23.5855,6.04677,-4.20138,4.32205,-45.316,0,0,0,0,0,0,1.4645,2.07906,1.65979,0.504386,1.19474,-2.80817
1036,0.518,4,2,4,0,0,0,0,0,0,1.6639,23.584,6.13075,-4.18671,4.39955,-45.2997,0,0,0,0,0,0,1.47424,2.07026,1.66626,0.505266,1.19906,-2.7987
1037,0.5185,4,2,4,0,0,0,0,0,0,1.78483,23.5826,6.21437,-4.17049,4.47723,-45.2821,0,0,0,0,0,0,1.48078,2.06398,1.6714,0.507927,1.20311,-2.79398
1038,0.519,4,2,4,0,0,0,0,0,0,1.90442,23.5811,6.29723,-4.15254,4.55499,-45.2642,0,0,0,0,0,0,1.48783,2.05927,1.67635,0.511876,1.20689,-2.79066
1039,0.5195,4,2,4,0,0,0,0,0,0,2.02266,23.5799,6.37937,-4.13364,4.63262,-45.2473,0,0,0,0,0,0,1.49574,2.05398,1.6811,0.515409,1.20995,-2.7848
1040,0.52,4,2,4,0,0,0,0,0,0,2.14025,23.5778,6.46131,-4.11559,4.71,-45.2305,0,0,0,0,0,0,1.50239,2.0473,1.68489,0.519569,1.21271,-2.77926
1041,0.5205,4,2,4,0,0,0,0,0,0,2.25689,23.5748,6.5432,-4.09869,4.78742,-45.215,0,0,0,0,0,0,1.50851,2.03929,1.68963,0.522607,1.2169,-2.77212
1042,0.521,4,2,4,0,0,0,0,0,0,2.37284,23.5719,6.62483,-4.08234,4.8644,-45.2014,0,0,0,0,0,0,1.51589,2.03016,1.6953,0.524637,1.22154,-2.76236
1043,0.5215,4,2,4,0,0,0,0,0,0,2.49152,23.5681,6.70723,-4.06868,4.94014,-45.1843,0,0,0,0,0,0,1.52391,2.01976,1.7016,0.525884,1.22656,-2.75255
1044,0.522,4,2,4,0,0,0,0,0,0,2.61384,23.5614,6.78944,-4.05699,5.01383,-45.1613,0,0,0,0,0,0,1.53223,2.01103,1.70874,0.526994,1.23205,-2.74592
1045,0.5225,4,2,4,0,0,0,0,0,0,2.73828,23.5519,6.87117,-4.04664,5.08611,-45.1343,0,0,0,0,0,0,1.53969,2.00143,1.71442,0.528858,1.23664,-2.73938
1046,0.523,4,2,4,0,0,0,0,0,0,2.86308,23.5427,6.95218,-4.0356,5.15792,-45.1079,0,0,0,0,0,0,1.5477,1.99266,1.71994,0.530617,1.24062,-2.73157
1047,0.5235,4,2,4,0,0,0,0,0,0,2.98735,23.5337,7.03178,-4.02264,5.22894,-45.082,0,0,0,0,0,0,1.55589,1.98546,1.72503,0.531421,1.24375,-2.72366
1048,0.524,4,2,4,0,0,0,0,0,0,3.11092,23.5257,7.11042,-4.00775,5.2994,-45.0572,0,0,0,0,0,0,1.56196,1.981,1.73019,0.53316,1.24775,-2.72109
1049,0.5245,4,2,4,0,0,0,0,0,0,3.23222,23.5193,7.1884,-3.98991,5.37048,-45.0356,0,0,0,0,0,0,1.56929,1.97663,1.73424,0.536115,1.24998,-2.71838
1050,0.525,4,2,4,0,0,0,0,0,0,3.35151,23.5133,7.26661,-3.97081,5.44275,-45.0157,0,0,0,0,0,0,1.57634,1.9747,1.7395,0.540196,1.25411,-2.71915
1051,0.5255,4,2,4,0,0,0,0,0,0,3.46855,23.5078,7.3446,-3.94984,5.51582,-44.9979,0,0,0,0,0,0,1.58437,1.96918,1.74491,0.542309,1.25796,-2.71413
1052,0.526,4,2,4,0,0,0,0,0,0,3.5857,23.4992,7.42328,-3.92991,5.58929,-44.9757,0,0,0,0,0,0,1.59292,1.96032,1.74956,0.543964,1.26077,-2.70486
1053,0.5265,4,2,4,0,0,0,0,0,0,3.70429,23.4872,7.50329,-3.9122,5.66301,-44.9465,0,0,0,0,0,0,1.59979,1.95207,1.75388,0.546546,1.2641,-2.69912
1054,0.527,4,2,4,0,0,0,0,0,0,3.82366,23.4745,7.58453,-3.89558,5.73727,-44.9131,0,0,0,0,0,0,1.60659,1.94222,1.75832,0.549482,1.26752,-2.69146
1055,0.5275,4,2,4,0,0,0,0,0,0,3.94409,23.4602,7.66713,-3.88011,5.81218,-44.8754,0,0,0,0,0,0,1.61274,1.9336,1.76397,0.551957,1.27253,-2.68382
1056,0.528,4,2,4,0,0,0,0,0,0,4.06642,23.4435,7.75067,-3.86618,5.88716,-44.8334,0,0,0,0,0,0,1.6195,1.92199,1.76831,0.552995,1.27542,-2.67206
1057,0.5285,4,2,4,0,0,0,0,0,0,4.18896,23.4268,7.83352,-3.85154,5.96172,-44.793,0,0,0,0,0,0,1.62851,1.91026,1.7745,0.553515,1.27921,-2.65994
1058,0.529,4,2,4,0,0,0,0,0,0,4.31038,23.4125,7.91481,-3.8343,6.03555,-44.7584,0,0,0,0,0,0,1.63809,1.90025,1.78171,0.555605,1.28403,-2.65155
1059,0.5295,4,2,4,0,0,0,0,0,0,4.43153,23.3984,7.99373,-3.81564,6.10713,-44.727,0,0,0,0,0,0,1.64608,1.89249,1.78893,0.557633,1.28944,-2.64638
1060,0.53,4,2,4,0,0,0,0,0,0,4.55307,23.3848,8.07071,-3.79689,6.17647,-44.6991,0,0,0,0,0,0,1.6532,1.88671,1.79568,0.560091,1.29478,-2.64228
1061,0.5305,4,2,4,0,0,0,0,0,0,4.67395,23.3712,8.14581,-3.77728,6.24418,-44.6745,0,0,0,0,0,0,1.66122,1.88143,1.8015,0.562461,1.29876,-2.63682
1062,0.531,4,2,4,0,0,0,0,0,0,4.79573,23.3566,8.22086,-3.75909,6.31119,-44.6482,0,0,0,0,0,0,1.66802,1.87504,1.80562,0.564214,1.30128,-2.63
1063,0.5315,4,2,4,0,0,0,0,0,0,4.9185,23.3408,8.29644,-3.74245,6.37785,-44.6196,0,0,0,0,0,0,1.67321,1.86884,1.80766,0.567199,1.30248,-2.62431
1064,0.532,4,2,4,0,0,0,0,0,0,5.04339,23.3232,8.37231,-3.72727,6.44339,-44.5861,0,0,0,0,0,0,1.67904,1.8622,1.811,0.569718,1.30484,-2.61939
1065,0.5325,4,2,4,0,0,0,0,0,0,5.16963,23.3035,8.44859,-3.71338,6.5084,-44.5485,0,0,0,0,0,0,1.68764,1.8526,1.81594,0.571826,1.30768,-2.61176
1066,0.533,4,2,4,0,0,0,0,0,0,5.29641,23.2823,8.52605,-3.70099,6.57405,-44.5081,0,0,0,0,0,0,1.69558,1.84274,1.82045,0.574228,1.31033,-2.60431
1067,0.5335,4,2,4,0,0,0,0,0,0,5.42178,23.263,8.6042,-3.68786,6.64073,-44.4696,0,0,0,0,0,0,1.70446,1.82953,1.82472,0.573519,1.31199,-2.59067
1068,0.534,4,2,4,0,0,0,0,0,0,5.54502,23.2451,8.6826,-3.67291,6.70856,-44.4336,0,0,0,0,0,0,1.71459,1.81829,1.83049,0.573688,1.31465,-2.57964
1069,0.5345,4,2,4,0,0,0,0,0,0,5.66671,23.2267,8.76059,-3.65596,6.77683,-44.3981,0,0,0,0,0,0,1.72433,1.81103,1.83777,0.576458,1.31928,-2.57626
1070,0.535,4,2,4,0,0,0,0,0,0,5.78736,23.2072,8.83797,-3.63829,6.84516,-44.362,0,0,0,0,0,0,1.73357,1.80355,1.84402,0.580009,1.32302,-2.57307
1071,0.5355,4,2,4,0,0,0,0,0,0,5.90686,23.1869,8.91482,-3.62022,6.91385,-44.325,0,0,0,0,0,0,1.74202,1.79568,1.85018,0.58303,1.32724,-2.56907
1072,0.536,4,2,4,0,0,0,0,0,0,6.02587,23.1644,8.99172,-3.60235,6.9831,-44.2852,0,0,0,0,0,0,1.75168,1.7873,1.85673,0.586776,1.33123,-2.56322
1073,0.5365,4,2,4,0,0,0,0,0,0,6.14493,23.1393,9.06836,-3.58485,7.05213,-44.2416,0,0,0,0,0,0,1.7614,1.78124,1.86406,0.590439,1.33609,-2.55922
1074,0.537,4,2,4,0,0,0,0,0,0,6.26454,23.1125,9.14487,-3.56796,7.12065,-44.1955,0,0,0,0,0,0,1.76853,1.77379,1.86891,0.592813,1.33937,-2.55342
1075,0.5375,4,2,4,0,0,0,0,0,0,6.38544,23.0851,9.22114,-3.55148,7.18807,-44.1473,0,0,0,0,0,0,1.77423,1.76408,1.87212,0.594383,1.34147,-2.54313
1076,0.538,4,2,4,0,0,0,0,0,0,6.50823,23.0562,9.29691,-3.53606,7.2537,-44.0961,0,0,0,0,0,0,1.78131,1.7529,1.87568,0.595802,1.34325,-2.52972
1077,0.5385,4,2,4,0,0,0,0,0,0,6.63279,23.0267,9.37137,-3.52177,7.31668,-44.0448,0,0,0,0,0,0,1.78921,1.74212,1.88059,0.595926,1.34583,-2.51667
1078,0.539,4,2,4,0,0,0,0,0,0,6.75825,22.9982,9.44479,-3.50847,7.37775,-43.9971,0,0,0,0,0,0,1.79724,1.73388,1.88696,0.597611,1.35012,-2.50751
1079,0.5395,4,2,4,0,0,0,0,0,0,6.88329,22.971,9.51737,-3.49486,7.43807,-43.9533,0,0,0,0,0,0,1.8046,1.72777,1.89397,0.59907,1.35524,-2.50152
1080,0.54,4,2,4,0,0,0,0,0,0,7.0086,22.9432,9.58882,-3.48093,7.49702,-43.9112,0,0,0,0,0,0,1.81146,1.71987,1.90002,0.600934,1.35958,-2.49725
1081,0.5405,4,2,4,0,0,0,0,0,0,7.13354,22.9173,9.65952,-3.46591,7.55538,-43.872,0,0,0,0,0,0,1.81842,1.7107,1.90436,0.603948,1.3622,-2.49259
1082,0.541,4,2,4,0,0,0,0,0,0,7.25854,22.8915,9.72998,-3.45016,7.61347,-43.8327,0,0,0,0,0,0,1.826,1.70065,1.90847,0.605968,1.36417,-2.48529
1083,0.5415,4,2,4,0,0,0,0,0,0,7.38319,22.8644,9.80063,-3.43386,7.67197,-43.791,0,0,0,0,0,0,1.83231,1.68804,1.90988,0.606067,1.36376,-2.47324
1084,0.542,4,2,4,0,0,0,0,0,0,7.50711,22.8357,9.87205,-3.41679,7.73156,-43.7455,0,0,0,0,0,0,1.84061,1.67645,1.91303,0.607863,1.36445,-2.46465
1085,0.5425,4,2,4,0,0,0,0,0,0,7.63122,22.804,9.94423,-3.39921,7.79171,-43.693,0,0,0,0,0,0,1.84991,1.6677,1.91734,0.611855,1.36608,-2.45971
1086,0.543,4,2,4,0,0,0,0,0,0,7.75533,22.7693,10.0177,-3.38202,7.85302,-43.6333,0,0,0,0,0,0,1.85814,1.65907,1.92124,0.613803,1.36754,-2.45305
1087,0.5435,4,2,4,0,0,0,0,0,0,7.87923,22.7325,10.0923,-3.36527,7.91557,-43.5699,0,0,0,0,0,0,1.86678,1.6496,1.92623,0.614768,1.37017,-2.44395
1088,0.544,4,2,4,0,0,0,0,0,0,8.00229,22.6958,10.1672,-3.34805,7.97885,-43.5071,0,0,0,0,0,0,1.8741,1.64164,1.93119,0.615616,1.37296,-2.43538
1089,0.5445,4,2,4,0,0,0,0,0,0,8.12386,22.6605,10.2425,-3.33025,8.04312,-43.4471,0,0,0,0,0,0,1.8804,1.63803,1.93817,0.617608,1.37822,-2.43236
1090,0.545,4,2,4,0,0,0,0,0,0,8.24412,22.6257,10.3168,-3.31125,8.10714,-43.3899,0,0,0,0,0,0,1.88539,1.63365,1.94416,0.619717,1.38308,-2.42763
1091,0.5455,4,2,4,0,0,0,0,0,0,8.36457,22.5912,10.3896,-3.29191,8.16936,-43.3354,0,0,0,0,0,0,1.88973,1.62536,1.94893,0.621222,1.387,-2.41736
1092,0.546,4,2,4,0,0,0,0,0,0,8.48495,22.5579,10.4611,-3.27239,8.2303,-43.2842,0,0,0,0,0,0,1.89461,1.61614,1.9532,0.624621,1.39027,-2.40745
1093,0.5465,4,2,4,0,0,0,0,0,0,8.60586,22.5254,10.5316,-3.25329,8.28974,-43.2357,0,0,0,0,0,0,1.90043,1.6047,1.95702,0.628653,1.39277,-2.39591
1094,0.547,4,2,4,0,0,0,0,0,0,8.72835,22.4912,10.6014,-3.23635,8.34752,-43.1868,0,0,0,0,0,0,1.90819,1.59418,1.96349,0.632174,1.39719,-2.38769
1095,0.5475,4,2,4,0,0,0,0,0,0,8.85248,22.4554,10.6703,-3.22167,8.4031,-43.1361,0,0,0,0,0,0,1.91755,1.58306,1.96991,0.634272,1.40085,-2.37763
1096,0.548,4,2,4,0,0,0,0,0,0,8.97831,22.4199,10.7395,-3.20892,8.45785,-43.0845,0,0,0,0,0,0,1.92822,1.5744,1.97617,0.636494,1.4038,-2.37134
1097,0.5485,4,2,4,0,0,0,0,0,0,9.10551,22.3833,10.8084,-3.19712,8.51141,-43.0306,0,0,0,0,0,0,1.93963,1.5632,1.98189,0.63725,1.40573,-2.36119
1098,0.549,4,2,4,0,0,0,0,0,0,9.23412,22.3438,10.8767,-3.18573,8.56346,-42.9728,0,0,0,0,0,0,1.94922,1.55023,1.98671,0.635107,1.40734,-2.34797
1099,0.5495,4,2,4,0,0,0,0,0,0,9.36239,22.3021,10.9447,-3.17359,8.61529,-42.9126,0,0,0,0,0,0,1.95574,1.54072,1.99015,0.634864,1.40878,-2.33813
1100,0.55,4,2,4,0,0,0,0,0,0,9.48852,22.2601,11.0127,-3.16008,8.66822,-42.8529,0,0,0,0,0,0,1.96175,1.53179,1.99328,0.635168,1.40996,-2.32833
1101,0.5505,4,2,4,0,0,0,0,0,0,9.61274,22.2164,11.0802,-3.14528,8.72164,-42.7923,0,0,0,0,0,0,1.96629,1.52239,1.99419,0.636818,1.40955,-2.32082
1102,0.551,4,2,4,0,0,0,0,0,0,9.73476,22.1728,11.1477,-3.1286,8.7764,-42.7312,0,0,0,0,0,0,1.97326,1.51356,1.99673,0.64077,1.41011,-2.31757
1103,0.5515,4,2,4,0,0,0,0,0,0,9.85486,22.1294,11.2161,-3.10981,8.8332,-42.6693,0,0,0,0,0,0,1.98085,1.50398,1.99988,0.644204,1.41103,-2.3131
1104,0.552,4,2,4,0,0,0,0,0,0,9.97313,22.0867,11.2854,-3.08999,8.89173,-42.6061,0,0,0,0,0,0,1.98971,1.4917,2.00397,0.644871,1.41246,-2.30394
1105,0.5525,4,2,4,0,0,0,0,0,0,10.0909,22.0436,11.3557,-3.07093,8.9512,-42.5405,0,0,0,0,0,0,1.99818,1.48108,2.0089,0.645616,1.41502,-2.29569
1106,0.553,4,2,4,0,0,0,0,0,0,10.2096,21.9989,11.426,-3.05216,9.01004,-42.4711,0,0,0,0,0,0,2.00696,1.46932,2.01462,0.646503,1.41799,-2.2833
1107,0.5535,4,2,4,0,0,0,0,0,0,10.3301,21.9544,11.4965,-3.03331,9.06788,-42.401,0,0,0,0,0,0,2.01571,1.45974,2.02108,0.649726,1.42153,-2.27391
1108,0.554,4,2,4,0,0,0,0,0,0,10.4529,21.9094,11.5672,-3.01548,9.12447,-42.3309,0,0,0,0,0,0,2.02289,1.45132,2.02697,0.652822,1.42507,-2.2651
1109,0.5545,4,2,4,0,0,0,0,0,0,10.5773,21.8639,11.637,-2.99902,9.17906,-42.2617,0,0,0,0,0,0,2.02947,1.44246,2.03291,0.654766,1.42878,-2.25499
1110,0.555,4,2,4,0,0,0,0,0,0,10.7038,21.8174,11.7056,-2.98415,9.23117,-42.1935,0,0,0,0,0,0,2.03469,1.43289,2.03739,0.656652,1.43156,-2.24391
1111,0.5555,4,2,4,0,0,0,0,0,0,10.8307,21.7704,11.7725,-2.96993,9.28152,-42.1286,0,0,0,0,0,0,2.03996,1.4226,2.0412,0.657752,1.43369,-2.23206
1112,0.556,4,2,4,0,0,0,0,0,0,10.9577,21.7238,11.8375,-2.95599,9.32993,-42.0683,0,0,0,0,0,0,2.04634,1.41234,2.04684,0.658495,1.43756,-2.22216
1113,0.5565,4,2,4,0,0,0,0,0,0,11.0844,21.6768,11.9011,-2.94231,9.37671,-42.0093,0,0,0,0,0,0,2.05292,1.39948,2.05046,0.65784,1.43904,-2.21005
1114,0.557,4,2,4,0,0,0,0,0,0,11.2107,21.63,11.9631,-2.92817,9.42186,-41.9511,0,0,0,0,0,0,2.06021,1.38751,2.05388,0.657019,1.4399,-2.19925
1115,0.5575,4,2,4,0,0,0,0,0,0,11.3363,21.5823,12.0246,-2.91421,9.46649,-41.8913,0,0,0,0,0,0,2.06857,1.37862,2.05795,0.658812,1.44095,-2.19412
1116,0.558,4,2,4,0,0,0,0,0,0,11.4607,21.5328,12.087,-2.9006,9.51268,-41.8279,0,0,0,0,0,0,2.07773,1.37047,2.0616,0.662957,1.4413,-2.19131
1117,0.5585,4,2,4,0,0,0,0,0,0,11.5836,21.4828,12.1514,-2.887,9.56175,-41.7622,0,0,0,0,0,0,2.08578,1.36045,2.06545,0.665803,1.44228,-2.18429
1118,0.559,4,2,4,0,0,0,0,0,0,11.7048,21.432,12.2169,-2.87365,9.61252,-41.6923,0,0,0,0,0,0,2.09313,1.34805,2.06874,0.666406,1.44291,-2.17229
1119,0.5595,4,2,4,0,0,0,0,0,0,11.8253,21.3789,12.2825,-2.86073,9.66364,-41.6168,0,0,0,0,0,0,2.10166,1.33452,2.07238,0.666478,1.44329,-2.15943
1120,0.56,4,2,4,0,0,0,0,0,0,11.9455,21.3232,12.3477,-2.84748,9.71447,-41.5368,0,0,0,0,0,0,2.10944,1.32265,2.07688,0.667256,1.44516,-2.14898
1121,0.5605,4,2,4,0,0,0,0,0,0,12.0647,21.2671,12.4128,-2.83274,9.76556,-41.4558,0,0,0,0,0,0,2.1165,1.31052,2.08121,0.666389,1.44715,-2.136
1122,0.561,4,2,4,0,0,0,0,0,0,12.183,21.2102,12.478,-2.81676,9.81702,-41.3736,0,0,0,0,0,0,2.12432,1.3001,2.08631,0.667251,1.44967,-2.12528
1123,0.5615,4,2,4,0,0,0,0,0,0,12.3012,21.1527,12.543,-2.80038,9.86834,-41.2924,0,0,0,0,0,0,2.1321,1.29199,2.09247,0.670002,1.45358,-2.11954
1124,0.562,4,2,4,0,0,0,0,0,0,12.4195,21.0967,12.6078,-2.78308,9.91921,-41.2157,0,0,0,0,0,0,2.13822,1.28447,2.09762,0.674146,1.4572,-2.11573
1125,0.5625,4,2,4,0,0,0,0,0,0,12.5388,21.0406,12.6717,-2.76567,9.9687,-41.1406,0,0,0,0,0,0,2.14514,1.27484,2.10179,0.678747,1.45936,-2.10918
1126,0.563,4,2,4,0,0,0,0,0,0,12.6595,20.985,12.7355,-2.74855,10.0172,-41.0674,0,0,0,0,0,0,2.15131,1.26396,2.10435,0.681419,1.4598,-2.09933
1127,0.5635,4,2,4,0,0,0,0,0,0,12.7821,20.9298,12.7984,-2.73194,10.064,-40.9968,0,0,0,0,0,0,2.15826,1.25401,2.10846,0.683981,1.46142,-2.08952
1128,0.564,4,2,4,0,0,0,0,0,0,12.9072,20.8735,12.86,-2.71668,10.1076,-40.9264,0,0,0,0,0,0,2.16385,1.24318,2.1119,0.685999,1.46279,-2.07776
1129,0.5645,4,2,4,0,0,0,0,0,0,13.0339,20.8171,12.9201,-2.70348,10.1486,-40.8566,0,0,0,0,0,0,2.17025,1.23257,2.11594,0.686288,1.46441,-2.0657
1130,0.565,4,2,4,0,0,0,0,0,0,13.1605,20.7604,12.98,-2.69222,10.1894,-40.7857,0,0,0,0,0,0,2.17804,1.22205,2.12114,0.686865,1.46654,-2.05513
1131,0.5655,4,2,4,0,0,0,0,0,0,13.287,20.7022,13.0401,-2.68194,10.2301,-40.7116,0,0,0,0,0,0,2.18713,1.21298,2.1264,0.689288,1.46814,-2.04844
1132,0.566,4,2,4,0,0,0,0,0,0,13.413,20.6426,13.1,-2.67131,10.2706,-40.635,0,0,0,0,0,0,2.19597,1.20292,2.13095,0.690703,1.46912,-2.04148
1133,0.5665,4,2,4,0,0,0,0,0,0,13.5381,20.583,13.1592,-2.66001,10.3106,-40.5579,0,0,0,0,0,0,2.20621,1.19333,2.13622,0.691321,1.47026,-2.03559
1134,0.567,4,2,4,0,0,0,0,0,0,13.6613,20.5228,13.2181,-2.64834,10.3511,-40.4797,0,0,0,0,0,0,2.21401,1.18339,2.13957,0.69214,1.47039,-2.02931
1135,0.5675,4,2,4,0,0,0,0,0,0,13.7819,20.4619,13.2767,-2.63551,10.3927,-40.3995,0,0,0,0,0,0,2.2212,1.17327,2.14304,0.691565,1.47092,-2.0207
1136,0.568,4,2,4,0,0,0,0,0,0,13.9002,20.4001,13.3351,-2.62088,10.4352,-40.317,0,0,0,0,0,0,2.22879,1.16418,2.14754,0.692563,1.47264,-2.0142
1137,0.5685,4,2,4,0,0,0,0,0,0,14.0178,20.3375,13.3938,-2.60485,10.4783,-40.2325,0,0,0,0,0,0,2.23517,1.15443,2.15215,0.694644,1.47521,-2.00667
1138,0.569,4,2,4,0,0,0,0,0,0,14.1354,20.2745,13.4533,-2.58867,10.5222,-40.1472,0,0,0,0,0,0,2.24053,1.14462,2.15749,0.696564,1.47901,-1.99776
1139,0.5695,4,2,4,0,0,0,0,0,0,14.2523,20.211,13.5134,-2.57335,10.5669,-40.062,0,0,0,0,0,0,2.2471,1.13533,2.16272,0.699315,1.48206,-1.98952
1140,0.57,4,2,4,0,0,0,0,0,0,14.3693,20.1464,13.5739,-2.5594,10.6117,-39.9767,0,0,0,0,0,0,2.25351,1.12411,2.16673,0.702641,1.4838,-1.978
1141,0.5705,4,2,4,0,0,0,0,0,0,14.4867,20.0809,13.6348,-2.54598,10.6567,-39.8925,0,0,0,0,0,0,2.26025,1.11263,2.16952,0.706047,1.48408,-1.96758
1142,0.571,4,2,4,0,0,0,0,0,0,14.6052,20.0153,13.6954,-2.5327,10.7008,-39.811,0,0,0,0,0,0,2.26762,1.09891,2.17316,0.708004,1.48477,-1.95462
1143,0.5715,4,2,4,0,0,0,0,0,0,14.7253,19.9502,13.7558,-2.51965,10.7437,-39.7321,0,0,0,0,0,0,2.27584,1.08413,2.17773,0.709739,1.48608,-1.94154
1144,0.572,4,2,4,0,0,0,0,0,0,14.8468,19.8854,13.8155,-2.50603,10.785,-39.6546,0,0,0,0,0,0,2.28435,1.0709,2.1829,0.711474,1.48794,-1.93043
1145,0.5725,4,2,4,0,0,0,0,0,0,14.9695,19.8193,13.874,-2.49267,10.8242,-39.5755,0,0,0,0,0,0,2.2917,1.05926,2.18711,0.712738,1.48935,-1.91999
1146,0.573,4,2,4,0,0,0,0,0,0,15.0931,19.7513,13.9309,-2.48083,10.861,-39.4933,0,0,0,0,0,0,2.2988,1.04769,2.19133,0.713329,1.49084,-1.90995
1147,0.5735,4,2,4,0,0,0,0,0,0,15.2171,19.683,13.986,-2.47042,10.8958,-39.4114,0,0,0,0,0,0,2.30697,1.03813,2.19629,0.713952,1.49275,-1.90386
1148,0.574,4,2,4,0,0,0,0,0,0,15.3407,19.6152,14.0397,-2.46096,10.9294,-39.3306,0,0,0,0,0,0,2.31445,1.03025,2.20097,0.716423,1.49455,-1.89979
1149,0.5745,4,2,4,0,0,0,0,0,0,15.4643,19.5471,14.0927,-2.45139,10.9622,-39.2502,0,0,0,0,0,0,2.31912,1.02181,2.20287,0.71734,1.49438,-1.89282
1150,0.575,4,2,4,0,0,0,0,0,0,15.5873,19.4778,14.1448,-2.44107,10.9943,-39.1671,0,0,0,0,0,0,2.32506,1.01346,2.20516,0.718452,1.494,-1.88809
1151,0.5755,4,2,4,0,0,0,0,0,0,15.7094,19.4059,14.1962,-2.43076,11.0261,-39.0796,0,0,0,0,0,0,2.33187,1.0021,2.20785,0.71771,1.49359,-1.87696
1152,0.576,4,2,4,0,0,0,0,0,0,15.8292,19.3338,14.2484,-2.4191,11.0597,-38.9905,0,0,0,0,0,0,2.3366,0.990024,2.20945,0.714897,1.49303,-1.8618
1153,0.5765,4,2,4,0,0,0,0,0,0,15.9471,19.2609,14.3025,-2.40645,11.0958,-38.8994,0,0,0,0,0,0,2.34165,0.978445,2.21146,0.7139,1.49304,-1.84967
1154,0.577,4,2,4,0,0,0,0,0,0,16.0635,19.1874,14.3581,-2.39292,11.134,-38.8061,0,0,0,0,0,0,2.34636,0.965185,2.21418,0.713765,1.49405,-1.83655
1155,0.5775,4,2,4,0,0,0,0,0,0,16.1793,19.1142,14.4154,-2.37895,11.1738,-38.7126,0,0,0,0,0,0,2.35399,0.951126,2.21839,0.714771,1.49518,-1.82412
1156,0.578,4,2,4,0,0,0,0,0,0,16.2948,19.0414,14.4735,-2.36455,11.2147,-38.6201,0,0,0,0,0,0,2.36305,0.937218,2.22293,0.716583,1.49598,-1.8122
1157,0.5785,4,2,4,0,0,0,0,0,0,16.41,18.9685,14.5311,-2.34984,11.2552,-38.5274,0,0,0,0,0,0,2.3725,0.923377,2.22893,0.719666,1.49822,-1.80161
1158,0.579,4,2,4,0,0,0,0,0,0,16.525,18.8949,14.5875,-2.33578,11.2944,-38.4335,0,0,0,0,0,0,2.38188,0.912958,2.23634,0.723785,1.50207,-1.79491
1159,0.5795,4,2,4,0,0,0,0,0,0,16.6412,18.8212,14.6423,-2.32231,11.3312,-38.3413,0,0,0,0,0,0,2.39076,0.901733,2.24129,0.727612,1.50327,-1.78882
1160,0.58,4,2,4,0,0,0,0,0,0,16.7593,18.7485,14.6961,-2.30944,11.366,-38.2547,0,0,0,0,0,0,2.39988,0.892932,2.24693,0.732933,1.50519,-1.78574
1161,0.5805,4,2,4,0,0,0,0,0,0,16.878,18.6751,14.749,-2.2988,11.3993,-38.171,0,0,0,0,0,0,2.40635,0.88466,2.252,0.736132,1.5077,-1.78099
1162,0.581,4,2,4,0,0,0,0,0,0,16.9966,18.6004,14.8006,-2.29,11.4313,-38.0872,0,0,0,0,0,0,2.41095,0.876376,2.25537,0.737332,1.50925,-1.77506
1163,0.5815,4,2,4,0,0,0,0,0,0,17.1155,18.5242,14.8509,-2.28318,11.4617,-38.0017,0,0,0,0,0,0,2.41556,0.868769,2.25851,0.740586,1.51056,-1.7697
1164,0.582,4,2,4,0,0,0,0,0,0,17.2358,18.446,14.9005,-2.27764,11.4908,-37.9147,0,0,0,0,0,0,2.41831,0.858955,2.25853,0.741441,1.50919,-1.75846
1165,0.5825,4,2,4,0,0,0,0,0,0,17.3574,18.3674,14.95,-2.27275,11.5188,-37.8283,0,0,0,0,0,0,2.42074,0.847595,2.25799,0.741544,1.50701,-1.74372
1166,0.583,4,2,4,0,0,0,0,0,0,17.48,18.288,14.9994,-2.26712,11.5463,-37.7419,0,0,0,0,0,0,2.42466,0.834817,2.25947,0.739125,1.50651,-1.72701
1167,0.5835,4,2,4,0,0,0,0,0,0,17.6016,18.2087,15.0493,-2.25889,11.5744,-37.6542,0,0,0,0,0,0,2.43022,0.819149,2.2597,0.733454,1.50411,-1.7089
1168,0.584,4,2,4,0,0,0,0,0,0,17.7215,18.1288,15.0992,-2.24885,11.6031,-37.5638,0,0,0,0,0,0,2.43622,0.800863,2.26,0.727734,1.50156,-1.68851
1169,0.5845,4,2,4,0,0,0,0,0,0,17.8397,18.0487,15.1492,-2.23627,11.6325,-37.4709,0,0,0,0,0,0,2.44427,0.781014,2.26309,0.721296,1.5015,-1.66864
1170,0.585,4,2,4,0,0,0,0,0,0,17.956,17.9699,15.1996,-2.22125,11.6633,-37.3779,0,0,0,0,0,0,2.45592,0.76189,2.26911,0.718932,1.50263,-1.65308
1171,0.5855,4,2,4,0,0,0,0,0,0,18.0702,17.892,15.2501,-2.20428,11.6953,-37.2835,0,0,0,0,0,0,2.46995,0.746021,2.27787,0.719378,1.50529,-1.64269
1172,0.586,4,2,4,0,0,0,0,0,0,18.1818,17.8144,15.3004,-2.18666,11.7279,-37.1875,0,0,0,0,0,0,2.48015,0.731058,2.28402,0.719242,1.50713,-1.63162
1173,0.5865,4,2,4,0,0,0,0,0,0,18.2909,17.7363,15.3503,-2.16961,11.7613,-37.09,0,0,0,0,0,0,2.49313,0.722081,2.29295,0.726236,1.51067,-1.63193
1174,0.587,4,2,4,0,0,0,0,0,0,18.3974,17.6557,15.3974,-2.15475,11.7929,-36.9884,0,0,0,0,0,0,2.51444,0.717691,2.31291,0.741086,1.52223,-1.64099
1175,0.5875,4,2,4,0,0,0,0,0,0,18.5039,17.5729,15.4426,-2.14253,11.8223,-36.884,0,0,0,0,0,0,2.52856,0.713428,2.3272,0.753865,1.53091,-1.6454
1176,0.588,4,2,4,0,0,0,0,0,0,18.6111,17.4889,15.4875,-2.13363,11.8513,-36.7803,0,0,0,0,0,0,2.53282,0.712398,2.33117,0.765025,1.53279,-1.65165
1177,0.5885,4,2,4,0,0,0,0,0,0,18.7196,17.4027,15.5294,-2.1292,11.8761,-36.6781,0,0,0,0,0,0,2.54167,0.710638,2.3406,0.771975,1.5388,-1.65249
1178,0.589,4,2,4,0,0,0,0,0,0,18.8306,17.3152,15.5692,-2.12903,11.8975,-36.5772,0,0,0,0,0,0,2.55594,0.709314,2.353,0.776805,1.54587,-1.6524
1179,0.5895,4,2,4,0,0,0,0,0,0,18.9448,17.2262,15.6105,-2.13236,11.919,-36.4789,0,0,0,0,0,0,2.55694,0.701945,2.35275,0.777372,1.5447,-1.64153
1180,0.59,4,2,4,0,0,0,0,0,0,19.0603,17.1375,15.6536,-2.13601,11.9417,-36.3845,0,0,0,0,0,0,2.55162,0.691029,2.34761,0.774406,1.54104,-1.62431
1181,0.5905,4,2,4,0,0,0,0,0,0,19.1776,17.0501,15.6985,-2.13654,11.9653,-36.2934,0,0,0,0,0,0,2.55162,0.679281,2.34608,0.766225,1.53918,-1.60205
1182,0.591,4,2,4,0,0,0,0,0,0,19.2972,16.9622,15.7468,-2.13348,11.9911,-36.2029,0,0,0,0,0,0,2.5519,0.664529,2.34106,0.75632,1.53348,-1.57908
1183,0.5915,4,2,4,0,0,0,0,0,0,19.4199,16.8757,15.798,-2.12583,12.0182,-36.1156,0,0,0,0,0,0,2.54853,0.645255,2.33205,0.742164,1.52566,-1.55106
1184,0.592,4,2,4,0,0,0,0,0,0,19.545,16.7914,15.8512,-2.11165,12.0459,-36.0321,0,0,0,0,0,0,2.54766,0.624482,2.32689,0.731629,1.52048,-1.52601
1185,0.5925,4,2,4,0,0,0,0,0,0,19.6696,16.7083,15.9056,-2.09333,12.0754,-35.9478,0,0,0,0,0,0,2.55039,0.604395,2.32426,0.725177,1.51595,-1.50663
1186,0.593,4,2,4,0,0,0,0,0,0,19.7919,16.6262,15.9596,-2.0735,12.1056,-35.8609,0,0,0,0,0,0,2.55466,0.583676,2.32268,0.720468,1.51187,-1.48885
1187,0.5935,4,2,4,0,0,0,0,0,0,19.9128,16.5449,16.0137,-2.05223,12.1367,-35.7721,0,0,0,0,0,0,2.55972,0.564371,2.32151,0.718837,1.50744,-1.47478
1188,0.594,4,2,4,0,0,0,0,0,0,20.0319,16.4624,16.0683,-2.03088,12.1691,-35.6802,0,0,0,0,0,0,2.5655,0.548223,2.32179,0.720152,1.50436,-1.46634
1189,0.5945,4,2,4,0,0,0,0,0,0,20.1494,16.379,16.1215,-2.01007,12.2008,-35.587,0,0,0,0,0,0,2.5755,0.536113,2.32795,0.727968,1.50579,-1.46616
1190,0.595,4,2,4,0,0,0,0,0,0,20.2638,16.2933,16.1711,-1.99303,12.2302,-35.4897,0,0,0,0,0,0,2.5833,0.52777,2.33287,0.736737,1.50667,-1.46659
1191,0.5955,4,2,4,0,0,0,0,0,0,20.3748,16.2038,16.2156,-1.98214,12.2558,-35.3861,0,0,0,0,0,0,2.58932,0.521772,2.33695,0.746163,1.50746,-1.46663
1192,0.596,4,2,4,0,0,0,0,0,0,20.4824,16.1106,16.2546,-1.97846,12.2769,-35.2758,0,0,0,0,0,0,2.59715,0.518503,2.34442,0.757457,1.51127,-1.46908
1193,0.5965,4,2,4,0,0,0,0,0,0,20.5869,16.0143,16.2897,-1.9815,12.2952,-35.1605,0,0,0,0,0,0,2.60564,0.514666,2.35226,0.7674,1.51517,-1.47008
1194,0.597,4,2,4,0,0,0,0,0,0,20.6896,15.9173,16.3247,-1.98613,12.3144,-35.0447,0,0,0,0,0,0,2.61514,0.507791,2.35947,0.774083,1.51806,-1.46816
1195,0.5975,4,2,4,0,0,0,0,0,0,20.7923,15.8193,16.3604,-1.991,12.334,-34.9299,0,0,0,0,0,0,2.62512,0.500372,2.36635,0.778934,1.52053,-1.46484
1196,0.598,4,2,4,0,0,0,0,0,0,20.8972,15.7207,16.3964,-1.99554,12.353,-34.8201,0,0,0,0,0,0,2.62794,0.488482,2.3674,0.777088,1.51979,-1.45092
1197,0.5985,4,2,4,0,0,0,0,0,0,21.0046,15.6236,16.4326,-1.99946,12.371,-34.7175,0,0,0,0,0,0,2.63199,0.472598,2.36947,0.773463,1.51968,-1.43362
1198,0.599,4,2,4,0,0,0,0,0,0,21.1134,15.5269,16.4694,-2.00127,12.3888,-34.617,0,0,0,0,0,0,2.63833,0.456051,2.37164,0.769566,1.5186,-1.41737
1199,0.5995,4,2,4,0,0,0,0,0,0,21.2247,15.4321,16.5075,-1.99865,12.4064,-34.5202,0,0,0,0,0,0,2.64303,0.436609,2.37107,0.763182,1.51537,-1.39685
1200,0.6,4,2,4,0,0,0,0,0,0,21.3384,15.3397,16.5476,-1.99105,12.4249,-34.4272,0,0,0,0,0,0,2.64802,0.418103,2.37157,0.758046,1.5132,-1.3781
1201,0.6005,4,2,4,0,0,0,0,0,0,21.4534,15.2492,16.5908,-1.97857,12.4458,-34.3377,0,0,0,0,0,0,2.65181,0.402463,2.37142,0.752458,1.51106,-1.36069
1202,0.601,4,2,4,0,0,0,0,0,0,21.5687,15.1593,16.6355,-1.96417,12.4683,-34.2495,0,0,0,0,0,0,2.65632,0.38721,2.37312,0.751645,1.51021,-1.34683
1203,0.6015,4,2,4,0,0,0,0,0,0,21.6836,15.0688,16.6795,-1.95049,12.4902,-34.1602,0,0,0,0,0,0,2.6633,0.373971,2.37785,0.754334,1.51154,-1.33822
1204,0.602,4,2,4,0,0,0,0,0,0,21.7978,14.9779,16.722,-1.93838,12.5108,-34.0689,0,0,0,0,0,0,2.66984,0.364543,2.38215,0.75794,1.51283,-1.33289
1205,0.6025,4,2,4,0,0,0,0,0,0,21.9115,14.8855,16.7626,-1.92826,12.5297,-33.975,0,0,0,0,0,0,2.67557,0.354884,2.38604,0.760252,1.51379,-1.32517
1206,0.603,4,2,4,0,0,0,0,0,0,22.0229,14.7902,16.8009,-1.92194,12.547,-33.8747,0,0,0,0,0,0,2.68131,0.345697,2.38881,0.762909,1.51338,-1.3189
1207,0.6035,4,2,4,0,0,0,0,0,0,22.1311,14.6923,16.8376,-1.91835,12.5639,-33.7685,0,0,0,0,0,0,2.68638,0.337147,2.38896,0.764655,1.51043,-1.31363
1208,0.604,4,2,4,0,0,0,0,0,0,22.2363,14.5925,16.8738,-1.91581,12.5816,-33.6584,0,0,0,0,0,0,2.69133,0.327697,2.38939,0.764526,1.50814,-1.3073
1209,0.6045,4,2,4,0,0,0,0,0,0,22.3395,14.4913,16.9105,-1.91264,12.6004,-33.546,0,0,0,0,0,0,2.69639,0.316899,2.38954,0.762652,1.50584,-1.29875
1210,0.605,4,2,4,0,0,0,0,0,0,22.4413,14.3894,16.9481,-1.90851,12.6205,-33.4319,0,0,0,0,0,0,2.70256,0.304307,2.39073,0.761335,1.50427,-1.28961
1211,0.6055,4,2,4,0,0,0,0,0,0,22.5417,14.2864,16.9853,-1.90455,12.6408,-33.3157,0,0,0,0,0,0,2.70859,0.290189,2.39327,0.761937,1.50386,-1.27874
1212,0.606,4,2,4,0,0,0,0,0,0,22.6416,14.1836,17.022,-1.90034,12.661,-33.2013,0,0,0,0,0,0,2.71449,0.275918,2.39573,0.761814,1.50359,-1.26684
1213,0.6065,4,2,4,0,0,0,0,0,0,22.7428,14.0822,17.0594,-1.89486,12.6814,-33.0925,0,0,0,0,0,0,2.72103,0.261271,2.3994,0.762118,1.50418,-1.25448
1214,0.607,4,2,4,0,0,0,0,0,0,22.8453,13.9821,17.0979,-1.88815,12.7022,-32.9885,0,0,0,0,0,0,2.72536,0.245654,2.4022,0.763337,1.50421,-1.23958
1215,0.6075,4,2,4,0,0,0,0,0,0,22.9498,13.8832,17.138,-1.88012,12.7235,-32.8886,0,0,0,0,0,0,2.7279,0.231708,2.40468,0.764793,1.50441,-1.22437
1216,0.608,4,2,4,0,0,0,0,0,0,23.0561,13.7844,17.1782,-1.87244,12.7442,-32.791,0,0,0,0,0,0,2.73119,0.21802,2.40739,0.764934,1.5047,-1.20933
1217,0.6085,4,2,4,0,0,0,0,0,0,23.163,13.6852,17.2156,-1.86768,12.7618,-32.6937,0,0,0,0,0,0,2.73795,0.204931,2.4103,0.767054,1.50379,-1.20109
1218,0.609,4,2,4,0,0,0,0,0,0,23.2708,13.5856,17.2496,-1.86637,12.7757,-32.5975,0,0,0,0,0,0,2.74387,0.192757,2.41246,0.769202,1.50269,-1.19349
1219,0.6095,4,2,4,0,0,0,0,0,0,23.3787,13.4846,17.2823,-1.86615,12.7883,-32.4999,0,0,0,0,0,0,2.75011,0.181523,2.41419,0.770602,1.50129,-1.18752
1220,0.61,4,2,4,0,0,0,0,0,0,23.4864,13.382,17.3136,-1.86754,12.7994,-32.3999,0,0,0,0,0,0,2.75651,0.170728,2.41656,0.772192,1.50044,-1.18131
1221,0.6105,4,2,4,0,0,0,0,0,0,23.5944,13.2779,17.3441,-1.8692,12.8092,-32.2981,0,0,0,0,0,0,2.76042,0.159945,2.41672,0.771391,1.49841,-1.17257
1222,0.611,4,2,4,0,0,0,0,0,0,23.7019,13.173,17.3754,-1.86943,12.8199,-32.1942,0,0,0,0,0,0,2.76477,0.149094,2.41739,0.77026,1.49667,-1.16329
1223,0.6115,4,2,4,0,0,0,0,0,0,23.8081,13.0679,17.4086,-1.86804,12.8331,-32.0887,0,0,0,0,0,0,2.76993,0.13854,2.4173,0.768326,1.49393,-1.15514
1224,0.612,4,2,4,0,0,0,0,0,0,23.9131,12.9631,17.4422,-1.86554,12.8474,-31.9835,0,0,0,0,0,0,2.77504,0.126264,2.41673,0.76389,1.4909,-1.1447
1225,0.6125,4,2,4,0,0,0,0,0,0,24.0162,12.8576,17.4752,-1.86239,12.862,-31.8766,0,0,0,0,0,0,2.77976,0.113151,2.41734,0.760896,1.48913,-1.13219
1226,0.613,4,2,4,0,0,0,0,0,0,24.1183,12.7517,17.5079,-1.85757,12.8766,-31.7684,0,0,0,0,0,0,2.7845,0.10024,2.41934,0.759875,1.48858,-1.12015
1227,0.6135,4,2,4,0,0,0,0,0,0,24.22,12.6461,17.5406,-1.85156,12.8914,-31.6597,0,0,0,0,0,0,2.79027,0.0882273,2.42318,0.762783,1.48899,-1.111
1228,0.614,4,2,4,0,0,0,0,0,0,24.3205,12.5411,17.573,-1.84548,12.9065,-31.551,0,0,0,0,0,0,2.79557,0.0766445,2.42701,0.766253,1.48949,-1.10161
1229,0.6145,4,2,4,0,0,0,0,0,0,24.4199,12.4362,17.6057,-1.83997,12.9223,-31.4423,0,0,0,0,0,0,2.80178,0.0659767,2.43192,0.770718,1.49058,-1.09469
1230,0.615,4,2,4,0,0,0,0,0,0,24.5196,12.3314,17.6386,-1.83473,12.9379,-31.3353,0,0,0,0,0,0,2.80713,0.0540212,2.43553,0.774033,1.49075,-1.08616
1231,0.6155,4,2,4,0,0,0,0,0,0,24.6189,12.2257,17.6701,-1.83215,12.9525,-31.2278,0,0,0,0,0,0,2.81099,0.0414645,2.43642,0.774243,1.48904,-1.07502
1232,0.616,4,2,4,0,0,0,0,0,0,24.7182,12.1192,17.7009,-1.83144,12.9662,-31.1204,0,0,0,0,0,0,2.81764,0.0282199,2.43831,0.775198,1.48724,-1.06629
1233,0.6165,4,2,4,0,0,0,0,0,0,24.8176,12.0122,17.7322,-1.83025,12.9802,-31.0142,0,0,0,0,0,0,2.82346,0.0134137,2.43823,0.773241,1.48392,-1.05533
1234,0.617,4,2,4,0,0,0,0,0,0,24.9164,11.9042,17.7636,-1.82893,12.9944,-30.9066,0,0,0,0,0,0,2.82624,-0.00058061,2.43689,0.769785,1.48067,-1.04194
1235,0.6175,4,2,4,0,0,0,0,0,0,25.016,11.7952,17.7949,-1.82711,13.0081,-30.7992,0,0,0,0,0,0,2.82791,-0.013724,2.4376,0.769591,1.47972,-1.02856
1236,0.618,4,2,4,0,0,0,0,0,0,25.1159,11.6852,17.8261,-1.82554,13.0215,-30.691,0,0,0,0,0,0,2.82916,-0.0267385,2.43946,0.768688,1.48028,-1.01376
1237,0.6185,4,2,4,0,0,0,0,0,0,25.2151,11.5735,17.8571,-1.82375,13.0346,-30.5812,0,0,0,0,0,0,2.83208,-0.0406377,2.44112,0.767764,1.47999,-1.00092
1238,0.619,4,2,4,0,0,0,0,0,0,25.3144,11.4608,17.8869,-1.82153,13.0462,-30.471,0,0,0,0,0,0,2.835,-0.0532561,2.44199,0.767025,1.47893,-0.990261
1239,0.6195,4,2,4,0,0,0,0,0,0,25.4136,11.3488,17.9144,-1.82007,13.0557,-30.3621,0,0,0,0,0,0,2.83916,-0.0658656,2.44257,0.765303,1.47731,-0.979156
1240,0.62,4,2,4,0,0,0,0,0,0,25.5131,11.2373,17.9402,-1.81944,13.0633,-30.2548,0,0,0,0,0,0,2.84515,-0.0800891,2.44505,0.768325,1.47607,-0.971192
1241,0.6205,4,2,4,0,0,0,0,0,0,25.612,11.1258,17.965,-1.81929,13.0702,-30.1474,0,0,0,0,0,0,2.85235,-0.0944127,2.44921,0.773334,1.4758,-0.965787
1242,0.621,4,2,4,0,0,0,0,0,0,25.7099,11.0147,17.989,-1.8203,13.0766,-30.0408,0,0,0,0,0,0,2.8594,-0.106963,2.45252,0.777573,1.47491,-0.961115
1243,0.6215,4,2,4,0,0,0,0,0,0,25.807,10.9036,18.0116,-1.82381,13.0822,-29.9349,0,0,0,0,0,0,2.86609,-0.119022,2.45492,0.779639,1.47356,-0.954163
1244,0.622,4,2,4,0,0,0,0,0,0,25.9041,10.7921,18.0331,-1.82899,13.0867,-29.8301,0,0,0,0,0,0,2.87092,-0.130809,2.45584,0.778146,1.47201,-0.943556
1245,0.6225,4,2,4,0,0,0,0,0,0,26.0016,10.6809,18.056,-1.8323,13.0922,-29.7263,0,0,0,0,0,0,2.87464,-0.142841,2.4544,0.774399,1.46864,-0.931904
1246,0.623,4,2,4,0,0,0,0,0,0,26.0985,10.569,18.0814,-1.83276,13.1001,-29.621,0,0,0,0,0,0,2.87815,-0.15481,2.45233,0.768916,1.46494,-0.918822
1247,0.6235,4,2,4,0,0,0,0,0,0,26.1945,10.4561,18.1083,-1.83188,13.11,-29.5138,0,0,0,0,0,0,2.87919,-0.167994,2.44714,0.761805,1.45923,-0.90382
1248,0.624,4,2,4,0,0,0,0,0,0,26.2901,10.3425,18.1351,-1.83057,13.1207,-29.4059,0,0,0,0,0,0,2.88206,-0.182056,2.44417,0.757765,1.45457,-0.891435
1249,0.6245,4,2,4,0,0,0,0,0,0,26.3847,10.2285,18.1619,-1.82909,13.1321,-29.2961,0,0,0,0,0,0,2.88545,-0.195286,2.44404,0.757686,1.45201,-0.881005
1250,0.625,4,2,4,0,0,0,0,0,0,26.4786,10.1144,18.1884,-1.82783,13.1437,-29.1853,0,0,0,0,0,0,2.88911,-0.208633,2.44633,0.760611,1.45098,-0.870127
1251,0.6255,4,2,4,0,0,0,0,0,0,26.5709,9.9986,18.2141,-1.82776,13.1548,-29.0704,0,0,0,0,0,0,2.89567,-0.220932,2.45098,0.765927,1.45102,-0.863041
1252,0.626,4,2,4,0,0,0,0,0,0,26.6633,9.88264,18.2391,-1.82738,13.1649,-28.9555,0,0,0,0,0,0,2.9012,-0.232087,2.45483,0.770024,1.45093,-0.856547
1253,0.6265,4,2,4,0,0,0,0,0,0,26.7555,9.76649,18.2631,-1.8275,13.1738,-28.8405,0,0,0,0,0,0,2.90762,-0.243624,2.45923,0.772772,1.45149,-0.850186
1254,0.627,4,2,4,0,0,0,0,0,0,26.8473,9.65015,18.2868,-1.82757,13.1821,-28.7253,0,0,0,0,0,0,2.91214,-0.256241,2.46166,0.774448,1.45109,-0.842199
1255,0.6275,4,2,4,0,0,0,0,0,0,26.9383,9.53328,18.3094,-1.8283,13.1895,-28.61,0,0,0,0,0,0,2.91494,-0.269949,2.4622,0.773571,1.4497,-0.831925
1256,0.628,4,2,4,0,0,0,0,0,0,27.0278,9.41626,18.3299,-1.83002,13.1951,-28.4947,0,0,0,0,0,0,2.91663,-0.285036,2.46162,0.77198,1.44751,-0.81973
1257,0.6285,4,2,4,0,0,0,0,0,0,27.1193,9.29937,18.3513,-1.82913,13.2005,-28.3839,0,0,0,0,0,0,2.91861,-0.298656,2.4609,0.772451,1.44481,-0.81003
1258,0.629,4,2,4,0,0,0,0,0,0,27.2092,9.18173,18.3733,-1.82751,13.2069,-28.2718,0,0,0,0,0,0,2.92078,-0.312119,2.45904,0.770547,1.44103,-0.800431
1259,0.6295,4,2,4,0,0,0,0,0,0,27.2988,9.06394,18.3951,-1.82593,13.2133,-28.161,0,0,0,0,0,0,2.92101,-0.327209,2.45592,0.767066,1.43688,-0.786706
1260,0.63,4,2,4,0,0,0,0,0,0,27.3888,8.94658,18.4148,-1.82703,13.2182,-28.0522,0,0,0,0,0,0,2.92262,-0.34185,2.45427,0.764856,1.4339,-0.773784
1261,0.6305,4,2,4,0,0,0,0,0,0,27.48,8.83003,18.4338,-1.82882,13.2224,-27.9461,0,0,0,0,0,0,2.92867,-0.355942,2.45689,0.765517,1.43333,-0.763843
1262,0.631,4,2,4,0,0,0,0,0,0,27.5709,8.71316,18.4536,-1.83117,13.2275,-27.8397,0,0,0,0,0,0,2.93394,-0.369198,2.45926,0.768256,1.43243,-0.754619
1263,0.6315,4,2,4,0,0,0,0,0,0,27.6618,8.59606,18.4747,-1.83305,13.2339,-27.7334,0,0,0,0,0,0,2.94093,-0.380788,2.46192,0.773011,1.43057,-0.75053
1264,0.632,4,2,4,0,0,0,0,0,0,27.7528,8.47829,18.4947,-1.83637,13.2395,-27.6274,0,0,0,0,0,0,2.94618,-0.39111,2.46065,0.774498,1.42591,-0.746558
1265,0.6325,4,2,4,0,0,0,0,0,0,27.844,8.35952,18.5129,-1.84171,13.2435,-27.5202,0,0,0,0,0,0,2.95229,-0.400486,2.45687,0.772272,1.41954,-0.743561
1266,0.633,4,2,4,0,0,0,0,0,0,27.9361,8.24025,18.5298,-1.84802,13.246,-27.4135,0,0,0,0,0,0,2.95709,-0.41047,2.45653,0.771445,1.41646,-0.737154
1267,0.6335,4,2,4,0,0,0,0,0,0,28.0298,8.12048,18.5454,-1.8549,13.2467,-27.3087,0,0,0,0,0,0,2.96017,-0.421569,2.45736,0.771915,1.4145,-0.727989
1268,0.634,4,2,4,0,0,0,0,0,0,28.1246,7.99975,18.5606,-1.86139,13.2466,-27.2053,0,0,0,0,0,0,2.96426,-0.433125,2.46059,0.77339,1.41429,-0.718262
1269,0.6345,4,2,4,0,0,0,0,0,0,28.2178,7.8785,18.5764,-1.86671,13.2473,-27.1,0,0,0,0,0,0,2.96677,-0.44625,2.46265,0.773501,1.41378,-0.705522
1270,0.635,4,2,4,0,0,0,0,0,0,28.3083,7.75714,18.5929,-1.87055,13.2495,-26.9918,0,0,0,0,0,0,2.96708,-0.460135,2.4636,0.771303,1.41355,-0.68738
1271,0.6355,4,2,4,0,0,0,0,0,0,28.395,7.63557,18.6097,-1.87324,13.2532,-26.8796,0,0,0,0,0,0,2.9679,-0.473474,2.464,0.768272,1.41298,-0.670034
1272,0.636,4,2,4,0,0,0,0,0,0,28.4785,7.51322,18.6253,-1.87656,13.2569,-26.7642,0,0,0,0,0,0,2.97185,-0.486085,2.46536,0.76883,1.41176,-0.660359
1273,0.6365,4,2,4,0,0,0,0,0,0,28.5612,7.39064,18.641,-1.87834,13.2606,-26.6488,0,0,0,0,0,0,2.9768,-0.499507,2.46622,0.769894,1.40939,-0.654091
1274,0.637,4,2,4,0,0,0,0,0,0,28.6424,7.26867,18.6574,-1.87898,13.2649,-26.5331,0,0,0,0,0,0,2.98397,-0.513331,2.4659,0.769571,1.40537,-0.650466
1275,0.6375,4,2,4,0,0,0,0,0,0,28.7226,7.14725,18.6725,-1.88122,13.269,-26.4174,0,0,0,0,0,0,2.98822,-0.527163,2.46313,0.767658,1.39967,-0.645276
1276,0.638,4,2,4,0,0,0,0,0,0,28.8025,7.02653,18.6874,-1.88389,13.2735,-26.3027,0,0,0,0,0,0,2.98947,-0.541937,2.46025,0.76643,1.39473,-0.635699
1277,0.6385,4,2,4,0,0,0,0,0,0,28.8823,6.90646,18.7041,-1.88522,13.2795,-26.1901,0,0,0,0,0,0,2.99035,-0.556178,2.45822,0.765363,1.39105,-0.623761
1278,0.639,4,2,4,0,0,0,0,0,0,28.9639,6.78628,18.7232,-1.88378,13.2868,-26.0813,0,0,0,0,0,0,2.99356,-0.568677,2.4589,0.767407,1.389,-0.615205
1279,0.6395,4,2,4,0,0,0,0,0,0,29.0464,6.66574,18.7421,-1.88264,13.2943,-25.974,0,0,0,0,0,0,2.99689,-0.579449,2.459,0.768011,1.3868,-0.607087
1280,0.64,4,2,4,0,0,0,0,0,0,29.1278,6.5448,18.7585,-1.8847,13.3007,-25.8645,0,0,0,0,0,0,3.0017,-0.589636,2.45994,0.768801,1.38537,-0.600501
1281,0.6405,4,2,4,0,0,0,0,0,0,29.2095,6.42316,18.7734,-1.88786,13.3058,-25.7539,0,0,0,0,0,0,3.00254,-0.600113,2.45845,0.768542,1.38288,-0.590608
1282,0.641,4,2,4,0,0,0,0,0,0,29.292,6.3005,18.7873,-1.89148,13.3094,-25.6438,0,0,0,0,0,0,3.00315,-0.612626,2.45702,0.769184,1.3796,-0.580497
1283,0.6415,4,2,4,0,0,0,0,0,0,29.3753,6.17628,18.8006,-1.89555,13.3118,-25.5338,0,0,0,0,0,0,3.00509,-0.625308,2.45662,0.767928,1.37714,-0.569311
1284,0.642,4,2,4,0,0,0,0,0,0,29.4568,6.0516,18.8129,-1.89972,13.3136,-25.422,0,0,0,0,0,0,3.00921,-0.638567,2.45598,0.766369,1.37368,-0.561396
1285,0.6425,4,2,4,0,0,0,0,0,0,29.5369,5.92623,18.8259,-1.90188,13.3157,-25.3087,0,0,0,0,0,0,3.01066,-0.651844,2.45223,0.763557,1.36843,-0.553125
1286,0.643,4,2,4,0,0,0,0,0,0,29.6158,5.80014,18.8385,-1.90446,13.3176,-25.1944,0,0,0,0,0,0,3.01146,-0.666717,2.44879,0.761341,1.3638,-0.544346
1287,0.6435,4,2,4,0,0,0,0,0,0,29.6936,5.67422,18.8502,-1.90799,13.3189,-25.0808,0,0,0,0,0,0,3.01239,-0.682088,2.44664,0.758166,1.36063,-0.532005
1288,0.644,4,2,4,0,0,0,0,0,0,29.7728,5.54798,18.8618,-1.91058,13.3194,-24.9709,0,0,0,0,0,0,3.01399,-0.695236,2.44707,0.757737,1.3593,-0.521216
1289,0.6445,4,2,4,0,0,0,0,0,0,29.8537,5.42205,18.8718,-1.91454,13.3182,-24.8646,0,0,0,0,0,0,3.01626,-0.70839,2.4487,0.760107,1.35829,-0.512028
1290,0.645,4,2,4,0,0,0,0,0,0,29.9338,5.29737,18.88,-1.92027,13.3161,-24.7583,0,0,0,0,0,0,3.02123,-0.720953,2.45178,0.761645,1.35778,-0.503173
1291,0.6455,4,2,4,0,0,0,0,0,0,30.0117,5.17272,18.8881,-1.92631,13.3146,-24.6497,0,0,0,0,0,0,3.0258,-0.733607,2.45349,0.760835,1.35651,-0.49355
1292,0.646,4,2,4,0,0,0,0,0,0,30.09,5.04789,18.8967,-1.93184,13.3137,-24.5416,0,0,0,0,0,0,3.02896,-0.745418,2.45246,0.759011,1.35336,-0.483549
1293,0.6465,4,2,4,0,0,0,0,0,0,30.1682,4.92228,18.9023,-1.941,13.311,-24.4335,0,0,0,0,0,0,3.03134,-0.756933,2.44941,0.758676,1.34843,-0.476567
1294,0.647,4,2,4,0,0,0,0,0,0,30.2462,4.79595,18.9069,-1.95107,13.308,-24.3253,0,0,0,0,0,0,3.03433,-0.768058,2.44664,0.75805,1.34375,-0.471127
1295,0.6475,4,2,4,0,0,0,0,0,0,30.3245,4.66861,18.9123,-1.95974,13.3057,-24.2177,0,0,0,0,0,0,3.03708,-0.779639,2.44404,0.756763,1.33944,-0.464272
1296,0.648,4,2,4,0,0,0,0,0,0,30.4027,4.54085,18.9198,-1.96583,13.3047,-24.1102,0,0,0,0,0,0,3.03851,-0.792185,2.44268,0.757496,1.33641,-0.455589
1297,0.6485,4,2,4,0,0,0,0,0,0,30.4808,4.41348,18.9276,-1.97158,13.3036,-24.0031,0,0,0,0,0,0,3.03857,-0.805376,2.44101,0.758056,1.33345,-0.444927
1298,0.649,4,2,4,0,0,0,0,0,0,30.5579,4.28569,18.9366,-1.97523,13.303,-23.8952,0,0,0,0,0,0,3.04173,-0.819174,2.44093,0.75867,1.33091,-0.436371
1299,0.6495,4,2,4,0,0,0,0,0,0,30.6342,4.15796,18.9472,-1.97623,13.3036,-23.7866,0,0,0,0,0,0,3.0446,-0.832341,2.44055,0.759338,1.32798,-0.430546
1300,0.65,4,2,4,0,0,0,0,0,0,30.7066,4.02983,18.9559,-1.97973,13.3036,-23.6731,0,0,0,0,0,0,3.04432,-0.846896,2.43804,0.755484,1.32464,-0.41695
1301,0.6505,4,2,4,0,0,0,0,0,0,30.7755,3.90128,18.9613,-1.98714,13.3027,-23.5542,0,0,0,0,0,0,3.04375,-0.861583,2.43493,0.751544,1.32084,-0.40415
1302,0.651,4,2,4,0,0,0,0,0,0,30.8449,3.77286,18.9654,-1.99544,13.301,-23.4362,0,0,0,0,0,0,3.04202,-0.875536,2.43198,0.749868,1.31711,-0.390199
1303,0.6515,4,2,4,0,0,0,0,0,0,30.9148,3.64408,18.9693,-2.00384,13.2992,-23.3191,0,0,0,0,0,0,3.04161,-0.887492,2.43068,0.750662,1.31415,-0.377994
1304,0.652,4,2,4,0,0,0,0,0,0,30.9846,3.51485,18.9733,-2.01206,13.2975,-23.202,0,0,0,0,0,0,3.04301,-0.897843,2.42926,0.750998,1.3109,-0.369865
1305,0.6525,4,2,4,0,0,0,0,0,0,31.0553,3.38637,18.9777,-2.01876,13.2958,-23.0877,0,0,0,0,0,0,3.04855,-0.908904,2.42978,0.751631,1.30814,-0.364759
1306,0.653,4,2,4,0,0,0,0,0,0,31.1284,3.25936,18.9823,-2.02305,13.2933,-22.9787,0,0,0,0,0,0,3.05188,-0.918593,2.42885,0.752363,1.30495,-0.358833
1307,0.6535,4,2,4,0,0,0,0,0,0,31.2025,3.13271,18.9861,-2.02754,13.2903,-22.8724,0,0,0,0,0,0,3.05798,-0.930394,2.429,0.754002,1.30163,-0.3553
1308,0.654,4,2,4,0,0,0,0,0,0,31.2793,3.00544,18.9916,-2.02908,13.2877,-22.771,0,0,0,0,0,0,3.06233,-0.943877,2.42671,0.752686,1.29708,-0.349878
1309,0.6545,4,2,4,0,0,0,0,0,0,31.3539,2.87822,18.9982,-2.02897,13.2864,-22.6678,0,0,0,0,0,0,3.06366,-0.957337,2.42342,0.749592,1.29305,-0.340151
1310,0.655,4,2,4,0,0,0,0,0,0,31.4241,2.75043,19.0056,-2.02771,13.2867,-22.5596,0,0,0,0,0,0,3.06306,-0.970178,2.41944,0.747207,1.28873,-0.329145
1311,0.6555,4,2,4,0,0,0,0,0,0,31.4898,2.62199,19.0122,-2.02699,13.2876,-22.4462,0,0,0,0,0,0,3.06237,-0.982874,2.41653,0.747159,1.28471,-0.318211
1312,0.656,4,2,4,0,0,0,0,0,0,31.5533,2.49225,19.0163,-2.02875,13.2873,-22.33,0,0,0,0,0,0,3.06068,-0.995207,2.41317,0.747134,1.28009,-0.306535
1313,0.6565,4,2,4,0,0,0,0,0,0,31.6143,2.36118,19.0164,-2.03637,13.2852,-22.2097,0,0,0,0,0,0,3.05833,-1.00803,2.4097,0.745768,1.27603,-0.292658
1314,0.657,4,2,4,0,0,0,0,0,0,31.6772,2.23024,19.014,-2.04743,13.2817,-22.0916,0,0,0,0,0,0,3.05888,-1.02143,2.40809,0.744876,1.27273,-0.281568
1315,0.6575,4,2,4,0,0,0,0,0,0,31.7428,2.10017,19.0143,-2.05509,13.2792,-21.9781,0,0,0,0,0,0,3.06237,-1.03424,2.40684,0.744141,1.26913,-0.275035
1316,0.658,4,2,4,0,0,0,0,0,0,31.8099,1.9709,19.0171,-2.05942,13.2778,-21.8677,0,0,0,0,0,0,3.06838,-1.04741,2.40743,0.745953,1.26597,-0.272095
1317,0.6585,4,2,4,0,0,0,0,0,0,31.8787,1.8423,19.0203,-2.06296,13.2763,-21.7606,0,0,0,0,0,0,3.07274,-1.06022,2.4073,0.747558,1.2627,-0.26698
1318,0.659,4,2,4,0,0,0,0,0,0,31.9492,1.71388,19.0215,-2.06778,13.273,-21.657,0,0,0,0,0,0,3.07433,-1.07261,2.40556,0.749521,1.25892,-0.260892
1319,0.6595,4,2,4,0,0,0,0,0,0,32.0186,1.58479,19.0218,-2.0728,13.2693,-21.5526,0,0,0,0,0,0,3.07058,-1.08531,2.39968,0.746497,1.25409,-0.247749
1320,0.66,4,2,4,0,0,0,0,0,0,32.0858,1.45504,19.0215,-2.07779,13.2653,-21.4463,0,0,0,0,0,0,3.07071,-1.09786,2.39624,0.744459,1.2502,-0.237983
1321,0.6605,4,2,4,0,0,0,0,0,0,32.1521,1.3248,19.0215,-2.08139,13.2611,-21.3392,0,0,0,0,0,0,3.07269,-1.11165,2.3942,0.74434,1.24632,-0.231314
1322,0.661,4,2,4,0,0,0,0,0,0,32.2163,1.19388,19.0213,-2.0855,13.2565,-21.2293,0,0,0,0,0,0,3.0746,-1.12458,2.39006,0.740597,1.24128,-0.222635
1323,0.6615,4,2,4,0,0,0,0,0,0,32.2776,1.06195,19.019,-2.09256,13.251,-21.1154,0,0,0,0,0,0,3.07242,-1.13732,2.38353,0.732816,1.23604,-0.208884
1324,0.662,4,2,4,0,0,0,0,0,0,32.3369,0.929286,19.0143,-2.10222,13.2445,-20.9993,0,0,0,0,0,0,3.07221,-1.152,2.38025,0.727323,1.23249,-0.196613
1325,0.6625,4,2,4,0,0,0,0,0,0,32.3983,0.798105,19.0087,-2.11107,13.2372,-20.888,0,0,0,0,0,0,3.07508,-1.16553,2.38086,0.729116,1.22982,-0.192343
1326,0.663,4,2,4,0,0,0,0,0,0,32.4621,0.667374,19.0038,-2.11821,13.2302,-20.7808,0,0,0,0,0,0,3.07406,-1.17772,2.37976,0.731738,1.22654,-0.185496
1327,0.6635,4,2,4,0,0,0,0,0,0,32.5264,0.536202,18.9995,-2.12518,13.2236,-20.6742,0,0,0,0,0,0,3.07709,-1.19068,2.38071,0.738121,1.22322,-0.183851
1328,0.664,4,2,4,0,0,0,0,0,0,32.5914,0.405996,18.9968,-2.13015,13.2183,-20.5703,0,0,0,0,0,0,3.0787,-1.2024,2.37841,0.737399,1.21969,-0.176649
1329,0.6645,4,2,4,0,0,0,0,0,0,32.6553,0.276522,18.9933,-2.13668,13.2132,-20.4649,0,0,0,0,0,0,3.07982,-1.21288,2.37653,0.735638,1.21703,-0.167476
1330,0.665,4,2,4,0,0,0,0,0,0,32.7196,0.147475,18.9873,-2.14647,13.2063,-20.3602,0,0,0,0,0,0,3.07953,-1.22292,2.37147,0.731385,1.21255,-0.157236
1331,0.6655,4,2,4,0,0,0,0,0,0,32.7831,0.0178823,18.9825,-2.15399,13.1996,-20.2557,0,0,0,0,0,0,3.08091,-1.23319,2.36725,0.729001,1.20794,-0.150311
1332,0.666,4,2,4,0,0,0,0,0,0,32.8454,-0.112959,18.9788,-2.16016,13.1937,-20.1497,0,0,0,0,0,0,3.08251,-1.24623,2.36448,0.728357,1.20367,-0.14364
1333,0.6665,4,2,4,0,0,0,0,0,0,32.9045,-0.245761,18.9742,-2.16815,13.1881,-20.0389,0,0,0,0,0,0,3.08576,-1.26097,2.36214,0.725961,1.19932,-0.135889
1334,0.667,4,2,4,0,0,0,0,0,0,32.9628,-0.378797,18.9699,-2.17522,13.1825,-19.9272,0,0,0,0,0,0,3.08537,-1.27488,2.35651,0.720439,1.19361,-0.125636
1335,0.6675,4,2,4,0,0,0,0,0,0,33.0214,-0.5109,18.966,-2.18055,13.177,-19.8176,0,0,0,0,0,0,3.08387,-1.28775,2.35134,0.715289,1.1886,-0.114525
1336,0.668,4,2,4,0,0,0,0,0,0,33.0802,-0.643218,18.9605,-2.18739,13.1715,-19.7085,0,0,0,0,0,0,3.08273,-1.29972,2.3483,0.713562,1.1844,-0.105159
1337,0.6685,4,2,4,0,0,0,0,0,0,33.1402,-0.774488,18.9561,-2.19264,13.1669,-19.6016,0,0,0,0,0,0,3.08459,-1.31137,2.34739,0.712661,1.18129,-0.0973576
1338,0.669,4,2,4,0,0,0,0,0,0,33.1996,-0.904647,18.9532,-2.19458,13.1634,-19.4959,0,0,0,0,0,0,3.08925,-1.32335,2.34904,0.717044,1.1787,-0.0928711
1339,0.6695,4,2,4,0,0,0,0,0,0,33.2569,-1.03463,18.948,-2.19838,13.1585,-19.3892,0,0,0,0,0,0,3.09025,-1.33394,2.34787,0.721361,1.17483,-0.0863461
1340,0.67,4,2,4,0,0,0,0,0,0,33.3142,-1.16401,18.9396,-2.20492,13.1517,-19.2841,0,0,0,0,0,0,3.09154,-1.34523,2.34506,0.723446,1.16992,-0.0803624
1341,0.6705,4,2,4,0,0,0,0,0,0,33.3723,-1.29378,18.93,-2.21278,13.1443,-19.1805,0,0,0,0,0,0,3.09316,-1.35622,2.34205,0.725042,1.16516,-0.0759672
1342,0.671,4,2,4,0,0,0,0,0,0,33.4292,-1.42513,18.9213,-2.22069,13.1378,-19.0758,0,0,0,0,0,0,3.09144,-1.36718,2.33653,0.721481,1.16006,-0.0670842
1343,0.6715,4,2,4,0,0,0,0,0,0,33.4828,-1.55739,18.9138,-2.22784,13.133,-18.9674,0,0,0,0,0,0,3.08746,-1.37955,2.32717,0.711829,1.15345,-0.0551818
1344,0.672,4,2,4,0,0,0,0,0,0,33.5347,-1.68902,18.9081,-2.23088,13.1289,-18.86,0,0,0,0,0,0,3.08244,-1.39294,2.31934,0.704068,1.14817,-0.0425662
1345,0.6725,4,2,4,0,0,0,0,0,0,33.583,-1.82124,18.9031,-2.23255,13.1258,-18.7501,0,0,0,0,0,0,3.08011,-1.40623,2.31526,0.702258,1.14407,-0.0338922
1346,0.673,4,2,4,0,0,0,0,0,0,33.6284,-1.95466,18.8947,-2.23831,13.122,-18.636,0,0,0,0,0,0,3.07705,-1.41871,2.3119,0.702763,1.13985,-0.0246337
1347,0.6735,4,2,4,0,0,0,0,0,0,33.6759,-2.08772,18.8855,-2.24349,13.1169,-18.5249,0,0,0,0,0,0,3.07406,-1.43023,2.30909,0.703823,1.13629,-0.0138002
1348,0.674,4,2,4,0,0,0,0,0,0,33.7239,-2.2191,18.8763,-2.24616,13.1109,-18.4152,0,0,0,0,0,0,3.07265,-1.44054,2.30754,0.705917,1.13316,-0.00441347
1349,0.6745,4,2,4,0,0,0,0,0,0,33.7704,-2.35054,18.8671,-2.24753,13.1045,-18.304,0,0,0,0,0,0,3.07301,-1.45094,2.30582,0.708052,1.13021,0.00151234
1350,0.675,4,2,4,0,0,0,0,0,0,33.8182,-2.4829,18.8552,-2.25167,13.0963,-18.1934,0,0,0,0,0,0,3.07127,-1.46197,2.29857,0.703371,1.1247,0.0105511
1351,0.6755,4,2,4,0,0,0,0,0,0,33.8666,-2.6163,18.8409,-2.25866,13.0864,-18.0831,0,0,0,0,0,0,3.06908,-1.4757,2.29253,0.699142,1.11999,0.0217173
1352,0.676,4,2,4,0,0,0,0,0,0,33.9168,-2.75014,18.8259,-2.26621,13.0752,-17.9749,0,0,0,0,0,0,3.06734,-1.48942,2.28923,0.699092,1.11593,0.0293835
1353,0.6765,4,2,4,0,0,0,0,0,0,33.9661,-2.88317,18.8116,-2.27221,13.0641,-17.8663,0,0,0,0,0,0,3.06808,-1.50346,2.28621,0.698241,1.11145,0.0354779
1354,0.677,4,2,4,0,0,0,0,0,0,34.0154,-3.01602,18.7989,-2.27633,13.054,-17.7583,0,0,0,0,0,0,3.06663,-1.51662,2.28235,0.694541,1.10791,0.046059
1355,0.6775,4,2,4,0,0,0,0,0,0,34.0603,-3.14946,18.7866,-2.28153,13.0456,-17.6443,0,0,0,0,0,0,3.06415,-1.52888,2.27853,0.69122,1.10461,0.0578502
1356,0.678,4,2,4,0,0,0,0,0,0,34.1051,-3.28341,18.7733,-2.28816,13.0368,-17.5307,0,0,0,0,0,0,3.06224,-1.54047,2.27636,0.690249,1.10198,0.068684
1357,0.6785,4,2,4,0,0,0,0,0,0,34.1529,-3.41555,18.7588,-2.29433,13.0267,-17.4233,0,0,0,0,0,0,3.05775,-1.54954,2.271,0.687091,1.09809,0.0807874
1358,0.679,4,2,4,0,0,0,0,0,0,34.2012,-3.54635,18.7459,-2.29716,13.0176,-17.3179,0,0,0,0,0,0,3.05652,-1.55912,2.2642,0.681362,1.09283,0.089094
1359,0.6795,4,2,4,0,0,0,0,0,0,34.2489,-3.67718,18.7354,-2.29671,13.01,-17.2122,0,0,0,0,0,0,3.06306,-1.56986,2.2628,0.682572,1.08819,0.0884328
1360,0.68,4,2,4,0,0,0,0,0,0,34.2972,-3.80861,18.7247,-2.29777,13.0023,-17.1078,0,0,0,0,0,0,3.07401,-1.58212,2.26577,0.690306,1.0843,0.0822959
1361,0.6805,4,2,4,0,0,0,0,0,0,34.3474,-3.94037,18.7117,-2.30152,12.9928,-17.0065,0,0,0,0,0,0,3.07911,-1.59221,2.26573,0.694389,1.08008,0.0834239
1362,0.681,4,2,4,0,0,0,0,0,0,34.3993,-4.0721,18.6984,-2.30487,12.9824,-16.9089,0,0,0,0,0,0,3.07918,-1.60159,2.26166,0.692514,1.07546,0.0905685
1363,0.6815,4,2,4,0,0,0,0,0,0,34.4498,-4.20295,18.6854,-2.30713,12.9726,-16.8104,0,0,0,0,0,0,3.07606,-1.61141,2.25362,0.687814,1.06876,0.0982892
1364,0.682,4,2,4,0,0,0,0,0,0,34.4944,-4.33463,18.6713,-2.3112,12.9643,-16.7044,0,0,0,0,0,0,3.074,-1.62315,2.24668,0.683139,1.06283,0.10723
1365,0.6825,4,2,4,0,0,0,0,0,0,34.5338,-4.46694,18.6563,-2.31711,12.9573,-16.5923,0,0,0,0,0,0,3.07009,-1.63579,2.2402,0.678188,1.05742,0.120337
1366,0.683,4,2,4,0,0,0,0,0,0,34.5717,-4.59776,18.6395,-2.32342,12.9501,-16.4806,0,0,0,0,0,0,3.06779,-1.6481,2.23478,0.675382,1.05228,0.130222
1367,0.6835,4,2,4,0,0,0,0,0,0,34.6094,-4.72774,18.6221,-2.32826,12.943,-16.3715,0,0,0,0,0,0,3.0654,-1.65889,2.22991,0.676306,1.04696,0.136637
1368,0.684,4,2,4,0,0,0,0,0,0,34.647,-4.85701,18.604,-2.3325,12.935,-16.2632,0,0,0,0,0,0,3.06278,-1.66951,2.22458,0.679091,1.04119,0.139883
1369,0.6845,4,2,4,0,0,0,0,0,0,34.6866,-4.98691,18.5864,-2.33476,12.9258,-16.1585,0,0,0,0,0,0,3.05769,-1.68025,2.21751,0.679877,1.03519,0.146227
1370,0.685,4,2,4,0,0,0,0,0,0,34.7276,-5.11724,18.5683,-2.33712,12.9153,-16.0569,0,0,0,0,0,0,3.05335,-1.69143,2.21158,0.679476,1.02992,0.154573
1371,0.6855,4,2,4,0,0,0,0,0,0,34.7715,-5.24768,18.5494,-2.33988,12.9034,-15.9612,0,0,0,0,0,0,3.04904,-1.70379,2.20631,0.678406,1.02514,0.164891
1372,0.686,4,2,4,0,0,0,0,0,0,34.8148,-5.37806,18.5301,-2.34198,12.8911,-15.8656,0,0,0,0,0,0,3.04348,-1.71529,2.19973,0.676107,1.01981,0.174619
1373,0.6865,4,2,4,0,0,0,0,0,0,34.8528,-5.50949,18.5082,-2.34688,12.8782,-15.7626,0,0,0,0,0,0,3.03742,-1.7277,2.19011,0.669309,1.01358,0.184494
1374,0.687,4,2,4,0,0,0,0,0,0,34.8841,-5.64152,18.4842,-2.35427,12.8652,-15.6508,0,0,0,0,0,0,3.02812,-1.74061,2.17859,0.659387,1.00724,0.199955
1375,0.6875,4,2,4,0,0,0,0,0,0,34.9141,-5.77268,18.4599,-2.36183,12.8527,-15.5364,0,0,0,0,0,0,3.02212,-1.75231,2.17065,0.654153,1.00228,0.211579
1376,0.688,4,2,4,0,0,0,0,0,0,34.9426,-5.90213,18.4331,-2.37111,12.8393,-15.4212,0,0,0,0,0,0,3.02124,-1.76482,2.16748,0.653309,0.999082,0.21926
1377,0.6885,4,2,4,0,0,0,0,0,0,34.9718,-6.03046,18.4048,-2.38076,12.8247,-15.3074,0,0,0,0,0,0,3.01598,-1.77522,2.16198,0.649927,0.995738,0.232822
1378,0.689,4,2,4,0,0,0,0,0,0,35.0057,-6.15903,18.3794,-2.38669,12.8099,-15.1991,0,0,0,0,0,0,3.01235,-1.78598,2.1576,0.647659,0.993062,0.244451
1379,0.6895,4,2,4,0,0,0,0,0,0,35.047,-6.28767,18.3579,-2.38935,12.7951,-15.0974,0,0,0,0,0,0,3.0149,-1.79695,2.15888,0.651846,0.99156,0.247686
1380,0.69,4,2,4,0,0,0,0,0,0,35.099,-6.41665,18.342,-2.38947,12.7815,-15.0046,0,0,0,0,0,0,3.02174,-1.80729,2.16278,0.658093,0.990081,0.246472
1381,0.6905,4,2,4,0,0,0,0,0,0,35.1569,-6.54582,18.3308,-2.38727,12.7699,-14.9163,0,0,0,0,0,0,3.02951,-1.81819,2.16485,0.660338,0.987803,0.248038
1382,0.691,4,2,4,0,0,0,0,0,0,35.2127,-6.67609,18.3218,-2.38418,12.7605,-14.8249,0,0,0,0,0,0,3.03186,-1.82755,2.16181,0.655893,0.984179,0.257651
1383,0.6915,4,2,4,0,0,0,0,0,0,35.2641,-6.8079,18.3117,-2.3834,12.7521,-14.7276,0,0,0,0,0,0,3.03625,-1.83747,2.15982,0.653997,0.980391,0.261842
1384,0.692,4,2,4,0,0,0,0,0,0,35.3104,-6.93923,18.3017,-2.38197,12.7451,-14.6249,0,0,0,0,0,0,3.04109,-1.84741,2.15687,0.647821,0.977074,0.268368
1385,0.6925,4,2,4,0,0,0,0,0,0,35.3514,-7.06877,18.2922,-2.37989,12.74,-14.5163,0,0,0,0,0,0,3.0438,-1.85766,2.15427,0.642151,0.974127,0.278705
1386,0.693,4,2,4,0,0,0,0,0,0,35.3895,-7.19765,18.2812,-2.37843,12.7353,-14.4071,0,0,0,0,0,0,3.04433,-1.86745,2.15086,0.639443,0.969568,0.287397
1387,0.6935,4,2,4,0,0,0,0,0,0,35.4256,-7.3272,18.2691,-2.37531,12.73,-14.3008,0,0,0,0,0,0,3.04885,-1.8786,2.15255,0.646384,0.965815,0.28619
1388,0.694,4,2,4,0,0,0,0,0,0,35.4615,-7.45621,18.2552,-2.37093,12.7233,-14.1995,0,0,0,0,0,0,3.04838,-1.88804,2.15064,0.650902,0.961348,0.287624
1389,0.6945,4,2,4,0,0,0,0,0,0,35.4954,-7.58425,18.2403,-2.36652,12.717,-14.0998,0,0,0,0,0,0,3.04063,-1.89604,2.1431,0.650802,0.955372,0.295057
1390,0.695,4,2,4,0,0,0,0,0,0,35.5248,-7.71303,18.223,-2.36362,12.7111,-13.9983,0,0,0,0,0,0,3.03027,-1.90401,2.13325,0.648682,0.948407,0.303294
1391,0.6955,4,2,4,0,0,0,0,0,0,35.5494,-7.84243,18.202,-2.36294,12.7046,-13.8946,0,0,0,0,0,0,3.01768,-1.91186,2.12049,0.643434,0.940637,0.313017
1392,0.696,4,2,4,0,0,0,0,0,0,35.5701,-7.97336,18.1763,-2.36515,12.6958,-13.7888,0,0,0,0,0,0,3.00222,-1.91883,2.10394,0.633751,0.931949,0.324931
1393,0.6965,4,2,4,0,0,0,0,0,0,35.5886,-8.10327,18.1488,-2.36766,12.6855,-13.6814,0,0,0,0,0,0,2.99163,-1.92919,2.09006,0.627295,0.923346,0.331712
1394,0.697,4,2,4,0,0,0,0,0,0,35.6045,-8.23059,18.1225,-2.36779,12.6755,-13.5702,0,0,0,0,0,0,2.98661,-1.94007,2.08118,0.624457,0.916636,0.336481
1395,0.6975,4,2,4,0,0,0,0,0,0,35.6212,-8.35656,18.0962,-2.36781,12.6646,-13.4588,0,0,0,0,0,0,2.98265,-1.95061,2.0751,0.626271,0.910325,0.338487
1396,0.698,4,2,4,0,0,0,0,0,0,35.6453,-8.48348,18.0709,-2.36604,12.6516,-13.3561,0,0,0,0,0,0,2.97377,-1.96044,2.06662,0.624617,0.904008,0.346505
1397,0.6985,4,2,4,0,0,0,0,0,0,35.6739,-8.60888,18.0432,-2.36475,12.6351,-13.2609,0,0,0,0,0,0,2.96516,-1.97132,2.05808,0.622685,0.898256,0.354267
1398,0.699,4,2,4,0,0,0,0,0,0,35.7009,-8.73341,18.013,-2.36284,12.6163,-13.1681,0,0,0,0,0,0,2.96127,-1.98394,2.05427,0.62572,0.893416,0.357454
1399,0.6995,4,2,4,0,0,0,0,0,0,35.7202,-8.85934,17.9777,-2.36415,12.596,-13.0699,0,0,0,0,0,0,2.95695,-1.99705,2.04894,0.626009,0.888387,0.363928
1400,0.7,4,2,4,0,0,0,0,0,0,35.732,-8.98607,17.9362,-2.36944,12.5735,-12.9669,0,0,0,0,0,0,2.94894,-2.00895,2.03932,0.621076,0.882958,0.374459
1401,0.7005,4,2,4,0,0,0,0,0,0,35.7368,-9.1132,17.8898,-2.37737,12.5497,-12.8595,0,0,0,0,0,0,2.93912,-2.02087,2.0296,0.616909,0.878057,0.38547
1402,0.701,4,2,4,0,0,0,0,0,0,35.7356,-9.23816,17.8383,-2.38805,12.5241,-12.7475,0,0,0,0,0,0,2.92515,-2.03026,2.0149,0.608853,0.871047,0.397949
1403,0.7015,4,2,4,0,0,0,0,0,0,35.7307,-9.36053,17.7864,-2.39707,12.4984,-12.6316,0,0,0,0,0,0,2.91497,-2.04097,1.9999,0.599847,0.863347,0.409134
1404,0.702,4,2,4,0,0,0,0,0,0,35.728,-9.48223,17.7366,-2.40468,12.4737,-12.5156,0,0,0,0,0,0,2.90342,-2.04972,1.98674,0.591774,0.857,0.423934
1405,0.7025,4,2,4,0,0,0,0,0,0,35.735,-9.60569,17.6952,-2.40624,12.4512,-12.4073,0,0,0,0,0,0,2.89827,-2.06018,1.97919,0.588678,0.851136,0.433431
1406,0.703,4,2,4,0,0,0,0,0,0,35.7525,-9.72877,17.6623,-2.40343,12.4314,-12.3064,0,0,0,0,0,0,2.89558,-2.0699,1.97399,0.587452,0.845967,0.442158
1407,0.7035,4,2,4,0,0,0,0,0,0,35.7805,-9.85118,17.6365,-2.39858,12.4146,-12.2105,0,0,0,0,0,0,2.89638,-2.08135,1.97215,0.585675,0.843338,0.452976
1408,0.704,4,2,4,0,0,0,0,0,0,35.8202,-9.97545,17.6189,-2.39198,12.4021,-12.1173,0,0,0,0,0,0,2.90051,-2.09207,1.97389,0.58517,0.842861,0.463474
1409,0.7045,4,2,4,0,0,0,0,0,0,35.874,-10.1023,17.6116,-2.3829,12.3949,-12.0269,0,0,0,0,0,0,2.91865,-2.10423,1.9855,0.592255,0.845012,0.46419
1410,0.705,4,2,4,0,0,0,0,0,0,35.9416,-10.2323,17.6148,-2.3702,12.3927,-11.9417,0,0,0,0,0,0,2.94475,-2.11665,1.99914,0.598806,0.847171,0.45822
1411,0.7055,4,2,4,0,0,0,0,0,0,36.0072,-10.3611,17.6201,-2.35634,12.3929,-11.8548,0,0,0,0,0,0,2.9629,-2.12522,2.00566,0.599263,0.8478,0.4569
1412,0.706,4,2,4,0,0,0,0,0,0,36.0609,-10.4869,17.6218,-2.34178,12.3933,-11.7619,0,0,0,0,0,0,2.97156,-2.13255,2.00655,0.598683,0.846197,0.457937
1413,0.7065,4,2,4,0,0,0,0,0,0,36.1006,-10.6119,17.6169,-2.32901,12.3926,-11.6632,0,0,0,0,0,0,2.9721,-2.13831,2.00374,0.597967,0.843324,0.461197
1414,0.707,4,2,4,0,0,0,0,0,0,36.1352,-10.7388,17.6068,-2.31699,12.3888,-11.5682,0,0,0,0,0,0,2.96949,-2.14528,1.99817,0.597647,0.83849,0.464029
1415,0.7075,4,2,4,0,0,0,0,0,0,36.1625,-10.8634,17.5884,-2.30903,12.381,-11.4728,0,0,0,0,0,0,2.96426,-2.15516,1.99021,0.595016,0.832753,0.470426
1416,0.708,4,2,4,0,0,0,0,0,0,36.1826,-10.9848,17.5635,-2.30266,12.3693,-11.3762,0,0,0,0,0,0,2.95533,-2.16332,1.98022,0.593363,0.825564,0.476344
1417,0.7085,4,2,4,0,0,0,0,0,0,36.1977,-11.106,17.5329,-2.29792,12.3543,-11.2788,0,0,0,0,0,0,2.93816,-2.16792,1.96442,0.587288,0.81723,0.487688
1418,0.709,4,2,4,0,0,0,0,0,0,36.2088,-11.2288,17.4939,-2.29892,12.3359,-11.18,0,0,0,0,0,0,2.92022,-2.17253,1.94665,0.578775,0.808956,0.499627
1419,0.7095,4,2,4,0,0,0,0,0,0,36.219,-11.3529,17.4507,-2.30207,12.3155,-11.0809,0,0,0,0,0,0,2.90812,-2.17995,1.93204,0.575358,0.800208,0.501827
1420,0.71,4,2,4,0,0,0,0,0,0,36.2259,-11.4752,17.4057,-2.30507,12.2936,-10.9779,0,0,0,0,0,0,2.8988,-2.18757,1.91782,0.570998,0.791811,0.50265
1421,0.7105,4,2,4,0,0,0,0,0,0,36.2284,-11.5955,17.362,-2.30419,12.2713,-10.8694,0,0,0,0,0,0,2.88677,-2.19457,1.90449,0.56643,0.785207,0.507705
1422,0.711,4,2,4,0,0,0,0,0,0,36.2313,-11.7158,17.3211,-2.29777,12.249,-10.7639,0,0,0,0,0,0,2.87509,-2.20363,1.89266,0.563125,0.778883,0.514635
1423,0.7115,4,2,4,0,0,0,0,0,0,36.2373,-11.8376,17.2818,-2.28814,12.226,-10.6645,0,0,0,0,0,0,2.86417,-2.21267,1.88452,0.564615,0.772301,0.520941
1424,0.712,4,2,4,0,0,0,0,0,0,36.2434,-11.9571,17.2395,-2.28169,12.2022,-10.5658,0,0,0,0,0,0,2.85509,-2.22318,1.8771,0.563855,0.766209,0.528687
1425,0.7125,4,2,4,0,0,0,0,0,0,36.2505,-12.0736,17.1958,-2.27693,12.1778,-10.4685,0,0,0,0,0,0,2.845,-2.23208,1.86862,0.560818,0.760224,0.539513
1426,0.713,4,2,4,0,0,0,0,0,0,36.2569,-12.1882,17.1507,-2.27427,12.1527,-10.3713,0,0,0,0,0,0,2.83725,-2.24032,1.86011,0.5579,0.753677,0.549432
1427,0.7135,4,2,4,0,0,0,0,0,0,36.2633,-12.3057,17.1044,-2.2745,12.1274,-10.275,0,0,0,0,0,0,2.83744,-2.25106,1.85431,0.556342,0.747949,0.554158
1428,0.714,4,2,4,0,0,0,0,0,0,36.2709,-12.4252,17.0582,-2.27755,12.1032,-10.1777,0,0,0,0,0,0,2.83475,-2.26116,1.84647,0.551671,0.74335,0.561406
1429,0.7145,4,2,4,0,0,0,0,0,0,36.2797,-12.5426,17.0163,-2.27739,12.0819,-10.079,0,0,0,0,0,0,2.83724,-2.27228,1.84015,0.548779,0.738011,0.559943
1430,0.715,4,2,4,0,0,0,0,0,0,36.2904,-12.6585,16.9813,-2.2703,12.0634,-9.97875,0,0,0,0,0,0,2.83895,-2.28067,1.83564,0.546542,0.734293,0.560505
1431,0.7155,4,2,4,0,0,0,0,0,0,36.3074,-12.7771,16.9535,-2.25609,12.0469,-9.88287,0,0,0,0,0,0,2.83872,-2.28922,1.83247,0.545238,0.731269,0.566096
1432,0.716,4,2,4,0,0,0,0,0,0,36.3279,-12.8975,16.9277,-2.24003,12.0311,-9.79084,0,0,0,0,0,0,2.8368,-2.29669,1.83067,0.547566,0.727839,0.571645
1433,0.7165,4,2,4,0,0,0,0,0,0,36.3487,-13.0176,16.9016,-2.22581,12.016,-9.69885,0,0,0,0,0,0,2.83595,-2.30764,1.82993,0.549196,0.725653,0.578699
1434,0.717,4,2,4,0,0,0,0,0,0,36.3671,-13.1365,16.8747,-2.21364,12.0012,-9.6051,0,0,0,0,0,0,2.8321,-2.31892,1.8249,0.545799,0.723066,0.588506
1435,0.7175,4,2,4,0,0,0,0,0,0,36.3815,-13.2525,16.8451,-2.20384,11.9853,-9.50903,0,0,0,0,0,0,2.82722,-2.32734,1.8182,0.542234,0.719115,0.596107
1436,0.718,4,2,4,0,0,0,0,0,0,36.3954,-13.3716,16.8131,-2.19619,11.968,-9.41416,0,0,0,0,0,0,2.82028,-2.33592,1.81062,0.538723,0.714204,0.602348
1437,0.7185,4,2,4,0,0,0,0,0,0,36.4043,-13.491,16.7749,-2.19588,11.9493,-9.31578,0,0,0,0,0,0,2.81073,-2.3437,1.79754,0.529208,0.708287,0.611455
1438,0.719,4,2,4,0,0,0,0,0,0,36.41,-13.6075,16.7352,-2.19616,11.9306,-9.21628,0,0,0,0,0,0,2.80395,-2.35068,1.78793,0.523584,0.703612,0.617928
1439,0.7195,4,2,4,0,0,0,0,0,0,36.4157,-13.7216,16.7004,-2.18875,11.9135,-9.119,0,0,0,0,0,0,2.80464,-2.35833,1.78423,0.525881,0.698934,0.616012
1440,0.72,4,2,4,0,0,0,0,0,0,36.4216,-13.8358,16.6712,-2.17278,11.8969,-9.02563,0,0,0,0,0,0,2.79792,-2.36462,1.77705,0.5254,0.694096,0.62249
1441,0.7205,4,2,4,0,0,0,0,0,0,36.4242,-13.9494,16.6415,-2.15547,11.8798,-8.93173,0,0,0,0,0,0,2.78841,-2.37141,1.77049,0.52622,0.689758,0.631206
1442,0.721,4,2,4,0,0,0,0,0,0,36.4253,-14.0623,16.6098,-2.13858,11.8621,-8.83867,0,0,0,0,0,0,2.78167,-2.37975,1.76526,0.527842,0.684818,0.636434
1443,0.7215,4,2,4,0,0,0,0,0,0,36.4266,-14.1738,16.5756,-2.12273,11.8436,-8.74778,0,0,0,0,0,0,2.77476,-2.38789,1.75713,0.525524,0.67952,0.642144
1444,0.722,4,2,4,0,0,0,0,0,0,36.4295,-14.2828,16.5386,-2.1084,11.8237,-8.65856,0,0,0,0,0,0,2.76247,-2.39136,1.74222,0.516019,0.673109,0.652339
1445,0.7225,4,2,4,0,0,0,0,0,0,36.4351,-14.395,16.5006,-2.09655,11.8026,-8.57082,0,0,0,0,0,0,2.75084,-2.39621,1.72983,0.510211,0.666236,0.661243
1446,0.723,4,2,4,0,0,0,0,0,0,36.4377,-14.5075,16.4574,-2.09232,11.7801,-8.47786,0,0,0,0,0,0,2.74286,-2.40301,1.71911,0.505902,0.659836,0.666764
1447,0.7235,4,2,4,0,0,0,0,0,0,36.4398,-14.6192,16.4129,-2.09056,11.7573,-8.38323,0,0,0,0,0,0,2.73936,-2.41211,1.71145,0.502894,0.654128,0.669719
1448,0.724,4,2,4,0,0,0,0,0,0,36.4464,-14.73,16.3747,-2.08154,11.7357,-8.29297,0,0,0,0,0,0,2.73751,-2.41966,1.70521,0.501261,0.649506,0.671088
1449,0.7245,4,2,4,0,0,0,0,0,0,36.4563,-14.8412,16.3422,-2.0662,11.7161,-8.2044,0,0,0,0,0,0,2.73611,-2.42701,1.69987,0.500678,0.645201,0.673213
1450,0.725,4,2,4,0,0,0,0,0,0,36.467,-14.9535,16.3116,-2.04943,11.6978,-8.11358,0,0,0,0,0,0,2.73699,-2.43355,1.69781,0.504207,0.641597,0.672625
1451,0.7255,4,2,4,0,0,0,0,0,0,36.4761,-15.0675,16.2812,-2.03332,11.6798,-8.02069,0,0,0,0,0,0,2.732,-2.4391,1.69333,0.504283,0.639099,0.679353
1452,0.726,4,2,4,0,0,0,0,0,0,36.4815,-15.1787,16.2499,-2.01756,11.6622,-7.92602,0,0,0,0,0,0,2.72154,-2.44642,1.68524,0.500988,0.636475,0.693952
1453,0.7265,4,2,4,0,0,0,0,0,0,36.4884,-15.2884,16.2199,-1.99889,11.6445,-7.83643,0,0,0,0,0,0,2.71605,-2.45451,1.68086,0.501961,0.632738,0.700931
1454,0.727,4,2,4,0,0,0,0,0,0,36.4917,-15.3991,16.1866,-1.98293,11.6263,-7.74548,0,0,0,0,0,0,2.70794,-2.46294,1.67636,0.503312,0.628582,0.707849
1455,0.7275,4,2,4,0,0,0,0,0,0,36.4921,-15.5094,16.1452,-1.9748,11.6057,-7.65047,0,0,0,0,0,0,2.69809,-2.46787,1.66682,0.500111,0.623152,0.714462
1456,0.728,4,2,4,0,0,0,0,0,0,36.4925,-15.6188,16.0984,-1.97063,11.5822,-7.55535,0,0,0,0,0,0,2.68887,-2.47062,1.65519,0.493781,0.618015,0.722656
1457,0.7285,4,2,4,0,0,0,0,0,0,36.4953,-15.7274,16.0503,-1.96363,11.5557,-7.46548,0,0,0,0,0,0,2.68397,-2.47646,1.64638,0.489995,0.613244,0.725917
1458,0.729,4,2,4,0,0,0,0,0,0,36.4959,-15.8347,16.0023,-1.95304,11.5278,-7.37476,0,0,0,0,0,0,2.68028,-2.4827,1.63588,0.483623,0.608509,0.731404
1459,0.7295,4,2,4,0,0,0,0,0,0,36.4939,-15.9422,15.9555,-1.939,11.5005,-7.28241,0,0,0,0,0,0,2.67308,-2.48792,1.62693,0.480479,0.604233,0.740913
1460,0.73,4,2,4,0,0,0,0,0,0,36.4913,-16.0509,15.9083,-1.92429,11.474,-7.19045,0,0,0,0,0,0,2.66309,-2.49264,1.61714,0.478112,0.599416,0.750869
1461,0.7305,4,2,4,0,0,0,0,0,0,36.4873,-16.1562,15.8594,-1.90983,11.4472,-7.09893,0,0,0,0,0,0,2.65229,-2.49729,1.60781,0.477461,0.594742,0.759442
1462,0.731,4,2,4,0,0,0,0,0,0,36.4856,-16.26,15.8101,-1.89451,11.42,-7.01173,0,0,0,0,0,0,2.64477,-2.50272,1.60061,0.478377,0.590122,0.764072
1463,0.7315,4,2,4,0,0,0,0,0,0,36.4853,-16.3648,15.7607,-1.88114,11.3936,-6.92465,0,0,0,0,0,0,2.63746,-2.50934,1.59345,0.478205,0.585412,0.770848
1464,0.732,4,2,4,0,0,0,0,0,0,36.4841,-16.4708,15.7107,-1.87091,11.3684,-6.83552,0,0,0,0,0,0,2.63656,-2.5193,1.59021,0.479159,0.581283,0.773816
1465,0.7325,4,2,4,0,0,0,0,0,0,36.4845,-16.5765,15.6617,-1.86113,11.3436,-6.74754,0,0,0,0,0,0,2.63508,-2.5255,1.58135,0.473031,0.57625,0.780023
1466,0.733,4,2,4,0,0,0,0,0,0,36.4905,-16.6813,15.6153,-1.84809,11.3177,-6.66565,0,0,0,0,0,0,2.63429,-2.53022,1.57147,0.465866,0.570618,0.783422
1467,0.7335,4,2,4,0,0,0,0,0,0,36.4992,-16.7861,15.5705,-1.83353,11.2912,-6.58316,0,0,0,0,0,0,2.63454,-2.53788,1.56483,0.462649,0.565799,0.785641
1468,0.734,4,2,4,0,0,0,0,0,0,36.5081,-16.8938,15.5263,-1.81929,11.2639,-6.49757,0,0,0,0,0,0,2.62714,-2.54082,1.55133,0.453672,0.560542,0.795131
1469,0.7345,4,2,4,0,0,0,0,0,0,36.5193,-17.0036,15.4852,-1.80234,11.237,-6.4143,0,0,0,0,0,0,2.62527,-2.5485,1.54543,0.45194,0.556777,0.80086
1470,0.735,4,2,4,0,0,0,0,0,0,36.528,-17.1106,15.4455,-1.78381,11.2112,-6.33136,0,0,0,0,0,0,2.62281,-2.55817,1.54242,0.454838,0.553357,0.803382
1471,0.7355,4,2,4,0,0,0,0,0,0,36.5341,-17.2151,15.4056,-1.76444,11.1858,-6.24848,0,0,0,0,0,0,2.61727,-2.5639,1.53693,0.456773,0.549526,0.804619
1472,0.736,4,2,4,0,0,0,0,0,0,36.5356,-17.3199,15.3612,-1.74919,11.1598,-6.16258,0,0,0,0,0,0,2.60954,-2.56741,1.53049,0.456874,0.546025,0.806765
1473,0.7365,4,2,4,0,0,0,0,0,0,36.534,-17.4244,15.312,-1.738,11.1328,-6.07517,0,0,0,0,0,0,2.60191,-2.57191,1.52416,0.457366,0.543025,0.8077
1474,0.737,4,2,4,0,0,0,0,0,0,36.5315,-17.5272,15.2626,-1.72574,11.1055,-5.99107,0,0,0,0,0,0,2.59223,-2.57793,1.51577,0.456121,0.53872,0.809994
1475,0.7375,4,2,4,0,0,0,0,0,0,36.5249,-17.6266,15.216,-1.71011,11.0796,-5.90581,0,0,0,0,0,0,2.58276,-2.58324,1.50516,0.452182,0.534108,0.81406
1476,0.738,4,2,4,0,0,0,0,0,0,36.5149,-17.724,15.1708,-1.69292,11.054,-5.81749,0,0,0,0,0,0,2.57541,-2.58928,1.49483,0.447842,0.529237,0.817675
1477,0.7385,4,2,4,0,0,0,0,0,0,36.5021,-17.8222,15.124,-1.67583,11.0266,-5.72902,0,0,0,0,0,0,2.56669,-2.59133,1.48259,0.443398,0.522152,0.820562
1478,0.739,4,2,4,0,0,0,0,0,0,36.488,-17.9198,15.0741,-1.66021,10.9976,-5.64146,0,0,0,0,0,0,2.55413,-2.59293,1.46932,0.437405,0.515724,0.828271
1479,0.7395,4,2,4,0,0,0,0,0,0,36.4776,-18.0162,15.0237,-1.64364,10.9679,-5.55959,0,0,0,0,0,0,2.54247,-2.59885,1.45966,0.432735,0.511092,0.839211
1480,0.74,4,2,4,0,0,0,0,0,0,36.4665,-18.1102,14.9733,-1.62703,10.939,-5.47774,0,0,0,0,0,0,2.53481,-2.60542,1.45336,0.432723,0.506018,0.846589
1481,0.7405,4,2,4,0,0,0,0,0,0,36.4539,-18.2049,14.9242,-1.61089,10.912,-5.39383,0,0,0,0,0,0,2.52936,-2.61336,1.44859,0.433523,0.502316,0.853204
1482,0.741,4,2,4,0,0,0,0,0,0,36.4423,-18.3005,14.8758,-1.59512,10.8863,-5.31188,0,0,0,0,0,0,2.52487,-2.62022,1.44273,0.434979,0.498131,0.854218
1483,0.7415,4,2,4,0,0,0,0,0,0,36.4349,-18.3953,14.8273,-1.57992,10.8617,-5.23367,0,0,0,0,0,0,2.51838,-2.62253,1.43275,0.431799,0.493363,0.855418
1484,0.742,4,2,4,0,0,0,0,0,0,36.4296,-18.49,14.7811,-1.56187,10.8379,-5.15587,0,0,0,0,0,0,2.51505,-2.62703,1.42488,0.430398,0.488277,0.854443
1485,0.7425,4,2,4,0,0,0,0,0,0,36.422,-18.5851,14.738,-1.5404,10.8145,-5.07444,0,0,0,0,0,0,2.50886,-2.62976,1.41527,0.425661,0.48409,0.86082
1486,0.743,4,2,4,0,0,0,0,0,0,36.4134,-18.6831,14.6967,-1.51696,10.7903,-4.99125,0,0,0,0,0,0,2.49919,-2.63495,1.40395,0.417783,0.480819,0.873629
1487,0.7435,4,2,4,0,0,0,0,0,0,36.4064,-18.7807,14.6548,-1.49413,10.7636,-4.90775,0,0,0,0,0,0,2.49481,-2.64161,1.3951,0.41277,0.476908,0.880099
1488,0.744,4,2,4,0,0,0,0,0,0,36.4002,-18.8758,14.6098,-1.4737,10.7347,-4.82536,0,0,0,0,0,0,2.49036,-2.64765,1.38868,0.411251,0.472023,0.880937
1489,0.7445,4,2,4,0,0,0,0,0,0,36.3952,-18.9692,14.5608,-1.45665,10.7045,-4.74517,0,0,0,0,0,0,2.48319,-2.65159,1.38356,0.41274,0.467434,0.880255
1490,0.745,4,2,4,0,0,0,0,0,0,36.3886,-19.063,14.5092,-1.44231,10.6742,-4.66509,0,0,0,0,0,0,2.47277,-2.65524,1.37578,0.410583,0.464098,0.88694
1491,0.7455,4,2,4,0,0,0,0,0,0,36.38,-19.1568,14.4566,-1.42877,10.644,-4.58646,0,0,0,0,0,0,2.46427,-2.65914,1.36942,0.408841,0.461854,0.892909
1492,0.746,4,2,4,0,0,0,0,0,0,36.3733,-19.2492,14.4064,-1.41249,10.6143,-4.51021,0,0,0,0,0,0,2.4578,-2.66228,1.36531,0.409868,0.459548,0.897985
1493,0.7465,4,2,4,0,0,0,0,0,0,36.3635,-19.3393,14.3558,-1.39442,10.5845,-4.43157,0,0,0,0,0,0,2.44669,-2.66221,1.35648,0.404496,0.457746,0.910636
1494,0.747,4,2,4,0,0,0,0,0,0,36.3502,-19.4292,14.3058,-1.37325,10.5546,-4.35127,0,0,0,0,0,0,2.43483,-2.66169,1.34691,0.400457,0.45485,0.92003
1495,0.7475,4,2,4,0,0,0,0,0,0,36.3372,-19.52,14.2577,-1.34821,10.5249,-4.27374,0,0,0,0,0,0,2.42816,-2.66546,1.3403,0.40239,0.449721,0.919524
1496,0.748,4,2,4,0,0,0,0,0,0,36.3258,-19.6093,14.212,-1.32043,10.496,-4.1976,0,0,0,0,0,0,2.41757,-2.66571,1.33178,0.404189,0.444061,0.922392
1497,0.7485,4,2,4,0,0,0,0,0,0,36.3155,-19.6956,14.1656,-1.29473,10.4676,-4.1211,0,0,0,0,0,0,2.40624,-2.66487,1.31909,0.400165,0.43783,0.926372
1498,0.749,4,2,4,0,0,0,0,0,0,36.3039,-19.7803,14.1149,-1.27501,10.4392,-4.04323,0,0,0,0,0,0,2.40075,-2.67054,1.30837,0.395387,0.431865,0.931426
1499,0.7495,4,2,4,0,0,0,0,0,0,36.2926,-19.8672,14.0593,-1.26077,10.4101,-3.96766,0,0,0,0,0,0,2.3941,-2.67928,1.29943,0.392122,0.426092,0.93895
1500,0.75,4,2,4,0,0,0,0,0,0,36.2852,-19.9551,14.0018,-1.24908,10.3804,-3.89668,0,0,0,0,0,0,2.38866,-2.68759,1.29106,0.387658,0.421264,0.948876
1501,0.7505,4,2,4,0,0,0,0,0,0,36.2781,-20.0421,13.946,-1.23683,10.3516,-3.82437,0,0,0,0,0,0,2.38239,-2.6873,1.27964,0.381939,0.416666,0.954387
1502,0.751,4,2,4,0,0,0,0,0,0,36.2704,-20.1296,13.8951,-1.22031,10.3244,-3.74906,0,0,0,0,0,0,2.3821,-2.68836,1.27083,0.379152,0.413024,0.951701
1503,0.7515,4,2,4,0,0,0,0,0,0,36.2628,-20.2197,13.8482,-1.19886,10.2969,-3.67213,0,0,0,0,0,0,2.38319,-2.69395,1.26682,0.379543,0.411163,0.948204
1504,0.752,4,2,4,0,0,0,0,0,0,36.2561,-20.3113,13.8008,-1.17568,10.2673,-3.59678,0,0,0,0,0,0,2.37582,-2.69667,1.26084,0.379084,0.408749,0.948583
1505,0.7525,4,2,4,0,0,0,0,0,0,36.2486,-20.4007,13.7516,-1.15096,10.2357,-3.52274,0,0,0,0,0,0,2.367,-2.70132,1.25205,0.378159,0.404965,0.947941
1506,0.753,4,2,4,0,0,0,0,0,0,36.2369,-20.4871,13.7004,-1.12529,10.2032,-3.44679,0,0,0,0,0,0,2.35726,-2.70611,1.24426,0.378526,0.401077,0.952194
1507,0.7535,4,2,4,0,0,0,0,0,0,36.2226,-20.5714,13.647,-1.10228,10.171,-3.36825,0,0,0,0,0,0,2.34521,-2.71102,1.23864,0.379295,0.398422,0.963578
1508,0.754,4,2,4,0,0,0,0,0,0,36.2119,-20.6585,13.5918,-1.082,10.1388,-3.29448,0,0,0,0,0,0,2.33774,-2.71666,1.23358,0.379209,0.395965,0.973361
1509,0.7545,4,2,4,0,0,0,0,0,0,36.1992,-20.7438,13.5305,-1.0667,10.1051,-3.22282,0,0,0,0,0,0,2.33083,-2.7181,1.22304,0.375758,0.39117,0.973251
1510,0.755,4,2,4,0,0,0,0,0,0,36.1812,-20.8261,13.4627,-1.0558,10.0698,-3.15014,0,0,0,0,0,0,2.32394,-2.71648,1.20988,0.371481,0.385234,0.969919
1511,0.7555,4,2,4,0,0,0,0,0,0,36.1597,-20.9059,13.3922,-1.04508,10.0333,-3.07469,0,0,0,0,0,0,2.31734,-2.71544,1.19803,0.366729,0.380248,0.97195
1512,0.756,4,2,4,0,0,0,0,0,0,36.1398,-20.987,13.3254,-1.02969,9.99702,-2.99839,0,0,0,0,0,0,2.31523,-2.71904,1.19162,0.365362,0.376124,0.973207
1513,0.7565,4,2,4,0,0,0,0,0,0,36.1238,-21.0683,13.2636,-1.00887,9.96169,-2.92591,0,0,0,0,0,0,2.30902,-2.72176,1.18525,0.363765,0.373286,0.979145
1514,0.757,4,2,4,0,0,0,0,0,0,36.1086,-21.1474,13.2038,-0.984395,9.9271,-2.85588,0,0,0,0,0,0,2.29817,-2.72145,1.17896,0.363159,0.3712,0.987037
1515,0.7575,4,2,4,0,0,0,0,0,0,36.0936,-21.2237,13.1427,-0.960105,9.89314,-2.78596,0,0,0,0,0,0,2.28822,-2.72239,1.17048,0.360845,0.368288,0.992913
1516,0.758,4,2,4,0,0,0,0,0,0,36.0804,-21.2999,13.0809,-0.937122,9.85996,-2.71652,0,0,0,0,0,0,2.28285,-2.724,1.16226,0.360484,0.364033,0.992203
1517,0.7585,4,2,4,0,0,0,0,0,0,36.0714,-21.3792,13.0208,-0.914091,9.82772,-2.65103,0,0,0,0,0,0,2.27867,-2.72771,1.15417,0.360109,0.360265,0.992888
1518,0.759,4,2,4,0,0,0,0,0,0,36.0656,-21.4589,12.9609,-0.89364,9.79648,-2.58619,0,0,0,0,0,0,2.27658,-2.7314,1.1458,0.358188,0.356197,0.993742
1519,0.7595,4,2,4,0,0,0,0,0,0,36.0612,-21.5398,12.9014,-0.875291,9.76568,-2.51941,0,0,0,0,0,0,2.27416,-2.73246,1.13664,0.353538,0.352171,0.997591
1520,0.76,4,2,4,0,0,0,0,0,0,36.0556,-21.6215,12.8389,-0.85944,9.73302,-2.45057,0,0,0,0,0,0,2.26702,-2.7298,1.12463,0.347155,0.347657,1.00278
1521,0.7605,4,2,4,0,0,0,0,0,0,36.0506,-21.7057,12.7754,-0.842853,9.6972,-2.38207,0,0,0,0,0,0,2.25456,-2.72794,1.1124,0.340977,0.344488,1.01397
1522,0.761,4,2,4,0,0,0,0,0,0,36.0463,-21.7905,12.7118,-0.824091,9.65791,-2.31493,0,0,0,0,0,0,2.24891,-2.73248,1.10219,0.337752,0.340676,1.01454
1523,0.7615,4,2,4,0,0,0,0,0,0,36.0404,-21.8718,12.649,-0.803057,9.61731,-2.248,0,0,0,0,0,0,2.24134,-2.73518,1.09659,0.339597,0.337009,1.01691
1524,0.762,4,2,4,0,0,0,0,0,0,36.031,-21.9481,12.5852,-0.782011,9.57763,-2.17898,0,0,0,0,0,0,2.23425,-2.73749,1.09209,0.342284,0.334131,1.02098
1525,0.7625,4,2,4,0,0,0,0,0,0,36.0226,-22.0245,12.5205,-0.761563,9.53863,-2.11379,0,0,0,0,0,0,2.22665,-2.74087,1.08793,0.345162,0.33212,1.02605
1526,0.763,4,2,4,0,0,0,0,0,0,36.0132,-22.1014,12.453,-0.743438,9.49973,-2.05331,0,0,0,0,0,0,2.22423,-2.74498,1.08287,0.348494,0.328017,1.0214
1527,0.7635,4,2,4,0,0,0,0,0,0,35.9981,-22.1747,12.3824,-0.728076,9.46194,-1.99081,0,0,0,0,0,0,2.21626,-2.74365,1.07218,0.346552,0.323808,1.02163
1528,0.764,4,2,4,0,0,0,0,0,0,35.9796,-22.2462,12.3133,-0.710831,9.42575,-1.92702,0,0,0,0,0,0,2.20738,-2.7427,1.06129,0.344156,0.31938,1.02317
1529,0.7645,4,2,4,0,0,0,0,0,0,35.9578,-22.3164,12.2452,-0.692289,9.3905,-1.86166,0,0,0,0,0,0,2.19871,-2.74179,1.04926,0.338884,0.315285,1.02653
1530,0.765,4,2,4,0,0,0,0,0,0,35.9342,-22.3872,12.1775,-0.673627,9.35588,-1.79576,0,0,0,0,0,0,2.19095,-2.74076,1.03807,0.331816,0.311589,1.03047
1531,0.7655,4,2,4,0,0,0,0,0,0,35.9119,-22.4587,12.1113,-0.652905,9.32081,-1.73199,0,0,0,0,0,0,2.1857,-2.7438,1.02607,0.324233,0.307496,1.03459
1532,0.766,4,2,4,0,0,0,0,0,0,35.8918,-22.5278,12.0472,-0.630389,9.28579,-1.67023,0,0,0,0,0,0,2.18196,-2.74828,1.01823,0.32358,0.302265,1.03246
1533,0.7665,4,2,4,0,0,0,0,0,0,35.8713,-22.5903,11.9837,-0.608144,9.25171,-1.60635,0,0,0,0,0,0,2.17529,-2.74825,1.00977,0.323687,0.296866,1.03078
1534,0.767,4,2,4,0,0,0,0,0,0,35.8529,-22.6542,11.9216,-0.585397,9.2185,-1.54428,0,0,0,0,0,0,2.17084,-2.74899,1.00354,0.323645,0.29247,1.03297
1535,0.7675,4,2,4,0,0,0,0,0,0,35.8389,-22.7223,11.8599,-0.563036,9.18676,-1.4854,0,0,0,0,0,0,2.16844,-2.75261,1.00119,0.325576,0.290157,1.0322
1536,0.768,4,2,4,0,0,0,0,0,0,35.8268,-22.7911,11.7959,-0.545248,9.15665,-1.42477,0,0,0,0,0,0,2.16564,-2.75517,0.9969,0.32606,0.288585,1.03479
1537,0.7685,4,2,4,0,0,0,0,0,0,35.8136,-22.8603,11.7301,-0.529869,9.12602,-1.36202,0,0,0,0,0,0,2.15485,-2.75169,0.985139,0.321673,0.286957,1.03856
1538,0.769,4,2,4,0,0,0,0,0,0,35.7985,-22.9296,11.6655,-0.512544,9.09398,-1.29689,0,0,0,0,0,0,2.14281,-2.74518,0.971823,0.315131,0.285604,1.04692
1539,0.7695,4,2,4,0,0,0,0,0,0,35.7828,-23.0003,11.603,-0.492074,9.06034,-1.23155,0,0,0,0,0,0,2.13768,-2.74798,0.964872,0.314102,0.283191,1.05001
1540,0.77,4,2,4,0,0,0,0,0,0,35.7711,-23.0736,11.5407,-0.469475,9.02447,-1.17128,0,0,0,0,0,0,2.13009,-2.75212,0.959105,0.312796,0.280864,1.05666
1541,0.7705,4,2,4,0,0,0,0,0,0,35.759,-23.1438,11.477,-0.446435,8.98691,-1.11301,0,0,0,0,0,0,2.12082,-2.75228,0.950374,0.309452,0.277828,1.06327
1542,0.771,4,2,4,0,0,0,0,0,0,35.7422,-23.2066,11.4095,-0.425539,8.94762,-1.05291,0,0,0,0,0,0,2.10816,-2.74813,0.938577,0.306898,0.272708,1.06601
1543,0.7715,4,2,4,0,0,0,0,0,0,35.7238,-23.2678,11.3395,-0.405661,8.90693,-0.995483,0,0,0,0,0,0,2.09342,-2.74162,0.928719,0.306413,0.267558,1.07034
1544,0.772,4,2,4,0,0,0,0,0,0,35.705,-23.328,11.2678,-0.387142,8.86631,-0.941566,0,0,0,0,0,0,2.08427,-2.74212,0.921397,0.306329,0.263366,1.07303
1545,0.7725,4,2,4,0,0,0,0,0,0,35.6833,-23.3869,11.1925,-0.373203,8.82727,-0.886142,0,0,0,0,0,0,2.07779,-2.74476,0.913122,0.303137,0.261209,1.07726
1546,0.773,4,2,4,0,0,0,0,0,0,35.6597,-23.4461,11.1164,-0.36145,8.79078,-0.828708,0,0,0,0,0,0,2.07448,-2.74509,0.906598,0.303177,0.258823,1.0781
1547,0.7735,4,2,4,0,0,0,0,0,0,35.6373,-23.5069,11.0424,-0.347992,8.75594,-0.770728,0,0,0,0,0,0,2.06527,-2.73594,0.896781,0.301755,0.255871,1.08109
1548,0.774,4,2,4,0,0,0,0,0,0,35.617,-23.5665,10.9723,-0.329902,8.72137,-0.713209,0,0,0,0,0,0,2.06305,-2.73405,0.889152,0.29886,0.253329,1.08156
1549,0.7745,4,2,4,0,0,0,0,0,0,35.5974,-23.6265,10.9062,-0.307223,8.68764,-0.657582,0,0,0,0,0,0,2.06407,-2.73741,0.883067,0.298427,0.249394,1.07693
1550,0.775,4,2,4,0,0,0,0,0,0,35.5792,-23.6842,10.8434,-0.280401,8.65533,-0.603949,0,0,0,0,0,0,2.0655,-2.74285,0.879254,0.301088,0.245456,1.07119
1551,0.7755,4,2,4,0,0,0,0,0,0,35.561,-23.7389,10.7793,-0.254356,8.62429,-0.54892,0,0,0,0,0,0,2.05869,-2.74215,0.870489,0.298966,0.242919,1.07311
1552,0.776,4,2,4,0,0,0,0,0,0,35.5427,-23.7916,10.7135,-0.229751,8.59319,-0.494697,0,0,0,0,0,0,2.0517,-2.74273,0.859968,0.295129,0.240304,1.07596
1553,0.7765,4,2,4,0,0,0,0,0,0,35.5256,-23.8439,10.6454,-0.20756,8.56061,-0.441413,0,0,0,0,0,0,2.04107,-2.74095,0.850606,0.293454,0.236124,1.07519
1554,0.777,4,2,4,0,0,0,0,0,0,35.5106,-23.8983,10.5742,-0.189937,8.52642,-0.386448,0,0,0,0,0,0,2.03068,-2.73539,0.84032,0.290704,0.231588,1.07479
1555,0.7775,4,2,4,0,0,0,0,0,0,35.5028,-23.9604,10.5022,-0.176174,8.49125,-0.331116,0,0,0,0,0,0,2.02473,-2.73284,0.830163,0.285862,0.229018,1.07656
1556,0.778,4,2,4,0,0,0,0,0,0,35.5008,-24.0295,10.4312,-0.163537,8.45545,-0.276588,0,0,0,0,0,0,2.02289,-2.73397,0.825382,0.284445,0.227853,1.08221
1557,0.7785,4,2,4,0,0,0,0,0,0,35.4987,-24.0988,10.3607,-0.149751,8.41889,-0.222965,0,0,0,0,0,0,2.02528,-2.73828,0.823316,0.286899,0.225688,1.08305
1558,0.779,4,2,4,0,0,0,0,0,0,35.4913,-24.1648,10.2899,-0.132786,8.38118,-0.17253,0,0,0,0,0,0,2.01936,-2.73838,0.817877,0.288066,0.223209,1.08486
1559,0.7795,4,2,4,0,0,0,0,0,0,35.4739,-24.2215,10.2168,-0.112531,8.34181,-0.12528,0,0,0,0,0,0,2.00593,-2.73451,0.806508,0.287525,0.219617,1.08151
1560,0.78,4,2,4,0,0,0,0,0,0,35.4461,-24.2692,10.14,-0.0920589,8.30232,-0.076681,0,0,0,0,0,0,1.98865,-2.72725,0.793504,0.2866,0.216347,1.08015
1561,0.7805,4,2,4,0,0,0,0,0,0,35.4161,-24.3132,10.0623,-0.0711625,8.26373,-0.0299417,0,0,0,0,0,0,1.97818,-2.72697,0.787483,0.287227,0.213318,1.08199
1562,0.781,4,2,4,0,0,0,0,0,0,35.3911,-24.3579,9.98465,-0.0506663,8.22599,0.014786,0,0,0,0,0,0,1.97169,-2.72629,0.781142,0.286643,0.209858,1.08284
1563,0.7815,4,2,4,0,0,0,0,0,0,35.3676,-24.4017,9.90636,-0.0334199,8.18975,0.0653037,0,0,0,0,0,0,1.96205,-2.71921,0.771788,0.283739,0.20642,1.08914
1564,0.782,4,2,4,0,0,0,0,0,0,35.3476,-24.4502,9.83031,-0.0167684,8.15465,0.118204,0,0,0,0,0,0,1.95304,-2.70912,0.760338,0.279166,0.203214,1.0964
1565,0.7825,4,2,4,0,0,0,0,0,0,35.3295,-24.5026,9.7547,-4.76619e-05,8.12024,0.168944,0,0,0,0,0,0,1.94882,-2.70457,0.750369,0.273419,0.200515,1.10122
1566,0.783,4,2,4,0,0,0,0,0,0,35.309,-24.5539,9.6775,0.0172565,8.08605,0.219231,0,0,0,0,0,0,1.94864,-2.7067,0.742151,0.266519,0.198821,1.10649
1567,0.7835,4,2,4,0,0,0,0,0,0,35.2879,-24.6022,9.60101,0.0368907,8.05235,0.267604,0,0,0,0,0,0,1.94693,-2.70894,0.734282,0.263183,0.196678,1.10475
1568,0.784,4,2,4,0,0,0,0,0,0,35.2688,-24.6496,9.52887,0.0608095,8.01945,0.313693,0,0,0,0,0,0,1.94125,-2.70603,0.727553,0.262665,0.194037,1.10412
1569,0.7845,4,2,4,0,0,0,0,0,0,35.252,-24.6945,9.45859,0.0850904,7.98771,0.361335,0,0,0,0,0,0,1.93337,-2.70183,0.719805,0.262874,0.190871,1.10349
1570,0.785,4,2,4,0,0,0,0,0,0,35.2366,-24.7395,9.38763,0.107648,7.95606,0.410846,0,0,0,0,0,0,1.92974,-2.70228,0.713091,0.263699,0.188526,1.10238
1571,0.7855,4,2,4,0,0,0,0,0,0,35.2251,-24.7864,9.31416,0.126952,7.92414,0.457803,0,0,0,0,0,0,1.92462,-2.70402,0.709859,0.267958,0.186688,1.10276
1572,0.786,4,2,4,0,0,0,0,0,0,35.2136,-24.8317,9.23708,0.142724,7.89128,0.505169,0,0,0,0,0,0,1.91759,-2.70258,0.70324,0.268052,0.185753,1.10631
1573,0.7865,4,2,4,0,0,0,0,0,0,35.1992,-24.8783,9.15625,0.156023,7.85657,0.555035,0,0,0,0,0,0,1.90814,-2.69548,0.690813,0.263867,0.184581,1.10869
1574,0.787,4,2,4,0,0,0,0,0,0,35.1839,-24.9281,9.07265,0.168008,7.81923,0.604564,0,0,0,0,0,0,1.90205,-2.6906,0.681763,0.263305,0.181402,1.10332
1575,0.7875,4,2,4,0,0,0,0,0,0,35.1691,-24.9811,8.98626,0.177855,7.78018,0.652297,0,0,0,0,0,0,1.89854,-2.68788,0.674902,0.263122,0.178523,1.09975
1576,0.788,4,2,4,0,0,0,0,0,0,35.1563,-25.0338,8.89867,0.187239,7.74028,0.696425,0,0,0,0,0,0,1.8931,-2.68401,0.66532,0.257959,0.175851,1.10294
1577,0.7885,4,2,4,0,0,0,0,0,0,35.1418,-25.0821,8.81132,0.198402,7.70047,0.737824,0,0,0,0,0,0,1.88717,-2.68059,0.654801,0.253411,0.172678,1.10536
1578,0.789,4,2,4,0,0,0,0,0,0,35.1256,-25.1237,8.72509,0.211214,7.66126,0.779582,0,0,0,0,0,0,1.87969,-2.67784,0.645138,0.250991,0.169667,1.10876
1579,0.7895,4,2,4,0,0,0,0,0,0,35.1085,-25.1598,8.63972,0.225991,7.6228,0.821501,0,0,0,0,0,0,1.87689,-2.67613,0.638279,0.252536,0.165684,1.10391
1580,0.79,4,2,4,0,0,0,0,0,0,35.0918,-25.1943,8.55325,0.241112,7.58538,0.861501,0,0,0,0,0,0,1.87152,-2.67114,0.63202,0.254114,0.162921,1.10123
1581,0.7905,4,2,4,0,0,0,0,0,0,35.0769,-25.2282,8.46459,0.254864,7.54937,0.899351,0,0,0,0,0,0,1.86786,-2.66647,0.628162,0.255477,0.161259,1.10504
1582,0.791,4,2,4,0,0,0,0,0,0,35.0615,-25.2627,8.37587,0.26826,7.51498,0.938324,0,0,0,0,0,0,1.8671,-2.66318,0.623662,0.255476,0.159081,1.10712
1583,0.7915,4,2,4,0,0,0,0,0,0,35.043,-25.2995,8.28993,0.283717,7.4826,0.97953,0,0,0,0,0,0,1.86442,-2.65826,0.617285,0.254343,0.157221,1.11336
1584,0.792,4,2,4,0,0,0,0,0,0,35.0233,-25.3379,8.20622,0.301212,7.45218,1.0227,0,0,0,0,0,0,1.85783,-2.65002,0.606932,0.249946,0.155255,1.11657
1585,0.7925,4,2,4,0,0,0,0,0,0,35.004,-25.3793,8.12493,0.320732,7.423,1.06403,0,0,0,0,0,0,1.84941,-2.64509,0.596331,0.245689,0.153619,1.11997
1586,0.793,4,2,4,0,0,0,0,0,0,34.9859,-25.4203,8.04465,0.341007,7.39408,1.10347,0,0,0,0,0,0,1.84335,-2.64247,0.586822,0.243434,0.151325,1.11607
1587,0.7935,4,2,4,0,0,0,0,0,0,34.9673,-25.4581,7.96429,0.360566,7.36441,1.14439,0,0,0,0,0,0,1.84109,-2.64278,0.579993,0.242973,0.148977,1.10864
1588,0.794,4,2,4,0,0,0,0,0,0,34.95,-25.493,7.88362,0.379614,7.33279,1.18606,0,0,0,0,0,0,1.83611,-2.64292,0.571952,0.241926,0.1465,1.10687
1589,0.7945,4,2,4,0,0,0,0,0,0,34.9336,-25.5256,7.8002,0.396736,7.2984,1.22617,0,0,0,0,0,0,1.82767,-2.63894,0.563093,0.241018,0.144435,1.1045
1590,0.795,4,2,4,0,0,0,0,0,0,34.9157,-25.5571,7.71223,0.409876,7.26237,1.2663,0,0,0,0,0,0,1.82524,-2.63706,0.555325,0.241181,0.141685,1.10009
1591,0.7955,4,2,4,0,0,0,0,0,0,34.8974,-25.5886,7.61977,0.418874,7.22589,1.30774,0,0,0,0,0,0,1.82047,-2.6326,0.546517,0.239494,0.140533,1.09927
1592,0.796,4,2,4,0,0,0,0,0,0,34.8809,-25.6252,7.52627,0.426829,7.1889,1.34907,0,0,0,0,0,0,1.81579,-2.62691,0.539262,0.237591,0.140248,1.10226
1593,0.7965,4,2,4,0,0,0,0,0,0,34.8672,-25.6639,7.43295,0.434969,7.15201,1.3917,0,0,0,0,0,0,1.81117,-2.61941,0.530421,0.233567,0.140371,1.10675
1594,0.797,4,2,4,0,0,0,0,0,0,34.8514,-25.7001,7.3392,0.444783,7.11516,1.43483,0,0,0,0,0,0,1.805,-2.61052,0.523943,0.2321,0.139147,1.1082
1595,0.7975,4,2,4,0,0,0,0,0,0,34.8332,-25.7347,7.24492,0.457232,7.07886,1.47423,0,0,0,0,0,0,1.79595,-2.60369,0.517903,0.232697,0.136911,1.11289
1596,0.798,4,2,4,0,0,0,0,0,0,34.8158,-25.7661,7.15102,0.472174,7.043,1.50916,0,0,0,0,0,0,1.78921,-2.59851,0.508618,0.231728,0.134481,1.11141
1597,0.7985,4,2,4,0,0,0,0,0,0,34.797,-25.7925,7.05622,0.486614,7.00793,1.54476,0,0,0,0,0,0,1.78377,-2.59531,0.498936,0.230233,0.130817,1.11288
1598,0.799,4,2,4,0,0,0,0,0,0,34.7802,-25.8145,6.96171,0.50055,6.97356,1.57949,0,0,0,0,0,0,1.78077,-2.59376,0.49098,0.229969,0.127122,1.1148
1599,0.7995,4,2,4,0,0,0,0,0,0,34.765,-25.8344,6.86797,0.513425,6.94032,1.6134,0,0,0,0,0,0,1.77561,-2.58788,0.482093,0.228214,0.123581,1.11597
1600,0.8,4,2,4,0,0,0,0,0,0,34.7489,-25.8537,6.77419,0.524666,6.90866,1.64653,0,0,0,0,0,0,1.76962,-2.5807,0.469838,0.224206,0.120461,1.11585
1601,0.8005,4,2,4,0,0,0,0,0,0,34.7311,-25.8761,6.68094,0.535395,6.87906,1.67751,0,0,0,0,0,0,1.76444,-2.57219,0.460954,0.222306,0.117268,1.11614
1602,0.801,4,2,4,0,0,0,0,0,0,34.7129,-25.9044,6.59114,0.548278,6.85118,1.7058,0,0,0,0,0,0,1.76111,-2.56759,0.455541,0.223063,0.11484,1.11632
1603,0.8015,4,2,4,0,0,0,0,0,0,34.692,-25.9333,6.50497,0.562965,6.82553,1.73734,0,0,0,0,0,0,1.75816,-2.56439,0.449899,0.223301,0.113449,1.11726
1604,0.802,4,2,4,0,0,0,0,0,0,34.6677,-25.9608,6.42135,0.578644,6.8004,1.77184,0,0,0,0,0,0,1.75377,-2.56149,0.442987,0.222044,0.113601,1.11634
1605,0.8025,4,2,4,0,0,0,0,0,0,34.6438,-25.9872,6.33756,0.595109,6.77389,1.80419,0,0,0,0,0,0,1.74609,-2.5552,0.436391,0.222241,0.113415,1.11078
1606,0.803,4,2,4,0,0,0,0,0,0,34.6229,-26.0113,6.25064,0.610669,6.74596,1.83505,0,0,0,0,0,0,1.74178,-2.55211,0.430257,0.223453,0.112482,1.10232
1607,0.8035,4,2,4,0,0,0,0,0,0,34.6068,-26.034,6.16112,0.625522,6.71651,1.86657,0,0,0,0,0,0,1.73867,-2.5493,0.424231,0.225573,0.110731,1.09573
1608,0.804,4,2,4,0,0,0,0,0,0,34.5937,-26.0538,6.0682,0.63838,6.68529,1.90099,0,0,0,0,0,0,1.739,-2.54483,0.417007,0.225603,0.109504,1.0951
1609,0.8045,4,2,4,0,0,0,0,0,0,34.5844,-26.0735,5.97205,0.648925,6.65247,1.937,0,0,0,0,0,0,1.74006,-2.53795,0.409919,0.223717,0.108725,1.09619
1610,0.805,4,2,4,0,0,0,0,0,0,34.5776,-26.0965,5.87245,0.65658,6.6186,1.97417,0,0,0,0,0,0,1.73931,-2.53233,0.403694,0.220177,0.108065,1.10047
1611,0.8055,4,2,4,0,0,0,0,0,0,34.5701,-26.124,5.76942,0.662252,6.58384,2.00962,0,0,0,0,0,0,1.73756,-2.52491,0.394702,0.215613,0.106603,1.09987
1612,0.806,4,2,4,0,0,0,0,0,0,34.5592,-26.1513,5.66504,0.66793,6.5493,2.04431,0,0,0,0,0,0,1.73357,-2.52005,0.384443,0.2103,0.105742,1.10321
1613,0.8065,4,2,4,0,0,0,0,0,0,34.5412,-26.1724,5.56077,0.674895,6.51584,2.07943,0,0,0,0,0,0,1.72579,-2.51392,0.374921,0.208609,0.103787,1.10782
1614,0.807,4,2,4,0,0,0,0,0,0,34.5175,-26.1881,5.45749,0.684097,6.48337,2.11301,0,0,0,0,0,0,1.71765,-2.50831,0.365494,0.207595,0.101132,1.10995
1615,0.8075,4,2,4,0,0,0,0,0,0,34.492,-26.1992,5.35643,0.695312,6.45205,2.144,0,0,0,0,0,0,1.70854,-2.50079,0.357398,0.20698,0.0984842,1.11047
1616,0.808,4,2,4,0,0,0,0,0,0,34.468,-26.2074,5.25744,0.707099,6.42265,2.17188,0,0,0,0,0,0,1.7003,-2.49314,0.350427,0.207504,0.095345,1.107
1617,0.8085,4,2,4,0,0,0,0,0,0,34.4451,-26.2136,5.1603,0.718603,6.39614,2.19663,0,0,0,0,0,0,1.69503,-2.48849,0.342052,0.206135,0.0940511,1.1079
1618,0.809,4,2,4,0,0,0,0,0,0,34.4193,-26.2154,5.06372,0.729278,6.37198,2.22201,0,0,0,0,0,0,1.69246,-2.48245,0.33357,0.205555,0.0921198,1.10244
1619,0.8095,4,2,4,0,0,0,0,0,0,34.3924,-26.2158,4.96794,0.739633,6.34966,2.2493,0,0,0,0,0,0,1.68967,-2.47252,0.326276,0.206051,0.0897594,1.10241
1620,0.81,4,2,4,0,0,0,0,0,0,34.3696,-26.2209,4.87285,0.749701,6.32825,2.27662,0,0,0,0,0,0,1.68255,-2.45795,0.317207,0.206541,0.0878403,1.10716
1621,0.8105,4,2,4,0,0,0,0,0,0,34.3521,-26.2342,4.77854,0.759955,6.30701,2.30274,0,0,0,0,0,0,1.67937,-2.44489,0.308587,0.204756,0.0868153,1.11102
1622,0.811,4,2,4,0,0,0,0,0,0,34.3378,-26.2534,4.68447,0.76975,6.286,2.33132,0,0,0,0,0,0,1.67997,-2.43917,0.301194,0.201641,0.0865222,1.11067
1623,0.8115,4,2,4,0,0,0,0,0,0,34.324,-26.2731,4.59093,0.779339,6.26476,2.36333,0,0,0,0,0,0,1.68087,-2.43686,0.295352,0.199668,0.0859523,1.11093
1624,0.812,4,2,4,0,0,0,0,0,0,34.3102,-26.2913,4.4969,0.790217,6.24123,2.39449,0,0,0,0,0,0,1.67979,-2.43404,0.288727,0.198157,0.0856991,1.10748
1625,0.8125,4,2,4,0,0,0,0,0,0,34.297,-26.3049,4.40093,0.801563,6.21536,2.42488,0,0,0,0,0,0,1.67596,-2.43,0.281103,0.196883,0.0859654,1.10495
1626,0.813,4,2,4,0,0,0,0,0,0,34.2846,-26.315,4.30152,0.812094,6.18812,2.4543,0,0,0,0,0,0,1.67324,-2.42632,0.274365,0.195464,0.0864044,1.10341
1627,0.8135,4,2,4,0,0,0,0,0,0,34.2717,-26.3223,4.19803,0.821018,6.15986,2.4831,0,0,0,0,0,0,1.67386,-2.42624,0.273987,0.197688,0.0862191,1.09632
1628,0.814,4,2,4,0,0,0,0,0,0,34.2576,-26.3269,4.08999,0.827635,6.13096,2.513,0,0,0,0,0,0,1.6654,-2.417,0.27068,0.199872,0.085385,1.09338
1629,0.8145,4,2,4,0,0,0,0,0,0,34.2408,-26.3288,3.97964,0.832368,6.1018,2.54579,0,0,0,0,0,0,1.65421,-2.40428,0.263826,0.200242,0.0847437,1.09275
1630,0.815,4,2,4,0,0,0,0,0,0,34.223,-26.3336,3.87042,0.837036,6.07306,2.57715,0,0,0,0,0,0,1.64588,-2.39183,0.254295,0.198018,0.0840228,1.09485
1631,0.8155,4,2,4,0,0,0,0,0,0,34.2056,-26.3429,3.76334,0.84255,6.04549,2.60429,0,0,0,0,0,0,1.64215,-2.38367,0.245223,0.195941,0.0820165,1.09596
1632,0.816,4,2,4,0,0,0,0,0,0,34.1868,-26.3523,3.65794,0.848166,6.01984,2.62951,0,0,0,0,0,0,1.6381,-2.37704,0.23568,0.194105,0.0801075,1.0965
1633,0.8165,4,2,4,0,0,0,0,0,0,34.1677,-26.3574,3.554,0.854344,5.99625,2.65503,0,0,0,0,0,0,1.63312,-2.36908,0.223709,0.189607,0.0786545,1.09511
1634,0.817,4,2,4,0,0,0,0,0,0,34.1493,-26.3585,3.45176,0.862468,5.97398,2.67901,0,0,0,0,0,0,1.63255,-2.36418,0.211738,0.187799,0.0758971,1.09224
1635,0.8175,4,2,4,0,0,0,0,0,0,34.1315,-26.3547,3.35107,0.872432,5.95249,2.70217,0,0,0,0,0,0,1.63501,-2.35724,0.202108,0.187325,0.0729494,1.08959
1636,0.818,4,2,4,0,0,0,0,0,0,34.1146,-26.3491,3.25041,0.882718,5.93231,2.72342,0,0,0,0,0,0,1.63679,-2.34941,0.196898,0.187688,0.0699373,1.08806
1637,0.8185,4,2,4,0,0,0,0,0,0,34.0976,-26.3424,3.14957,0.892267,5.91404,2.74475,0,0,0,0,0,0,1.63627,-2.34106,0.190622,0.186888,0.0684136,1.08912
1638,0.819,4,2,4,0,0,0,0,0,0,34.0815,-26.3353,3.04965,0.901333,5.89776,2.76797,0,0,0,0,0,0,1.63809,-2.33445,0.1847,0.186091,0.0681239,1.08656
1639,0.8195,4,2,4,0,0,0,0,0,0,34.0653,-26.3291,2.94937,0.908809,5.88346,2.79517,0,0,0,0,0,0,1.6351,-2.32414,0.180442,0.186257,0.0674958,1.08662
1640,0.82,4,2,4,0,0,0,0,0,0,34.0506,-26.3273,2.85075,0.91676,5.86956,2.82206,0,0,0,0,0,0,1.63188,-2.31802,0.173661,0.182894,0.0689179,1.0899
1641,0.8205,4,2,4,0,0,0,0,0,0,34.0341,-26.329,2.75221,0.925286,5.85497,2.84851,0,0,0,0,0,0,1.62462,-2.30955,0.168521,0.179833,0.0708654,1.09235
1642,0.821,4,2,4,0,0,0,0,0,0,34.0175,-26.3332,2.65182,0.933523,5.83963,2.87437,0,0,0,0,0,0,1.61614,-2.29801,0.163244,0.178953,0.0721096,1.09026
1643,0.8215,4,2,4,0,0,0,0,0,0,34.0012,-26.3362,2.54853,0.940947,5.82252,2.89942,0,0,0,0,0,0,1.60982,-2.28692,0.156873,0.177772,0.0728068,1.09054
1644,0.822,4,2,4,0,0,0,0,0,0,33.9837,-26.3367,2.44327,0.948029,5.80247,2.92344,0,0,0,0,0,0,1.60666,-2.27887,0.150134,0.176102,0.0732106,1.0896
1645,0.8225,4,2,4,0,0,0,0,0,0,33.9672,-26.3328,2.33616,0.953931,5.78046,2.94907,0,0,0,0,0,0,1.60144,-2.26967,0.143615,0.175826,0.0718893,1.08639
1646,0.823,4,2,4,0,0,0,0,0,0,33.9531,-26.3254,2.22736,0.958023,5.75759,2.97654,0,0,0,0,0,0,1.60039,-2.26327,0.134913,0.175928,0.0701223,1.08451
1647,0.8235,4,2,4,0,0,0,0,0,0,33.9412,-26.3164,2.11433,0.959705,5.73527,3.00362,0,0,0,0,0,0,1.59796,-2.25583,0.127697,0.176834,0.0680554,1.08374
1648,0.824,4,2,4,0,0,0,0,0,0,33.9265,-26.3042,1.99789,0.960338,5.71357,3.03139,0,0,0,0,0,0,1.59283,-2.24342,0.119687,0.177768,0.0665174,1.086
1649,0.8245,4,2,4,0,0,0,0,0,0,33.9084,-26.2903,1.87947,0.9608,5.6926,3.0597,0,0,0,0,0,0,1.58698,-2.23078,0.111731,0.178891,0.0654311,1.0919
1650,0.825,4,2,4,0,0,0,0,0,0,33.8908,-26.2799,1.76133,0.962498,5.67237,3.08374,0,0,0,0,0,0,1.5804,-2.21738,0.103007,0.178367,0.0651499,1.10283
1651,0.8255,4,2,4,0,0,0,0,0,0,33.8749,-26.2725,1.64554,0.966191,5.65296,3.10587,0,0,0,0,0,0,1.57599,-2.20695,0.095015,0.1783,0.0646303,1.10279
1652,0.826,4,2,4,0,0,0,0,0,0,33.8593,-26.2656,1.53241,0.971521,5.63581,3.1273,0,0,0,0,0,0,1.57383,-2.20119,0.0891942,0.176724,0.0643812,1.10163
1653,0.8265,4,2,4,0,0,0,0,0,0,33.8431,-26.2564,1.42243,0.979199,5.62083,3.14581,0,0,0,0,0,0,1.57315,-2.19938,0.0839743,0.174135,0.0640351,1.09939
1654,0.827,4,2,4,0,0,0,0,0,0,33.8255,-26.2449,1.31606,0.989288,5.60759,3.16037,0,0,0,0,0,0,1.57763,-2.20083,0.0794765,0.172647,0.0628292,1.0887
1655,0.8275,4,2,4,0,0,0,0,0,0,33.8048,-26.2274,1.21365,0.999918,5.59584,3.1767,0,0,0,0,0,0,1.57791,-2.19592,0.0727022,0.171674,0.0611045,1.07935
1656,0.828,4,2,4,0,0,0,0,0,0,33.7822,-26.2057,1.11306,1.00913,5.58595,3.19705,0,0,0,0,0,0,1.57521,-2.18902,0.0660686,0.170304,0.0600811,1.0752
1657,0.8285,4,2,4,0,0,0,0,0,0,33.7596,-26.1826,1.01357,1.01669,5.57745,3.21774,0,0,0,0,0,0,1.57308,-2.17875,0.058235,0.16885,0.0584996,1.06775
1658,0.829,4,2,4,0,0,0,0,0,0,33.737,-26.1596,0.913325,1.023,5.56978,3.23873,0,0,0,0,0,0,1.56808,-2.16533,0.0504957,0.166731,0.0581374,1.06468
1659,0.8295,4,2,4,0,0,0,0,0,0,33.7146,-26.1374,0.810326,1.02793,5.56253,3.26272,0,0,0,0,0,0,1.56624,-2.15209,0.0403553,0.164805,0.0581261,1.06396
1660,0.83,4,2,4,0,0,0,0,0,0,33.6948,-26.1202,0.704917,1.03188,5.55506,3.2882,0,0,0,0,0,0,1.5668,-2.13978,0.0313402,0.164133,0.0587337,1.0631
1661,0.8305,4,2,4,0,0,0,0,0,0,33.6792,-26.106,0.597547,1.03528,5.5469,3.31632,0,0,0,0,0,0,1.56308,-2.12242,0.02243,0.161954,0.0607384,1.06725
1662,0.831,4,2,4,0,0,0,0,0,0,33.666,-26.0929,0.488197,1.03749,5.53807,3.34716,0,0,0,0,0,0,1.56732,-2.11207,0.0167126,0.160428,0.0625495,1.07386
1663,0.8315,4,2,4,0,0,0,0,0,0,33.6535,-26.0793,0.376142,1.0391,5.52792,3.37779,0,0,0,0,0,0,1.56598,-2.1008,0.0103877,0.159488,0.064467,1.08076
1664,0.832,4,2,4,0,0,0,0,0,0,33.643,-26.0668,0.262003,1.04066,5.51657,3.40502,0,0,0,0,0,0,1.56371,-2.09112,0.00430459,0.15954,0.0653531,1.08021
1665,0.8325,4,2,4,0,0,0,0,0,0,33.633,-26.0513,0.147024,1.04294,5.50443,3.43039,0,0,0,0,0,0,1.55868,-2.0842,-0.000913835,0.160107,0.0659781,1.08024
1666,0.833,4,2,4,0,0,0,0,0,0,33.6193,-26.0291,0.0325735,1.04598,5.49188,3.45851,0,0,0,0,0,0,1.55237,-2.0758,-0.00552707,0.160596,0.0657012,1.07773
1667,0.8335,4,2,4,0,0,0,0,0,0,33.6024,-26.0019,-0.0841006,1.04828,5.47951,3.48749,0,0,0,0,0,0,1.54183,-2.06125,-0.00917149,0.161945,0.0640698,1.07468
1668,0.834,4,2,4,0,0,0,0,0,0,33.5868,-25.975,-0.202539,1.04953,5.46761,3.51201,0,0,0,0,0,0,1.53783,-2.04918,-0.0144557,0.161274,0.0636349,1.07957
1669,0.8345,4,2,4,0,0,0,0,0,0,33.5693,-25.9465,-0.320988,1.0494,5.45651,3.53475,0,0,0,0,0,0,1.53607,-2.03502,-0.0214923,0.158783,0.0634647,1.08448
1670,0.835,4,2,4,0,0,0,0,0,0,33.549,-25.9193,-0.439122,1.04864,5.44631,3.55308,0,0,0,0,0,0,1.53518,-2.02389,-0.027781,0.157396,0.0630452,1.08618
1671,0.8355,4,2,4,0,0,0,0,0,0,33.5274,-25.893,-0.555122,1.04822,5.43718,3.56959,0,0,0,0,0,0,1.53684,-2.01762,-0.0357665,0.15686,0.0629376,1.08738
1672,0.836,4,2,4,0,0,0,0,0,0,33.5066,-25.8674,-0.669588,1.04969,5.4288,3.58524,0,0,0,0,0,0,1.53692,-2.01434,-0.0428291,0.156351,0.0625569,1.0865
1673,0.8365,4,2,4,0,0,0,0,0,0,33.485,-25.8401,-0.783956,1.05333,5.42168,3.60064,0,0,0,0,0,0,1.54034,-2.01111,-0.0518479,0.154873,0.0630929,1.08406
1674,0.837,4,2,4,0,0,0,0,0,0,33.4634,-25.8116,-0.897342,1.05936,5.41584,3.61406,0,0,0,0,0,0,1.54018,-2.00619,-0.0618638,0.153264,0.0632711,1.084
1675,0.8375,4,2,4,0,0,0,0,0,0,33.4415,-25.7812,-1.00858,1.06664,5.41171,3.62803,0,0,0,0,0,0,1.5413,-2.00052,-0.0714567,0.152668,0.062692,1.0794
1676,0.838,4,2,4,0,0,0,0,0,0,33.4201,-25.7467,-1.11802,1.07425,5.40993,3.64612,0,0,0,0,0,0,1.53903,-1.98926,-0.0796167,0.153087,0.0616611,1.07031
1677,0.8385,4,2,4,0,0,0,0,0,0,33.397,-25.7065,-1.22483,1.08164,5.40989,3.67199,0,0,0,0,0,0,1.53865,-1.97911,-0.0869006,0.152283,0.0616229,1.06739
1678,0.839,4,2,4,0,0,0,0,0,0,33.3744,-25.6661,-1.32921,1.08858,5.41126,3.69943,0,0,0,0,0,0,1.53772,-1.96655,-0.0916243,0.150539,0.0618819,1.06686
1679,0.8395,4,2,4,0,0,0,0,0,0,33.3517,-25.6268,-1.43395,1.09409,5.41393,3.7268,0,0,0,0,0,0,1.53489,-1.95172,-0.0950796,0.150446,0.0612502,1.06727
1680,0.84,4,2,4,0,0,0,0,0,0,33.3281,-25.5914,-1.53993,1.09737,5.41701,3.75347,0,0,0,0,0,0,1.52585,-1.93347,-0.102244,0.149758,0.0617661,1.07058
1681,0.8405,4,2,4,0,0,0,0,0,0,33.3038,-25.5601,-1.64838,1.09833,5.41935,3.77787,0,0,0,0,0,0,1.51271,-1.91337,-0.10978,0.148319,0.0623164,1.07559
1682,0.841,4,2,4,0,0,0,0,0,0,33.2811,-25.529,-1.75895,1.09718,5.42039,3.80325,0,0,0,0,0,0,1.50024,-1.89479,-0.117253,0.146912,0.0629041,1.07728
1683,0.8415,4,2,4,0,0,0,0,0,0,33.2598,-25.4974,-1.87105,1.09437,5.42064,3.83188,0,0,0,0,0,0,1.49342,-1.87955,-0.124041,0.145895,0.0637909,1.07897
1684,0.842,4,2,4,0,0,0,0,0,0,33.242,-25.4657,-1.9854,1.09112,5.42039,3.8596,0,0,0,0,0,0,1.49316,-1.86659,-0.131212,0.144595,0.065618,1.08106
1685,0.8425,4,2,4,0,0,0,0,0,0,33.2293,-25.4348,-2.10275,1.08913,5.41935,3.88409,0,0,0,0,0,0,1.50073,-1.85808,-0.13681,0.144732,0.0676698,1.08245
1686,0.843,4,2,4,0,0,0,0,0,0,33.2196,-25.4025,-2.22224,1.08845,5.41758,3.90777,0,0,0,0,0,0,1.50571,-1.85101,-0.139665,0.146792,0.0688352,1.07784
1687,0.8435,4,2,4,0,0,0,0,0,0,33.2094,-25.365,-2.34336,1.08897,5.41459,3.93255,0,0,0,0,0,0,1.51193,-1.84688,-0.143054,0.148627,0.0698825,1.07372
1688,0.844,4,2,4,0,0,0,0,0,0,33.1961,-25.3227,-2.4645,1.09059,5.41072,3.95827,0,0,0,0,0,0,1.51583,-1.84003,-0.144451,0.149102,0.070874,1.07164
1689,0.8445,4,2,4,0,0,0,0,0,0,33.1812,-25.2816,-2.58413,1.0924,5.40777,3.98246,0,0,0,0,0,0,1.5159,-1.83162,-0.149434,0.147785,0.07235,1.07109
1690,0.845,4,2,4,0,0,0,0,0,0,33.166,-25.2401,-2.70342,1.09407,5.40673,4.00789,0,0,0,0,0,0,1.51525,-1.82004,-0.155566,0.145846,0.073286,1.07457
1691,0.8455,4,2,4,0,0,0,0,0,0,33.1505,-25.2008,-2.82297,1.09603,5.40697,4.03097,0,0,0,0,0,0,1.5155,-1.81226,-0.162471,0.144488,0.0727221,1.07495
1692,0.846,4,2,4,0,0,0,0,0,0,33.132,-25.1601,-2.94319,1.0976,5.40814,4.05303,0,0,0,0,0,0,1.51178,-1.79922,-0.169275,0.143133,0.0713819,1.0763
1693,0.8465,4,2,4,0,0,0,0,0,0,33.1087,-25.1157,-3.06319,1.09867,5.41026,4.0737,0,0,0,0,0,0,1.50633,-1.78212,-0.177056,0.141321,0.0708231,1.07567
1694,0.847,4,2,4,0,0,0,0,0,0,33.0806,-25.0692,-3.18124,1.09896,5.41365,4.09467,0,0,0,0,0,0,1.50312,-1.7679,-0.18554,0.139779,0.0704444,1.07862
1695,0.8475,4,2,4,0,0,0,0,0,0,33.0529,-25.0231,-3.29539,1.09854,5.41879,4.11308,0,0,0,0,0,0,1.50223,-1.75943,-0.19534,0.137809,0.0708139,1.08033
1696,0.848,4,2,4,0,0,0,0,0,0,33.0264,-24.9758,-3.40543,1.09772,5.42646,4.13097,0,0,0,0,0,0,1.50079,-1.75387,-0.20386,0.136547,0.0706288,1.07903
1697,0.8485,4,2,4,0,0,0,0,0,0,33.0007,-24.9254,-3.51208,1.09703,5.43705,4.15213,0,0,0,0,0,0,1.49775,-1.74429,-0.213671,0.134674,0.0711808,1.07757
1698,0.849,4,2,4,0,0,0,0,0,0,32.975,-24.8704,-3.61711,1.09713,5.44971,4.17807,0,0,0,0,0,0,1.49322,-1.73084,-0.221093,0.134204,0.0717188,1.07827
1699,0.8495,4,2,4,0,0,0,0,0,0,32.9505,-24.8125,-3.72055,1.09818,5.46348,4.20593,0,0,0,0,0,0,1.49182,-1.71523,-0.223925,0.136561,0.070926,1.08076
1700,0.85,4,2,4,0,0,0,0,0,0,32.9278,-24.7572,-3.82253,1.09979,5.47802,4.23358,0,0,0,0,0,0,1.48798,-1.69755,-0.22834,0.137422,0.071847,1.0866
1701,0.8505,4,2,4,0,0,0,0,0,0,32.9075,-24.7061,-3.92395,1.10191,5.49258,4.26038,0,0,0,0,0,0,1.48696,-1.68244,-0.231711,0.136887,0.074126,1.0905
1702,0.851,4,2,4,0,0,0,0,0,0,32.8903,-24.6612,-4.02706,1.10479,5.50633,4.28405,0,0,0,0,0,0,1.4859,-1.66878,-0.235222,0.135847,0.0764548,1.09007
1703,0.8515,4,2,4,0,0,0,0,0,0,32.8751,-24.6173,-4.13272,1.10795,5.51812,4.30778,0,0,0,0,0,0,1.48205,-1.65687,-0.237008,0.133232,0.0787913,1.08894
1704,0.852,4,2,4,0,0,0,0,0,0,32.8625,-24.5724,-4.2418,1.11048,5.52786,4.33395,0,0,0,0,0,0,1.475,-1.64312,-0.239453,0.130405,0.0805669,1.08835
1705,0.8525,4,2,4,0,0,0,0,0,0,32.8513,-24.5263,-4.35418,1.11185,5.53611,4.36348,0,0,0,0,0,0,1.46701,-1.62552,-0.244297,0.130029,0.0807961,1.09095
1706,0.853,4,2,4,0,0,0,0,0,0,32.8422,-24.4817,-4.4687,1.11191,5.54365,4.39167,0,0,0,0,0,0,1.46082,-1.60729,-0.249273,0.131474,0.0794783,1.09033
1707,0.8535,4,2,4,0,0,0,0,0,0,32.8338,-24.437,-4.58476,1.1106,5.55147,4.41811,0,0,0,0,0,0,1.45577,-1.59248,-0.255614,0.132744,0.0790899,1.08653
1708,0.854,4,2,4,0,0,0,0,0,0,32.8235,-24.3879,-4.70197,1.10871,5.5593,4.44607,0,0,0,0,0,0,1.45101,-1.57908,-0.262455,0.133326,0.0801295,1.07884
1709,0.8545,4,2,4,0,0,0,0,0,0,32.8119,-24.3346,-4.82172,1.1064,5.56787,4.47805,0,0,0,0,0,0,1.45088,-1.56906,-0.270346,0.132886,0.0827783,1.07143
1710,0.855,4,2,4,0,0,0,0,0,0,32.8011,-24.2796,-4.94295,1.10462,5.57739,4.513,0,0,0,0,0,0,1.451,-1.55416,-0.277083,0.131614,0.0855788,1.07212
1711,0.8555,4,2,4,0,0,0,0,0,0,32.7892,-24.2242,-5.06546,1.10245,5.58858,4.5498,0,0,0,0,0,0,1.44829,-1.53716,-0.281764,0.131409,0.0871572,1.08172
1712,0.856,4,2,4,0,0,0,0,0,0,32.7747,-24.1698,-5.18866,1.09964,5.60171,4.58318,0,0,0,0,0,0,1.4482,-1.5234,-0.287479,0.131774,0.0881746,1.09981
1713,0.8565,4,2,4,0,0,0,0,0,0,32.7585,-24.1181,-5.31046,1.09668,5.61599,4.60923,0,0,0,0,0,0,1.4429,-1.50814,-0.293801,0.131853,0.0890506,1.1144
1714,0.857,4,2,4,0,0,0,0,0,0,32.7414,-24.0663,-5.43012,1.09337,5.63138,4.63347,0,0,0,0,0,0,1.43592,-1.49592,-0.300411,0.130974,0.0907426,1.1179
1715,0.8575,4,2,4,0,0,0,0,0,0,32.7235,-24.0116,-5.54879,1.09035,5.64774,4.65762,0,0,0,0,0,0,1.43199,-1.48551,-0.303651,0.129301,0.0913632,1.11891
1716,0.858,4,2,4,0,0,0,0,0,0,32.705,-23.9535,-5.66787,1.08785,5.66523,4.68106,0,0,0,0,0,0,1.42686,-1.47516,-0.305772,0.125673,0.0917946,1.11803
1717,0.8585,4,2,4,0,0,0,0,0,0,32.6877,-23.8935,-5.78672,1.08594,5.68356,4.70153,0,0,0,0,0,0,1.42694,-1.46869,-0.308902,0.122999,0.0917215,1.11553
1718,0.859,4,2,4,0,0,0,0,0,0,32.6723,-23.8333,-5.90437,1.08403,5.70349,4.72129,0,0,0,0,0,0,1.42682,-1.46172,-0.312852,0.120911,0.0913962,1.10907
1719,0.8595,4,2,4,0,0,0,0,0,0,32.6573,-23.7704,-6.01894,1.08226,5.72461,4.7445,0,0,0,0,0,0,1.42176,-1.45158,-0.317472,0.11916,0.0914854,1.10222
1720,0.86,4,2,4,0,0,0,0,0,0,32.6416,-23.7036,-6.12932,1.08131,5.74653,4.7721,0,0,0,0,0,0,1.42367,-1.44177,-0.324321,0.12019,0.0913006,1.09717
1721,0.8605,4,2,4,0,0,0,0,0,0,32.627,-23.6351,-6.23532,1.08227,5.76878,4.8018,0,0,0,0,0,0,1.42695,-1.42981,-0.334013,0.123886,0.0915227,1.09208
1722,0.861,4,2,4,0,0,0,0,0,0,32.6133,-23.5669,-6.33823,1.08542,5.7918,4.83398,0,0,0,0,0,0,1.42831,-1.41351,-0.344984,0.126944,0.0928658,1.08824
1723,0.8615,4,2,4,0,0,0,0,0,0,32.6009,-23.5016,-6.44016,1.08932,5.81635,4.86872,0,0,0,0,0,0,1.4292,-1.39482,-0.354241,0.127631,0.0957219,1.08864
1724,0.862,4,2,4,0,0,0,0,0,0,32.5891,-23.4428,-6.54111,1.0936,5.84186,4.90295,0,0,0,0,0,0,1.42863,-1.37446,-0.361719,0.128253,0.0981483,1.09365
1725,0.8625,4,2,4,0,0,0,0,0,0,32.5761,-23.3864,-6.64156,1.09745,5.86819,4.93904,0,0,0,0,0,0,1.42442,-1.35678,-0.366999,0.126771,0.100997,1.10158
1726,0.863,4,2,4,0,0,0,0,0,0,32.5607,-23.3269,-6.7417,1.10098,5.89332,4.97684,0,0,0,0,0,0,1.42226,-1.34061,-0.369204,0.124362,0.10325,1.10971
1727,0.8635,4,2,4,0,0,0,0,0,0,32.5419,-23.2643,-6.84454,1.10359,5.91695,5.01599,0,0,0,0,0,0,1.41196,-1.31867,-0.371945,0.12292,0.104737,1.11435
1728,0.864,4,2,4,0,0,0,0,0,0,32.5208,-23.1998,-6.9521,1.10448,5.93977,5.05225,0,0,0,0,0,0,1.40431,-1.29976,-0.373905,0.122103,0.105748,1.11738
1729,0.8645,4,2,4,0,0,0,0,0,0,32.4982,-23.1322,-7.06436,1.10278,5.96197,5.08458,0,0,0,0,0,0,1.39787,-1.28326,-0.377617,0.121027,0.107245,1.1186
1730,0.865,4,2,4,0,0,0,0,0,0,32.4738,-23.0604,-7.18003,1.09851,5.98392,5.11691,0,0,0,0,0,0,1.39521,-1.26798,-0.382301,0.119443,0.109128,1.12476
1731,0.8655,4,2,4,0,0,0,0,0,0,32.4463,-22.983,-7.29621,1.09226,6.00547,5.15273,0,0,0,0,0,0,1.39468,-1.2551,-0.384736,0.118129,0.109985,1.1265
1732,0.866,4,2,4,0,0,0,0,0,0,32.4165,-22.9025,-7.41105,1.08447,6.02694,5.18898,0,0,0,0,0,0,1.39299,-1.24188,-0.389896,0.117733,0.111436,1.12422
1733,0.8665,4,2,4,0,0,0,0,0,0,32.385,-22.821,-7.52448,1.0765,6.04811,5.22292,0,0,0,0,0,0,1.38704,-1.22608,-0.397225,0.117258,0.114095,1.12064
1734,0.867,4,2,4,0,0,0,0,0,0,32.3519,-22.7395,-7.63866,1.06922,6.06987,5.25409,0,0,0,0,0,0,1.38974,-1.21348,-0.402967,0.118527,0.115384,1.11798
1735,0.8675,4,2,4,0,0,0,0,0,0,32.3184,-22.6622,-7.75397,1.06209,6.09281,5.28026,0,0,0,0,0,0,1.39154,-1.19876,-0.410284,0.120907,0.117399,1.12028
1736,0.868,4,2,4,0,0,0,0,0,0,32.2861,-22.5868,-7.86873,1.05597,6.11653,5.30551,0,0,0,0,0,0,1.39615,-1.18892,-0.41739,0.122949,0.11952,1.12112
1737,0.8685,4,2,4,0,0,0,0,0,0,32.255,-22.5118,-7.98115,1.05076,6.14093,5.33161,0,0,0,0,0,0,1.40027,-1.1805,-0.423357,0.12589,0.120503,1.12564
1738,0.869,4,2,4,0,0,0,0,0,0,32.2246,-22.436,-8.08991,1.04596,6.16593,5.36232,0,0,0,0,0,0,1.40349,-1.17062,-0.427902,0.125475,0.122752,1.1369
1739,0.8695,4,2,4,0,0,0,0,0,0,32.1962,-22.3577,-8.19772,1.04184,6.19188,5.39494,0,0,0,0,0,0,1.41566,-1.16463,-0.430342,0.124683,0.123791,1.14923
1740,0.87,4,2,4,0,0,0,0,0,0,32.1697,-22.2794,-8.3077,1.03812,6.21984,5.42617,0,0,0,0,0,0,1.42875,-1.15974,-0.431268,0.122581,0.124215,1.15425
1741,0.8705,4,2,4,0,0,0,0,0,0,32.1439,-22.2005,-8.41904,1.03439,6.24939,5.45713,0,0,0,0,0,0,1.43761,-1.15378,-0.432885,0.119941,0.125041,1.15318
1742,0.871,4,2,4,0,0,0,0,0,0,32.1177,-22.1165,-8.53068,1.03165,6.27925,5.49138,0,0,0,0,0,0,1.44989,-1.15179,-0.435288,0.117631,0.126545,1.14728
1743,0.8715,4,2,4,0,0,0,0,0,0,32.0918,-22.0278,-8.64004,1.02921,6.30932,5.53294,0,0,0,0,0,0,1.461,-1.14923,-0.439866,0.116849,0.128796,1.1501
1744,0.872,4,2,4,0,0,0,0,0,0,32.0692,-21.9387,-8.74511,1.02656,6.33999,5.5809,0,0,0,0,0,0,1.47366,-1.14499,-0.445918,0.116509,0.130875,1.15667
1745,0.8725,4,2,4,0,0,0,0,0,0,32.049,-21.8501,-8.84611,1.02365,6.37188,5.63166,0,0,0,0,0,0,1.49028,-1.14011,-0.453826,0.117998,0.131814,1.16283
1746,0.873,4,2,4,0,0,0,0,0,0,32.0311,-21.7653,-8.94548,1.02074,6.40596,5.67974,0,0,0,0,0,0,1.49839,-1.12789,-0.463166,0.119137,0.133672,1.16961
1747,0.8735,4,2,4,0,0,0,0,0,0,32.0159,-21.6864,-9.04309,1.01797,6.44172,5.72249,0,0,0,0,0,0,1.50351,-1.11658,-0.468853,0.119224,0.135013,1.16833
1748,0.874,4,2,4,0,0,0,0,0,0,32.0025,-21.6102,-9.13745,1.01577,6.47865,5.76441,0,0,0,0,0,0,1.51082,-1.10714,-0.472911,0.117981,0.136354,1.17171
1749,0.8745,4,2,4,0,0,0,0,0,0,31.9898,-21.5354,-9.22723,1.01458,6.51628,5.80666,0,0,0,0,0,0,1.51343,-1.09521,-0.47607,0.11714,0.137517,1.17503
1750,0.875,4,2,4,0,0,0,0,0,0,31.9762,-21.4619,-9.31223,1.01383,6.55527,5.84971,0,0,0,0,0,0,1.51584,-1.08454,-0.478937,0.11699,0.138208,1.17779
1751,0.8755,4,2,4,0,0,0,0,0,0,31.9633,-21.3888,-9.39525,1.0128,6.59608,5.89043,0,0,0,0,0,0,1.50908,-1.07149,-0.481976,0.117523,0.139299,1.18108
1752,0.876,4,2,4,0,0,0,0,0,0,31.9511,-21.3157,-9.48171,1.01117,6.63866,5.92617,0,0,0,0,0,0,1.5008,-1.05428,-0.482755,0.116771,0.140937,1.1817
1753,0.8765,4,2,4,0,0,0,0,0,0,31.9383,-21.2425,-9.57331,1.00868,6.68161,5.95987,0,0,0,0,0,0,1.50046,-1.04149,-0.480264,0.114188,0.142072,1.17774
1754,0.877,4,2,4,0,0,0,0,0,0,31.924,-21.164,-9.67023,1.00617,6.72318,5.99574,0,0,0,0,0,0,1.48816,-1.02359,-0.478378,0.110748,0.143439,1.16989
1755,0.8775,4,2,4,0,0,0,0,0,0,31.909,-21.081,-9.77182,1.0043,6.76254,6.03556,0,0,0,0,0,0,1.46819,-0.997991,-0.476907,0.108086,0.144622,1.16121
1756,0.878,4,2,4,0,0,0,0,0,0,31.8979,-20.9978,-9.87655,1.00283,6.79969,6.08149,0,0,0,0,0,0,1.44921,-0.972514,-0.477386,0.106375,0.146256,1.15651
1757,0.8785,4,2,4,0,0,0,0,0,0,31.8905,-20.9152,-9.98424,1.00129,6.83596,6.13311,0,0,0,0,0,0,1.42935,-0.943845,-0.481244,0.106812,0.148373,1.15252
1758,0.879,4,2,4,0,0,0,0,0,0,31.8851,-20.8367,-10.0962,0.999419,6.87229,6.18416,0,0,0,0,0,0,1.41272,-0.912127,-0.487482,0.108626,0.150569,1.1516
1759,0.8795,4,2,4,0,0,0,0,0,0,31.8815,-20.7614,-10.2125,0.998126,6.90848,6.23371,0,0,0,0,0,0,1.3964,-0.881239,-0.494167,0.11242,0.152082,1.15959
1760,0.88,4,2,4,0,0,0,0,0,0,31.8779,-20.6869,-10.3304,0.997465,6.94373,6.28432,0,0,0,0,0,0,1.37421,-0.847815,-0.499543,0.115428,0.153498,1.16427
1761,0.8805,4,2,4,0,0,0,0,0,0,31.8742,-20.6119,-10.448,0.997209,6.97826,6.33949,0,0,0,0,0,0,1.35235,-0.814348,-0.503119,0.117037,0.154676,1.16828
1762,0.881,4,2,4,0,0,0,0,0,0,31.8701,-20.5359,-10.5635,0.99664,7.01234,6.39993,0,0,0,0,0,0,1.33507,-0.787237,-0.506756,0.117413,0.156567,1.17436
1763,0.8815,4,2,4,0,0,0,0,0,0,31.864,-20.4589,-10.6773,0.994269,7.04729,6.45976,0,0,0,0,0,0,1.31752,-0.761954,-0.510885,0.117057,0.159141,1.17594
1764,0.882,4,2,4,0,0,0,0,0,0,31.8562,-20.3786,-10.7916,0.990158,7.08385,6.51538,0,0,0,0,0,0,1.29819,-0.737818,-0.51433,0.115786,0.162096,1.17803
1765,0.8825,4,2,4,0,0,0,0,0,0,31.8446,-20.2946,-10.9045,0.983648,7.12143,6.56835,0,0,0,0,0,0,1.27618,-0.715104,-0.519276,0.114869,0.166225,1.17571
1766,0.883,4,2,4,0,0,0,0,0,0,31.8269,-20.2034,-11.015,0.976533,7.15861,6.62218,0,0,0,0,0,0,1.25703,-0.691565,-0.524803,0.114799,0.16977,1.17408
1767,0.8835,4,2,4,0,0,0,0,0,0,31.8015,-20.1046,-11.1216,0.969174,7.19505,6.67432,0,0,0,0,0,0,1.24694,-0.670127,-0.527262,0.114187,0.171642,1.17925
1768,0.884,4,2,4,0,0,0,0,0,0,31.7703,-20.0029,-11.2222,0.960955,7.23079,6.72446,0,0,0,0,0,0,1.23173,-0.647098,-0.530215,0.113941,0.173799,1.18305
1769,0.8845,4,2,4,0,0,0,0,0,0,31.7335,-19.8985,-11.3175,0.951551,7.26696,6.77378,0,0,0,0,0,0,1.21203,-0.621017,-0.533599,0.113361,0.175995,1.18277
1770,0.885,4,2,4,0,0,0,0,0,0,31.6918,-19.7938,-11.4099,0.941202,7.30458,6.81851,0,0,0,0,0,0,1.20065,-0.599715,-0.538847,0.113841,0.178754,1.18338
1771,0.8855,4,2,4,0,0,0,0,0,0,31.6471,-19.6898,-11.5015,0.931057,7.3434,6.85845,0,0,0,0,0,0,1.19149,-0.58058,-0.547864,0.115838,0.182996,1.17986
1772,0.886,4,2,4,0,0,0,0,0,0,31.5982,-19.5832,-11.5909,0.921575,7.38251,6.89783,0,0,0,0,0,0,1.18138,-0.5622,-0.55453,0.117551,0.185707,1.17751
1773,0.8865,4,2,4,0,0,0,0,0,0,31.5463,-19.4726,-11.6779,0.91314,7.42169,6.94195,0,0,0,0,0,0,1.18043,-0.545869,-0.56147,0.120432,0.187494,1.18744
1774,0.887,4,2,4,0,0,0,0,0,0,31.4909,-19.3586,-11.762,0.905975,7.46053,6.99166,0,0,0,0,0,0,1.18074,-0.529993,-0.568215,0.122836,0.189322,1.1997
1775,0.8875,4,2,4,0,0,0,0,0,0,31.4326,-19.2424,-11.8429,0.898495,7.50009,7.04184,0,0,0,0,0,0,1.19,-0.520619,-0.571159,0.12279,0.190159,1.2178
1776,0.888,4,2,4,0,0,0,0,0,0,31.3721,-19.1224,-11.9239,0.890894,7.54144,7.08888,0,0,0,0,0,0,1.1945,-0.512396,-0.569234,0.120561,0.189319,1.22766
1777,0.8885,4,2,4,0,0,0,0,0,0,31.3095,-19.0003,-12.0047,0.883609,7.58381,7.13443,0,0,0,0,0,0,1.20425,-0.505882,-0.568587,0.117398,0.189072,1.23593
1778,0.889,4,2,4,0,0,0,0,0,0,31.2458,-18.8747,-12.084,0.876893,7.62606,7.18421,0,0,0,0,0,0,1.21581,-0.503213,-0.56985,0.114394,0.18991,1.24088
1779,0.8895,4,2,4,0,0,0,0,0,0,31.1848,-18.7452,-12.1615,0.871349,7.66769,7.24205,0,0,0,0,0,0,1.22475,-0.497401,-0.572254,0.113652,0.191016,1.25055
1780,0.89,4,2,4,0,0,0,0,0,0,31.1281,-18.6166,-12.2367,0.865436,7.71006,7.30238,0,0,0,0,0,0,1.23737,-0.49106,-0.576488,0.114936,0.191544,1.26338
1781,0.8905,4,2,4,0,0,0,0,0,0,31.0764,-18.4923,-12.3083,0.858151,7.75355,7.3632,0,0,0,0,0,0,1.25576,-0.483696,-0.582393,0.116549,0.19242,1.27752
1782,0.891,4,2,4,0,0,0,0,0,0,31.0318,-18.3736,-12.3812,0.84988,7.80032,7.4226,0,0,0,0,0,0,1.26848,-0.473711,-0.586251,0.117523,0.193014,1.28456
1783,0.8915,4,2,4,0,0,0,0,0,0,30.9943,-18.2627,-12.4605,0.842001,7.85195,7.47675,0,0,0,0,0,0,1.27976,-0.465519,-0.588945,0.117831,0.193657,1.2904
1784,0.892,4,2,4,0,0,0,0,0,0,30.9602,-18.156,-12.5457,0.835142,7.90734,7.52739,0,0,0,0,0,0,1.28779,-0.461222,-0.589664,0.116293,0.195041,1.29046
1785,0.8925,4,2,4,0,0,0,0,0,0,30.9296,-18.0529,-12.6354,0.829488,7.96499,7.57696,0,0,0,0,0,0,1.29822,-0.455061,-0.591429,0.115788,0.196789,1.29224
1786,0.893,4,2,4,0,0,0,0,0,0,30.9007,-17.9519,-12.7262,0.824299,8.02293,7.62801,0,0,0,0,0,0,1.30682,-0.449145,-0.593144,0.115686,0.198455,1.29981
1787,0.8935,4,2,4,0,0,0,0,0,0,30.873,-17.8519,-12.8171,0.818322,8.08119,7.67882,0,0,0,0,0,0,1.30939,-0.438832,-0.595557,0.11596,0.20053,1.30928
1788,0.894,4,2,4,0,0,0,0,0,0,30.8484,-17.7521,-12.9102,0.811911,8.13982,7.7263,0,0,0,0,0,0,1.31523,-0.428315,-0.59761,0.115579,0.202727,1.32261
1789,0.8945,4,2,4,0,0,0,0,0,0,30.8259,-17.6534,-13.0065,0.804865,8.19911,7.77188,0,0,0,0,0,0,1.32538,-0.419092,-0.595255,0.112982,0.203559,1.33303
1790,0.895,4,2,4,0,0,0,0,0,0,30.8054,-17.5533,-13.1043,0.798035,8.25716,7.82052,0,0,0,0,0,0,1.32939,-0.406536,-0.590372,0.10907,0.20374,1.3375
1791,0.8955,4,2,4,0,0,0,0,0,0,30.787,-17.449,-13.2023,0.793712,8.31197,7.87703,0,0,0,0,0,0,1.32662,-0.391282,-0.585523,0.105098,0.20396,1.342
1792,0.896,4,2,4,0,0,0,0,0,0,30.7701,-17.3428,-13.2985,0.79083,8.36387,7.9403,0,0,0,0,0,0,1.32075,-0.373428,-0.584643,0.10316,0.205692,1.34341
1793,0.8965,4,2,4,0,0,0,0,0,0,30.7544,-17.2368,-13.3907,0.78758,8.41346,8.0077,0,0,0,0,0,0,1.30936,-0.352788,-0.587977,0.10489,0.208031,1.34044
1794,0.897,4,2,4,0,0,0,0,0,0,30.7395,-17.1302,-13.4806,0.783798,8.46192,8.07833,0,0,0,0,0,0,1.30175,-0.331742,-0.59409,0.109451,0.210794,1.34332
1795,0.8975,4,2,4,0,0,0,0,0,0,30.7258,-17.0258,-13.5704,0.779114,8.5108,8.1492,0,0,0,0,0,0,1.29418,-0.308529,-0.599693,0.113599,0.213595,1.34683
1796,0.898,4,2,4,0,0,0,0,0,0,30.7144,-16.9241,-13.6594,0.773546,8.55961,8.22162,0,0,0,0,0,0,1.28599,-0.28509,-0.605468,0.118214,0.215853,1.35165
1797,0.8985,4,2,4,0,0,0,0,0,0,30.7029,-16.8227,-13.7458,0.76723,8.60796,8.29606,0,0,0,0,0,0,1.27524,-0.263103,-0.609504,0.121879,0.218431,1.3604
1798,0.899,4,2,4,0,0,0,0,0,0,30.6877,-16.7213,-13.8283,0.759979,8.65584,8.37102,0,0,0,0,0,0,1.26868,-0.244583,-0.6125,0.124563,0.22045,1.37172
1799,0.8995,4,2,4,0,0,0,0,0,0,30.6681,-16.6172,-13.905,0.751405,8.70225,8.4444,0,0,0,0,0,0,1.26258,-0.227721,-0.613215,0.123957,0.222784,1.38231
1800,0.9,4,2,4,0,0,0,0,0,0,30.6462,-16.5099,-13.9789,0.742236,8.74823,8.51627,0,0,0,0,0,0,1.25493,-0.209751,-0.612029,0.122374,0.224694,1.38799
1801,0.9005,4,2,4,0,0,0,0,0,0,30.6206,-16.401,-14.0512,0.730931,8.7953,8.5838,0,0,0,0,0,0,1.24384,-0.190291,-0.610074,0.120323,0.226362,1.38804
1802,0.901,4,2,4,0,0,0,0,0,0,30.5903,-16.2881,-14.1214,0.717548,8.84308,8.64579,0,0,0,0,0,0,1.23533,-0.171832,-0.611981,0.120609,0.228445,1.39088
1803,0.9015,4,2,4,0,0,0,0,0,0,30.5551,-16.1712,-14.1863,0.70214,8.89006,8.70718,0,0,0,0,0,0,1.22635,-0.15346,-0.614176,0.119873,0.230871,1.39199
1804,0.902,4,2,4,0,0,0,0,0,0,30.5152,-16.0497,-14.2433,0.685488,8.93484,8.77142,0,0,0,0,0,0,1.21895,-0.135092,-0.614267,0.117672,0.232827,1.3926
1805,0.9025,4,2,4,0,0,0,0,0,0,30.4721,-15.9262,-14.2941,0.667879,8.97842,8.83705,0,0,0,0,0,0,1.2092,-0.116467,-0.613181,0.114844,0.234618,1.38879
1806,0.903,4,2,4,0,0,0,0,0,0,30.4276,-15.8023,-14.3413,0.650646,9.02117,8.90229,0,0,0,0,0,0,1.19776,-0.0955501,-0.611961,0.11208,0.236928,1.38353
1807,0.9035,4,2,4,0,0,0,0,0,0,30.3861,-15.6797,-14.3887,0.635502,9.06393,8.96937,0,0,0,0,0,0,1.19419,-0.0756099,-0.61376,0.11184,0.239284,1.38502
1808,0.904,4,2,4,0,0,0,0,0,0,30.3506,-15.561,-14.4396,0.622658,9.1081,9.03898,0,0,0,0,0,0,1.19872,-0.057918,-0.617615,0.114924,0.240502,1.39496
1809,0.9045,4,2,4,0,0,0,0,0,0,30.3187,-15.4464,-14.4943,0.611935,9.15409,9.11099,0,0,0,0,0,0,1.2066,-0.0447093,-0.623664,0.119833,0.241523,1.4058
1810,0.905,4,2,4,0,0,0,0,0,0,30.2873,-15.3334,-14.5521,0.602054,9.20237,9.18376,0,0,0,0,0,0,1.21353,-0.0336321,-0.628508,0.123485,0.242858,1.4209
1811,0.9055,4,2,4,0,0,0,0,0,0,30.2562,-15.2193,-14.6139,0.59342,9.253,9.25781,0,0,0,0,0,0,1.21321,-0.0199028,-0.627837,0.123512,0.243386,1.43239
1812,0.906,4,2,4,0,0,0,0,0,0,30.2276,-15.1062,-14.6825,0.586969,9.30674,9.33582,0,0,0,0,0,0,1.21466,-0.0058021,-0.622545,0.120711,0.242638,1.44435
1813,0.9065,4,2,4,0,0,0,0,0,0,30.2016,-14.9921,-14.7586,0.582346,9.36364,9.41736,0,0,0,0,0,0,1.21849,0.00794627,-0.61775,0.118548,0.241447,1.45624
1814,0.907,4,2,4,0,0,0,0,0,0,30.1762,-14.8764,-14.8406,0.578848,9.42279,9.49821,0,0,0,0,0,0,1.21792,0.0241659,-0.611799,0.115688,0.240375,1.46378
1815,0.9075,4,2,4,0,0,0,0,0,0,30.1499,-14.7591,-14.9259,0.574681,9.48387,9.5786,0,0,0,0,0,0,1.21606,0.0402483,-0.608747,0.115215,0.239699,1.46921
1816,0.908,4,2,4,0,0,0,0,0,0,30.122,-14.64,-15.0098,0.569188,9.54453,9.65935,0,0,0,0,0,0,1.21347,0.0564777,-0.608954,0.115883,0.240714,1.4714
1817,0.9085,4,2,4,0,0,0,0,0,0,30.0916,-14.5181,-15.0892,0.562305,9.60319,9.7399,0,0,0,0,0,0,1.20369,0.0736741,-0.607905,0.115222,0.242329,1.4654
1818,0.909,4,2,4,0,0,0,0,0,0,30.0578,-14.3942,-15.1652,0.554928,9.66062,9.81832,0,0,0,0,0,0,1.19127,0.0895906,-0.607877,0.114112,0.245138,1.45409
1819,0.9095,4,2,4,0,0,0,0,0,0,30.0234,-14.2706,-15.2392,0.547871,9.71707,9.89595,0,0,0,0,0,0,1.18225,0.104237,-0.610252,0.113826,0.24919,1.45233
1820,0.91,4,2,4,0,0,0,0,0,0,29.9889,-14.1481,-15.3104,0.540698,9.77249,9.97419,0,0,0,0,0,0,1.17623,0.122635,-0.612787,0.114671,0.252427,1.46432
1821,0.9105,4,2,4,0,0,0,0,0,0,29.9541,-14.0265,-15.3785,0.531797,9.82789,10.0518,0,0,0,0,0,0,1.1721,0.140485,-0.615928,0.117147,0.255372,1.47907
1822,0.911,4,2,4,0,0,0,0,0,0,29.9187,-13.9059,-15.4416,0.519359,9.88301,10.1248,0,0,0,0,0,0,1.1697,0.158948,-0.619992,0.12229,0.256789,1.49638
1823,0.9115,4,2,4,0,0,0,0,0,0,29.8835,-13.7863,-15.4997,0.50353,9.93749,10.1971,0,0,0,0,0,0,1.16556,0.176828,-0.624406,0.127137,0.258359,1.50916
1824,0.912,4,2,4,0,0,0,0,0,0,29.8482,-13.6654,-15.5535,0.486437,9.99055,10.2719,0,0,0,0,0,0,1.15887,0.19313,-0.623718,0.127267,0.259102,1.51686
1825,0.9125,4,2,4,0,0,0,0,0,0,29.8121,-13.5425,-15.6033,0.469347,10.0418,10.3499,0,0,0,0,0,0,1.1477,0.210961,-0.61894,0.123832,0.259784,1.52003
1826,0.913,4,2,4,0,0,0,0,0,0,29.7776,-13.4179,-15.6524,0.45453,10.0915,10.4337,0,0,0,0,0,0,1.13455,0.22855,-0.614298,0.11952,0.260975,1.52124
1827,0.9135,4,2,4,0,0,0,0,0,0,29.743,-13.2927,-15.6992,0.440291,10.1395,10.5201,0,0,0,0,0,0,1.12806,0.245443,-0.611992,0.115416,0.263352,1.52584
1828,0.914,4,2,4,0,0,0,0,0,0,29.7087,-13.1676,-15.7434,0.424659,10.187,10.6074,0,0,0,0,0,0,1.12598,0.262183,-0.611697,0.114476,0.264944,1.53126
1829,0.9145,4,2,4,0,0,0,0,0,0,29.6737,-13.0415,-15.7844,0.407606,10.2334,10.6952,0,0,0,0,0,0,1.12629,0.278395,-0.614947,0.116121,0.26685,1.53737
1830,0.915,4,2,4,0,0,0,0,0,0,29.6386,-12.9142,-15.8208,0.391135,10.2766,10.7863,0,0,0,0,0,0,1.12888,0.293208,-0.621161,0.119745,0.269147,1.54528
1831,0.9155,4,2,4,0,0,0,0,0,0,29.6043,-12.7875,-15.856,0.376422,10.3192,10.8809,0,0,0,0,0,0,1.137,0.305853,-0.629441,0.124011,0.271974,1.55813
1832,0.916,4,2,4,0,0,0,0,0,0,29.5691,-12.6604,-15.8896,0.363057,10.3612,10.9754,0,0,0,0,0,0,1.14589,0.319496,-0.636168,0.128801,0.273774,1.57601
1833,0.9165,4,2,4,0,0,0,0,0,0,29.5304,-12.5316,-15.9219,0.349657,10.4037,11.0659,0,0,0,0,0,0,1.14976,0.332699,-0.636424,0.129633,0.27483,1.58511
1834,0.917,4,2,4,0,0,0,0,0,0,29.4879,-12.4025,-15.9549,0.335931,10.4481,11.1531,0,0,0,0,0,0,1.14704,0.346104,-0.632068,0.127946,0.274723,1.58892
1835,0.9175,4,2,4,0,0,0,0,0,0,29.4434,-12.2738,-15.9906,0.321095,10.496,11.2362,0,0,0,0,0,0,1.14117,0.360701,-0.624417,0.12526,0.272968,1.59134
1836,0.918,4,2,4,0,0,0,0,0,0,29.3999,-12.1469,-16.0338,0.306557,10.5491,11.3166,0,0,0,0,0,0,1.13601,0.376383,-0.617426,0.123506,0.271347,1.59577
1837,0.9185,4,2,4,0,0,0,0,0,0,29.3592,-12.0205,-16.0848,0.293106,10.6065,11.3987,0,0,0,0,0,0,1.13102,0.394352,-0.61238,0.124118,0.269557,1.6012
1838,0.919,4,2,4,0,0,0,0,0,0,29.3197,-11.8922,-16.1413,0.280697,10.6667,11.4834,0,0,0,0,0,0,1.1225,0.412045,-0.606638,0.123735,0.26765,1.60158
1839,0.9195,4,2,4,0,0,0,0,0,0,29.2771,-11.7618,-16.1995,0.267356,10.7279,11.5674,0,0,0,0,0,0,1.11179,0.428134,-0.598328,0.121532,0.265131,1.601
1840,0.92,4,2,4,0,0,0,0,0,0,29.2311,-11.6305,-16.2546,0.251544,10.7879,11.6509,0,0,0,0,0,0,1.09725,0.445248,-0.589347,0.116682,0.264991,1.59851
1841,0.9205,4,2,4,0,0,0,0,0,0,29.1858,-11.5004,-16.3094,0.23394,10.8475,11.7352,0,0,0,0,0,0,1.08382,0.462499,-0.584157,0.113214,0.266762,1.5985
1842,0.921,4,2,4,0,0,0,0,0,0,29.1452,-11.3728,-16.3655,0.216271,10.9075,11.8238,0,0,0,0,0,0,1.07735,0.476499,-0.584471,0.113181,0.269728,1.6036
1843,0.9215,4,2,4,0,0,0,0,0,0,29.1102,-11.2453,-16.4224,0.200846,10.9663,11.9161,0,0,0,0,0,0,1.07568,0.490316,-0.590219,0.116344,0.27391,1.61595
1844,0.922,4,2,4,0,0,0,0,0,0,29.0804,-11.1169,-16.4803,0.188648,11.0234,12.0128,0,0,0,0,0,0,1.07857,0.505272,-0.599761,0.123121,0.277904,1.63739
1845,0.9225,4,2,4,0,0,0,0,0,0,29.0522,-10.9874,-16.5351,0.178611,11.0771,12.1144,0,0,0,0,0,0,1.08048,0.521795,-0.609139,0.12864,0.282767,1.65553
1846,0.923,4,2,4,0,0,0,0,0,0,29.0239,-10.8559,-16.5828,0.169188,11.1255,12.2195,0,0,0,0,0,0,1.08008,0.53816,-0.614535,0.131335,0.286914,1.66735
1847,0.9235,4,2,4,0,0,0,0,0,0,28.9972,-10.7255,-16.6237,0.159124,11.17,12.3263,0,0,0,0,0,0,1.07325,0.55519,-0.613756,0.130588,0.288702,1.67583
1848,0.924,4,2,4,0,0,0,0,0,0,28.9709,-10.5953,-16.6613,0.148697,11.2129,12.4336,0,0,0,0,0,0,1.06652,0.5735,-0.608755,0.127815,0.288678,1.68327
1849,0.9245,4,2,4,0,0,0,0,0,0,28.941,-10.4642,-16.6959,0.137157,11.255,12.538,0,0,0,0,0,0,1.05769,0.594312,-0.601175,0.124359,0.288018,1.68803
1850,0.925,4,2,4,0,0,0,0,0,0,28.9052,-10.3325,-16.7275,0.123274,11.2967,12.6361,0,0,0,0,0,0,1.04588,0.614978,-0.594713,0.122076,0.287606,1.68431
1851,0.9255,4,2,4,0,0,0,0,0,0,28.8647,-10.2012,-16.7558,0.105713,11.3383,12.7299,0,0,0,0,0,0,1.03909,0.633175,-0.592736,0.123171,0.287007,1.68562
1852,0.926,4,2,4,0,0,0,0,0,0,28.8203,-10.0707,-16.779,0.0847148,11.3789,12.8223,0,0,0,0,0,0,1.03677,0.648825,-0.592092,0.125649,0.285829,1.69027
1853,0.9265,4,2,4,0,0,0,0,0,0,28.775,-9.94134,-16.7964,0.0599985,11.4182,12.9142,0,0,0,0,0,0,1.03654,0.661682,-0.592363,0.128309,0.285311,1.69838
1854,0.927,4,2,4,0,0,0,0,0,0,28.7271,-9.81096,-16.8104,0.0332738,11.4577,13.0044,0,0,0,0,0,0,1.04084,0.676415,-0.59,0.130445,0.283111,1.7164
1855,0.9275,4,2,4,0,0,0,0,0,0,28.6783,-9.67955,-16.8272,0.00649038,11.5013,13.0944,0,0,0,0,0,0,1.04243,0.691242,-0.586083,0.130015,0.282137,1.73198
1856,0.928,4,2,4,0,0,0,0,0,0,28.6281,-9.54669,-16.8486,-0.0191273,11.5492,13.1832,0,0,0,0,0,0,1.03871,0.704854,-0.581237,0.126974,0.283116,1.73312
1857,0.9285,4,2,4,0,0,0,0,0,0,28.5785,-9.41302,-16.875,-0.0429234,11.601,13.2739,0,0,0,0,0,0,1.03099,0.718526,-0.576505,0.123125,0.285402,1.73215
1858,0.929,4,2,4,0,0,0,0,0,0,28.5321,-9.27962,-16.9044,-0.0651888,11.6548,13.3694,0,0,0,0,0,0,1.02653,0.730572,-0.575829,0.122702,0.287902,1.73482
1859,0.9295,4,2,4,0,0,0,0,0,0,28.4896,-9.14592,-16.9361,-0.0839822,11.7085,13.4705,0,0,0,0,0,0,1.0199,0.743599,-0.576059,0.124473,0.289714,1.73527
1860,0.93,4,2,4,0,0,0,0,0,0,28.4496,-9.0121,-16.9699,-0.0985272,11.7614,13.5746,0,0,0,0,0,0,1.01407,0.758931,-0.575143,0.126652,0.289642,1.73588
1861,0.9305,4,2,4,0,0,0,0,0,0,28.4111,-8.87879,-17.0045,-0.110111,11.8129,13.681,0,0,0,0,0,0,1.01071,0.774232,-0.569527,0.124034,0.288358,1.74509
1862,0.931,4,2,4,0,0,0,0,0,0,28.3736,-8.74603,-17.0412,-0.120274,11.8642,13.7894,0,0,0,0,0,0,1.00549,0.788265,-0.560974,0.12009,0.286728,1.75316
1863,0.9315,4,2,4,0,0,0,0,0,0,28.3366,-8.61254,-17.078,-0.128777,11.9134,13.9025,0,0,0,0,0,0,0.996141,0.803546,-0.552802,0.116806,0.285209,1.76526
1864,0.932,4,2,4,0,0,0,0,0,0,28.2996,-8.47786,-17.1147,-0.136856,11.9614,14.017,0,0,0,0,0,0,0.989226,0.819523,-0.54687,0.116506,0.283716,1.78169
1865,0.9325,4,2,4,0,0,0,0,0,0,28.2611,-8.34246,-17.1493,-0.147445,12.0083,14.1302,0,0,0,0,0,0,0.983412,0.835762,-0.545724,0.122124,0.28279,1.79732
1866,0.933,4,2,4,0,0,0,0,0,0,28.2203,-8.20617,-17.1807,-0.160875,12.0544,14.2406,0,0,0,0,0,0,0.982306,0.851835,-0.546258,0.129489,0.281929,1.81506
1867,0.9335,4,2,4,0,0,0,0,0,0,28.1778,-8.06825,-17.2097,-0.176175,12.0998,14.347,0,0,0,0,0,0,0.974297,0.871432,-0.549531,0.135558,0.284468,1.82373
1868,0.934,4,2,4,0,0,0,0,0,0,28.1379,-7.93102,-17.2382,-0.19209,12.1449,14.4543,0,0,0,0,0,0,0.970501,0.887924,-0.551591,0.138572,0.287205,1.83143
1869,0.9345,4,2,4,0,0,0,0,0,0,28.0998,-7.79481,-17.2638,-0.209244,12.1884,14.5642,0,0,0,0,0,0,0.965321,0.906837,-0.552258,0.138929,0.290723,1.83597
1870,0.935,4,2,4,0,0,0,0,0,0,28.0596,-7.6582,-17.285,-0.229678,12.231,14.6729,0,0,0,0,0,0,0.955087,0.926649,-0.550913,0.137355,0.293985,1.83662
1871,0.9355,4,2,4,0,0,0,0,0,0,28.0161,-7.5212,-17.3022,-0.253442,12.2731,14.778,0,0,0,0,0,0,0.950214,0.94236,-0.547115,0.135957,0.293672,1.84007
1872,0.936,4,2,4,0,0,0,0,0,0,27.9722,-7.38617,-17.3155,-0.2799,12.3143,14.8814,0,0,0,0,0,0,0.941359,0.95871,-0.543666,0.1334,0.294605,1.8395
1873,0.9365,4,2,4,0,0,0,0,0,0,27.9279,-7.25278,-17.3251,-0.305809,12.3527,14.9849,0,0,0,0,0,0,0.936764,0.970985,-0.539322,0.130058,0.294467,1.84302
1874,0.937,4,2,4,0,0,0,0,0,0,27.8818,-7.11934,-17.3287,-0.330911,12.3869,15.0878,0,0,0,0,0,0,0.931048,0.98325,-0.535449,0.128376,0.293702,1.84803
1875,0.9375,4,2,4,0,0,0,0,0,0,27.8344,-6.98494,-17.3272,-0.355829,12.4183,15.192,0,0,0,0,0,0,0.931294,0.99506,-0.531488,0.127311,0.292475,1.85937
1876,0.938,4,2,4,0,0,0,0,0,0,27.7858,-6.85033,-17.3218,-0.382297,12.4494,15.296,0,0,0,0,0,0,0.936262,1.0061,-0.52658,0.126286,0.289497,1.87779
1877,0.9385,4,2,4,0,0,0,0,0,0,27.7355,-6.71523,-17.3158,-0.41073,12.4829,15.398,0,0,0,0,0,0,0.939318,1.0169,-0.521556,0.124418,0.287788,1.89074
1878,0.939,4,2,4,0,0,0,0,0,0,27.6853,-6.57983,-17.3138,-0.438487,12.5205,15.5033,0,0,0,0,0,0,0.934507,1.03052,-0.515385,0.121459,0.287086,1.89529
1879,0.9395,4,2,4,0,0,0,0,0,0,27.6378,-6.44411,-17.3185,-0.461313,12.5611,15.6167,0,0,0,0,0,0,0.922789,1.04747,-0.508949,0.120207,0.286918,1.89728
1880,0.94,4,2,4,0,0,0,0,0,0,27.596,-6.30814,-17.3312,-0.478889,12.6043,15.7389,0,0,0,0,0,0,0.915882,1.06403,-0.50633,0.122988,0.287244,1.90357
1881,0.9405,4,2,4,0,0,0,0,0,0,27.5578,-6.17262,-17.3512,-0.493241,12.6503,15.8626,0,0,0,0,0,0,0.910345,1.08019,-0.506022,0.128588,0.287094,1.90977
1882,0.941,4,2,4,0,0,0,0,0,0,27.5197,-6.03764,-17.3743,-0.50651,12.6968,15.9846,0,0,0,0,0,0,0.907972,1.09592,-0.504585,0.134438,0.285824,1.92128
1883,0.9415,4,2,4,0,0,0,0,0,0,27.4776,-5.9029,-17.3972,-0.520041,12.7424,16.1037,0,0,0,0,0,0,0.902565,1.10964,-0.50108,0.137159,0.284406,1.93206
1884,0.942,4,2,4,0,0,0,0,0,0,27.4319,-5.76684,-17.4203,-0.533161,12.7873,16.22,0,0,0,0,0,0,0.898943,1.12244,-0.494168,0.136414,0.281825,1.94561
1885,0.9425,4,2,4,0,0,0,0,0,0,27.3831,-5.62855,-17.4441,-0.545938,12.8323,16.3348,0,0,0,0,0,0,0.892478,1.13495,-0.487079,0.133918,0.280197,1.95814
1886,0.943,4,2,4,0,0,0,0,0,0,27.336,-5.48914,-17.4675,-0.559632,12.877,16.4516,0,0,0,0,0,0,0.884348,1.14838,-0.480034,0.130704,0.278647,1.96637
1887,0.9435,4,2,4,0,0,0,0,0,0,27.2879,-5.34822,-17.4862,-0.576888,12.9198,16.5667,0,0,0,0,0,0,0.878366,1.16287,-0.476096,0.13025,0.278706,1.97357
1888,0.944,4,2,4,0,0,0,0,0,0,27.2376,-5.207,-17.4962,-0.598405,12.9581,16.6801,0,0,0,0,0,0,0.870188,1.17999,-0.474959,0.132653,0.27975,1.97925
1889,0.9445,4,2,4,0,0,0,0,0,0,27.1851,-5.0653,-17.4974,-0.622732,12.991,16.7938,0,0,0,0,0,0,0.857833,1.19755,-0.473809,0.134329,0.281976,1.98014
1890,0.945,4,2,4,0,0,0,0,0,0,27.1344,-4.92391,-17.4917,-0.646955,13.0184,16.9095,0,0,0,0,0,0,0.847098,1.21321,-0.472172,0.133768,0.28515,1.97819
1891,0.9455,4,2,4,0,0,0,0,0,0,27.0871,-4.78424,-17.4829,-0.670468,13.043,17.0255,0,0,0,0,0,0,0.837791,1.22976,-0.471114,0.133871,0.288096,1.97747
1892,0.946,4,2,4,0,0,0,0,0,0,27.0429,-4.64668,-17.4725,-0.694248,13.0664,17.1424,0,0,0,0,0,0,0.833732,1.24571,-0.471619,0.136258,0.289427,1.98344
1893,0.9465,4,2,4,0,0,0,0,0,0,26.9997,-4.51204,-17.4606,-0.719477,13.0896,17.2592,0,0,0,0,0,0,0.832745,1.25913,-0.470867,0.137744,0.289447,1.9908
1894,0.947,4,2,4,0,0,0,0,0,0,26.9538,-4.37832,-17.4468,-0.74668,13.1132,17.3741,0,0,0,0,0,0,0.829817,1.27201,-0.465474,0.136894,0.286602,1.9986
1895,0.9475,4,2,4,0,0,0,0,0,0,26.9076,-4.24438,-17.4333,-0.772542,13.1372,17.4923,0,0,0,0,0,0,0.827645,1.28238,-0.46,0.136876,0.283026,2.01051
1896,0.948,4,2,4,0,0,0,0,0,0,26.8615,-4.10977,-17.4234,-0.795797,13.1642,17.6147,0,0,0,0,0,0,0.82588,1.2914,-0.451795,0.136191,0.277928,2.02436
1897,0.9485,4,2,4,0,0,0,0,0,0,26.8135,-3.97433,-17.415,-0.819566,13.1941,17.7368,0,0,0,0,0,0,0.824915,1.30358,-0.443479,0.13468,0.273458,2.04194
1898,0.949,4,2,4,0,0,0,0,0,0,26.7633,-3.83873,-17.4066,-0.844957,13.2257,17.8583,0,0,0,0,0,0,0.820025,1.31836,-0.433737,0.13231,0.26913,2.05388
1899,0.9495,4,2,4,0,0,0,0,0,0,26.7117,-3.70275,-17.4012,-0.870266,13.2602,17.9798,0,0,0,0,0,0,0.8149,1.33024,-0.422452,0.128257,0.26437,2.06173
1900,0.95,4,2,4,0,0,0,0,0,0,26.6597,-3.56593,-17.4,-0.895045,13.2974,18.1011,0,0,0,0,0,0,0.803332,1.34433,-0.410758,0.122167,0.262549,2.06166
1901,0.9505,4,2,4,0,0,0,0,0,0,26.6072,-3.42809,-17.4027,-0.918637,13.3365,18.2211,0,0,0,0,0,0,0.787503,1.35982,-0.403536,0.120238,0.262788,2.06212
1902,0.951,4,2,4,0,0,0,0,0,0,26.557,-3.28942,-17.4099,-0.938141,13.3762,18.3441,0,0,0,0,0,0,0.78145,1.3753,-0.402645,0.124614,0.26344,2.07462
1903,0.9515,4,2,4,0,0,0,0,0,0,26.5061,-3.1502,-17.4188,-0.95443,13.4145,18.468,0,0,0,0,0,0,0.781951,1.39074,-0.406039,0.132919,0.264692,2.0915
1904,0.952,4,2,4,0,0,0,0,0,0,26.4514,-3.00935,-17.4238,-0.971424,13.4495,18.5888,0,0,0,0,0,0,0.779507,1.40437,-0.409556,0.14039,0.267039,2.10433
1905,0.9525,4,2,4,0,0,0,0,0,0,26.3968,-2.86794,-17.4234,-0.989273,13.4795,18.7106,0,0,0,0,0,0,0.772472,1.41809,-0.40795,0.143954,0.26781,2.11352
1906,0.953,4,2,4,0,0,0,0,0,0,26.3446,-2.72686,-17.4171,-1.00863,13.5049,18.8351,0,0,0,0,0,0,0.762273,1.43264,-0.404623,0.145592,0.267887,2.12209
1907,0.9535,4,2,4,0,0,0,0,0,0,26.2937,-2.58585,-17.4064,-1.02972,13.5275,18.9593,0,0,0,0,0,0,0.755307,1.44431,-0.395384,0.14098,0.265405,2.12953
1908,0.954,4,2,4,0,0,0,0,0,0,26.2423,-2.44547,-17.3934,-1.05242,13.5493,19.0815,0,0,0,0,0,0,0.749075,1.45678,-0.387281,0.136871,0.263072,2.13375
1909,0.9545,4,2,4,0,0,0,0,0,0,26.192,-2.30636,-17.3802,-1.07435,13.57,19.2039,0,0,0,0,0,0,0.743547,1.47149,-0.380062,0.133601,0.260946,2.13666
1910,0.955,4,2,4,0,0,0,0,0,0,26.147,-2.16915,-17.3672,-1.09512,13.5892,19.3287,0,0,0,0,0,0,0.739293,1.48514,-0.376804,0.134515,0.259258,2.13822
1911,0.9555,4,2,4,0,0,0,0,0,0,26.1059,-2.03474,-17.352,-1.11699,13.6063,19.4545,0,0,0,0,0,0,0.738423,1.49714,-0.375388,0.136478,0.25835,2.14186
1912,0.956,4,2,4,0,0,0,0,0,0,26.063,-1.90183,-17.3305,-1.14128,13.6198,19.5798,0,0,0,0,0,0,0.741136,1.50908,-0.374797,0.13783,0.258124,2.15264
1913,0.9565,4,2,4,0,0,0,0,0,0,26.0153,-1.76953,-17.3036,-1.16777,13.6314,19.7036,0,0,0,0,0,0,0.736895,1.52146,-0.371568,0.138093,0.257662,2.16065
1914,0.957,4,2,4,0,0,0,0,0,0,25.9625,-1.6362,-17.2763,-1.19418,13.6446,19.8269,0,0,0,0,0,0,0.729506,1.53483,-0.365656,0.138476,0.255656,2.16971
1915,0.9575,4,2,4,0,0,0,0,0,0,25.9057,-1.50157,-17.2503,-1.21978,13.6601,19.9507,0,0,0,0,0,0,0.725036,1.54811,-0.35972,0.141678,0.251653,2.18618
1916,0.958,4,2,4,0,0,0,0,0,0,25.8519,-1.36576,-17.2286,-1.2443,13.6793,20.0799,0,0,0,0,0,0,0.719454,1.55899,-0.352923,0.144989,0.246734,2.20008
1917,0.9585,4,2,4,0,0,0,0,0,0,25.7985,-1.22855,-17.2092,-1.27041,13.7022,20.2117,0,0,0,0,0,0,0.710198,1.57222,-0.34646,0.147404,0.243526,2.20809
1918,0.959,4,2,4,0,0,0,0,0,0,25.7421,-1.09057,-17.1906,-1.29817,13.7274,20.343,0,0,0,0,0,0,0.697045,1.58506,-0.337513,0.145432,0.241358,2.21153
1919,0.9595,4,2,4,0,0,0,0,0,0,25.6832,-0.951943,-17.1744,-1.32447,13.7541,20.4733,0,0,0,0,0,0,0.685564,1.59817,-0.327348,0.141579,0.238686,2.21727
1920,0.96,4,2,4,0,0,0,0,0,0,25.6229,-0.812962,-17.162,-1.34798,13.7821,20.6011,0,0,0,0,0,0,0.668837,1.61042,-0.316669,0.136781,0.23719,2.21582
1921,0.9605,4,2,4,0,0,0,0,0,0,25.5647,-0.674387,-17.1538,-1.36835,13.8103,20.7276,0,0,0,0,0,0,0.656501,1.62171,-0.308499,0.133242,0.236347,2.21618
1922,0.961,4,2,4,0,0,0,0,0,0,25.5086,-0.536827,-17.1461,-1.38721,13.836,20.8531,0,0,0,0,0,0,0.654896,1.63181,-0.302639,0.131108,0.234473,2.22651
1923,0.9615,4,2,4,0,0,0,0,0,0,25.4532,-0.400259,-17.135,-1.40801,13.8583,20.9763,0,0,0,0,0,0,0.651551,1.64086,-0.297253,0.129427,0.233042,2.23297
1924,0.962,4,2,4,0,0,0,0,0,0,25.3986,-0.263816,-17.1195,-1.43049,13.8766,21.0999,0,0,0,0,0,0,0.649076,1.65026,-0.294162,0.129903,0.231895,2.2444
1925,0.9625,4,2,4,0,0,0,0,0,0,25.3441,-0.125908,-17.099,-1.45343,13.8904,21.2269,0,0,0,0,0,0,0.645616,1.66294,-0.291763,0.131015,0.231562,2.25761
1926,0.963,4,2,4,0,0,0,0,0,0,25.2911,0.0139763,-17.0762,-1.47588,13.9022,21.3575,0,0,0,0,0,0,0.641536,1.67803,-0.292175,0.135785,0.232974,2.26971
1927,0.9635,4,2,4,0,0,0,0,0,0,25.2373,0.154759,-17.0489,-1.49936,13.9115,21.4895,0,0,0,0,0,0,0.63823,1.69267,-0.293226,0.141395,0.234714,2.27796
1928,0.964,4,2,4,0,0,0,0,0,0,25.1839,0.294027,-17.0147,-1.52478,13.9156,21.6221,0,0,0,0,0,0,0.637255,1.70781,-0.29472,0.147167,0.235852,2.28921
1929,0.9645,4,2,4,0,0,0,0,0,0,25.1305,0.429977,-16.9746,-1.5526,13.9156,21.7515,0,0,0,0,0,0,0.630837,1.72237,-0.289416,0.147965,0.233107,2.29674
1930,0.965,4,2,4,0,0,0,0,0,0,25.0787,0.562876,-16.9358,-1.57866,13.9157,21.8805,0,0,0,0,0,0,0.621733,1.73475,-0.279005,0.144898,0.228139,2.30079
1931,0.9655,4,2,4,0,0,0,0,0,0,25.0302,0.693188,-16.9028,-1.60032,13.9187,22.0126,0,0,0,0,0,0,0.61772,1.74489,-0.268111,0.142394,0.221594,2.30928
1932,0.966,4,2,4,0,0,0,0,0,0,24.9818,0.823189,-16.8748,-1.61804,13.9246,22.1472,0,0,0,0,0,0,0.614749,1.75194,-0.258648,0.141763,0.214835,2.31828
1933,0.9665,4,2,4,0,0,0,0,0,0,24.929,0.954056,-16.8477,-1.63696,13.9332,22.2793,0,0,0,0,0,0,0.612395,1.75869,-0.250829,0.143041,0.208339,2.32743
1934,0.967,4,2,4,0,0,0,0,0,0,24.8711,1.08537,-16.8199,-1.65929,13.9439,22.4081,0,0,0,0,0,0,0.611124,1.76879,-0.243802,0.144676,0.20314,2.34146
1935,0.9675,4,2,4,0,0,0,0,0,0,24.8111,1.21901,-16.7912,-1.68384,13.9551,22.5376,0,0,0,0,0,0,0.605767,1.77848,-0.237927,0.145202,0.20063,2.35193
1936,0.968,4,2,4,0,0,0,0,0,0,24.7487,1.35497,-16.7603,-1.71054,13.9662,22.6679,0,0,0,0,0,0,0.596839,1.79227,-0.23057,0.143759,0.198177,2.3605
1937,0.9685,4,2,4,0,0,0,0,0,0,24.6859,1.49229,-16.7289,-1.73694,13.9774,22.8005,0,0,0,0,0,0,0.584246,1.80603,-0.223887,0.143046,0.197424,2.36499
1938,0.969,4,2,4,0,0,0,0,0,0,24.6255,1.62944,-16.6996,-1.76047,13.9886,22.9366,0,0,0,0,0,0,0.569016,1.82034,-0.217346,0.143314,0.197839,2.36322
1939,0.9695,4,2,4,0,0,0,0,0,0,24.5653,1.76617,-16.6721,-1.78227,13.9998,23.0714,0,0,0,0,0,0,0.556916,1.83494,-0.212826,0.145794,0.197843,2.36599
1940,0.97,4,2,4,0,0,0,0,0,0,24.5073,1.90211,-16.6466,-1.80431,14.0115,23.2048,0,0,0,0,0,0,0.55131,1.84464,-0.20894,0.147554,0.196945,2.37205
1941,0.9705,4,2,4,0,0,0,0,0,0,24.4502,2.03732,-16.6207,-1.8273,14.0222,23.3374,0,0,0,0,0,0,0.545662,1.85339,-0.204267,0.14935,0.194637,2.381
1942,0.971,4,2,4,0,0,0,0,0,0,24.3907,2.17279,-16.5923,-1.85128,14.0308,23.466,0,0,0,0,0,0,0.537517,1.86139,-0.198382,0.149043,0.193224,2.38601
1943,0.9715,4,2,4,0,0,0,0,0,0,24.3266,2.30818,-16.5605,-1.8758,14.0369,23.5906,0,0,0,0,0,0,0.531748,1.86918,-0.191293,0.147613,0.18978,2.39399
1944,0.972,4,2,4,0,0,0,0,0,0,24.261,2.4429,-16.5238,-1.90168,14.0392,23.7154,0,0,0,0,0,0,0.523779,1.87832,-0.183188,0.14651,0.185517,2.40345
1945,0.9725,4,2,4,0,0,0,0,0,0,24.1987,2.57725,-16.4829,-1.92819,14.037,23.8427,0,0,0,0,0,0,0.51607,1.88668,-0.174454,0.143235,0.181836,2.40951
1946,0.973,4,2,4,0,0,0,0,0,0,24.1392,2.71022,-16.4368,-1.95616,14.0297,23.9705,0,0,0,0,0,0,0.507019,1.89705,-0.166528,0.138903,0.180214,2.41081
1947,0.9735,4,2,4,0,0,0,0,0,0,24.081,2.84187,-16.3855,-1.98562,14.0181,24.0983,0,0,0,0,0,0,0.503216,1.90784,-0.160128,0.137013,0.177653,2.4174
1948,0.974,4,2,4,0,0,0,0,0,0,24.0239,2.97256,-16.3344,-2.01364,14.0061,24.228,0,0,0,0,0,0,0.49952,1.91938,-0.154281,0.136073,0.175199,2.4244
1949,0.9745,4,2,4,0,0,0,0,0,0,23.9681,3.10285,-16.2888,-2.03626,13.9964,24.361,0,0,0,0,0,0,0.497849,1.9313,-0.152315,0.140494,0.173002,2.43554
1950,0.975,4,2,4,0,0,0,0,0,0,23.9108,3.23369,-16.2485,-2.05476,13.9903,24.4939,0,0,0,0,0,0,0.495195,1.9459,-0.151092,0.147716,0.170635,2.44876
1951,0.9755,4,2,4,0,0,0,0,0,0,23.8512,3.36497,-16.2105,-2.07191,13.9865,24.6248,0,0,0,0,0,0,0.489221,1.95981,-0.146916,0.151924,0.168219,2.45935
1952,0.976,4,2,4,0,0,0,0,0,0,23.7908,3.49583,-16.1725,-2.0896,13.9834,24.7566,0,0,0,0,0,0,0.484757,1.96739,-0.140445,0.153121,0.163562,2.46938
1953,0.9765,4,2,4,0,0,0,0,0,0,23.731,3.62591,-16.1343,-2.10803,13.9806,24.8917,0,0,0,0,0,0,0.476566,1.97321,-0.13047,0.149938,0.15859,2.47562
1954,0.977,4,2,4,0,0,0,0,0,0,23.672,3.75676,-16.0972,-2.12505,13.978,25.0303,0,0,0,0,0,0,0.471607,1.97982,-0.119115,0.145633,0.152621,2.48473
1955,0.9775,4,2,4,0,0,0,0,0,0,23.6109,3.88882,-16.0609,-2.14221,13.9765,25.1681,0,0,0,0,0,0,0.467007,1.98961,-0.110421,0.145187,0.147325,2.49819
1956,0.978,4,2,4,0,0,0,0,0,0,23.5483,4.02164,-16.0261,-2.15904,13.9765,25.3059,0,0,0,0,0,0,0.458512,2.00032,-0.104111,0.147536,0.143032,2.51021
1957,0.9785,4,2,4,0,0,0,0,0,0,23.4852,4.15422,-15.9914,-2.17738,13.9769,25.4428,0,0,0,0,0,0,0.444233,2.01115,-0.0942857,0.145616,0.139831,2.51129
1958,0.979,4,2,4,0,0,0,0,0,0,23.4214,4.28575,-15.9541,-2.19909,13.9755,25.5783,0,0,0,0,0,0,0.433347,2.02186,-0.0863323,0.144594,0.138156,2.51326
1959,0.9795,4,2,4,0,0,0,0,0,0,23.3563,4.4166,-15.9139,-2.22398,13.972,25.7117,0,0,0,0,0,0,0.425843,2.03054,-0.0822013,0.147543,0.136907,2.51858
1960,0.98,4,2,4,0,0,0,0,0,0,23.2919,4.54764,-15.8713,-2.24917,13.9653,25.8458,0,0,0,0,0,0,0.422455,2.04002,-0.0803738,0.153701,0.135131,2.53019
1961,0.9805,4,2,4,0,0,0,0,0,0,23.2292,4.67887,-15.8259,-2.27534,13.9557,25.9798,0,0,0,0,0,0,0.419916,2.05127,-0.077091,0.158785,0.132249,2.54215
1962,0.981,4,2,4,0,0,0,0,0,0,23.1688,4.80902,-15.7778,-2.30305,13.9437,26.1145,0,0,0,0,0,0,0.416308,2.06263,-0.0733419,0.1628,0.129094,2.55197
1963,0.9815,4,2,4,0,0,0,0,0,0,23.1114,4.93775,-15.7245,-2.33457,13.9286,26.2505,0,0,0,0,0,0,0.411214,2.07096,-0.0703646,0.165945,0.126595,2.55808
1964,0.982,4,2,4,0,0,0,0,0,0,23.0535,5.06532,-15.6654,-2.36853,13.9091,26.3846,0,0,0,0,0,0,0.404304,2.07576,-0.0628152,0.162602,0.123367,2.5589
1965,0.9825,4,2,4,0,0,0,0,0,0,22.9947,5.19219,-15.6064,-2.39918,13.8888,26.5182,0,0,0,0,0,0,0.39523,2.08316,-0.0543255,0.158468,0.120326,2.55894
1966,0.983,4,2,4,0,0,0,0,0,0,22.9324,5.31922,-15.5502,-2.42622,13.8706,26.65,0,0,0,0,0,0,0.385531,2.09577,-0.0436569,0.153489,0.116501,2.56056
1967,0.9835,4,2,4,0,0,0,0,0,0,22.865,5.44604,-15.4971,-2.45017,13.855,26.7774,0,0,0,0,0,0,0.375317,2.10626,-0.0322233,0.148353,0.111739,2.56125
1968,0.984,4,2,4,0,0,0,0,0,0,22.7958,5.57205,-15.4469,-2.47191,13.841,26.9028,0,0,0,0,0,0,0.36928,2.1119,-0.0223689,0.144269,0.106431,2.5691
1969,0.9845,4,2,4,0,0,0,0,0,0,22.7284,5.69727,-15.4001,-2.49169,13.8281,27.0282,0,0,0,0,0,0,0.364788,2.11498,-0.0157339,0.142157,0.102312,2.5773
1970,0.985,4,2,4,0,0,0,0,0,0,22.6598,5.82322,-15.3529,-2.51148,13.8149,27.1526,0,0,0,0,0,0,0.357301,2.12239,-0.00974114,0.14305,0.0986344,2.58514
1971,0.9855,4,2,4,0,0,0,0,0,0,22.588,5.95034,-15.3035,-2.53173,13.8009,27.2767,0,0,0,0,0,0,0.355169,2.13383,-0.00398106,0.14707,0.0940606,2.6023
1972,0.986,4,2,4,0,0,0,0,0,0,22.5146,6.07829,-15.2523,-2.55129,13.7858,27.4037,0,0,0,0,0,0,0.34816,2.14319,0.00170416,0.15211,0.0899949,2.61496
1973,0.9865,4,2,4,0,0,0,0,0,0,22.4364,6.20706,-15.1981,-2.57153,13.7694,27.5295,0,0,0,0,0,0,0.331638,2.15001,0.00738058,0.156526,0.0880303,2.61448
1974,0.987,4,2,4,0,0,0,0,0,0,22.3566,6.33601,-15.1415,-2.59297,13.7512,27.6554,0,0,0,0,0,0,0.310432,2.15862,0.0146009,0.158326,0.0877576,2.60814
1975,0.9875,4,2,4,0,0,0,0,0,0,22.284,6.46387,-15.0869,-2.61346,13.7318,27.7866,0,0,0,0,0,0,0.300146,2.16789,0.0230461,0.157266,0.0856983,2.61429
1976,0.988,4,2,4,0,0,0,0,0,0,22.2228,6.59093,-15.0392,-2.62906,13.7127,27.9258,0,0,0,0,0,0,0.298543,2.17658,0.0313141,0.156319,0.0804902,2.62751
1977,0.9885,4,2,4,0,0,0,0,0,0,22.167,6.71729,-14.9959,-2.6417,13.6938,28.0662,0,0,0,0,0,0,0.294346,2.18356,0.0392666,0.155212,0.0747516,2.63479
1978,0.989,4,2,4,0,0,0,0,0,0,22.1119,6.84275,-14.9531,-2.65456,13.6743,28.2057,0,0,0,0,0,0,0.296449,2.18956,0.0461381,0.154589,0.0686374,2.64636
1979,0.9895,4,2,4,0,0,0,0,0,0,22.0527,6.96711,-14.905,-2.67092,13.6514,28.3439,0,0,0,0,0,0,0.294319,2.19638,0.0531446,0.153988,0.0636672,2.65395
1980,0.99,4,2,4,0,0,0,0,0,0,21.9875,7.09088,-14.8486,-2.69265,13.6241,28.4795,0,0,0,0,0,0,0.291538,2.20131,0.0582339,0.156741,0.0583863,2.66286
1981,0.9905,4,2,4,0,0,0,0,0,0,21.9183,7.21424,-14.785,-2.72013,13.594,28.612,0,0,0,0,0,0,0.290255,2.20649,0.0624341,0.161108,0.0525916,2.67552
1982,0.991,4,2,4,0,0,0,0,0,0,21.849,7.33744,-14.7171,-2.75093,13.5625,28.7431,0,0,0,0,0,0,0.288675,2.21632,0.0684741,0.163388,0.0477795,2.68859
1983,0.9915,4,2,4,0,0,0,0,0,0,21.7823,7.46146,-14.6509,-2.77929,13.5318,28.8765,0,0,0,0,0,0,0.284333,2.23135,0.0742392,0.166365,0.043833,2.70142
1984,0.992,4,2,4,0,0,0,0,0,0,21.7174,7.5859,-14.5886,-2.80512,13.5041,29.0121,0,0,0,0,0,0,0.277314,2.24446,0.0793444,0.17076,0.0400569,2.71063
1985,0.9925,4,2,4,0,0,0,0,0,0,21.6516,7.70965,-14.5282,-2.82923,13.4774,29.148,0,0,0,0,0,0,0.267847,2.25012,0.0849181,0.172135,0.0377497,2.71431
1986,0.993,4,2,4,0,0,0,0,0,0,21.5835,7.83265,-14.469,-2.85194,13.4512,29.2823,0,0,0,0,0,0,0.257121,2.25492,0.0928734,0.171754,0.0334855,2.7167
1987,0.9935,4,2,4,0,0,0,0,0,0,21.5126,7.9569,-14.413,-2.87215,13.4279,29.4139,0,0,0,0,0,0,0.242929,2.262,0.104182,0.168312,0.0283462,2.71567
1988,0.994,4,2,4,0,0,0,0,0,0,21.4378,8.08138,-14.36,-2.88943,13.4069,29.5414,0,0,0,0,0,0,0.23189,2.27087,0.11548,0.165322,0.0223892,2.7204
1989,0.9945,4,2,4,0,0,0,0,0,0,21.3619,8.20506,-14.3081,-2.90433,13.3861,29.6691,0,0,0,0,0,0,0.220906,2.2769,0.125974,0.160945,0.0183293,2.72172
1990,0.995,4,2,4,0,0,0,0,0,0,21.2846,8.32746,-14.2541,-2.91893,13.363,29.7964,0,0,0,0,0,0,0.212301,2.28037,0.133205,0.160168,0.0148764,2.72606
1991,0.9955,4,2,4,0,0,0,0,0,0,21.2029,8.44807,-14.1941,-2.93775,13.3364,29.9175,0,0,0,0,0,0,0.202469,2.28278,0.139669,0.160591,0.0118455,2.72634
1992,0.996,4,2,4,0,0,0,0,0,0,21.1217,8.56791,-14.1293,-2.95907,13.306,30.038,0,0,0,0,0,0,0.193061,2.29034,0.148116,0.15936,0.00893542,2.7296
1993,0.9965,4,2,4,0,0,0,0,0,0,21.0464,8.68804,-14.0629,-2.97979,13.2717,30.1629,0,0,0,0,0,0,0.182431,2.29966,0.155588,0.159648,0.00644293,2.73374
1994,0.997,4,2,4,0,0,0,0,0,0,20.9762,8.80858,-13.9972,-2.99871,13.2349,30.2919,0,0,0,0,0,0,0.17508,2.30694,0.161928,0.161703,0.00278134,2.738
1995,0.9975,4,2,4,0,0,0,0,0,0,20.9086,8.92966,-13.9326,-3.01518,13.1962,30.4233,0,0,0,0,0,0,0.171065,2.31237,0.164604,0.16733,-6.36443e-05,2.74686
1996,0.998,4,2,4,0,0,0,0,0,0,20.8401,9.05034,-13.8665,-3.03228,13.1553,30.5523,0,0,0,0,0,0,0.168946,2.31886,0.168588,0.171529,-0.00411061,2.75684
1997,0.9985,4,2,4,0,0,0,0,0,0,20.7733,9.1706,-13.7987,-3.05199,13.1128,30.6813,0,0,0,0,0,0,0.169244,2.32647,0.172674,0.177148,-0.0103225,2.76995
1998,0.999,4,2,4,0,0,0,0,0,0,20.7098,9.28998,-13.7319,-3.0707,13.0705,30.8147,0,0,0,0,0,0,0.166486,2.33341,0.178276,0.180881,-0.0170101,2.77928
1999,0.9995,4,2,4,0,0,0,0,0,0,20.6469,9.40784,-13.6664,-3.08784,13.0293,30.9517,0,0,0,0,0,0,0.161818,2.33671,0.186289,0.18071,-0.024039,2.78637
2000,1,4,2,4,0,0,0,0,0,0,20.5782,9.52492,-13.5996,-3.10789,12.9905,31.0827,0,0,0,0,0,0,0.152881,2.34113,0.197534,0.175298,-0.0300277,2.78894
2001,1.0005,4,2,4,0,0,0,0,0,0,20.5053,9.6411,-13.5311,-3.13014,12.9529,31.2098,0,0,0,0,0,0,0.141375,2.34722,0.211029,0.167922,-0.0362045,2.78909
2002,1.001,4,2,4,0,0,0,0,0,0,20.4319,9.75674,-13.4614,-3.15304,12.9143,31.3389,0,0,0,0,0,0,0.131758,2.35003,0.220327,0.165881,-0.0416374,2.79133
2003,1.0015,4,2,4,0,0,0,0,0,0,20.3556,9.87333,-13.3906,-3.17676,12.8757,31.4667,0,0,0,0,0,0,0.118369,2.35666,0.231005,0.163234,-0.0462947,2.79305
2004,1.002,4,2,4,0,0,0,0,0,0,20.2747,9.99116,-13.3191,-3.20041,12.8371,31.5902,0,0,0,0,0,0,0.109496,2.36335,0.239338,0.164627,-0.051206,2.7986
2005,1.0025,4,2,4,0,0,0,0,0,0,20.1947,10.1101,-13.2522,-3.21835,12.7995,31.7157,0,0,0,0,0,0,0.102954,2.37258,0.244723,0.170214,-0.0552505,2.80941
2006,1.003,4,2,4,0,0,0,0,0,0,20.114,10.229,-13.1887,-3.23217,12.763,31.8409,0,0,0,0,0,0,0.0968773,2.38037,0.248461,0.176732,-0.0587734,2.82008
2007,1.0035,4,2,4,0,0,0,0,0,0,20.0337,10.3474,-13.1258,-3.24647,12.7273,31.9669,0,0,0,0,0,0,0.0867562,2.38544,0.253726,0.180629,-0.0625876,2.82276
2008,1.004,4,2,4,0,0,0,0,0,0,19.9562,10.4647,-13.0631,-3.2623,12.6917,32.0954,0,0,0,0,0,0,0.0806106,2.3876,0.259494,0.183589,-0.0673466,2.83022
2009,1.0045,4,2,4,0,0,0,0,0,0,19.8786,10.5813,-13.0004,-3.27933,12.657,32.222,0,0,0,0,0,0,0.0749794,2.3916,0.266929,0.184944,-0.0725714,2.83845
2010,1.005,4,2,4,0,0,0,0,0,0,19.7993,10.6968,-12.9368,-3.29669,12.6219,32.3455,0,0,0,0,0,0,0.0645544,2.39692,0.276016,0.182573,-0.0762299,2.83909
2011,1.0055,4,2,4,0,0,0,0,0,0,19.7212,10.8119,-12.8709,-3.31347,12.5831,32.4696,0,0,0,0,0,0,0.0587107,2.40153,0.286606,0.177541,-0.0815326,2.84287
2012,1.006,4,2,4,0,0,0,0,0,0,19.6454,10.926,-12.8015,-3.33011,12.5387,32.5946,0,0,0,0,0,0,0.055057,2.40455,0.295901,0.174109,-0.0872966,2.8487
2013,1.0065,4,2,4,0,0,0,0,0,0,19.569,11.0389,-12.7264,-3.34946,12.4885,32.7151,0,0,0,0,0,0,0.0520622,2.40835,0.303601,0.174367,-0.0938082,2.85616
2014,1.007,4,2,4,0,0,0,0,0,0,19.4937,11.1516,-12.649,-3.36977,12.4349,32.8331,0,0,0,0,0,0,0.0470259,2.41485,0.310617,0.176177,-0.099581,2.86277
2015,1.0075,4,2,4,0,0,0,0,0,0,19.4215,11.2637,-12.5714,-3.3889,12.3795,32.9539,0,0,0,0,0,0,0.0436202,2.42359,0.31671,0.178938,-0.105026,2.8727
2016,1.008,4,2,4,0,0,0,0,0,0,19.3531,11.3752,-12.4967,-3.40336,12.3241,33.0815,0,0,0,0,0,0,0.036707,2.43229,0.321308,0.18373,-0.109166,2.87978
2017,1.0085,4,2,4,0,0,0,0,0,0,19.2843,11.486,-12.4231,-3.4164,12.2703,33.2103,0,0,0,0,0,0,0.032051,2.43919,0.324476,0.190419,-0.113725,2.8888
2018,1.009,4,2,4,0,0,0,0,0,0,19.2123,11.5965,-12.3481,-3.43164,12.218,33.3364,0,0,0,0,0,0,0.0253877,2.44375,0.330003,0.19266,-0.118298,2.89266
2019,1.0095,4,2,4,0,0,0,0,0,0,19.1378,11.7065,-12.2716,-3.44937,12.1668,33.4604,0,0,0,0,0,0,0.0176164,2.4485,0.338706,0.191872,-0.124199,2.8961
2020,1.01,4,2,4,0,0,0,0,0,0,19.0656,11.8168,-12.1972,-3.46517,12.1164,33.5883,0,0,0,0,0,0,0.00849434,2.45404,0.349362,0.189572,-0.130726,2.89955
2021,1.0105,4,2,4,0,0,0,0,0,0,18.9939,11.9274,-12.1271,-3.4762,12.0681,33.7185,0,0,0,0,0,0,0.00094385,2.45871,0.35957,0.188424,-0.1379,2.90749
2022,1.011,4,2,4,0,0,0,0,0,0,18.9151,12.0377,-12.0557,-3.48769,12.02,33.8412,0,0,0,0,0,0,-0.00862459,2.45939,0.367769,0.188072,-0.143059,2.9102
2023,1.0115,4,2,4,0,0,0,0,0,0,18.8279,12.1473,-11.9801,-3.50324,11.9708,33.9543,0,0,0,0,0,0,-0.022124,2.45678,0.375387,0.187275,-0.146948,2.90604
2024,1.012,4,2,4,0,0,0,0,0,0,18.7391,12.2553,-11.903,-3.52105,11.9206,34.0659,0,0,0,0,0,0,-0.0320735,2.45755,0.384148,0.186824,-0.1527,2.90795
2025,1.0125,4,2,4,0,0,0,0,0,0,18.6557,12.3632,-11.8271,-3.53875,11.8695,34.1829,0,0,0,0,0,0,-0.03861,2.46303,0.390603,0.18917,-0.157168,2.91627
2026,1.013,4,2,4,0,0,0,0,0,0,18.5724,12.471,-11.7512,-3.55732,11.819,34.2987,0,0,0,0,0,0,-0.044248,2.46679,0.395944,0.191729,-0.161107,2.92318
2027,1.0135,4,2,4,0,0,0,0,0,0,18.4894,12.5791,-11.6758,-3.57465,11.7688,34.4156,0,0,0,0,0,0,-0.0534254,2.47063,0.39966,0.195843,-0.16348,2.92538
2028,1.014,4,2,4,0,0,0,0,0,0,18.4085,12.6869,-11.6003,-3.59066,11.7173,34.5353,0,0,0,0,0,0,-0.0616802,2.47855,0.405153,0.200083,-0.166985,2.93041
2029,1.0145,4,2,4,0,0,0,0,0,0,18.3307,12.7951,-11.5229,-3.60738,11.6628,34.6571,0,0,0,0,0,0,-0.0692883,2.48906,0.414086,0.201172,-0.171742,2.93744
2030,1.015,4,2,4,0,0,0,0,0,0,18.2583,12.9027,-11.4446,-3.62327,11.6043,34.7832,0,0,0,0,0,0,-0.0727137,2.48988,0.420848,0.201676,-0.177724,2.94046
2031,1.0155,4,2,4,0,0,0,0,0,0,18.1887,13.0108,-11.3682,-3.63526,11.5441,34.9104,0,0,0,0,0,0,-0.075756,2.488,0.42597,0.203326,-0.183844,2.9415
2032,1.016,4,2,4,0,0,0,0,0,0,18.1151,13.1177,-11.2923,-3.64602,11.484,35.0307,0,0,0,0,0,0,-0.0782271,2.48948,0.432929,0.203231,-0.190439,2.94557
2033,1.0165,4,2,4,0,0,0,0,0,0,18.0377,13.2216,-11.2144,-3.65831,11.4231,35.1455,0,0,0,0,0,0,-0.0817303,2.4954,0.443827,0.200974,-0.198748,2.95573
2034,1.017,4,2,4,0,0,0,0,0,0,17.9559,13.323,-11.1346,-3.67202,11.3618,35.2557,0,0,0,0,0,0,-0.0904887,2.50071,0.452343,0.201517,-0.204956,2.96116
2035,1.0175,4,2,4,0,0,0,0,0,0,17.8686,13.4237,-11.0517,-3.68912,11.3006,35.3602,0,0,0,0,0,0,-0.0985354,2.50378,0.45939,0.203002,-0.210881,2.96508
2036,1.018,4,2,4,0,0,0,0,0,0,17.7796,13.5242,-10.9663,-3.7096,11.2393,35.4632,0,0,0,0,0,0,-0.10833,2.50747,0.468503,0.201107,-0.216437,2.96663
2037,1.0185,4,2,4,0,0,0,0,0,0,17.6922,13.6252,-10.8809,-3.72971,11.1781,35.5705,0,0,0,0,0,0,-0.11961,2.51193,0.477495,0.199181,-0.220582,2.96489
2038,1.019,4,2,4,0,0,0,0,0,0,17.608,13.7271,-10.7979,-3.7464,11.1177,35.684,0,0,0,0,0,0,-0.130329,2.51463,0.484786,0.200573,-0.224582,2.96495
2039,1.0195,4,2,4,0,0,0,0,0,0,17.5223,13.8301,-10.7162,-3.76126,11.0587,35.7968,0,0,0,0,0,0,-0.138221,2.5167,0.491024,0.203756,-0.229237,2.97033
2040,1.02,4,2,4,0,0,0,0,0,0,17.4354,13.9337,-10.6364,-3.77337,10.9999,35.9087,0,0,0,0,0,0,-0.148163,2.51883,0.498024,0.205425,-0.233723,2.97357
2041,1.0205,4,2,4,0,0,0,0,0,0,17.3507,14.0378,-10.56,-3.78107,10.941,36.023,0,0,0,0,0,0,-0.160309,2.5216,0.507532,0.205228,-0.239813,2.9739
2042,1.021,4,2,4,0,0,0,0,0,0,17.266,14.1409,-10.4862,-3.78527,10.8827,36.1379,0,0,0,0,0,0,-0.166986,2.5243,0.515068,0.206841,-0.246807,2.9818
2043,1.0215,4,2,4,0,0,0,0,0,0,17.18,14.2422,-10.4125,-3.78935,10.8243,36.2513,0,0,0,0,0,0,-0.174174,2.52393,0.522778,0.205658,-0.252548,2.98349
2044,1.022,4,2,4,0,0,0,0,0,0,17.0945,14.3426,-10.3382,-3.79429,10.7652,36.3635,0,0,0,0,0,0,-0.183116,2.52243,0.529668,0.203821,-0.256452,2.98059
2045,1.0225,4,2,4,0,0,0,0,0,0,17.0064,14.4418,-10.2593,-3.80432,10.7041,36.4705,0,0,0,0,0,0,-0.189544,2.52362,0.536134,0.203773,-0.2609,2.9829
2046,1.023,4,2,4,0,0,0,0,0,0,16.9197,14.5398,-10.1762,-3.81828,10.6393,36.5771,0,0,0,0,0,0,-0.194977,2.52589,0.542426,0.204441,-0.265399,2.98792
2047,1.0235,4,2,4,0,0,0,0,0,0,16.8366,14.6368,-10.0901,-3.83468,10.5709,36.6863,0,0,0,0,0,0,-0.198324,2.53077,0.548857,0.206671,-0.271012,2.99917
2048,1.024,4,2,4,0,0,0,0,0,0,16.7565,14.7344,-10.0032,-3.85102,10.5005,36.7974,0,0,0,0,0,0,-0.202879,2.5367,0.554894,0.210698,-0.276754,3.00736
2049,1.0245,4,2,4,0,0,0,0,0,0,16.6801,14.8336,-9.91767,-3.86384,10.4287,36.912,0,0,0,0,0,0,-0.208679,2.54051,0.560461,0.215014,-0.281945,3.01219
2050,1.025,4,2,4,0,0,0,0,0,0,16.6047,14.9326,-9.83299,-3.87471,10.3564,37.0278,0,0,0,0,0,0,-0.209633,2.54406,0.564332,0.221049,-0.287942,3.02252
2051,1.0255,4,2,4,0,0,0,0,0,0,16.527,15.0297,-9.74836,-3.88581,10.2846,37.1411,0,0,0,0,0,0,-0.215074,2.54751,0.570595,0.224207,-0.293782,3.02843
2052,1.026,4,2,4,0,0,0,0,0,0,16.4467,15.1251,-9.66598,-3.89456,10.215,37.2517,0,0,0,0,0,0,-0.224544,2.54994,0.577503,0.22602,-0.299091,3.02947
2053,1.0265,4,2,4,0,0,0,0,0,0,16.3615,15.2187,-9.58419,-3.90258,10.1475,37.3565,0,0,0,0,0,0,-0.234653,2.55431,0.587933,0.22494,-0.30679,3.03212
2054,1.027,4,2,4,0,0,0,0,0,0,16.2738,15.3108,-9.50167,-3.91088,10.0804,37.4589,0,0,0,0,0,0,-0.242051,2.55487,0.597219,0.222985,-0.313085,3.03279
2055,1.0275,4,2,4,0,0,0,0,0,0,16.1827,15.4015,-9.41673,-3.92125,10.0127,37.5575,0,0,0,0,0,0,-0.253993,2.55159,0.607195,0.219182,-0.318068,3.02675
2056,1.028,4,2,4,0,0,0,0,0,0,16.0886,15.492,-9.32766,-3.93467,9.94277,37.6531,0,0,0,0,0,0,-0.266268,2.54581,0.615762,0.217074,-0.322897,3.02018
2057,1.0285,4,2,4,0,0,0,0,0,0,15.9927,15.5826,-9.23485,-3.95137,9.87009,37.7467,0,0,0,0,0,0,-0.275978,2.54556,0.624735,0.216456,-0.328889,3.02095
2058,1.029,4,2,4,0,0,0,0,0,0,15.8976,15.6736,-9.14248,-3.96719,9.79677,37.8416,0,0,0,0,0,0,-0.284582,2.54677,0.632341,0.217842,-0.334978,3.02423
2059,1.0295,4,2,4,0,0,0,0,0,0,15.8047,15.7659,-9.05347,-3.97821,9.72435,37.9405,0,0,0,0,0,0,-0.292292,2.55059,0.639939,0.220795,-0.341391,3.03002
2060,1.03,4,2,4,0,0,0,0,0,0,15.7111,15.8597,-8.96529,-3.98771,9.65271,38.0387,0,0,0,0,0,0,-0.300746,2.55105,0.644521,0.22578,-0.345905,3.03103
2061,1.0305,4,2,4,0,0,0,0,0,0,15.6172,15.9532,-8.87734,-3.99728,9.58107,38.1365,0,0,0,0,0,0,-0.310414,2.5513,0.650514,0.227274,-0.35005,3.02854
2062,1.031,4,2,4,0,0,0,0,0,0,15.5249,16.0455,-8.79094,-4.00547,9.50942,38.2358,0,0,0,0,0,0,-0.318855,2.55407,0.659173,0.22646,-0.355995,3.02854
2063,1.0315,4,2,4,0,0,0,0,0,0,15.4347,16.1363,-8.70727,-4.01152,9.43887,38.3366,0,0,0,0,0,0,-0.326785,2.55601,0.667017,0.226028,-0.361412,3.02998
2064,1.032,4,2,4,0,0,0,0,0,0,15.3469,16.2264,-8.6267,-4.01507,9.37004,38.4384,0,0,0,0,0,0,-0.332049,2.55623,0.672609,0.226952,-0.366237,3.03205
2065,1.0325,4,2,4,0,0,0,0,0,0,15.2601,16.3164,-8.54511,-4.01988,9.30014,38.5396,0,0,0,0,0,0,-0.333604,2.55912,0.679752,0.226404,-0.372583,3.0387
2066,1.033,4,2,4,0,0,0,0,0,0,15.1729,16.4055,-8.45953,-4.02858,9.22679,38.6376,0,0,0,0,0,0,-0.33491,2.5595,0.685087,0.22799,-0.378568,3.04521
2067,1.0335,4,2,4,0,0,0,0,0,0,15.0874,16.4936,-8.3715,-4.03809,9.14938,38.7363,0,0,0,0,0,0,-0.340897,2.55925,0.690306,0.231243,-0.384194,3.04896
2068,1.034,4,2,4,0,0,0,0,0,0,15.0029,16.5798,-8.28242,-4.0471,9.06935,38.8348,0,0,0,0,0,0,-0.348792,2.56215,0.697203,0.234397,-0.390252,3.05268
2069,1.0345,4,2,4,0,0,0,0,0,0,14.9167,16.6648,-8.19264,-4.05565,8.98852,38.9315,0,0,0,0,0,0,-0.354551,2.5666,0.703691,0.238466,-0.396235,3.06092
2070,1.035,4,2,4,0,0,0,0,0,0,14.831,16.7498,-8.10345,-4.06308,8.90818,39.03,0,0,0,0,0,0,-0.362497,2.56963,0.710247,0.242028,-0.401676,3.0637
2071,1.0355,4,2,4,0,0,0,0,0,0,14.7454,16.8341,-8.01462,-4.06991,8.82838,39.1297,0,0,0,0,0,0,-0.370378,2.57035,0.716436,0.24519,-0.407334,3.06505
2072,1.036,4,2,4,0,0,0,0,0,0,14.6574,16.9172,-7.92447,-4.07879,8.74942,39.2264,0,0,0,0,0,0,-0.380567,2.56984,0.725386,0.244165,-0.413081,3.06166
2073,1.0365,4,2,4,0,0,0,0,0,0,14.5693,17.0004,-7.83539,-4.08703,8.67214,39.3234,0,0,0,0,0,0,-0.386078,2.57027,0.733479,0.245311,-0.420066,3.0677
2074,1.037,4,2,4,0,0,0,0,0,0,14.4802,17.0846,-7.74834,-4.09281,8.59695,39.4198,0,0,0,0,0,0,-0.395412,2.56814,0.742393,0.244281,-0.425807,3.06704
2075,1.0375,4,2,4,0,0,0,0,0,0,14.3869,17.1682,-7.66091,-4.09826,8.52269,39.5108,0,0,0,0,0,0,-0.407113,2.56546,0.753139,0.24164,-0.432751,3.06309
2076,1.038,4,2,4,0,0,0,0,0,0,14.2933,17.2507,-7.57363,-4.1016,8.44724,39.603,0,0,0,0,0,0,-0.41736,2.56208,0.762191,0.240596,-0.43945,3.06205
2077,1.0385,4,2,4,0,0,0,0,0,0,14.1987,17.3327,-7.48488,-4.10585,8.36979,39.6942,0,0,0,0,0,0,-0.426857,2.55801,0.769732,0.240661,-0.445505,3.06055
2078,1.039,4,2,4,0,0,0,0,0,0,14.1008,17.4142,-7.39192,-4.11505,8.29014,39.779,0,0,0,0,0,0,-0.43551,2.55639,0.776903,0.241167,-0.450795,3.05806
2079,1.0395,4,2,4,0,0,0,0,0,0,14.0018,17.4958,-7.29709,-4.12615,8.20915,39.8605,0,0,0,0,0,0,-0.444679,2.55656,0.784081,0.240932,-0.455315,3.05613
2080,1.04,4,2,4,0,0,0,0,0,0,13.9075,17.5787,-7.20502,-4.13244,8.12756,39.948,0,0,0,0,0,0,-0.449596,2.55926,0.787896,0.246439,-0.459976,3.06224
2081,1.0405,4,2,4,0,0,0,0,0,0,13.8142,17.6612,-7.11425,-4.1377,8.04706,40.0365,0,0,0,0,0,0,-0.45395,2.56188,0.791228,0.252302,-0.464046,3.0679
2082,1.041,4,2,4,0,0,0,0,0,0,13.7222,17.7424,-7.02353,-4.14419,7.96681,40.1252,0,0,0,0,0,0,-0.460322,2.5623,0.795272,0.256982,-0.468191,3.07036
2083,1.0415,4,2,4,0,0,0,0,0,0,13.6352,17.8247,-6.93353,-4.1497,7.88549,40.2187,0,0,0,0,0,0,-0.466797,2.56083,0.801064,0.257941,-0.473112,3.06878
2084,1.042,4,2,4,0,0,0,0,0,0,13.5516,17.9084,-6.84491,-4.15236,7.80328,40.3154,0,0,0,0,0,0,-0.468517,2.5612,0.806615,0.260515,-0.479523,3.0757
2085,1.0425,4,2,4,0,0,0,0,0,0,13.47,17.9908,-6.75869,-4.15164,7.72097,40.4141,0,0,0,0,0,0,-0.472651,2.56127,0.813339,0.261978,-0.48624,3.08116
2086,1.043,4,2,4,0,0,0,0,0,0,13.3829,18.0691,-6.67175,-4.15215,7.63918,40.5035,0,0,0,0,0,0,-0.480138,2.56221,0.822456,0.260159,-0.492743,3.08221
2087,1.0435,4,2,4,0,0,0,0,0,0,13.2859,18.1432,-6.58063,-4.15803,7.55726,40.577,0,0,0,0,0,0,-0.486802,2.56291,0.830581,0.259371,-0.498786,3.08531
2088,1.044,4,2,4,0,0,0,0,0,0,13.185,18.2147,-6.48618,-4.16766,7.47373,40.644,0,0,0,0,0,0,-0.4944,2.56148,0.836699,0.260725,-0.503842,3.08523
2089,1.0445,4,2,4,0,0,0,0,0,0,13.0835,18.2852,-6.38994,-4.17826,7.38874,40.7106,0,0,0,0,0,0,-0.507873,2.55912,0.843888,0.261742,-0.508072,3.07793
2090,1.045,4,2,4,0,0,0,0,0,0,12.9829,18.356,-6.2928,-4.1878,7.30254,40.7796,0,0,0,0,0,0,-0.51869,2.5587,0.852064,0.262951,-0.513694,3.07558
2091,1.0455,4,2,4,0,0,0,0,0,0,12.8857,18.4278,-6.19614,-4.19492,7.21547,40.8551,0,0,0,0,0,0,-0.526722,2.55707,0.858794,0.265606,-0.519886,3.07601
2092,1.046,4,2,4,0,0,0,0,0,0,12.7893,18.5001,-6.09821,-4.20208,7.12724,40.9335,0,0,0,0,0,0,-0.535876,2.55436,0.867193,0.265866,-0.526399,3.0754
2093,1.0465,4,2,4,0,0,0,0,0,0,12.6949,18.572,-6.00124,-4.20694,7.0383,41.0153,0,0,0,0,0,0,-0.546918,2.55022,0.878352,0.262708,-0.533713,3.07226
2094,1.047,4,2,4,0,0,0,0,0,0,12.6033,18.6452,-5.90796,-4.2066,6.95008,41.1009,0,0,0,0,0,0,-0.557053,2.5466,0.887167,0.262134,-0.540088,3.068
2095,1.0475,4,2,4,0,0,0,0,0,0,12.5086,18.7195,-5.81666,-4.20416,6.86428,41.1825,0,0,0,0,0,0,-0.563889,2.54665,0.895193,0.263227,-0.546726,3.06905
2096,1.048,4,2,4,0,0,0,0,0,0,12.4084,18.7927,-5.72392,-4.20456,6.77957,41.2563,0,0,0,0,0,0,-0.57224,2.5453,0.902984,0.263131,-0.552009,3.06683
2097,1.0485,4,2,4,0,0,0,0,0,0,12.3061,18.8658,-5.63115,-4.20543,6.69514,41.3271,0,0,0,0,0,0,-0.581348,2.54111,0.908724,0.263799,-0.556024,3.06071
2098,1.049,4,2,4,0,0,0,0,0,0,12.2026,18.9384,-5.53817,-4.20642,6.61031,41.3965,0,0,0,0,0,0,-0.585947,2.54006,0.914652,0.266153,-0.562876,3.06272
2099,1.0495,4,2,4,0,0,0,0,0,0,12.0997,19.011,-5.44485,-4.20787,6.52512,41.4674,0,0,0,0,0,0,-0.587479,2.5419,0.920985,0.269188,-0.570964,3.07125
2100,1.05,4,2,4,0,0,0,0,0,0,12.0022,19.0858,-5.35269,-4.20779,6.4394,41.5463,0,0,0,0,0,0,-0.590429,2.54346,0.925131,0.274176,-0.57647,3.07842
2101,1.0505,4,2,4,0,0,0,0,0,0,11.9108,19.1627,-5.26207,-4.20532,6.35294,41.6335,0,0,0,0,0,0,-0.594663,2.54457,0.929634,0.278919,-0.581581,3.08393
2102,1.051,4,2,4,0,0,0,0,0,0,11.8256,19.2392,-5.17357,-4.19982,6.26522,41.7273,0,0,0,0,0,0,-0.597332,2.54663,0.932633,0.285673,-0.585844,3.09117
2103,1.0515,4,2,4,0,0,0,0,0,0,11.7418,19.3135,-5.08556,-4.19401,6.17666,41.8194,0,0,0,0,0,0,-0.600072,2.54721,0.936005,0.290981,-0.590396,3.09581
2104,1.052,4,2,4,0,0,0,0,0,0,11.6568,19.3855,-4.9984,-4.18735,6.08829,41.9072,0,0,0,0,0,0,-0.602156,2.54942,0.94064,0.294856,-0.59605,3.10235
2105,1.0525,4,2,4,0,0,0,0,0,0,11.5664,19.4542,-4.90989,-4.18329,6.00065,41.9855,0,0,0,0,0,0,-0.609327,2.54911,0.945791,0.297174,-0.60057,3.10245
2106,1.053,4,2,4,0,0,0,0,0,0,11.4704,19.5185,-4.8196,-4.18239,5.91357,42.0545,0,0,0,0,0,0,-0.615018,2.54681,0.951429,0.298692,-0.60669,3.10332
2107,1.0535,4,2,4,0,0,0,0,0,0,11.3677,19.579,-4.72659,-4.18579,5.82694,42.1131,0,0,0,0,0,0,-0.623119,2.54103,0.957451,0.299773,-0.612655,3.10051
2108,1.054,4,2,4,0,0,0,0,0,0,11.2619,19.6369,-4.63056,-4.19299,5.73946,42.1669,0,0,0,0,0,0,-0.633952,2.53262,0.964698,0.298912,-0.618129,3.09169
2109,1.0545,4,2,4,0,0,0,0,0,0,11.1534,19.6939,-4.53155,-4.2035,5.65129,42.2178,0,0,0,0,0,0,-0.64573,2.52555,0.972112,0.297616,-0.622412,3.08411
2110,1.055,4,2,4,0,0,0,0,0,0,11.0458,19.7512,-4.43197,-4.21256,5.56208,42.2729,0,0,0,0,0,0,-0.657258,2.51978,0.981011,0.296144,-0.627729,3.07947
2111,1.0555,4,2,4,0,0,0,0,0,0,10.9429,19.8096,-4.33603,-4.2143,5.47236,42.3374,0,0,0,0,0,0,-0.67056,2.51415,0.990209,0.296366,-0.633479,3.07498
2112,1.056,4,2,4,0,0,0,0,0,0,10.8388,19.8663,-4.2407,-4.21434,5.38257,42.4005,0,0,0,0,0,0,-0.684146,2.50827,0.999922,0.294079,-0.638848,3.06869
2113,1.0565,4,2,4,0,0,0,0,0,0,10.7322,19.9196,-4.14436,-4.21554,5.29181,42.459,0,0,0,0,0,0,-0.698788,2.50329,1.01125,0.290497,-0.645338,3.05975
2114,1.057,4,2,4,0,0,0,0,0,0,10.6256,19.9717,-4.04789,-4.21654,5.20037,42.5147,0,0,0,0,0,0,-0.710194,2.49829,1.02024,0.29036,-0.652191,3.05403
2115,1.0575,4,2,4,0,0,0,0,0,0,10.5165,20.0228,-3.95097,-4.21826,5.10971,42.5638,0,0,0,0,0,0,-0.724711,2.48991,1.02932,0.288067,-0.657806,3.04078
2116,1.058,4,2,4,0,0,0,0,0,0,10.4031,20.0726,-3.85295,-4.22128,5.01998,42.6055,0,0,0,0,0,0,-0.738363,2.48188,1.03879,0.285544,-0.664049,3.03009
2117,1.0585,4,2,4,0,0,0,0,0,0,10.2878,20.1202,-3.7539,-4.22586,4.93056,42.6427,0,0,0,0,0,0,-0.749079,2.47731,1.04794,0.285519,-0.671375,3.02801
2118,1.059,4,2,4,0,0,0,0,0,0,10.1706,20.167,-3.65136,-4.23535,4.84031,42.6755,0,0,0,0,0,0,-0.762108,2.47181,1.05783,0.282956,-0.677206,3.01969
2119,1.0595,4,2,4,0,0,0,0,0,0,10.0581,20.2166,-3.54939,-4.24345,4.74934,42.7152,0,0,0,0,0,0,-0.772035,2.46928,1.06695,0.281577,-0.682938,3.01737
2120,1.06,4,2,4,0,0,0,0,0,0,9.95071,20.2709,-3.45014,-4.24732,4.65882,42.7628,0,0,0,0,0,0,-0.780685,2.46785,1.07474,0.281925,-0.688152,3.01596
2121,1.0605,4,2,4,0,0,0,0,0,0,9.84922,20.3323,-3.35426,-4.24532,4.56848,42.8204,0,0,0,0,0,0,-0.783447,2.47167,1.07943,0.287581,-0.693608,3.02226
2122,1.061,4,2,4,0,0,0,0,0,0,9.75631,20.4032,-3.26294,-4.236,4.47807,42.8927,0,0,0,0,0,0,-0.7859,2.47903,1.08414,0.293729,-0.699402,3.02856
2123,1.0615,4,2,4,0,0,0,0,0,0,9.67347,20.4825,-3.17702,-4.21841,4.38715,42.9809,0,0,0,0,0,0,-0.78297,2.48896,1.08558,0.303931,-0.704853,3.04077
2124,1.062,4,2,4,0,0,0,0,0,0,9.59732,20.5644,-3.09464,-4.19531,4.29543,43.078,0,0,0,0,0,0,-0.774142,2.50231,1.08494,0.318224,-0.711567,3.06571
2125,1.0625,4,2,4,0,0,0,0,0,0,9.52122,20.6446,-3.01248,-4.1713,4.20307,43.1728,0,0,0,0,0,0,-0.766623,2.51482,1.08507,0.332095,-0.718587,3.09095
2126,1.063,4,2,4,0,0,0,0,0,0,9.4405,20.7182,-2.92675,-4.15226,4.10969,43.2584,0,0,0,0,0,0,-0.764262,2.51992,1.08692,0.341009,-0.724439,3.1049
2127,1.0635,4,2,4,0,0,0,0,0,0,9.35465,20.7839,-2.83669,-4.13967,4.01529,43.3344,0,0,0,0,0,0,-0.765577,2.51864,1.08945,0.346117,-0.728799,3.10947
2128,1.064,4,2,4,0,0,0,0,0,0,9.26448,20.8424,-2.7431,-4.13287,3.92017,43.4015,0,0,0,0,0,0,-0.769729,2.51444,1.09447,0.347804,-0.733799,3.1103
2129,1.0645,4,2,4,0,0,0,0,0,0,9.16671,20.8945,-2.64512,-4.13281,3.82511,43.4554,0,0,0,0,0,0,-0.777883,2.50668,1.10072,0.346391,-0.738065,3.10371
2130,1.065,4,2,4,0,0,0,0,0,0,9.06224,20.942,-2.54389,-4.13762,3.73004,43.4981,0,0,0,0,0,0,-0.789078,2.4942,1.10725,0.342338,-0.740849,3.08807
2131,1.0655,4,2,4,0,0,0,0,0,0,8.95246,20.9869,-2.44057,-4.14463,3.63462,43.5328,0,0,0,0,0,0,-0.799608,2.48181,1.11421,0.338022,-0.744651,3.07385
2132,1.066,4,2,4,0,0,0,0,0,0,8.8392,21.0294,-2.33777,-4.15032,3.5398,43.5631,0,0,0,0,0,0,-0.812191,2.46761,1.12058,0.334356,-0.747881,3.05625
2133,1.0665,4,2,4,0,0,0,0,0,0,8.72436,21.0708,-2.23617,-4.15395,3.44568,43.5912,0,0,0,0,0,0,-0.827991,2.45474,1.12833,0.330659,-0.751134,3.03712
2134,1.067,4,2,4,0,0,0,0,0,0,8.60883,21.1127,-2.13613,-4.15475,3.35222,43.6201,0,0,0,0,0,0,-0.843564,2.44403,1.13759,0.326939,-0.755785,3.02165
2135,1.0675,4,2,4,0,0,0,0,0,0,8.49627,21.1564,-2.03877,-4.15093,3.25908,43.6556,0,0,0,0,0,0,-0.855223,2.43419,1.14502,0.326887,-0.761379,3.01191
2136,1.068,4,2,4,0,0,0,0,0,0,8.38725,21.2017,-1.94285,-4.14449,3.1657,43.6981,0,0,0,0,0,0,-0.862339,2.42588,1.15151,0.328169,-0.767816,3.00777
2137,1.0685,4,2,4,0,0,0,0,0,0,8.28121,21.2473,-1.84663,-4.13844,3.07114,43.7456,0,0,0,0,0,0,-0.871333,2.41801,1.16001,0.327355,-0.774731,3.00087
2138,1.069,4,2,4,0,0,0,0,0,0,8.17403,21.2916,-1.74971,-4.13434,2.97703,43.7906,0,0,0,0,0,0,-0.876976,2.41311,1.16937,0.32653,-0.78346,3.0025
2139,1.0695,4,2,4,0,0,0,0,0,0,8.06263,21.3324,-1.6514,-4.1334,2.88394,43.8281,0,0,0,0,0,0,-0.88587,2.40802,1.17997,0.323377,-0.791443,2.99919
2140,1.07,4,2,4,0,0,0,0,0,0,7.94851,21.3712,-1.55193,-4.13465,2.79106,43.8601,0,0,0,0,0,0,-0.898251,2.4024,1.18974,0.321752,-0.798035,2.99201
2141,1.0705,4,2,4,0,0,0,0,0,0,7.83286,21.4073,-1.45221,-4.13659,2.69801,43.8874,0,0,0,0,0,0,-0.913288,2.39749,1.19906,0.320741,-0.803049,2.98229
2142,1.071,4,2,4,0,0,0,0,0,0,7.7171,21.4433,-1.35398,-4.13661,2.60577,43.9127,0,0,0,0,0,0,-0.925167,2.39447,1.20558,0.324221,-0.807402,2.97864
2143,1.0715,4,2,4,0,0,0,0,0,0,7.60286,21.4806,-1.25852,-4.13259,2.51476,43.9389,0,0,0,0,0,0,-0.932974,2.3931,1.21007,0.330726,-0.812187,2.98139
2144,1.072,4,2,4,0,0,0,0,0,0,7.49282,21.5211,-1.16633,-4.12372,2.42472,43.971,0,0,0,0,0,0,-0.940819,2.39097,1.21594,0.334647,-0.817753,2.97972
2145,1.0725,4,2,4,0,0,0,0,0,0,7.38695,21.563,-1.07623,-4.11208,2.33508,44.0085,0,0,0,0,0,0,-0.945438,2.38841,1.22207,0.337172,-0.824407,2.98141
2146,1.073,4,2,4,0,0,0,0,0,0,7.28326,21.6033,-0.986746,-4.09998,2.24512,44.0475,0,0,0,0,0,0,-0.949944,2.38609,1.22735,0.340325,-0.830012,2.98294
2147,1.0735,4,2,4,0,0,0,0,0,0,7.17902,21.6432,-0.896441,-4.08946,2.15505,44.0842,0,0,0,0,0,0,-0.955675,2.38492,1.23324,0.343302,-0.835409,2.98445
2148,1.074,4,2,4,0,0,0,0,0,0,7.07391,21.6838,-0.805197,-4.08048,2.06472,44.1191,0,0,0,0,0,0,-0.965214,2.38245,1.2414,0.343314,-0.841001,2.98089
2149,1.0745,4,2,4,0,0,0,0,0,0,6.96783,21.723,-0.713797,-4.07272,1.97437,44.1521,0,0,0,0,0,0,-0.9737,2.38068,1.24786,0.345652,-0.84598,2.97941
2150,1.075,4,2,4,0,0,0,0,0,0,6.86044,21.762,-0.621556,-4.06588,1.8835,44.1838,0,0,0,0,0,0,-0.978791,2.38029,1.25251,0.351152,-0.851499,2.98364
2151,1.0755,4,2,4,0,0,0,0,0,0,6.75354,21.8039,-0.529343,-4.05653,1.79148,44.2188,0,0,0,0,0,0,-0.983979,2.37949,1.25622,0.357215,-0.85616,2.98494
2152,1.076,4,2,4,0,0,0,0,0,0,6.65058,21.8501,-0.438252,-4.04226,1.69787,44.2622,0,0,0,0,0,0,-0.987638,2.38105,1.25959,0.364254,-0.860931,2.9902
2153,1.0765,4,2,4,0,0,0,0,0,0,6.55085,21.8994,-0.34753,-4.02524,1.60315,44.3117,0,0,0,0,0,0,-0.988917,2.38387,1.26378,0.369711,-0.866715,2.99837
2154,1.077,4,2,4,0,0,0,0,0,0,6.45356,21.9479,-0.256845,-4.00707,1.50747,44.364,0,0,0,0,0,0,-0.990649,2.38397,1.26725,0.375599,-0.872108,3.00366
2155,1.0775,4,2,4,0,0,0,0,0,0,6.3547,21.9917,-0.163761,-3.99223,1.41087,44.4108,0,0,0,0,0,0,-0.997477,2.3781,1.27061,0.379524,-0.875334,2.99855
2156,1.078,4,2,4,0,0,0,0,0,0,6.25143,22.0305,-0.0669095,-3.98269,1.31361,44.4477,0,0,0,0,0,0,-1.00771,2.3678,1.27773,0.377099,-0.879902,2.98577
2157,1.0785,4,2,4,0,0,0,0,0,0,6.14343,22.0664,0.0331953,-3.9775,1.21605,44.476,0,0,0,0,0,0,-1.01926,2.35714,1.28631,0.373114,-0.884934,2.97159
2158,1.079,4,2,4,0,0,0,0,0,0,6.03159,22.1006,0.13461,-3.97444,1.11911,44.4973,0,0,0,0,0,0,-1.02918,2.34688,1.29379,0.370689,-0.890193,2.95915
2159,1.0795,4,2,4,0,0,0,0,0,0,5.91402,22.13,0.237161,-3.97479,1.02348,44.5081,0,0,0,0,0,0,-1.03999,2.33329,1.30121,0.367173,-0.895086,2.94282
2160,1.08,4,2,4,0,0,0,0,0,0,5.7924,22.1558,0.339928,-3.97726,0.929095,44.5112,0,0,0,0,0,0,-1.04902,2.32299,1.30895,0.36464,-0.900641,2.93443
2161,1.0805,4,2,4,0,0,0,0,0,0,5.67236,22.1838,0.440141,-3.97555,0.835631,44.5181,0,0,0,0,0,0,-1.05705,2.31666,1.31652,0.364087,-0.906467,2.92969
2162,1.081,4,2,4,0,0,0,0,0,0,5.55749,22.215,0.536616,-3.96683,0.742457,44.5347,0,0,0,0,0,0,-1.06442,2.31307,1.32374,0.366134,-0.912965,2.9276
2163,1.0815,4,2,4,0,0,0,0,0,0,5.44699,22.2476,0.630419,-3.95321,0.64949,44.5583,0,0,0,0,0,0,-1.0709,2.31029,1.32921,0.369364,-0.918354,2.92512
2164,1.082,4,2,4,0,0,0,0,0,0,5.33983,22.2795,0.722361,-3.93654,0.556354,44.5856,0,0,0,0,0,0,-1.07807,2.30483,1.33381,0.371983,-0.922367,2.91915
2165,1.0825,4,2,4,0,0,0,0,0,0,5.23285,22.3092,0.815378,-3.92224,0.46279,44.6106,0,0,0,0,0,0,-1.08736,2.29591,1.33832,0.373497,-0.92539,2.90984
2166,1.083,4,2,4,0,0,0,0,0,0,5.12594,22.3372,0.909333,-3.9108,0.369049,44.6339,0,0,0,0,0,0,-1.09798,2.28838,1.34434,0.374456,-0.928888,2.90227
2167,1.0835,4,2,4,0,0,0,0,0,0,5.01821,22.3648,1.00368,-3.9009,0.275903,44.655,0,0,0,0,0,0,-1.10725,2.28163,1.35138,0.374585,-0.933714,2.89663
2168,1.084,4,2,4,0,0,0,0,0,0,4.90628,22.3901,1.10011,-3.89521,0.183144,44.6678,0,0,0,0,0,0,-1.115,2.27661,1.35834,0.376157,-0.939117,2.89461
2169,1.0845,4,2,4,0,0,0,0,0,0,4.79023,22.4134,1.19709,-3.89157,0.0915329,44.6735,0,0,0,0,0,0,-1.12046,2.27484,1.36493,0.379576,-0.945615,2.8971
2170,1.085,4,2,4,0,0,0,0,0,0,4.67296,22.4371,1.29242,-3.88682,0.00181539,44.6776,0,0,0,0,0,0,-1.12657,2.27079,1.37065,0.383167,-0.951494,2.89658
2171,1.0855,4,2,4,0,0,0,0,0,0,4.55836,22.4629,1.38596,-3.87884,-0.0878939,44.6874,0,0,0,0,0,0,-1.1342,2.2677,1.37741,0.386295,-0.957631,2.89713
2172,1.086,4,2,4,0,0,0,0,0,0,4.44782,22.4908,1.47696,-3.8659,-0.178099,44.7044,0,0,0,0,0,0,-1.14082,2.26327,1.38292,0.387993,-0.962332,2.89498
2173,1.0865,4,2,4,0,0,0,0,0,0,4.33851,22.5193,1.56599,-3.8494,-0.267729,44.7229,0,0,0,0,0,0,-1.14638,2.26265,1.38902,0.390953,-0.967949,2.89723
2174,1.087,4,2,4,0,0,0,0,0,0,4.22977,22.546,1.65477,-3.83199,-0.357742,44.7413,0,0,0,0,0,0,-1.15368,2.25956,1.39411,0.3936,-0.971943,2.89355
2175,1.0875,4,2,4,0,0,0,0,0,0,4.12205,22.5728,1.74424,-3.8138,-0.448705,44.7621,0,0,0,0,0,0,-1.15901,2.25522,1.39867,0.397776,-0.976772,2.89294
2176,1.088,4,2,4,0,0,0,0,0,0,4.01572,22.5998,1.83564,-3.79747,-0.541453,44.7851,0,0,0,0,0,0,-1.16581,2.25025,1.40383,0.400712,-0.981126,2.88999
2177,1.0885,4,2,4,0,0,0,0,0,0,3.90745,22.624,1.92915,-3.78493,-0.63493,44.8032,0,0,0,0,0,0,-1.17325,2.24262,1.40931,0.40262,-0.985588,2.88402
2178,1.089,4,2,4,0,0,0,0,0,0,3.7948,22.6448,2.02446,-3.77653,-0.727867,44.8133,0,0,0,0,0,0,-1.18357,2.23159,1.41637,0.401939,-0.990505,2.87249
2179,1.0895,4,2,4,0,0,0,0,0,0,3.67994,22.6644,2.12018,-3.76944,-0.820162,44.8194,0,0,0,0,0,0,-1.19357,2.21929,1.42233,0.400826,-0.99422,2.85863
2180,1.09,4,2,4,0,0,0,0,0,0,3.56524,22.6842,2.21587,-3.76194,-0.912647,44.8265,0,0,0,0,0,0,-1.19992,2.21105,1.42919,0.399514,-0.999971,2.85167
2181,1.0905,4,2,4,0,0,0,0,0,0,3.45103,22.705,2.31043,-3.75255,-1.00467,44.8351,0,0,0,0,0,0,-1.20545,2.20558,1.43461,0.401912,-1.00519,2.84893
2182,1.091,4,2,4,0,0,0,0,0,0,3.33656,22.7258,2.40368,-3.74125,-1.09573,44.8432,0,0,0,0,0,0,-1.21127,2.20117,1.44022,0.405312,-1.01071,2.84676
2183,1.0915,4,2,4,0,0,0,0,0,0,3.22187,22.7464,2.49539,-3.72769,-1.18574,44.8495,0,0,0,0,0,0,-1.21913,2.19755,1.44631,0.408591,-1.01594,2.84362
2184,1.092,4,2,4,0,0,0,0,0,0,3.10674,22.7657,2.5867,-3.71294,-1.27527,44.8537,0,0,0,0,0,0,-1.22666,2.19374,1.45167,0.412719,-1.0208,2.84209
2185,1.0925,4,2,4,0,0,0,0,0,0,2.99197,22.7836,2.67831,-3.69763,-1.36534,44.8564,0,0,0,0,0,0,-1.23525,2.18691,1.45639,0.415992,-1.02455,2.83695
2186,1.093,4,2,4,0,0,0,0,0,0,2.87808,22.801,2.77108,-3.68341,-1.45653,44.8586,0,0,0,0,0,0,-1.24599,2.17653,1.46159,0.416683,-1.0275,2.82587
2187,1.0935,4,2,4,0,0,0,0,0,0,2.76192,22.8159,2.86573,-3.67227,-1.54788,44.8557,0,0,0,0,0,0,-1.25649,2.16611,1.46929,0.41409,-1.03218,2.81448
2188,1.094,4,2,4,0,0,0,0,0,0,2.64308,22.8285,2.96112,-3.66294,-1.63856,44.8482,0,0,0,0,0,0,-1.26485,2.15803,1.47657,0.414296,-1.03781,2.8085
2189,1.0945,4,2,4,0,0,0,0,0,0,2.52521,22.8402,3.05603,-3.6529,-1.72934,44.8418,0,0,0,0,0,0,-1.27238,2.15083,1.48237,0.415847,-1.04235,2.80181
2190,1.095,4,2,4,0,0,0,0,0,0,2.40797,22.8512,3.14996,-3.64149,-1.8197,44.8356,0,0,0,0,0,0,-1.28012,2.14474,1.48921,0.415979,-1.04752,2.7955
2191,1.0955,4,2,4,0,0,0,0,0,0,2.29143,22.8621,3.2432,-3.62941,-1.90978,44.8295,0,0,0,0,0,0,-1.28933,2.13722,1.49624,0.414632,-1.05216,2.78488
2192,1.096,4,2,4,0,0,0,0,0,0,2.17695,22.8753,3.33489,-3.6144,-1.99977,44.8275,0,0,0,0,0,0,-1.29787,2.13176,1.50205,0.416049,-1.05637,2.77681
2193,1.0965,4,2,4,0,0,0,0,0,0,2.06333,22.8894,3.42499,-3.59723,-2.0887,44.8264,0,0,0,0,0,0,-1.30368,2.12808,1.50648,0.419726,-1.06081,2.77427
2194,1.097,4,2,4,0,0,0,0,0,0,1.94899,22.9018,3.5149,-3.5806,-2.17694,44.8232,0,0,0,0,0,0,-1.30968,2.12527,1.51029,0.426137,-1.06489,2.77604
2195,1.0975,4,2,4,0,0,0,0,0,0,1.83511,22.9138,3.60463,-3.5635,-2.26504,44.821,0,0,0,0,0,0,-1.31375,2.12062,1.5138,0.431695,-1.0693,2.77641
2196,1.098,4,2,4,0,0,0,0,0,0,1.7218,22.9262,3.69521,-3.54723,-2.35369,44.8183,0,0,0,0,0,0,-1.31916,2.11451,1.51906,0.433609,-1.07415,2.77203
2197,1.0985,4,2,4,0,0,0,0,0,0,1.60723,22.9374,3.78681,-3.5332,-2.44228,44.8107,0,0,0,0,0,0,-1.3253,2.10608,1.5248,0.433859,-1.07882,2.76539
2198,1.099,4,2,4,0,0,0,0,0,0,1.49113,22.9466,3.87874,-3.52056,-2.5303,44.7987,0,0,0,0,0,0,-1.3339,2.0961,1.53111,0.434366,-1.08335,2.75585
2199,1.0995,4,2,4,0,0,0,0,0,0,1.37513,22.9534,3.97013,-3.50779,-2.61803,44.7861,0,0,0,0,0,0,-1.34541,2.08774,1.53896,0.434702,-1.08788,2.74705
2200,1.1,4,2,4,0,0,0,0,0,0,1.25763,22.9578,4.06134,-3.4959,-2.70502,44.7713,0,0,0,0,0,0,-1.3548,2.08149,1.54726,0.434724,-1.09379,2.74177
2201,1.1005,4,2,4,0,0,0,0,0,0,1.13977,22.962,4.15191,-3.48324,-2.79156,44.7566,0,0,0,0,0,0,-1.36184,2.07724,1.55378,0.436496,-1.09904,2.73901
2202,1.101,4,2,4,0,0,0,0,0,0,1.02307,22.968,4.24103,-3.4678,-2.87759,44.7461,0,0,0,0,0,0,-1.36802,2.07259,1.55921,0.439363,-1.10375,2.73588
2203,1.1015,4,2,4,0,0,0,0,0,0,0.906272,22.9739,4.3293,-3.45202,-2.96279,44.7364,0,0,0,0,0,0,-1.37481,2.06645,1.56441,0.442469,-1.10847,2.73022
2204,1.102,4,2,4,0,0,0,0,0,0,0.788847,22.9802,4.41704,-3.4361,-3.04708,44.7262,0,0,0,0,0,0,-1.38385,2.0592,1.56964,0.444729,-1.11209,2.72215
2205,1.1025,4,2,4,0,0,0,0,0,0,0.67307,22.9886,4.50396,-3.41786,-3.13131,44.7198,0,0,0,0,0,0,-1.39133,2.05299,1.57362,0.448055,-1.11528,2.71728
2206,1.103,4,2,4,0,0,0,0,0,0,0.556726,22.9953,4.59209,-3.40137,-3.21592,44.7108,0,0,0,0,0,0,-1.3987,2.04521,1.5774,0.450468,-1.11798,2.71008
2207,1.1035,4,2,4,0,0,0,0,0,0,0.439776,23.0006,4.68151,-3.38671,-3.30096,44.7,0,0,0,0,0,0,-1.40721,2.03692,1.58302,0.45061,-1.12157,2.70142
2208,1.104,4,2,4,0,0,0,0,0,0,0.323411,23.0063,4.7716,-3.37201,-3.38666,44.6902,0,0,0,0,0,0,-1.41392,2.02837,1.5893,0.449882,-1.12644,2.69543
2209,1.1045,4,2,4,0,0,0,0,0,0,0.206371,23.01,4.8626,-3.35815,-3.47289,44.6772,0,0,0,0,0,0,-1.42239,2.01648,1.59522,0.449083,-1.13052,2.68569
2210,1.105,4,2,4,0,0,0,0,0,0,0.0870331,23.0114,4.95376,-3.3452,-3.55834,44.6587,0,0,0,0,0,0,-1.43084,2.00569,1.60146,0.448023,-1.13472,2.67562
2211,1.1055,4,2,4,0,0,0,0,0,0,-0.0333098,23.0111,5.04438,-3.33149,-3.64316,44.6372,0,0,0,0,0,0,-1.43784,1.99593,1.60765,0.446276,-1.13927,2.6665
2212,1.106,4,2,4,0,0,0,0,0,0,-0.15363,23.0097,5.13476,-3.31691,-3.72818,44.6148,0,0,0,0,0,0,-1.44711,1.98611,1.61407,0.445946,-1.14356,2.65611
2213,1.1065,4,2,4,0,0,0,0,0,0,-0.273241,23.0082,5.22494,-3.30089,-3.81361,44.5921,0,0,0,0,0,0,-1.45539,1.97813,1.62013,0.447272,-1.14796,2.64808
2214,1.107,4,2,4,0,0,0,0,0,0,-0.391891,23.0066,5.31449,-3.28309,-3.89921,44.5681,0,0,0,0,0,0,-1.4617,1.97221,1.62495,0.45021,-1.15179,2.64352
2215,1.1075,4,2,4,0,0,0,0,0,0,-0.509284,23.0051,5.40296,-3.26366,-3.98441,44.5447,0,0,0,0,0,0,-1.46847,1.96803,1.62983,0.454199,-1.15558,2.63995
2216,1.108,4,2,4,0,0,0,0,0,0,-0.625645,23.0038,5.49066,-3.24382,-4.0691,44.5223,0,0,0,0,0,0,-1.47591,1.96094,1.63423,0.457199,-1.15848,2.63262
2217,1.1085,4,2,4,0,0,0,0,0,0,-0.741353,23.0014,5.57867,-3.22582,-4.15389,44.5002,0,0,0,0,0,0,-1.48173,1.95389,1.63834,0.461416,-1.16228,2.62741
2218,1.109,4,2,4,0,0,0,0,0,0,-0.855566,22.9985,5.66635,-3.20823,-4.23861,44.4805,0,0,0,0,0,0,-1.48829,1.9446,1.64352,0.463126,-1.16668,2.61746
2219,1.1095,4,2,4,0,0,0,0,0,0,-0.970854,22.9956,5.75436,-3.19243,-4.32231,44.4598,0,0,0,0,0,0,-1.49623,1.93454,1.64968,0.464418,-1.17171,2.60669
2220,1.11,4,2,4,0,0,0,0,0,0,-1.09017,22.9905,5.84289,-3.17933,-4.40418,44.4332,0,0,0,0,0,0,-1.50412,1.92492,1.65685,0.46486,-1.17753,2.59795
2221,1.1105,4,2,4,0,0,0,0,0,0,-1.2123,22.9824,5.93105,-3.16797,-4.48438,44.4017,0,0,0,0,0,0,-1.51217,1.91532,1.66331,0.465701,-1.18234,2.5907
2222,1.111,4,2,4,0,0,0,0,0,0,-1.33564,22.9725,6.01907,-3.15742,-4.56412,44.3679,0,0,0,0,0,0,-1.51929,1.90687,1.6691,0.467584,-1.18706,2.58442
2223,1.1115,4,2,4,0,0,0,0,0,0,-1.45831,22.9638,6.1057,-3.14452,-4.64322,44.3361,0,0,0,0,0,0,-1.52804,1.89708,1.67415,0.468086,-1.19001,2.57324
2224,1.112,4,2,4,0,0,0,0,0,0,-1.58083,22.9552,6.19116,-3.13007,-4.72132,44.3042,0,0,0,0,0,0,-1.53422,1.8919,1.6796,0.468703,-1.19424,2.56862
2225,1.1125,4,2,4,0,0,0,0,0,0,-1.70128,22.9484,6.27536,-3.11244,-4.79935,44.2754,0,0,0,0,0,0,-1.54063,1.88716,1.68419,0.470567,-1.19739,2.56529
2226,1.113,4,2,4,0,0,0,0,0,0,-1.81965,22.9421,6.35915,-3.09259,-4.87811,44.2489,0,0,0,0,0,0,-1.54744,1.88431,1.68904,0.474286,-1.20098,2.56483
2227,1.1135,4,2,4,0,0,0,0,0,0,-1.93581,22.9367,6.4425,-3.07058,-4.95748,44.2249,0,0,0,0,0,0,-1.55441,1.88027,1.69432,0.477083,-1.20523,2.56233
2228,1.114,4,2,4,0,0,0,0,0,0,-2.05088,22.93,6.52591,-3.04801,-5.03738,44.1999,0,0,0,0,0,0,-1.56271,1.87246,1.69963,0.478103,-1.20879,2.55344
2229,1.1145,4,2,4,0,0,0,0,0,0,-2.16735,22.9194,6.61065,-3.02787,-5.11751,44.1679,0,0,0,0,0,0,-1.57013,1.86424,1.70431,0.480201,-1.21232,2.54635
2230,1.115,4,2,4,0,0,0,0,0,0,-2.28486,22.9072,6.69685,-3.00959,-5.19813,44.1305,0,0,0,0,0,0,-1.57652,1.8538,1.70794,0.48252,-1.21508,2.53805
2231,1.1155,4,2,4,0,0,0,0,0,0,-2.40316,22.8941,6.78444,-2.99249,-5.27943,44.0893,0,0,0,0,0,0,-1.58232,1.84556,1.71315,0.485785,-1.21988,2.5319
2232,1.116,4,2,4,0,0,0,0,0,0,-2.52344,22.8786,6.87357,-2.97726,-5.36122,44.0425,0,0,0,0,0,0,-1.58855,1.83435,1.71823,0.486376,-1.2239,2.51966
2233,1.1165,4,2,4,0,0,0,0,0,0,-2.64479,22.862,6.96277,-2.96245,-5.44284,43.9945,0,0,0,0,0,0,-1.59643,1.82241,1.72358,0.486708,-1.2272,2.50753
2234,1.117,4,2,4,0,0,0,0,0,0,-2.76543,22.8468,7.05081,-2.94576,-5.52395,43.951,0,0,0,0,0,0,-1.60563,1.8117,1.73061,0.487635,-1.23189,2.49698
2235,1.1175,4,2,4,0,0,0,0,0,0,-2.88492,22.833,7.13663,-2.92652,-5.60357,43.9121,0,0,0,0,0,0,-1.61415,1.80223,1.73811,0.48886,-1.2373,2.48923
2236,1.118,4,2,4,0,0,0,0,0,0,-3.00439,22.8194,7.22065,-2.90711,-5.68131,43.8762,0,0,0,0,0,0,-1.62128,1.79569,1.74542,0.490988,-1.24323,2.48508
2237,1.1185,4,2,4,0,0,0,0,0,0,-3.12347,22.806,7.30259,-2.88695,-5.75708,43.8442,0,0,0,0,0,0,-1.62859,1.79009,1.75182,0.49296,-1.24815,2.4797
2238,1.119,4,2,4,0,0,0,0,0,0,-3.2426,22.7923,7.38337,-2.86648,-5.83155,43.813,0,0,0,0,0,0,-1.63576,1.78358,1.75704,0.494086,-1.25176,2.47201
2239,1.1195,4,2,4,0,0,0,0,0,0,-3.3627,22.7774,7.46462,-2.84775,-5.90567,43.7796,0,0,0,0,0,0,-1.64143,1.77663,1.75949,0.496284,-1.2531,2.46481
2240,1.12,4,2,4,0,0,0,0,0,0,-3.4844,22.7611,7.54611,-2.83034,-5.9789,43.7426,0,0,0,0,0,0,-1.64576,1.77061,1.76179,0.498978,-1.25505,2.45992
2241,1.1205,4,2,4,0,0,0,0,0,0,-3.60799,22.7425,7.62805,-2.81459,-6.05126,43.7006,0,0,0,0,0,0,-1.65298,1.76211,1.76592,0.501537,-1.25778,2.45348
2242,1.121,4,2,4,0,0,0,0,0,0,-3.73272,22.7224,7.71101,-2.80015,-6.12382,43.6552,0,0,0,0,0,0,-1.66084,1.75239,1.77103,0.503249,-1.26111,2.44589
2243,1.1215,4,2,4,0,0,0,0,0,0,-3.857,22.7023,7.79498,-2.78627,-6.19721,43.6092,0,0,0,0,0,0,-1.66914,1.74017,1.77525,0.503795,-1.26319,2.43401
2244,1.122,4,2,4,0,0,0,0,0,0,-3.9792,22.6845,7.87952,-2.771,-6.27188,43.5661,0,0,0,0,0,0,-1.67874,1.72752,1.78073,0.502153,-1.26565,2.42048
2245,1.1225,4,2,4,0,0,0,0,0,0,-4.09962,22.6665,7.96405,-2.75391,-6.34734,43.5242,0,0,0,0,0,0,-1.68779,1.71766,1.78718,0.502811,-1.26961,2.41176
2246,1.123,4,2,4,0,0,0,0,0,0,-4.21881,22.648,8.04794,-2.73541,-6.42287,43.4826,0,0,0,0,0,0,-1.69697,1.71042,1.79428,0.505894,-1.27431,2.40933
2247,1.1235,4,2,4,0,0,0,0,0,0,-4.33682,22.6283,8.13105,-2.71617,-6.49853,43.44,0,0,0,0,0,0,-1.70554,1.70276,1.80073,0.508584,-1.27866,2.40497
2248,1.124,4,2,4,0,0,0,0,0,0,-4.45394,22.6075,8.21396,-2.69651,-6.57473,43.3962,0,0,0,0,0,0,-1.71391,1.69423,1.80672,0.511644,-1.28264,2.39983
2249,1.1245,4,2,4,0,0,0,0,0,0,-4.57093,22.5838,8.29655,-2.67711,-6.65083,43.3484,0,0,0,0,0,0,-1.72406,1.68577,1.81394,0.514164,-1.28701,2.39176
2250,1.125,4,2,4,0,0,0,0,0,0,-4.68833,22.5582,8.37879,-2.65827,-6.72627,43.2976,0,0,0,0,0,0,-1.73168,1.68016,1.81993,0.517792,-1.29138,2.38897
2251,1.1255,4,2,4,0,0,0,0,0,0,-4.80677,22.5313,8.46064,-2.63956,-6.80069,43.2443,0,0,0,0,0,0,-1.73768,1.67121,1.82402,0.519243,-1.29435,2.38008
2252,1.126,4,2,4,0,0,0,0,0,0,-4.92661,22.5041,8.54221,-2.62187,-6.87377,43.1891,0,0,0,0,0,0,-1.74333,1.66023,1.82731,0.520106,-1.29657,2.36723
2253,1.1265,4,2,4,0,0,0,0,0,0,-5.04852,22.4751,8.62279,-2.6053,-6.94442,43.1313,0,0,0,0,0,0,-1.75063,1.64915,1.83193,0.520288,-1.29923,2.35362
2254,1.127,4,2,4,0,0,0,0,0,0,-5.17172,22.4466,8.70236,-2.59006,-7.01289,43.0755,0,0,0,0,0,0,-1.7586,1.63895,1.83749,0.520474,-1.30254,2.34101
2255,1.1275,4,2,4,0,0,0,0,0,0,-5.29484,22.4198,8.7812,-2.57499,-7.08037,43.0242,0,0,0,0,0,0,-1.76624,1.63215,1.84466,0.521855,-1.30789,2.33349
2256,1.128,4,2,4,0,0,0,0,0,0,-5.41785,22.3927,8.85921,-2.55978,-7.14687,42.9751,0,0,0,0,0,0,-1.77239,1.62451,1.85043,0.523323,-1.31224,2.32806
2257,1.1285,4,2,4,0,0,0,0,0,0,-5.54081,22.3664,8.93663,-2.54399,-7.21264,42.9282,0,0,0,0,0,0,-1.77888,1.61603,1.85563,0.525583,-1.31595,2.32344
2258,1.129,4,2,4,0,0,0,0,0,0,-5.66343,22.3414,9.01343,-2.52698,-7.27794,42.8833,0,0,0,0,0,0,-1.78611,1.60662,1.86009,0.528441,-1.31858,2.31799
2259,1.1295,4,2,4,0,0,0,0,0,0,-5.78612,22.3151,9.09005,-2.50936,-7.34305,42.8361,0,0,0,0,0,0,-1.79246,1.59517,1.86294,0.528224,-1.31959,2.30699
2260,1.13,4,2,4,0,0,0,0,0,0,-5.90797,22.2881,9.16707,-2.49073,-7.40905,42.7872,0,0,0,0,0,0,-1.79951,1.58162,1.86524,0.528232,-1.31991,2.2946
2261,1.1305,4,2,4,0,0,0,0,0,0,-6.02978,22.2582,9.24488,-2.47168,-7.47582,42.7319,0,0,0,0,0,0,-1.80752,1.5723,1.8692,0.531176,-1.32162,2.28862
2262,1.131,4,2,4,0,0,0,0,0,0,-6.15156,22.2254,9.32357,-2.45248,-7.54337,42.6695,0,0,0,0,0,0,-1.81632,1.5634,1.87355,0.534062,-1.32347,2.28259
2263,1.1315,4,2,4,0,0,0,0,0,0,-6.27372,22.19,9.40343,-2.43391,-7.61185,42.6013,0,0,0,0,0,0,-1.8239,1.55383,1.87795,0.534477,-1.32577,2.27351
2264,1.132,4,2,4,0,0,0,0,0,0,-6.39551,22.1538,9.48382,-2.41515,-7.68101,42.532,0,0,0,0,0,0,-1.83146,1.54444,1.88306,0.534764,-1.32885,2.26337
2265,1.1325,4,2,4,0,0,0,0,0,0,-6.51607,22.1184,9.56438,-2.39592,-7.75089,42.4644,0,0,0,0,0,0,-1.83808,1.53892,1.88928,0.536173,-1.33323,2.25768
2266,1.133,4,2,4,0,0,0,0,0,0,-6.63496,22.0839,9.64448,-2.37558,-7.82109,42.3998,0,0,0,0,0,0,-1.84313,1.53514,1.89565,0.538023,-1.33843,2.25402
2267,1.1335,4,2,4,0,0,0,0,0,0,-6.75326,22.0499,9.72305,-2.35419,-7.89,42.3379,0,0,0,0,0,0,-1.8475,1.52806,1.90114,0.539481,-1.34314,2.24577
2268,1.134,4,2,4,0,0,0,0,0,0,-6.87177,22.0167,9.80038,-2.33254,-7.9575,42.2791,0,0,0,0,0,0,-1.85149,1.51876,1.90516,0.541359,-1.34651,2.23485
2269,1.1345,4,2,4,0,0,0,0,0,0,-6.99013,21.9848,9.87644,-2.31059,-8.02365,42.2236,0,0,0,0,0,0,-1.85629,1.50848,1.90908,0.545476,-1.34964,2.22443
2270,1.135,4,2,4,0,0,0,0,0,0,-7.10967,21.9525,9.95199,-2.29013,-8.08836,42.1694,0,0,0,0,0,0,-1.8626,1.49689,1.91369,0.54868,-1.35279,2.21366
2271,1.1355,4,2,4,0,0,0,0,0,0,-7.23102,21.9178,10.027,-2.27251,-8.15122,42.1129,0,0,0,0,0,0,-1.8711,1.48581,1.92037,0.550828,-1.35708,2.20353
2272,1.136,4,2,4,0,0,0,0,0,0,-7.35386,21.883,10.1019,-2.25689,-8.21281,42.0554,0,0,0,0,0,0,-1.88047,1.47647,1.92657,0.552822,-1.36059,2.19587
2273,1.1365,4,2,4,0,0,0,0,0,0,-7.47824,21.8476,10.1769,-2.24285,-8.27341,41.9958,0,0,0,0,0,0,-1.89105,1.46653,1.93256,0.554084,-1.36324,2.1874
2274,1.137,4,2,4,0,0,0,0,0,0,-7.604,21.8104,10.2513,-2.22913,-8.33243,41.9333,0,0,0,0,0,0,-1.90206,1.45336,1.9384,0.552136,-1.36537,2.17339
2275,1.1375,4,2,4,0,0,0,0,0,0,-7.73044,21.7701,10.3255,-2.21539,-8.39066,41.8674,0,0,0,0,0,0,-1.90946,1.44181,1.94262,0.550433,-1.36732,2.16136
2276,1.138,4,2,4,0,0,0,0,0,0,-7.85529,21.7289,10.3995,-2.20036,-8.44942,41.8012,0,0,0,0,0,0,-1.91496,1.43301,1.94599,0.550327,-1.36912,2.15166
2277,1.1385,4,2,4,0,0,0,0,0,0,-7.97784,21.6869,10.4733,-2.18425,-8.50928,41.7354,0,0,0,0,0,0,-1.91988,1.42272,1.94776,0.550996,-1.36932,2.14132
2278,1.139,4,2,4,0,0,0,0,0,0,-8.09848,21.6436,10.5468,-2.1668,-8.56984,41.668,0,0,0,0,0,0,-1.92511,1.414,1.94968,0.553613,-1.36992,2.13633
2279,1.1395,4,2,4,0,0,0,0,0,0,-8.21705,21.6012,10.6207,-2.1469,-8.63203,41.6008,0,0,0,0,0,0,-1.93145,1.40485,1.95213,0.558026,-1.37069,2.1331
2280,1.14,4,2,4,0,0,0,0,0,0,-8.3339,21.5587,10.695,-2.12537,-8.69556,41.5318,0,0,0,0,0,0,-1.9395,1.39323,1.95619,0.559106,-1.37244,2.12476
2281,1.1405,4,2,4,0,0,0,0,0,0,-8.44928,21.5171,10.7699,-2.10328,-8.76028,41.4625,0,0,0,0,0,0,-1.94752,1.38194,1.9608,0.559416,-1.37489,2.11598
2282,1.141,4,2,4,0,0,0,0,0,0,-8.56535,21.4737,10.8454,-2.08216,-8.825,41.3889,0,0,0,0,0,0,-1.95545,1.3704,1.9662,0.559902,-1.37809,2.10484
2283,1.1415,4,2,4,0,0,0,0,0,0,-8.68286,21.4297,10.9209,-2.0608,-8.88877,41.3128,0,0,0,0,0,0,-1.96364,1.35918,1.97192,0.561159,-1.38117,2.09257
2284,1.142,4,2,4,0,0,0,0,0,0,-8.80257,21.3859,10.9969,-2.04015,-8.95163,41.2368,0,0,0,0,0,0,-1.97118,1.3502,1.97801,0.564228,-1.38486,2.08335
2285,1.1425,4,2,4,0,0,0,0,0,0,-8.92432,21.3417,11.0726,-2.02073,-9.01279,41.1611,0,0,0,0,0,0,-1.97732,1.34156,1.98381,0.566285,-1.38875,2.07344
2286,1.143,4,2,4,0,0,0,0,0,0,-9.04798,21.2966,11.1473,-2.00291,-9.07183,41.086,0,0,0,0,0,0,-1.98261,1.33196,1.98865,0.567883,-1.39187,2.06225
2287,1.1435,4,2,4,0,0,0,0,0,0,-9.17257,21.2505,11.2204,-1.98621,-9.12869,41.0126,0,0,0,0,0,0,-1.98776,1.32147,1.9927,0.569114,-1.39428,2.04974
2288,1.144,4,2,4,0,0,0,0,0,0,-9.29682,21.2049,11.292,-1.97003,-9.18418,40.9442,0,0,0,0,0,0,-1.99359,1.31199,1.99811,0.57021,-1.39813,2.04004
2289,1.1445,4,2,4,0,0,0,0,0,0,-9.42095,21.1591,11.362,-1.95404,-9.2379,40.8785,0,0,0,0,0,0,-1.9992,1.29915,2.00222,0.569605,-1.40064,2.0273
2290,1.145,4,2,4,0,0,0,0,0,0,-9.54448,21.1131,11.4303,-1.93766,-9.28997,40.8136,0,0,0,0,0,0,-2.00615,1.28668,2.00596,0.568404,-1.40209,2.01564
2291,1.1455,4,2,4,0,0,0,0,0,0,-9.66743,21.0669,11.4972,-1.92074,-9.34057,40.7488,0,0,0,0,0,0,-2.01356,1.27633,2.00995,0.567903,-1.40347,2.00669
2292,1.146,4,2,4,0,0,0,0,0,0,-9.78937,21.019,11.5646,-1.904,-9.39196,40.6806,0,0,0,0,0,0,-2.02195,1.26796,2.01366,0.571342,-1.40424,2.0033
2293,1.1465,4,2,4,0,0,0,0,0,0,-9.91014,20.9697,11.6337,-1.88776,-9.44567,40.6095,0,0,0,0,0,0,-2.0299,1.25866,2.01702,0.574852,-1.40478,1.99793
2294,1.147,4,2,4,0,0,0,0,0,0,-10.0296,20.9204,11.7042,-1.8716,-9.50147,40.5358,0,0,0,0,0,0,-2.03689,1.24773,2.02096,0.576388,-1.40637,1.9887
2295,1.1475,4,2,4,0,0,0,0,0,0,-10.1479,20.8693,11.7754,-1.85596,-9.55835,40.4568,0,0,0,0,0,0,-2.04427,1.23352,2.02375,0.575401,-1.40638,1.97338
2296,1.148,4,2,4,0,0,0,0,0,0,-10.2659,20.8155,11.8467,-1.8407,-9.61541,40.3724,0,0,0,0,0,0,-2.05231,1.22122,2.02799,0.576336,-1.40774,1.96232
2297,1.1485,4,2,4,0,0,0,0,0,0,-10.3833,20.7602,11.9177,-1.82451,-9.67226,40.2858,0,0,0,0,0,0,-2.05879,1.20882,2.03216,0.575592,-1.40985,1.94956
2298,1.149,4,2,4,0,0,0,0,0,0,-10.4995,20.7049,11.9886,-1.80667,-9.7295,40.1985,0,0,0,0,0,0,-2.06585,1.19727,2.03725,0.575008,-1.41272,1.93681
2299,1.1495,4,2,4,0,0,0,0,0,0,-10.6156,20.6484,12.0595,-1.78822,-9.78666,40.1108,0,0,0,0,0,0,-2.07309,1.18768,2.04265,0.576073,-1.41596,1.92774
2300,1.15,4,2,4,0,0,0,0,0,0,-10.7315,20.5928,12.1301,-1.7691,-9.8434,40.0262,0,0,0,0,0,0,-2.07901,1.17957,2.04792,0.579782,-1.41982,1.92284
2301,1.1505,4,2,4,0,0,0,0,0,0,-10.8478,20.5381,12.1999,-1.74913,-9.8991,39.9452,0,0,0,0,0,0,-2.08491,1.17117,2.05236,0.58445,-1.42281,1.91821
2302,1.151,4,2,4,0,0,0,0,0,0,-10.9654,20.4833,12.2692,-1.72954,-9.95357,39.8649,0,0,0,0,0,0,-2.09138,1.16016,2.05585,0.587427,-1.42422,1.90828
2303,1.1515,4,2,4,0,0,0,0,0,0,-11.0845,20.4291,12.338,-1.71005,-10.0068,39.7871,0,0,0,0,0,0,-2.09725,1.14955,2.05859,0.589738,-1.42496,1.89817
2304,1.152,4,2,4,0,0,0,0,0,0,-11.2056,20.3745,12.4058,-1.69156,-10.0576,39.7103,0,0,0,0,0,0,-2.10315,1.1392,2.06235,0.59198,-1.42658,1.88699
2305,1.1525,4,2,4,0,0,0,0,0,0,-11.3289,20.3186,12.4721,-1.67477,-10.1055,39.6329,0,0,0,0,0,0,-2.1082,1.12859,2.06574,0.593338,-1.4282,1.87519
2306,1.153,4,2,4,0,0,0,0,0,0,-11.4528,20.2633,12.538,-1.65972,-10.1523,39.5563,0,0,0,0,0,0,-2.11472,1.1178,2.07009,0.592879,-1.43006,1.86271
2307,1.1535,4,2,4,0,0,0,0,0,0,-11.5765,20.2069,12.6039,-1.64608,-10.199,39.4773,0,0,0,0,0,0,-2.12307,1.10798,2.07593,0.594764,-1.43264,1.85406
2308,1.154,4,2,4,0,0,0,0,0,0,-11.6999,20.1489,12.6696,-1.63308,-10.2455,39.3949,0,0,0,0,0,0,-2.13104,1.09817,2.08041,0.596017,-1.43402,1.84683
2309,1.1545,4,2,4,0,0,0,0,0,0,-11.8225,20.0901,12.7349,-1.61977,-10.2916,39.3111,0,0,0,0,0,0,-2.14041,1.08852,2.08524,0.597329,-1.4351,1.84078
2310,1.155,4,2,4,0,0,0,0,0,0,-11.9439,20.0312,12.7999,-1.60588,-10.3378,39.2273,0,0,0,0,0,0,-2.14865,1.07821,2.08911,0.597701,-1.43563,1.83339
2311,1.1555,4,2,4,0,0,0,0,0,0,-12.0632,19.9715,12.8648,-1.59102,-10.385,39.1419,0,0,0,0,0,0,-2.15519,1.06801,2.09199,0.597368,-1.43578,1.82526
2312,1.156,4,2,4,0,0,0,0,0,0,-12.1797,19.9113,12.9294,-1.57441,-10.433,39.0547,0,0,0,0,0,0,-2.16199,1.05814,2.09603,0.597048,-1.43723,1.8169
2313,1.1565,4,2,4,0,0,0,0,0,0,-12.2947,19.85,12.9936,-1.55622,-10.4816,38.965,0,0,0,0,0,0,-2.16856,1.04896,2.10066,0.598691,-1.43972,1.81007
2314,1.157,4,2,4,0,0,0,0,0,0,-12.4097,19.7883,13.0583,-1.53723,-10.5304,38.8743,0,0,0,0,0,0,-2.17309,1.03846,2.10519,0.60002,-1.44299,1.80009
2315,1.1575,4,2,4,0,0,0,0,0,0,-12.5242,19.726,13.1236,-1.51871,-10.58,38.7831,0,0,0,0,0,0,-2.17889,1.02886,2.11058,0.602467,-1.44665,1.79195
2316,1.158,4,2,4,0,0,0,0,0,0,-12.6384,19.6634,13.1894,-1.50113,-10.63,38.6923,0,0,0,0,0,0,-2.18481,1.0182,2.11494,0.605097,-1.44902,1.78139
2317,1.1585,4,2,4,0,0,0,0,0,0,-12.7531,19.5995,13.2557,-1.48459,-10.6799,38.6014,0,0,0,0,0,0,-2.19062,1.00637,2.11784,0.608041,-1.44986,1.76915
2318,1.159,4,2,4,0,0,0,0,0,0,-12.8684,19.5351,13.3218,-1.4685,-10.7294,38.5125,0,0,0,0,0,0,-2.1971,0.993814,2.12074,0.610521,-1.45032,1.75729
2319,1.1595,4,2,4,0,0,0,0,0,0,-12.9849,19.4711,13.3876,-1.45248,-10.7778,38.4261,0,0,0,0,0,0,-2.2043,0.979215,2.12486,0.611838,-1.45164,1.74347
2320,1.16,4,2,4,0,0,0,0,0,0,-13.1028,19.4073,13.4534,-1.4363,-10.8254,38.3415,0,0,0,0,0,0,-2.21226,0.965218,2.12964,0.612951,-1.45329,1.73097
2321,1.1605,4,2,4,0,0,0,0,0,0,-13.2222,19.3432,13.5176,-1.41997,-10.8704,38.2572,0,0,0,0,0,0,-2.21984,0.952776,2.13451,0.614399,-1.45529,1.71978
2322,1.161,4,2,4,0,0,0,0,0,0,-13.3428,19.277,13.5803,-1.40482,-10.9128,38.1695,0,0,0,0,0,0,-2.22642,0.941113,2.13856,0.6156,-1.45681,1.70911
2323,1.1615,4,2,4,0,0,0,0,0,0,-13.4639,19.2099,13.6413,-1.39086,-10.9531,38.0806,0,0,0,0,0,0,-2.23324,0.930326,2.14299,0.615447,-1.45873,1.70027
2324,1.162,4,2,4,0,0,0,0,0,0,-13.5848,19.1429,13.7009,-1.37779,-10.9921,37.9925,0,0,0,0,0,0,-2.24085,0.921386,2.14805,0.617307,-1.46101,1.69503
2325,1.1625,4,2,4,0,0,0,0,0,0,-13.7057,19.0761,13.7599,-1.36492,-11.0305,37.9055,0,0,0,0,0,0,-2.24606,0.913447,2.15094,0.618479,-1.46176,1.68905
2326,1.163,4,2,4,0,0,0,0,0,0,-13.8266,19.0087,13.818,-1.35134,-11.0679,37.8176,0,0,0,0,0,0,-2.25017,0.905299,2.15243,0.61966,-1.46138,1.68335
2327,1.1635,4,2,4,0,0,0,0,0,0,-13.9468,18.9391,13.8753,-1.33762,-11.1047,37.7254,0,0,0,0,0,0,-2.256,0.895143,2.15479,0.619905,-1.46113,1.67528
2328,1.164,4,2,4,0,0,0,0,0,0,-14.0654,18.8681,13.9327,-1.32305,-11.1423,37.6304,0,0,0,0,0,0,-2.26157,0.882398,2.1572,0.617294,-1.46107,1.66018
2329,1.1645,4,2,4,0,0,0,0,0,0,-14.1817,18.7972,13.9915,-1.30724,-11.1821,37.5344,0,0,0,0,0,0,-2.26599,0.870654,2.15863,0.615029,-1.46063,1.64627
2330,1.165,4,2,4,0,0,0,0,0,0,-14.2962,18.725,14.0518,-1.29089,-11.224,37.4356,0,0,0,0,0,0,-2.27006,0.858315,2.16096,0.61467,-1.46152,1.6335
2331,1.1655,4,2,4,0,0,0,0,0,0,-14.4099,18.653,14.1135,-1.27412,-11.2674,37.3361,0,0,0,0,0,0,-2.27549,0.844296,2.1644,0.615024,-1.46286,1.62022
2332,1.166,4,2,4,0,0,0,0,0,0,-14.5229,18.5815,14.1762,-1.25742,-11.3119,37.2372,0,0,0,0,0,0,-2.28398,0.830295,2.16912,0.616476,-1.46417,1.60795
2333,1.1665,4,2,4,0,0,0,0,0,0,-14.6355,18.5099,14.2389,-1.24042,-11.3568,37.1384,0,0,0,0,0,0,-2.29215,0.815848,2.17341,0.618545,-1.46513,1.5954
2334,1.167,4,2,4,0,0,0,0,0,0,-14.7478,18.4379,14.3008,-1.22349,-11.4007,37.0387,0,0,0,0,0,0,-2.30103,0.803877,2.18048,0.621688,-1.46887,1.58614
2335,1.1675,4,2,4,0,0,0,0,0,0,-14.8607,18.3651,14.3611,-1.20713,-11.4426,36.9385,0,0,0,0,0,0,-2.30909,0.792966,2.18614,0.625086,-1.47134,1.57893
2336,1.168,4,2,4,0,0,0,0,0,0,-14.9753,18.293,14.4204,-1.19059,-11.4823,36.8425,0,0,0,0,0,0,-2.31728,0.782676,2.19074,0.629759,-1.4725,1.57393
2337,1.1685,4,2,4,0,0,0,0,0,0,-15.0912,18.2214,14.4786,-1.17556,-11.5203,36.7517,0,0,0,0,0,0,-2.32456,0.774381,2.19633,0.634018,-1.47526,1.56997
2338,1.169,4,2,4,0,0,0,0,0,0,-15.2071,18.1485,14.5358,-1.16282,-11.5569,36.6615,0,0,0,0,0,0,-2.32902,0.765893,2.20013,0.635585,-1.47736,1.56366
2339,1.1695,4,2,4,0,0,0,0,0,0,-15.3231,18.0745,14.5919,-1.15145,-11.5923,36.571,0,0,0,0,0,0,-2.33275,0.758272,2.20267,0.638685,-1.47842,1.5588
2340,1.17,4,2,4,0,0,0,0,0,0,-15.4403,17.9986,14.6473,-1.14161,-11.6264,36.4786,0,0,0,0,0,0,-2.33613,0.749229,2.20447,0.639885,-1.47887,1.54966
2341,1.1705,4,2,4,0,0,0,0,0,0,-15.5587,17.9215,14.7023,-1.13192,-11.6593,36.386,0,0,0,0,0,0,-2.33732,0.738414,2.20305,0.639886,-1.47643,1.53565
2342,1.171,4,2,4,0,0,0,0,0,0,-15.6785,17.8442,14.7572,-1.12222,-11.6914,36.2943,0,0,0,0,0,0,-2.33986,0.725793,2.20323,0.637995,-1.47505,1.5189
2343,1.1715,4,2,4,0,0,0,0,0,0,-15.7981,17.7663,14.8123,-1.11079,-11.7234,36.2012,0,0,0,0,0,0,-2.34454,0.711236,2.20465,0.633934,-1.47423,1.50169
2344,1.172,4,2,4,0,0,0,0,0,0,-15.916,17.6884,14.8676,-1.09756,-11.7563,36.1059,0,0,0,0,0,0,-2.3506,0.694296,2.20532,0.628469,-1.47208,1.48281
2345,1.1725,4,2,4,0,0,0,0,0,0,-16.0322,17.6096,14.9227,-1.08294,-11.7894,36.0073,0,0,0,0,0,0,-2.35636,0.674906,2.20686,0.621971,-1.47121,1.46105
2346,1.173,4,2,4,0,0,0,0,0,0,-16.1464,17.5316,14.9776,-1.06636,-11.8233,35.9073,0,0,0,0,0,0,-2.36632,0.655273,2.21162,0.617695,-1.472,1.44365
2347,1.1735,4,2,4,0,0,0,0,0,0,-16.2585,17.4545,15.0328,-1.04772,-11.8584,35.806,0,0,0,0,0,0,-2.37952,0.638259,2.21991,0.617663,-1.47457,1.43113
2348,1.174,4,2,4,0,0,0,0,0,0,-16.3684,17.3777,15.0875,-1.0283,-11.8938,35.7027,0,0,0,0,0,0,-2.39082,0.62276,2.22788,0.616913,-1.4777,1.41828
2349,1.1745,4,2,4,0,0,0,0,0,0,-16.4758,17.3007,15.1419,-1.00887,-11.93,35.5984,0,0,0,0,0,0,-2.40059,0.610941,2.23453,0.620002,-1.48035,1.41247
2350,1.175,4,2,4,0,0,0,0,0,0,-16.5802,17.2221,15.1949,-0.99124,-11.9658,35.4907,0,0,0,0,0,0,-2.41794,0.60475,2.24903,0.631444,-1.48787,1.41793
2351,1.1755,4,2,4,0,0,0,0,0,0,-16.6836,17.1409,15.2449,-0.97603,-11.999,35.3791,0,0,0,0,0,0,-2.43593,0.599562,2.26777,0.645309,-1.49973,1.42316
2352,1.176,4,2,4,0,0,0,0,0,0,-16.7877,17.0585,15.2942,-0.963564,-12.0308,35.2675,0,0,0,0,0,0,-2.44379,0.59668,2.27554,0.656924,-1.50416,1.42781
2353,1.1765,4,2,4,0,0,0,0,0,0,-16.8932,16.9744,15.3422,-0.954676,-12.0607,35.158,0,0,0,0,0,0,-2.44384,0.594576,2.27639,0.664879,-1.5046,1.42943
2354,1.177,4,2,4,0,0,0,0,0,0,-17.001,16.8887,15.3879,-0.948747,-12.0868,35.0507,0,0,0,0,0,0,-2.45893,0.592827,2.29123,0.669231,-1.51404,1.42803
2355,1.1775,4,2,4,0,0,0,0,0,0,-17.1126,16.8021,15.4345,-0.945341,-12.112,34.9467,0,0,0,0,0,0,-2.46527,0.588417,2.29592,0.670852,-1.51618,1.42181
2356,1.178,4,2,4,0,0,0,0,0,0,-17.2262,16.715,15.4837,-0.943201,-12.1389,34.8464,0,0,0,0,0,0,-2.46029,0.578126,2.29038,0.669083,-1.51192,1.4064
2357,1.1785,4,2,4,0,0,0,0,0,0,-17.3416,16.6294,15.5345,-0.938651,-12.1666,34.7507,0,0,0,0,0,0,-2.45685,0.566598,2.28702,0.66237,-1.50961,1.38575
2358,1.179,4,2,4,0,0,0,0,0,0,-17.4589,16.5436,15.5883,-0.930408,-12.196,34.656,0,0,0,0,0,0,-2.45747,0.553999,2.28419,0.653407,-1.50607,1.36375
2359,1.1795,4,2,4,0,0,0,0,0,0,-17.579,16.4577,15.6454,-0.918725,-12.2273,34.5621,0,0,0,0,0,0,-2.45495,0.537373,2.27599,0.641035,-1.49846,1.3385
2360,1.18,4,2,4,0,0,0,0,0,0,-17.7015,16.3735,15.7033,-0.902778,-12.2584,34.4715,0,0,0,0,0,0,-2.45247,0.517545,2.26959,0.630159,-1.49277,1.313
2361,1.1805,4,2,4,0,0,0,0,0,0,-17.8241,16.2907,15.762,-0.882433,-12.2902,34.381,0,0,0,0,0,0,-2.45356,0.498133,2.26673,0.622556,-1.48886,1.29155
2362,1.181,4,2,4,0,0,0,0,0,0,-17.9447,16.2089,15.8206,-0.860349,-12.3229,34.2881,0,0,0,0,0,0,-2.45698,0.478039,2.26521,0.617176,-1.48528,1.27301
2363,1.1815,4,2,4,0,0,0,0,0,0,-18.0631,16.1285,15.8788,-0.836892,-12.3562,34.1932,0,0,0,0,0,0,-2.46122,0.458496,2.26419,0.614276,-1.48165,1.25712
2364,1.182,4,2,4,0,0,0,0,0,0,-18.1799,16.0476,15.9371,-0.812956,-12.3903,34.0955,0,0,0,0,0,0,-2.46568,0.440583,2.2635,0.614016,-1.478,1.24457
2365,1.1825,4,2,4,0,0,0,0,0,0,-18.295,15.9655,15.9948,-0.789878,-12.4246,33.9951,0,0,0,0,0,0,-2.47322,0.427217,2.26717,0.619286,-1.47786,1.24122
2366,1.183,4,2,4,0,0,0,0,0,0,-18.4067,15.8816,16.0495,-0.769335,-12.4574,33.8908,0,0,0,0,0,0,-2.48317,0.418037,2.27417,0.629093,-1.48011,1.24371
2367,1.1835,4,2,4,0,0,0,0,0,0,-18.5134,15.7945,16.0985,-0.755129,-12.4862,33.7793,0,0,0,0,0,0,-2.49001,0.41029,2.27888,0.639026,-1.48107,1.24414
2368,1.184,4,2,4,0,0,0,0,0,0,-18.6168,15.7043,16.1409,-0.748447,-12.5094,33.6625,0,0,0,0,0,0,-2.49791,0.405307,2.28665,0.651279,-1.4851,1.24636
2369,1.1845,4,2,4,0,0,0,0,0,0,-18.7178,15.6115,16.1797,-0.74714,-12.5298,33.5416,0,0,0,0,0,0,-2.50457,0.400789,2.29317,0.660094,-1.48846,1.24528
2370,1.185,4,2,4,0,0,0,0,0,0,-18.8175,15.5171,16.2184,-0.747632,-12.5507,33.4195,0,0,0,0,0,0,-2.51173,0.394258,2.29908,0.66618,-1.49091,1.24191
2371,1.1855,4,2,4,0,0,0,0,0,0,-18.9172,15.4219,16.2584,-0.748012,-12.5729,33.2988,0,0,0,0,0,0,-2.52087,0.38662,2.30591,0.671128,-1.49373,1.23834
2372,1.186,4,2,4,0,0,0,0,0,0,-19.019,15.3256,16.2991,-0.748318,-12.5947,33.1819,0,0,0,0,0,0,-2.52523,0.376724,2.30877,0.671735,-1.49431,1.22773
2373,1.1865,4,2,4,0,0,0,0,0,0,-19.124,15.2304,16.3411,-0.746714,-12.6165,33.0731,0,0,0,0,0,0,-2.52617,0.361306,2.30826,0.666727,-1.49289,1.20879
2374,1.187,4,2,4,0,0,0,0,0,0,-19.2308,15.1363,16.3844,-0.742876,-12.6385,32.9684,0,0,0,0,0,0,-2.53056,0.344849,2.31003,0.661808,-1.4924,1.19061
2375,1.1875,4,2,4,0,0,0,0,0,0,-19.3398,15.0431,16.4287,-0.735842,-12.6601,32.8666,0,0,0,0,0,0,-2.53476,0.326471,2.30973,0.655817,-1.48969,1.17106
2376,1.188,4,2,4,0,0,0,0,0,0,-19.4512,14.952,16.4744,-0.724289,-12.6817,32.7678,0,0,0,0,0,0,-2.53894,0.307365,2.30951,0.649976,-1.48712,1.15064
2377,1.1885,4,2,4,0,0,0,0,0,0,-19.5639,14.863,16.5224,-0.708542,-12.705,32.672,0,0,0,0,0,0,-2.54294,0.290617,2.30961,0.644509,-1.48514,1.13269
2378,1.189,4,2,4,0,0,0,0,0,0,-19.6775,14.7748,16.5719,-0.690496,-12.7295,32.578,0,0,0,0,0,0,-2.54691,0.276519,2.3109,0.642221,-1.48427,1.11836
2379,1.1895,4,2,4,0,0,0,0,0,0,-19.7906,14.6862,16.6209,-0.673067,-12.7537,32.4834,0,0,0,0,0,0,-2.55106,0.261905,2.31385,0.643307,-1.48486,1.10587
2380,1.19,4,2,4,0,0,0,0,0,0,-19.9027,14.5966,16.6682,-0.65754,-12.7766,32.3859,0,0,0,0,0,0,-2.55813,0.251229,2.319,0.647533,-1.48675,1.10045
2381,1.1905,4,2,4,0,0,0,0,0,0,-20.0141,14.5063,16.7142,-0.643117,-12.7983,32.286,0,0,0,0,0,0,-2.56345,0.242203,2.32271,0.650087,-1.48786,1.09363
2382,1.191,4,2,4,0,0,0,0,0,0,-20.1235,14.4135,16.7575,-0.632352,-12.818,32.1807,0,0,0,0,0,0,-2.56927,0.232901,2.32637,0.652823,-1.48847,1.0876
2383,1.1915,4,2,4,0,0,0,0,0,0,-20.2299,14.3175,16.7986,-0.625193,-12.8365,32.0688,0,0,0,0,0,0,-2.57487,0.224342,2.32812,0.656066,-1.48697,1.08314
2384,1.192,4,2,4,0,0,0,0,0,0,-20.3328,14.2193,16.8384,-0.620158,-12.8551,31.9516,0,0,0,0,0,0,-2.5788,0.215361,2.32793,0.656718,-1.4843,1.07664
2385,1.1925,4,2,4,0,0,0,0,0,0,-20.4337,14.12,16.8782,-0.614715,-12.8745,31.8329,0,0,0,0,0,0,-2.58341,0.204989,2.32833,0.655599,-1.48238,1.06861
2386,1.193,4,2,4,0,0,0,0,0,0,-20.5337,14.0198,16.9192,-0.607764,-12.8951,31.7134,0,0,0,0,0,0,-2.58851,0.193347,2.32885,0.653893,-1.48054,1.05934
2387,1.1935,4,2,4,0,0,0,0,0,0,-20.6325,13.9189,16.9606,-0.600247,-12.9166,31.5922,0,0,0,0,0,0,-2.59343,0.179712,2.33052,0.65343,-1.47983,1.04809
2388,1.194,4,2,4,0,0,0,0,0,0,-20.7305,13.8176,17.0017,-0.592244,-12.9381,31.4712,0,0,0,0,0,0,-2.59852,0.165226,2.33294,0.653524,-1.47974,1.03563
2389,1.1945,4,2,4,0,0,0,0,0,0,-20.8294,13.7175,17.0433,-0.582945,-12.9598,31.3549,0,0,0,0,0,0,-2.60383,0.150819,2.33581,0.653148,-1.48011,1.0226
2390,1.195,4,2,4,0,0,0,0,0,0,-20.9296,13.6188,17.0862,-0.572086,-12.9823,31.2437,0,0,0,0,0,0,-2.60816,0.135682,2.33865,0.653459,-1.48046,1.00833
2391,1.1955,4,2,4,0,0,0,0,0,0,-21.0315,13.5211,17.1303,-0.560182,-13.005,31.137,0,0,0,0,0,0,-2.61085,0.121081,2.3409,0.654685,-1.48045,0.992756
2392,1.196,4,2,4,0,0,0,0,0,0,-21.1351,13.424,17.1749,-0.548408,-13.0273,31.0332,0,0,0,0,0,0,-2.61274,0.107545,2.34337,0.655445,-1.481,0.977341
2393,1.1965,4,2,4,0,0,0,0,0,0,-21.2396,13.3265,17.218,-0.538488,-13.0477,30.9299,0,0,0,0,0,0,-2.61763,0.0938772,2.34593,0.655895,-1.4806,0.965019
2394,1.197,4,2,4,0,0,0,0,0,0,-21.345,13.2288,17.2573,-0.532212,-13.0641,30.8276,0,0,0,0,0,0,-2.62329,0.0816578,2.34863,0.658616,-1.48008,0.957267
2395,1.1975,4,2,4,0,0,0,0,0,0,-21.45,13.1301,17.2948,-0.527759,-13.0787,30.724,0,0,0,0,0,0,-2.62795,0.0699975,2.34949,0.659645,-1.47831,0.949768
2396,1.198,4,2,4,0,0,0,0,0,0,-21.5548,13.0299,17.331,-0.52474,-13.0919,30.6182,0,0,0,0,0,0,-2.6348,0.0593208,2.3523,0.661655,-1.47775,0.944843
2397,1.1985,4,2,4,0,0,0,0,0,0,-21.6601,12.9279,17.3662,-0.522695,-13.1037,30.5103,0,0,0,0,0,0,-2.63836,0.0488076,2.35292,0.661565,-1.47631,0.936235
2398,1.199,4,2,4,0,0,0,0,0,0,-21.7652,12.8246,17.4013,-0.519734,-13.1151,30.4001,0,0,0,0,0,0,-2.64211,0.0382452,2.35325,0.660932,-1.47451,0.927895
2399,1.1995,4,2,4,0,0,0,0,0,0,-21.8695,12.7209,17.4378,-0.515182,-13.1283,30.2884,0,0,0,0,0,0,-2.64599,0.0274883,2.35372,0.659428,-1.47281,0.918162
2400,1.2,4,2,4,0,0,0,0,0,0,-21.9728,12.6177,17.4752,-0.509409,-13.1429,30.177,0,0,0,0,0,0,-2.65045,0.0158519,2.35289,0.655863,-1.46976,0.908562
2401,1.2005,4,2,4,0,0,0,0,0,0,-22.0746,12.5144,17.512,-0.50294,-13.1576,30.0653,0,0,0,0,0,0,-2.65443,0.00276809,2.35308,0.652374,-1.46782,0.895986
2402,1.201,4,2,4,0,0,0,0,0,0,-22.1753,12.4104,17.5484,-0.495525,-13.1725,29.952,0,0,0,0,0,0,-2.65869,-0.00985346,2.35442,0.650508,-1.4669,0.883767
2403,1.2015,4,2,4,0,0,0,0,0,0,-22.275,12.3061,17.5848,-0.486471,-13.1875,29.8375,0,0,0,0,0,0,-2.66287,-0.0225893,2.35685,0.650751,-1.46681,0.871976
2404,1.202,4,2,4,0,0,0,0,0,0,-22.3743,12.2028,17.6211,-0.476681,-13.2027,29.7239,0,0,0,0,0,0,-2.66839,-0.0343559,2.36139,0.654461,-1.46799,0.862744
2405,1.2025,4,2,4,0,0,0,0,0,0,-22.4721,12.0995,17.6573,-0.467544,-13.2184,29.6096,0,0,0,0,0,0,-2.67227,-0.0455436,2.36432,0.657372,-1.46814,0.853064
2406,1.203,4,2,4,0,0,0,0,0,0,-22.5695,11.9964,17.694,-0.458578,-13.2345,29.4966,0,0,0,0,0,0,-2.67857,-0.056323,2.36923,0.662231,-1.46929,0.8469
2407,1.2035,4,2,4,0,0,0,0,0,0,-22.6668,11.8929,17.73,-0.451221,-13.2499,29.384,0,0,0,0,0,0,-2.68221,-0.0688982,2.37109,0.663947,-1.46852,0.836282
2408,1.204,4,2,4,0,0,0,0,0,0,-22.7638,11.7883,17.765,-0.446253,-13.2644,29.2703,0,0,0,0,0,0,-2.68618,-0.081369,2.37211,0.663915,-1.46704,0.825329
2409,1.2045,4,2,4,0,0,0,0,0,0,-22.861,11.6834,17.8002,-0.44142,-13.2788,29.1579,0,0,0,0,0,0,-2.69195,-0.0952172,2.37284,0.663548,-1.46449,0.815826
2410,1.205,4,2,4,0,0,0,0,0,0,-22.9576,11.5775,17.8356,-0.436303,-13.2934,29.045,0,0,0,0,0,0,-2.69569,-0.109764,2.37188,0.660387,-1.4612,0.802858
2411,1.2055,4,2,4,0,0,0,0,0,0,-23.0545,11.4706,17.871,-0.430934,-13.3079,28.9313,0,0,0,0,0,0,-2.69678,-0.12335,2.371,0.658418,-1.45899,0.788823
2412,1.206,4,2,4,0,0,0,0,0,0,-23.1525,11.3628,17.9063,-0.425351,-13.3217,28.8178,0,0,0,0,0,0,-2.69784,-0.136031,2.3726,0.657835,-1.45935,0.774658
2413,1.2065,4,2,4,0,0,0,0,0,0,-23.2498,11.2537,17.9408,-0.420481,-13.3348,28.7026,0,0,0,0,0,0,-2.69972,-0.149449,2.37438,0.657034,-1.45964,0.76086
2414,1.207,4,2,4,0,0,0,0,0,0,-23.3473,11.1433,17.9746,-0.415079,-13.3468,28.5873,0,0,0,0,0,0,-2.70227,-0.162634,2.37586,0.656908,-1.45923,0.74952
2415,1.2075,4,2,4,0,0,0,0,0,0,-23.4443,11.0329,18.0065,-0.409859,-13.357,28.4719,0,0,0,0,0,0,-2.70476,-0.175048,2.37622,0.654677,-1.45811,0.737537
2416,1.208,4,2,4,0,0,0,0,0,0,-23.5414,10.9233,18.0364,-0.405484,-13.3653,28.3583,0,0,0,0,0,0,-2.70965,-0.188175,2.37762,0.655943,-1.45655,0.728456
2417,1.2085,4,2,4,0,0,0,0,0,0,-23.6384,10.8136,18.0654,-0.401241,-13.3724,28.2453,0,0,0,0,0,0,-2.71496,-0.202325,2.38042,0.659605,-1.4558,0.721124
2418,1.209,4,2,4,0,0,0,0,0,0,-23.7346,10.7039,18.0935,-0.397734,-13.379,28.1324,0,0,0,0,0,0,-2.72165,-0.215753,2.38421,0.663933,-1.45557,0.715434
2419,1.2095,4,2,4,0,0,0,0,0,0,-23.83,10.5948,18.1205,-0.396092,-13.3848,28.0209,0,0,0,0,0,0,-2.72789,-0.227556,2.38679,0.667393,-1.45442,0.709905
2420,1.21,4,2,4,0,0,0,0,0,0,-23.9249,10.4852,18.1462,-0.396758,-13.3896,27.9099,0,0,0,0,0,0,-2.73162,-0.239737,2.38731,0.666445,-1.45265,0.699018
2421,1.2105,4,2,4,0,0,0,0,0,0,-24.0197,10.3756,18.1718,-0.397467,-13.3943,27.7998,0,0,0,0,0,0,-2.73625,-0.251298,2.38803,0.664962,-1.45093,0.689233
2422,1.211,4,2,4,0,0,0,0,0,0,-24.1149,10.2657,18.1992,-0.395805,-13.4004,27.6897,0,0,0,0,0,0,-2.73865,-0.262917,2.386,0.660036,-1.44755,0.675763
2423,1.2115,4,2,4,0,0,0,0,0,0,-24.2096,10.1544,18.2283,-0.392723,-13.4083,27.5775,0,0,0,0,0,0,-2.74026,-0.27469,2.38263,0.654492,-1.44332,0.662195
2424,1.212,4,2,4,0,0,0,0,0,0,-24.3037,10.0427,18.2582,-0.388709,-13.4177,27.4643,0,0,0,0,0,0,-2.7411,-0.288546,2.3783,0.648407,-1.43832,0.647082
2425,1.2125,4,2,4,0,0,0,0,0,0,-24.3974,9.93034,18.2883,-0.384133,-13.4279,27.3502,0,0,0,0,0,0,-2.74346,-0.302208,2.37629,0.646325,-1.43464,0.635615
2426,1.213,4,2,4,0,0,0,0,0,0,-24.4899,9.81836,18.3186,-0.379183,-13.4389,27.2347,0,0,0,0,0,0,-2.74682,-0.315528,2.37753,0.647894,-1.43307,0.624909
2427,1.2135,4,2,4,0,0,0,0,0,0,-24.5815,9.70522,18.3483,-0.374867,-13.4495,27.117,0,0,0,0,0,0,-2.75121,-0.328154,2.38077,0.651663,-1.43266,0.615441
2428,1.214,4,2,4,0,0,0,0,0,0,-24.6719,9.59086,18.3774,-0.371221,-13.4595,26.9964,0,0,0,0,0,0,-2.75668,-0.339816,2.38476,0.656265,-1.43265,0.608616
2429,1.2145,4,2,4,0,0,0,0,0,0,-24.7632,9.47686,18.4056,-0.367275,-13.468,26.8774,0,0,0,0,0,0,-2.76209,-0.350645,2.38912,0.659741,-1.43346,0.60216
2430,1.215,4,2,4,0,0,0,0,0,0,-24.8535,9.3624,18.4323,-0.364669,-13.4752,26.7569,0,0,0,0,0,0,-2.76713,-0.36302,2.39252,0.661946,-1.4337,0.594452
2431,1.2155,4,2,4,0,0,0,0,0,0,-24.9438,9.24784,18.4588,-0.361556,-13.4819,26.6375,0,0,0,0,0,0,-2.76998,-0.375616,2.39365,0.662445,-1.43286,0.585259
2432,1.216,4,2,4,0,0,0,0,0,0,-25.0316,9.13293,18.483,-0.360256,-13.4871,26.5163,0,0,0,0,0,0,-2.77196,-0.390106,2.39363,0.661105,-1.43122,0.573822
2433,1.2165,4,2,4,0,0,0,0,0,0,-25.1206,9.01802,18.507,-0.357327,-13.4913,26.3987,0,0,0,0,0,0,-2.77261,-0.404105,2.39269,0.660944,-1.42881,0.562436
2434,1.217,4,2,4,0,0,0,0,0,0,-25.2098,8.90253,18.5318,-0.352516,-13.4959,26.2823,0,0,0,0,0,0,-2.77414,-0.416971,2.39135,0.660554,-1.42569,0.553102
2435,1.2175,4,2,4,0,0,0,0,0,0,-25.2977,8.78658,18.5562,-0.348086,-13.5007,26.1657,0,0,0,0,0,0,-2.7747,-0.430919,2.38887,0.657437,-1.42206,0.54095
2436,1.218,4,2,4,0,0,0,0,0,0,-25.3855,8.67075,18.5796,-0.344947,-13.5047,26.0507,0,0,0,0,0,0,-2.77395,-0.445413,2.38556,0.654071,-1.41831,0.526635
2437,1.2185,4,2,4,0,0,0,0,0,0,-25.4741,8.55555,18.6012,-0.343966,-13.5074,25.9381,0,0,0,0,0,0,-2.77844,-0.459639,2.38742,0.654521,-1.41749,0.515935
2438,1.219,4,2,4,0,0,0,0,0,0,-25.5634,8.44063,18.6231,-0.34328,-13.5102,25.8269,0,0,0,0,0,0,-2.78321,-0.473216,2.38932,0.655723,-1.41656,0.505616
2439,1.2195,4,2,4,0,0,0,0,0,0,-25.6522,8.32505,18.6461,-0.342843,-13.5143,25.7146,0,0,0,0,0,0,-2.78897,-0.484953,2.39256,0.660234,-1.41595,0.499136
2440,1.22,4,2,4,0,0,0,0,0,0,-25.7417,8.20925,18.6691,-0.342505,-13.5183,25.6038,0,0,0,0,0,0,-2.7937,-0.496025,2.39209,0.662292,-1.41217,0.494431
2441,1.2205,4,2,4,0,0,0,0,0,0,-25.8311,8.09283,18.6909,-0.34384,-13.5213,25.4921,0,0,0,0,0,0,-2.7992,-0.50522,2.38991,0.662578,-1.40706,0.491604
2442,1.221,4,2,4,0,0,0,0,0,0,-25.9215,7.97551,18.7115,-0.346322,-13.523,25.3808,0,0,0,0,0,0,-2.80311,-0.514498,2.3874,0.660644,-1.40251,0.485387
2443,1.2215,4,2,4,0,0,0,0,0,0,-26.0131,7.85785,18.7308,-0.349872,-13.523,25.2704,0,0,0,0,0,0,-2.80666,-0.524694,2.38788,0.661596,-1.4002,0.478379
2444,1.222,4,2,4,0,0,0,0,0,0,-26.1059,7.7395,18.7493,-0.353423,-13.5216,25.1615,0,0,0,0,0,0,-2.80903,-0.536142,2.38931,0.661404,-1.39914,0.467261
2445,1.2225,4,2,4,0,0,0,0,0,0,-26.1985,7.62058,18.7681,-0.355882,-13.5203,25.0524,0,0,0,0,0,0,-2.81249,-0.548577,2.39209,0.663223,-1.39883,0.457398
2446,1.223,4,2,4,0,0,0,0,0,0,-26.289,7.50136,18.7871,-0.357488,-13.5198,24.9413,0,0,0,0,0,0,-2.81262,-0.562149,2.39252,0.66053,-1.39824,0.440453
2447,1.2235,4,2,4,0,0,0,0,0,0,-26.3759,7.38187,18.8068,-0.35758,-13.521,24.8261,0,0,0,0,0,0,-2.81355,-0.575727,2.39417,0.659064,-1.39854,0.423142
2448,1.224,4,2,4,0,0,0,0,0,0,-26.4598,7.26198,18.8265,-0.356723,-13.5233,24.708,0,0,0,0,0,0,-2.81443,-0.588474,2.39334,0.65558,-1.39693,0.408315
2449,1.2245,4,2,4,0,0,0,0,0,0,-26.5418,7.14137,18.8446,-0.356347,-13.5246,24.5883,0,0,0,0,0,0,-2.81856,-0.601237,2.39508,0.657945,-1.39555,0.401273
2450,1.225,4,2,4,0,0,0,0,0,0,-26.6227,7.02099,18.8628,-0.35495,-13.5259,24.4687,0,0,0,0,0,0,-2.82417,-0.614208,2.39554,0.658549,-1.39272,0.396444
2451,1.2255,4,2,4,0,0,0,0,0,0,-26.7019,6.90113,18.8802,-0.354251,-13.5273,24.3482,0,0,0,0,0,0,-2.83023,-0.627586,2.39429,0.658061,-1.3879,0.392865
2452,1.226,4,2,4,0,0,0,0,0,0,-26.7797,6.78189,18.897,-0.354331,-13.5289,24.2277,0,0,0,0,0,0,-2.83212,-0.641285,2.39167,0.656785,-1.38306,0.385345
2453,1.2265,4,2,4,0,0,0,0,0,0,-26.8575,6.66343,18.9141,-0.354472,-13.531,24.109,0,0,0,0,0,0,-2.83197,-0.655824,2.38842,0.655394,-1.37858,0.373707
2454,1.227,4,2,4,0,0,0,0,0,0,-26.9372,6.54524,18.9335,-0.352314,-13.5344,23.9943,0,0,0,0,0,0,-2.83325,-0.668563,2.38804,0.655983,-1.37637,0.362984
2455,1.2275,4,2,4,0,0,0,0,0,0,-27.0184,6.42668,18.954,-0.348965,-13.5386,23.8825,0,0,0,0,0,0,-2.83579,-0.679661,2.38879,0.658022,-1.37461,0.354407
2456,1.228,4,2,4,0,0,0,0,0,0,-27.0996,6.308,18.9727,-0.348143,-13.5419,23.7707,0,0,0,0,0,0,-2.83896,-0.689808,2.38899,0.658679,-1.37287,0.346876
2457,1.2285,4,2,4,0,0,0,0,0,0,-27.1802,6.18829,18.99,-0.348991,-13.5443,23.6567,0,0,0,0,0,0,-2.84152,-0.699603,2.38879,0.658489,-1.37128,0.338545
2458,1.229,4,2,4,0,0,0,0,0,0,-27.262,6.06812,19.0061,-0.350541,-13.5452,23.5434,0,0,0,0,0,0,-2.84088,-0.711422,2.38654,0.658989,-1.36796,0.328111
2459,1.2295,4,2,4,0,0,0,0,0,0,-27.3445,5.94657,19.0223,-0.351427,-13.5453,23.43,0,0,0,0,0,0,-2.8411,-0.724049,2.38502,0.657369,-1.36515,0.316219
2460,1.23,4,2,4,0,0,0,0,0,0,-27.4265,5.82406,19.038,-0.352349,-13.5447,23.3155,0,0,0,0,0,0,-2.84486,-0.736462,2.38505,0.656749,-1.3625,0.308513
2461,1.2305,4,2,4,0,0,0,0,0,0,-27.5064,5.70094,19.0533,-0.35245,-13.544,23.1986,0,0,0,0,0,0,-2.8463,-0.74897,2.38211,0.654063,-1.35798,0.29968
2462,1.231,4,2,4,0,0,0,0,0,0,-27.5855,5.57696,19.069,-0.351596,-13.5434,23.0812,0,0,0,0,0,0,-2.84812,-0.762789,2.37908,0.652755,-1.35314,0.292739
2463,1.2315,4,2,4,0,0,0,0,0,0,-27.6626,5.45279,19.0828,-0.352801,-13.5418,22.9628,0,0,0,0,0,0,-2.84711,-0.777414,2.37561,0.649368,-1.34946,0.280332
2464,1.232,4,2,4,0,0,0,0,0,0,-27.7401,5.32902,19.0966,-0.353168,-13.5397,22.8477,0,0,0,0,0,0,-2.84856,-0.791498,2.37548,0.648197,-1.34776,0.269138
2465,1.2325,4,2,4,0,0,0,0,0,0,-27.8189,5.20503,19.1093,-0.354026,-13.5363,22.7357,0,0,0,0,0,0,-2.8493,-0.80447,2.37563,0.648638,-1.34624,0.258711
2466,1.233,4,2,4,0,0,0,0,0,0,-27.8979,5.08192,19.1197,-0.356976,-13.5312,22.6252,0,0,0,0,0,0,-2.85303,-0.816766,2.37892,0.65255,-1.34606,0.250985
2467,1.2335,4,2,4,0,0,0,0,0,0,-27.9751,4.95929,19.1287,-0.361655,-13.5256,22.5132,0,0,0,0,0,0,-2.85779,-0.829241,2.38137,0.652382,-1.34538,0.241615
2468,1.234,4,2,4,0,0,0,0,0,0,-28.0522,4.83649,19.1381,-0.366008,-13.5206,22.4011,0,0,0,0,0,0,-2.86068,-0.841111,2.38171,0.650795,-1.3436,0.2309
2469,1.2345,4,2,4,0,0,0,0,0,0,-28.1297,4.71305,19.1455,-0.372872,-13.5143,22.2894,0,0,0,0,0,0,-2.86295,-0.852406,2.37996,0.650518,-1.33985,0.222467
2470,1.235,4,2,4,0,0,0,0,0,0,-28.2074,4.58896,19.1514,-0.381411,-13.5073,22.178,0,0,0,0,0,0,-2.86447,-0.86302,2.37664,0.650205,-1.33508,0.216016
2471,1.2355,4,2,4,0,0,0,0,0,0,-28.2852,4.46413,19.158,-0.388772,-13.5011,22.0671,0,0,0,0,0,0,-2.86648,-0.873803,2.37342,0.648669,-1.33045,0.209727
2472,1.236,4,2,4,0,0,0,0,0,0,-28.3632,4.33849,19.1667,-0.393219,-13.4961,21.9565,0,0,0,0,0,0,-2.86797,-0.885718,2.37139,0.648457,-1.327,0.201637
2473,1.2365,4,2,4,0,0,0,0,0,0,-28.4416,4.21306,19.1763,-0.396808,-13.4913,21.8469,0,0,0,0,0,0,-2.86846,-0.898072,2.37022,0.649822,-1.32436,0.192508
2474,1.237,4,2,4,0,0,0,0,0,0,-28.5183,4.08758,19.1862,-0.399438,-13.4869,21.736,0,0,0,0,0,0,-2.86959,-0.911306,2.36901,0.650054,-1.32149,0.182664
2475,1.2375,4,2,4,0,0,0,0,0,0,-28.595,3.96161,19.1978,-0.399488,-13.4831,21.6253,0,0,0,0,0,0,-2.87284,-0.924336,2.36942,0.6518,-1.31918,0.176619
2476,1.238,4,2,4,0,0,0,0,0,0,-28.6689,3.83545,19.2089,-0.40003,-13.4795,21.5111,0,0,0,0,0,0,-2.87243,-0.937255,2.36661,0.649154,-1.31557,0.166044
2477,1.2385,4,2,4,0,0,0,0,0,0,-28.7391,3.70881,19.2166,-0.404844,-13.4747,21.3916,0,0,0,0,0,0,-2.87279,-0.952149,2.36505,0.646303,-1.31278,0.153415
2478,1.239,4,2,4,0,0,0,0,0,0,-28.8078,3.58226,19.222,-0.412142,-13.4689,21.2699,0,0,0,0,0,0,-2.87023,-0.966321,2.36121,0.642777,-1.30895,0.139259
2479,1.2395,4,2,4,0,0,0,0,0,0,-28.8772,3.45601,19.2266,-0.419403,-13.4626,21.1499,0,0,0,0,0,0,-2.86871,-0.978782,2.35898,0.642562,-1.30572,0.126212
2480,1.24,4,2,4,0,0,0,0,0,0,-28.9467,3.32924,19.2308,-0.427225,-13.456,21.0301,0,0,0,0,0,0,-2.86885,-0.989389,2.35753,0.643302,-1.30259,0.116437
2481,1.2405,4,2,4,0,0,0,0,0,0,-29.0161,3.20235,19.2346,-0.434896,-13.4493,20.9108,0,0,0,0,0,0,-2.87256,-0.999554,2.35758,0.644696,-1.29992,0.111244
2482,1.241,4,2,4,0,0,0,0,0,0,-29.0883,3.07639,19.2394,-0.439806,-13.4421,20.7969,0,0,0,0,0,0,-2.87628,-1.00953,2.35765,0.645802,-1.29736,0.105509
2483,1.2415,4,2,4,0,0,0,0,0,0,-29.1622,2.95154,19.2437,-0.443746,-13.4343,20.6871,0,0,0,0,0,0,-2.87907,-1.01874,2.35637,0.646152,-1.29415,0.0991964
2484,1.242,4,2,4,0,0,0,0,0,0,-29.2382,2.82594,19.2496,-0.445095,-13.427,20.5813,0,0,0,0,0,0,-2.88463,-1.03187,2.35582,0.647109,-1.29038,0.0957078
2485,1.2425,4,2,4,0,0,0,0,0,0,-29.3144,2.70032,19.2574,-0.443617,-13.4208,20.4772,0,0,0,0,0,0,-2.88686,-1.04441,2.3527,0.645213,-1.28597,0.0886055
2486,1.243,4,2,4,0,0,0,0,0,0,-29.3867,2.57437,19.2655,-0.441505,-13.4159,20.3689,0,0,0,0,0,0,-2.88693,-1.05696,2.34923,0.642428,-1.28217,0.0783501
2487,1.2435,4,2,4,0,0,0,0,0,0,-29.4552,2.4484,19.2727,-0.440111,-13.4114,20.2567,0,0,0,0,0,0,-2.88481,-1.06953,2.34551,0.641103,-1.27828,0.0663315
2488,1.244,4,2,4,0,0,0,0,0,0,-29.5202,2.3213,19.2781,-0.440289,-13.4064,20.1403,0,0,0,0,0,0,-2.88428,-1.08166,2.34305,0.642242,-1.27414,0.0570051
2489,1.2445,4,2,4,0,0,0,0,0,0,-29.5824,2.19289,19.2804,-0.444547,-13.4003,20.0197,0,0,0,0,0,0,-2.88104,-1.09396,2.33846,0.639929,-1.26939,0.0427783
2490,1.245,4,2,4,0,0,0,0,0,0,-29.644,2.06383,19.2789,-0.454067,-13.3922,19.8981,0,0,0,0,0,0,-2.88119,-1.10676,2.3375,0.640826,-1.26646,0.0322333
2491,1.2455,4,2,4,0,0,0,0,0,0,-29.7077,1.93535,19.2778,-0.463304,-13.3841,19.7796,0,0,0,0,0,0,-2.88214,-1.11937,2.33501,0.639487,-1.26263,0.0231435
2492,1.246,4,2,4,0,0,0,0,0,0,-29.7738,1.8076,19.2789,-0.469681,-13.3769,19.6651,0,0,0,0,0,0,-2.88696,-1.13151,2.33528,0.641038,-1.25969,0.0197422
2493,1.2465,4,2,4,0,0,0,0,0,0,-29.842,1.68032,19.2816,-0.474002,-13.37,19.5542,0,0,0,0,0,0,-2.89083,-1.14388,2.33494,0.642469,-1.25643,0.0148611
2494,1.247,4,2,4,0,0,0,0,0,0,-29.9122,1.55334,19.283,-0.479111,-13.3618,19.4473,0,0,0,0,0,0,-2.89387,-1.15573,2.33478,0.645149,-1.25354,0.0096111
2495,1.2475,4,2,4,0,0,0,0,0,0,-29.9829,1.42636,19.2839,-0.483748,-13.3531,19.3421,0,0,0,0,0,0,-2.89167,-1.16794,2.33062,0.644742,-1.24929,-0.000194537
2496,1.248,4,2,4,0,0,0,0,0,0,-30.0522,1.29887,19.2846,-0.487925,-13.3442,19.2356,0,0,0,0,0,0,-2.8894,-1.17995,2.32523,0.64086,-1.24475,-0.012366
2497,1.2485,4,2,4,0,0,0,0,0,0,-30.1198,1.1711,19.2851,-0.491225,-13.3351,19.1281,0,0,0,0,0,0,-2.88919,-1.19274,2.32234,0.63977,-1.2412,-0.0212405
2498,1.249,4,2,4,0,0,0,0,0,0,-30.1861,1.04264,19.2854,-0.494321,-13.3254,19.019,0,0,0,0,0,0,-2.89114,-1.20598,2.31971,0.638837,-1.23691,-0.0275471
2499,1.2495,4,2,4,0,0,0,0,0,0,-30.2495,0.913213,19.284,-0.499805,-13.3148,18.9059,0,0,0,0,0,0,-2.89061,-1.21801,2.31417,0.633125,-1.23171,-0.0389707
2500,1.25,4,2,4,0,0,0,0,0,0,-30.3098,0.782684,19.2796,-0.508902,-13.3033,18.7887,0,0,0,0,0,0,-2.88893,-1.2312,2.30935,0.626912,-1.22737,-0.0513308
2501,1.2505,4,2,4,0,0,0,0,0,0,-30.3699,0.652402,19.2736,-0.518847,-13.2908,18.6727,0,0,0,0,0,0,-2.89066,-1.24488,2.30831,0.625428,-1.22459,-0.0587022
2502,1.251,4,2,4,0,0,0,0,0,0,-30.433,0.523241,19.2676,-0.527398,-13.2778,18.5624,0,0,0,0,0,0,-2.89027,-1.25674,2.30813,0.628218,-1.22196,-0.0649899
2503,1.2515,4,2,4,0,0,0,0,0,0,-30.4971,0.3939,19.2616,-0.535767,-13.2649,18.4536,0,0,0,0,0,0,-2.89128,-1.26878,2.308,0.633544,-1.21859,-0.06818
2504,1.252,4,2,4,0,0,0,0,0,0,-30.5619,0.264899,19.257,-0.543064,-13.2532,18.3466,0,0,0,0,0,0,-2.89379,-1.28088,2.3077,0.636966,-1.2154,-0.0719276
2505,1.2525,4,2,4,0,0,0,0,0,0,-30.6273,0.137118,19.2533,-0.549108,-13.2422,18.2416,0,0,0,0,0,0,-2.89416,-1.29125,2.30491,0.63494,-1.21231,-0.0807075
2506,1.253,4,2,4,0,0,0,0,0,0,-30.6924,0.0100464,19.2474,-0.558532,-13.2301,18.136,0,0,0,0,0,0,-2.89489,-1.30107,2.30207,0.632634,-1.20911,-0.0895758
2507,1.2535,4,2,4,0,0,0,0,0,0,-30.7569,-0.117273,19.2417,-0.567215,-13.2176,18.031,0,0,0,0,0,0,-2.89485,-1.31072,2.29728,0.629402,-1.20457,-0.098163
2508,1.254,4,2,4,0,0,0,0,0,0,-30.8213,-0.245616,19.2374,-0.573672,-13.2057,17.9261,0,0,0,0,0,0,-2.8955,-1.32147,2.29309,0.628081,-1.19979,-0.10411
2509,1.2545,4,2,4,0,0,0,0,0,0,-30.8831,-0.375767,19.2328,-0.581161,-13.1942,17.8172,0,0,0,0,0,0,-2.89757,-1.33512,2.29117,0.626806,-1.19615,-0.111774
2510,1.255,4,2,4,0,0,0,0,0,0,-30.9424,-0.507255,19.227,-0.590133,-13.1824,17.7049,0,0,0,0,0,0,-2.89814,-1.34884,2.2871,0.623109,-1.19118,-0.121027
2511,1.2555,4,2,4,0,0,0,0,0,0,-31.0019,-0.638119,19.2213,-0.597795,-13.1705,17.5941,0,0,0,0,0,0,-2.89739,-1.3615,2.2822,0.618609,-1.18617,-0.130995
2512,1.256,4,2,4,0,0,0,0,0,0,-31.0612,-0.768685,19.2144,-0.605777,-13.1583,17.4839,0,0,0,0,0,0,-2.89589,-1.37321,2.27825,0.61622,-1.18163,-0.139933
2513,1.2565,4,2,4,0,0,0,0,0,0,-31.1212,-0.898566,19.207,-0.614381,-13.1465,17.3752,0,0,0,0,0,0,-2.89595,-1.38475,2.27633,0.614802,-1.17822,-0.148548
2514,1.257,4,2,4,0,0,0,0,0,0,-31.1816,-1.02713,19.2013,-0.619915,-13.1359,17.2685,0,0,0,0,0,0,-2.89985,-1.39616,2.27701,0.617069,-1.1755,-0.153322
2515,1.2575,4,2,4,0,0,0,0,0,0,-31.2407,-1.15503,19.1953,-0.624789,-13.1251,17.1621,0,0,0,0,0,0,-2.90247,-1.40682,2.27726,0.62201,-1.17237,-0.158239
2516,1.258,4,2,4,0,0,0,0,0,0,-31.299,-1.28284,19.1863,-0.632114,-13.1125,17.0561,0,0,0,0,0,0,-2.90248,-1.41727,2.27474,0.624894,-1.16794,-0.165319
2517,1.2585,4,2,4,0,0,0,0,0,0,-31.3587,-1.41047,19.1757,-0.641049,-13.0987,16.953,0,0,0,0,0,0,-2.90414,-1.42752,2.27171,0.626853,-1.16298,-0.169047
2518,1.259,4,2,4,0,0,0,0,0,0,-31.4182,-1.53907,19.166,-0.649497,-13.0856,16.8498,0,0,0,0,0,0,-2.90315,-1.43794,2.26722,0.625721,-1.15826,-0.176261
2519,1.2595,4,2,4,0,0,0,0,0,0,-31.4752,-1.66946,19.1569,-0.658151,-13.0737,16.7435,0,0,0,0,0,0,-2.90037,-1.44877,2.25976,0.619394,-1.15233,-0.185329
2520,1.26,4,2,4,0,0,0,0,0,0,-31.5294,-1.79968,19.1486,-0.665111,-13.0627,16.6359,0,0,0,0,0,0,-2.89498,-1.46071,2.25095,0.610397,-1.14661,-0.198155
2521,1.2605,4,2,4,0,0,0,0,0,0,-31.5811,-1.92973,19.1414,-0.669207,-13.0525,16.5284,0,0,0,0,0,0,-2.89171,-1.47391,2.24615,0.607336,-1.14247,-0.208054
2522,1.261,4,2,4,0,0,0,0,0,0,-31.6289,-2.06086,19.1316,-0.676346,-13.0421,16.4163,0,0,0,0,0,0,-2.88925,-1.48638,2.24308,0.607904,-1.13842,-0.215589
2523,1.2615,4,2,4,0,0,0,0,0,0,-31.6766,-2.19227,19.1196,-0.685446,-13.0304,16.3042,0,0,0,0,0,0,-2.88561,-1.49771,2.2397,0.608549,-1.13462,-0.225811
2524,1.262,4,2,4,0,0,0,0,0,0,-31.7261,-2.32227,19.1076,-0.692324,-13.0177,16.195,0,0,0,0,0,0,-2.88364,-1.5081,2.23733,0.609648,-1.13128,-0.235548
2525,1.2625,4,2,4,0,0,0,0,0,0,-31.7743,-2.45154,19.0956,-0.697444,-13.0045,16.0847,0,0,0,0,0,0,-2.88302,-1.51777,2.23563,0.612277,-1.12817,-0.241943
2526,1.263,4,2,4,0,0,0,0,0,0,-31.8235,-2.5817,19.0825,-0.703183,-12.9903,15.9752,0,0,0,0,0,0,-2.88203,-1.52781,2.2308,0.61084,-1.12391,-0.249082
2527,1.2635,4,2,4,0,0,0,0,0,0,-31.874,-2.7128,19.0669,-0.711845,-12.9742,15.8666,0,0,0,0,0,0,-2.87951,-1.53917,2.22369,0.605865,-1.11871,-0.259559
2528,1.264,4,2,4,0,0,0,0,0,0,-31.9255,-2.84489,19.0502,-0.721637,-12.9569,15.7588,0,0,0,0,0,0,-2.87714,-1.55257,2.21975,0.605027,-1.11481,-0.268476
2529,1.2645,4,2,4,0,0,0,0,0,0,-31.9773,-2.97655,19.0335,-0.730906,-12.9391,15.6518,0,0,0,0,0,0,-2.8774,-1.56579,2.21681,0.605316,-1.11042,-0.273355
2530,1.265,4,2,4,0,0,0,0,0,0,-32.0294,-3.1075,19.0178,-0.738506,-12.9216,15.5461,0,0,0,0,0,0,-2.87659,-1.57863,2.21388,0.603999,-1.10682,-0.281762
2531,1.2655,4,2,4,0,0,0,0,0,0,-32.0783,-3.23904,19.0032,-0.745807,-12.9058,15.4364,0,0,0,0,0,0,-2.8744,-1.59078,2.20971,0.600149,-1.10335,-0.292518
2532,1.266,4,2,4,0,0,0,0,0,0,-32.1246,-3.37092,18.9868,-0.756236,-12.8902,15.3235,0,0,0,0,0,0,-2.87254,-1.60231,2.20706,0.598843,-1.10041,-0.302282
2533,1.2665,4,2,4,0,0,0,0,0,0,-32.173,-3.5025,18.9695,-0.766441,-12.8734,15.215,0,0,0,0,0,0,-2.86872,-1.61188,2.20333,0.596725,-1.09745,-0.314078
2534,1.267,4,2,4,0,0,0,0,0,0,-32.2231,-3.63233,18.9524,-0.77509,-12.8565,15.11,0,0,0,0,0,0,-2.86527,-1.61964,2.19686,0.592686,-1.09272,-0.323328
2535,1.2675,4,2,4,0,0,0,0,0,0,-32.2726,-3.7617,18.9378,-0.7797,-12.8414,15.0051,0,0,0,0,0,0,-2.86859,-1.62982,2.19286,0.590069,-1.08783,-0.326246
2536,1.268,4,2,4,0,0,0,0,0,0,-32.3232,-3.89153,18.9243,-0.783853,-12.8268,14.9022,0,0,0,0,0,0,-2.87698,-1.64079,2.19375,0.595487,-1.08361,-0.321969
2537,1.2685,4,2,4,0,0,0,0,0,0,-32.3746,-4.0219,18.909,-0.790513,-12.811,14.8007,0,0,0,0,0,0,-2.88501,-1.6515,2.19616,0.602897,-1.08008,-0.31887
2538,1.269,4,2,4,0,0,0,0,0,0,-32.4282,-4.15228,18.8927,-0.797858,-12.7938,14.7033,0,0,0,0,0,0,-2.88749,-1.66005,2.19416,0.604211,-1.07567,-0.322192
2539,1.2695,4,2,4,0,0,0,0,0,0,-32.4824,-4.28245,18.8765,-0.804428,-12.7764,14.6078,0,0,0,0,0,0,-2.88506,-1.66859,2.18763,0.601052,-1.06988,-0.32947
2540,1.27,4,2,4,0,0,0,0,0,0,-32.5322,-4.41218,18.8595,-0.811769,-12.7603,14.5072,0,0,0,0,0,0,-2.88358,-1.67933,2.18036,0.596685,-1.06345,-0.335799
2541,1.2705,4,2,4,0,0,0,0,0,0,-32.5758,-4.54278,18.8414,-0.821223,-12.7458,14.3994,0,0,0,0,0,0,-2.87903,-1.69054,2.17322,0.591938,-1.05784,-0.347563
2542,1.271,4,2,4,0,0,0,0,0,0,-32.6166,-4.67313,18.8215,-0.832101,-12.7314,14.2892,0,0,0,0,0,0,-2.8766,-1.70314,2.16806,0.588495,-1.053,-0.3585
2543,1.2715,4,2,4,0,0,0,0,0,0,-32.6569,-4.80219,18.8008,-0.841928,-12.7171,14.1814,0,0,0,0,0,0,-2.87294,-1.71322,2.16193,0.586853,-1.04772,-0.367212
2544,1.272,4,2,4,0,0,0,0,0,0,-32.6971,-4.93051,18.7795,-0.8508,-12.7022,14.075,0,0,0,0,0,0,-2.87171,-1.72372,2.15782,0.590299,-1.04236,-0.36934
2545,1.2725,4,2,4,0,0,0,0,0,0,-32.7378,-5.05853,18.7579,-0.858538,-12.6864,13.9704,0,0,0,0,0,0,-2.86755,-1.73369,2.15102,0.591969,-1.03608,-0.373486
2546,1.273,4,2,4,0,0,0,0,0,0,-32.7801,-5.18736,18.7363,-0.86521,-12.6693,13.8693,0,0,0,0,0,0,-2.86356,-1.74382,2.14493,0.592485,-1.0307,-0.37948
2547,1.2735,4,2,4,0,0,0,0,0,0,-32.8251,-5.3162,18.7138,-0.872837,-12.6509,13.7737,0,0,0,0,0,0,-2.85929,-1.75514,2.13988,0.592135,-1.02607,-0.389096
2548,1.274,4,2,4,0,0,0,0,0,0,-32.8714,-5.44486,18.691,-0.879672,-12.6317,13.6814,0,0,0,0,0,0,-2.85364,-1.76667,2.13414,0.591144,-1.02111,-0.39889
2549,1.2745,4,2,4,0,0,0,0,0,0,-32.9151,-5.57388,18.6665,-0.887791,-12.6119,13.5856,0,0,0,0,0,0,-2.84819,-1.77775,2.12571,0.586428,-1.01512,-0.406988
2550,1.275,4,2,4,0,0,0,0,0,0,-32.952,-5.70375,18.6391,-0.899014,-12.5917,13.481,0,0,0,0,0,0,-2.84071,-1.78994,2.11534,0.578471,-1.00892,-0.41885
2551,1.2755,4,2,4,0,0,0,0,0,0,-32.985,-5.83392,18.6103,-0.912045,-12.5716,13.371,0,0,0,0,0,0,-2.83182,-1.8013,2.10496,0.570711,-1.00311,-0.432768
2552,1.276,4,2,4,0,0,0,0,0,0,-33.0171,-5.96229,18.5806,-0.925276,-12.5515,13.2599,0,0,0,0,0,0,-2.83008,-1.81283,2.10091,0.569526,-0.999632,-0.440169
2553,1.2765,4,2,4,0,0,0,0,0,0,-33.0484,-6.08951,18.5482,-0.94039,-12.5301,13.1485,0,0,0,0,0,0,-2.82669,-1.82361,2.09676,0.568078,-0.996378,-0.450115
2554,1.277,4,2,4,0,0,0,0,0,0,-33.0826,-6.21643,18.5167,-0.953466,-12.5078,13.0406,0,0,0,0,0,0,-2.82164,-1.83301,2.09037,0.563682,-0.992943,-0.462902
2555,1.2775,4,2,4,0,0,0,0,0,0,-33.1222,-6.34358,18.4887,-0.96285,-12.4854,12.9383,0,0,0,0,0,0,-2.82155,-1.84322,2.08921,0.565486,-0.990958,-0.468699
2556,1.278,4,2,4,0,0,0,0,0,0,-33.1718,-6.47103,18.4651,-0.969704,-12.4637,12.8449,0,0,0,0,0,0,-2.82696,-1.85364,2.09278,0.572004,-0.989871,-0.468447
2557,1.2785,4,2,4,0,0,0,0,0,0,-33.2297,-6.59837,18.4469,-0.974388,-12.444,12.7585,0,0,0,0,0,0,-2.83408,-1.86342,2.09573,0.576902,-0.987777,-0.467534
2558,1.279,4,2,4,0,0,0,0,0,0,-33.2893,-6.72621,18.4321,-0.977022,-12.4262,12.6732,0,0,0,0,0,0,-2.83823,-1.87316,2.09437,0.574674,-0.984727,-0.474187
2559,1.2795,4,2,4,0,0,0,0,0,0,-33.3454,-6.8557,18.4169,-0.981566,-12.4098,12.5823,0,0,0,0,0,0,-2.84096,-1.88232,2.09193,0.572522,-0.980988,-0.480282
2560,1.28,4,2,4,0,0,0,0,0,0,-33.3971,-6.98566,18.401,-0.986852,-12.3941,12.4866,0,0,0,0,0,0,-2.84649,-1.89128,2.0901,0.569282,-0.97783,-0.483735
2561,1.2805,4,2,4,0,0,0,0,0,0,-33.4431,-7.11417,18.3856,-0.99149,-12.3804,12.3844,0,0,0,0,0,0,-2.85065,-1.90117,2.08742,0.563547,-0.974728,-0.49083
2562,1.281,4,2,4,0,0,0,0,0,0,-33.4856,-7.24163,18.37,-0.996233,-12.3681,12.2795,0,0,0,0,0,0,-2.85178,-1.91032,2.08403,0.559138,-0.970798,-0.500457
2563,1.2815,4,2,4,0,0,0,0,0,0,-33.5252,-7.36922,18.3528,-1.00076,-12.3557,12.1753,0,0,0,0,0,0,-2.8551,-1.92011,2.08358,0.562447,-0.96649,-0.502316
2564,1.282,4,2,4,0,0,0,0,0,0,-33.5643,-7.49705,18.3339,-1.00377,-12.3417,12.0763,0,0,0,0,0,0,-2.85731,-1.92958,2.08396,0.568895,-0.962714,-0.501892
2565,1.2825,4,2,4,0,0,0,0,0,0,-33.6027,-7.62433,18.3141,-1.00592,-12.3276,11.9806,0,0,0,0,0,0,-2.85363,-1.93742,2.07931,0.57166,-0.957507,-0.504652
2566,1.283,4,2,4,0,0,0,0,0,0,-33.6377,-7.75087,18.2926,-1.00888,-12.3141,11.8848,0,0,0,0,0,0,-2.84405,-1.94427,2.06996,0.570076,-0.950898,-0.512445
2567,1.2835,4,2,4,0,0,0,0,0,0,-33.6679,-7.87807,18.2682,-1.01359,-12.3008,11.7872,0,0,0,0,0,0,-2.83392,-1.9518,2.05965,0.56782,-0.943587,-0.519207
2568,1.284,4,2,4,0,0,0,0,0,0,-33.6936,-8.0062,18.2392,-1.02089,-12.2858,11.6874,0,0,0,0,0,0,-2.81946,-1.95773,2.04412,0.559686,-0.935159,-0.529459
2569,1.2845,4,2,4,0,0,0,0,0,0,-33.7161,-8.13468,18.2065,-1.03009,-12.2687,11.5859,0,0,0,0,0,0,-2.80757,-1.96623,2.02984,0.552884,-0.926717,-0.536952
2570,1.285,4,2,4,0,0,0,0,0,0,-33.7366,-8.26113,18.1742,-1.03756,-12.2513,11.4815,0,0,0,0,0,0,-2.79906,-1.97593,2.01802,0.548224,-0.918969,-0.542769
2571,1.2855,4,2,4,0,0,0,0,0,0,-33.7559,-8.38593,18.1423,-1.04468,-12.2336,11.3747,0,0,0,0,0,0,-2.7959,-1.98658,2.01167,0.54878,-0.912986,-0.544992
2572,1.286,4,2,4,0,0,0,0,0,0,-33.7796,-8.51071,18.1112,-1.05055,-12.2147,11.2725,0,0,0,0,0,0,-2.79013,-1.99645,2.00447,0.549215,-0.906347,-0.548243
2573,1.2865,4,2,4,0,0,0,0,0,0,-33.8096,-8.63553,18.0789,-1.0565,-12.1927,11.1786,0,0,0,0,0,0,-2.77966,-2.00487,1.99494,0.546725,-0.900343,-0.557445
2574,1.287,4,2,4,0,0,0,0,0,0,-33.8407,-8.75896,18.0444,-1.06208,-12.168,11.0897,0,0,0,0,0,0,-2.77531,-2.01621,1.98986,0.548854,-0.895012,-0.559577
2575,1.2875,4,2,4,0,0,0,0,0,0,-33.8665,-8.88275,18.0062,-1.0688,-12.1419,10.9988,0,0,0,0,0,0,-2.77222,-2.02869,1.98562,0.551029,-0.890164,-0.563083
2576,1.288,4,2,4,0,0,0,0,0,0,-33.8849,-9.00749,17.9619,-1.07976,-12.1139,10.9029,0,0,0,0,0,0,-2.76488,-2.03974,1.97789,0.548817,-0.885051,-0.572136
2577,1.2885,4,2,4,0,0,0,0,0,0,-33.8965,-9.13304,17.9122,-1.09411,-12.0843,10.8029,0,0,0,0,0,0,-2.75685,-2.05128,1.96885,0.544748,-0.880298,-0.581739
2578,1.289,4,2,4,0,0,0,0,0,0,-33.902,-9.25725,17.8577,-1.11077,-12.053,10.6991,0,0,0,0,0,0,-2.7445,-2.06078,1.95698,0.539487,-0.874528,-0.59278
2579,1.2895,4,2,4,0,0,0,0,0,0,-33.9023,-9.37865,17.8007,-1.12741,-12.0211,10.5907,0,0,0,0,0,0,-2.73293,-2.06993,1.94178,0.530912,-0.866655,-0.602577
2580,1.29,4,2,4,0,0,0,0,0,0,-33.9021,-9.49853,17.7444,-1.14275,-11.9894,10.4805,0,0,0,0,0,0,-2.72222,-2.07863,1.9281,0.52284,-0.860094,-0.614885
2581,1.2905,4,2,4,0,0,0,0,0,0,-33.9074,-9.61951,17.6935,-1.1545,-11.9597,10.3734,0,0,0,0,0,0,-2.7139,-2.08718,1.91795,0.517471,-0.854074,-0.626743
2582,1.291,4,2,4,0,0,0,0,0,0,-33.9238,-9.74136,17.6513,-1.1608,-11.9322,10.2754,0,0,0,0,0,0,-2.71157,-2.09614,1.91224,0.517256,-0.848114,-0.631755
2583,1.2915,4,2,4,0,0,0,0,0,0,-33.95,-9.86265,17.616,-1.16475,-11.9074,10.1825,0,0,0,0,0,0,-2.71137,-2.10597,1.90914,0.516268,-0.844273,-0.640451
2584,1.292,4,2,4,0,0,0,0,0,0,-33.9876,-9.98489,17.5878,-1.16709,-11.8859,10.0936,0,0,0,0,0,0,-2.71368,-2.11656,1.90891,0.514694,-0.843026,-0.651152
2585,1.2925,4,2,4,0,0,0,0,0,0,-34.0381,-10.1093,17.5688,-1.16735,-11.8694,10.0073,0,0,0,0,0,0,-2.72486,-2.12703,1.91562,0.518445,-0.843854,-0.655514
2586,1.293,4,2,4,0,0,0,0,0,0,-34.1033,-10.2374,17.5603,-1.16483,-11.8577,9.92508,0,0,0,0,0,0,-2.74897,-2.13932,1.92938,0.526556,-0.846312,-0.651027
2587,1.2935,4,2,4,0,0,0,0,0,0,-34.1745,-10.3662,17.558,-1.16026,-11.8497,9.84453,0,0,0,0,0,0,-2.77156,-2.14986,1.93943,0.530016,-0.847467,-0.646357
2588,1.294,4,2,4,0,0,0,0,0,0,-34.2372,-10.4925,17.5546,-1.15436,-11.8429,9.75945,0,0,0,0,0,0,-2.78405,-2.15677,1.9427,0.530208,-0.847062,-0.645751
2589,1.2945,4,2,4,0,0,0,0,0,0,-34.2853,-10.616,17.5451,-1.14965,-11.8356,9.66745,0,0,0,0,0,0,-2.7881,-2.16288,1.94113,0.52931,-0.844439,-0.64757
2590,1.295,4,2,4,0,0,0,0,0,0,-34.3241,-10.7406,17.5298,-1.14616,-11.8261,9.57457,0,0,0,0,0,0,-2.78753,-2.16848,1.93721,0.530274,-0.840214,-0.648007
2591,1.2955,4,2,4,0,0,0,0,0,0,-34.3586,-10.865,17.5081,-1.14471,-11.813,9.48595,0,0,0,0,0,0,-2.78242,-2.17607,1.92952,0.528015,-0.834932,-0.653296
2592,1.296,4,2,4,0,0,0,0,0,0,-34.3842,-10.9859,17.4783,-1.14678,-11.7961,9.39464,0,0,0,0,0,0,-2.77523,-2.18413,1.92041,0.52619,-0.828181,-0.658699
2593,1.2965,4,2,4,0,0,0,0,0,0,-34.4049,-11.1054,17.4439,-1.14905,-11.7761,9.30417,0,0,0,0,0,0,-2.76347,-2.18994,1.9084,0.523968,-0.820317,-0.664537
2594,1.297,4,2,4,0,0,0,0,0,0,-34.4201,-11.2256,17.402,-1.15596,-11.7529,9.21149,0,0,0,0,0,0,-2.74408,-2.19234,1.89011,0.51534,-0.811877,-0.677142
2595,1.2975,4,2,4,0,0,0,0,0,0,-34.4343,-11.3475,17.3539,-1.1666,-11.7271,9.11924,0,0,0,0,0,0,-2.73048,-2.19802,1.87447,0.51001,-0.803401,-0.681694
2596,1.298,4,2,4,0,0,0,0,0,0,-34.4461,-11.4687,17.3035,-1.17781,-11.7,9.02514,0,0,0,0,0,0,-2.72065,-2.20425,1.86091,0.508115,-0.794748,-0.680504
2597,1.2985,4,2,4,0,0,0,0,0,0,-34.4535,-11.588,17.253,-1.18676,-11.6721,8.92527,0,0,0,0,0,0,-2.71047,-2.21059,1.84723,0.50353,-0.787479,-0.68271
2598,1.299,4,2,4,0,0,0,0,0,0,-34.4585,-11.7058,17.2048,-1.19094,-11.6443,8.82407,0,0,0,0,0,0,-2.6991,-2.21799,1.83546,0.500501,-0.781287,-0.687801
2599,1.2995,4,2,4,0,0,0,0,0,0,-34.4663,-11.8251,17.1592,-1.19014,-11.6164,8.72852,0,0,0,0,0,0,-2.68821,-2.2262,1.82543,0.500107,-0.774557,-0.693033
2600,1.3,4,2,4,0,0,0,0,0,0,-34.4754,-11.9442,17.1121,-1.19063,-11.5875,8.63622,0,0,0,0,0,0,-2.67919,-2.23576,1.81841,0.501667,-0.768365,-0.698335
2601,1.3005,4,2,4,0,0,0,0,0,0,-34.4846,-12.0602,17.0626,-1.19395,-11.5582,8.54413,0,0,0,0,0,0,-2.66922,-2.24447,1.80993,0.499276,-0.762177,-0.707133
2602,1.301,4,2,4,0,0,0,0,0,0,-34.4943,-12.1738,17.0119,-1.19885,-11.5283,8.45331,0,0,0,0,0,0,-2.66095,-2.25194,1.80199,0.496862,-0.756284,-0.716502
2603,1.3015,4,2,4,0,0,0,0,0,0,-34.5031,-12.2877,16.9594,-1.2066,-11.4978,8.3627,0,0,0,0,0,0,-2.65754,-2.26015,1.79435,0.494418,-0.749675,-0.722937
2604,1.302,4,2,4,0,0,0,0,0,0,-34.514,-12.405,16.9066,-1.21701,-11.4676,8.27349,0,0,0,0,0,0,-2.65678,-2.27026,1.78817,0.492082,-0.745001,-0.727658
2605,1.3025,4,2,4,0,0,0,0,0,0,-34.5254,-12.5219,16.8557,-1.22771,-11.4395,8.18193,0,0,0,0,0,0,-2.65682,-2.27971,1.78074,0.488698,-0.739823,-0.728618
2606,1.303,4,2,4,0,0,0,0,0,0,-34.5385,-12.6365,16.8113,-1.23192,-11.4146,8.08917,0,0,0,0,0,0,-2.66035,-2.28878,1.77601,0.486897,-0.735328,-0.725929
2607,1.3035,4,2,4,0,0,0,0,0,0,-34.5556,-12.7516,16.774,-1.22928,-11.392,7.99726,0,0,0,0,0,0,-2.66136,-2.2961,1.77281,0.485987,-0.732247,-0.728891
2608,1.304,4,2,4,0,0,0,0,0,0,-34.5781,-12.8695,16.7414,-1.22175,-11.3706,7.91038,0,0,0,0,0,0,-2.66079,-2.30347,1.77,0.486429,-0.728695,-0.733175
2609,1.3045,4,2,4,0,0,0,0,0,0,-34.602,-12.9876,16.7087,-1.21509,-11.3499,7.825,0,0,0,0,0,0,-2.65979,-2.31156,1.76929,0.489894,-0.725673,-0.737861
2610,1.305,4,2,4,0,0,0,0,0,0,-34.6251,-13.1055,16.6758,-1.2104,-11.3297,7.73882,0,0,0,0,0,0,-2.65801,-2.32246,1.76626,0.488234,-0.723667,-0.745978
2611,1.3055,4,2,4,0,0,0,0,0,0,-34.6443,-13.2207,16.6406,-1.2083,-11.3091,7.64981,0,0,0,0,0,0,-2.65406,-2.33112,1.76026,0.485,-0.720378,-0.753766
2612,1.306,4,2,4,0,0,0,0,0,0,-34.662,-13.3363,16.6024,-1.20869,-11.2869,7.56129,0,0,0,0,0,0,-2.64871,-2.33849,1.75343,0.482563,-0.715683,-0.759095
2613,1.3065,4,2,4,0,0,0,0,0,0,-34.6767,-13.454,16.5605,-1.21355,-11.2636,7.4718,0,0,0,0,0,0,-2.64211,-2.34614,1.74357,0.476749,-0.71008,-0.76428
2614,1.307,4,2,4,0,0,0,0,0,0,-34.6868,-13.5704,16.5137,-1.22343,-11.2393,7.37902,0,0,0,0,0,0,-2.6327,-2.3525,1.73097,0.468006,-0.704686,-0.772683
2615,1.3075,4,2,4,0,0,0,0,0,0,-34.6953,-13.6835,16.4697,-1.22811,-11.2163,7.28681,0,0,0,0,0,0,-2.63094,-2.35931,1.72492,0.467162,-0.700188,-0.772847
2616,1.308,4,2,4,0,0,0,0,0,0,-34.7047,-13.7955,16.4318,-1.22389,-11.1945,7.1984,0,0,0,0,0,0,-2.62928,-2.36651,1.72113,0.470103,-0.695579,-0.773283
2617,1.3085,4,2,4,0,0,0,0,0,0,-34.7115,-13.9075,16.3958,-1.21523,-11.1729,7.11109,0,0,0,0,0,0,-2.62086,-2.37197,1.71332,0.469275,-0.690867,-0.781192
2618,1.309,4,2,4,0,0,0,0,0,0,-34.7155,-14.0187,16.3578,-1.20713,-11.1506,7.02352,0,0,0,0,0,0,-2.61238,-2.37823,1.70732,0.471247,-0.685944,-0.787123
2619,1.3095,4,2,4,0,0,0,0,0,0,-34.7192,-14.1293,16.3178,-1.19984,-11.128,6.93803,0,0,0,0,0,0,-2.60779,-2.38677,1.70175,0.472276,-0.680878,-0.789455
2620,1.31,4,2,4,0,0,0,0,0,0,-34.7237,-14.2372,16.2746,-1.19396,-11.1041,6.85405,0,0,0,0,0,0,-2.59717,-2.39083,1.68959,0.465933,-0.675156,-0.797618
2621,1.3105,4,2,4,0,0,0,0,0,0,-34.7305,-14.3458,16.2306,-1.18895,-11.0792,6.77228,0,0,0,0,0,0,-2.58598,-2.39432,1.67581,0.458297,-0.668318,-0.805671
2622,1.311,4,2,4,0,0,0,0,0,0,-34.7374,-14.4562,16.1831,-1.18943,-11.0528,6.68883,0,0,0,0,0,0,-2.57636,-2.39875,1.66479,0.454466,-0.661609,-0.811834
2623,1.3115,4,2,4,0,0,0,0,0,0,-34.7411,-14.5663,16.1315,-1.19626,-11.0257,6.60059,0,0,0,0,0,0,-2.57235,-2.40639,1.65574,0.45119,-0.655376,-0.813567
2624,1.312,4,2,4,0,0,0,0,0,0,-34.7479,-14.6753,16.0837,-1.19895,-10.9992,6.51484,0,0,0,0,0,0,-2.5692,-2.4136,1.64824,0.44818,-0.650295,-0.816123
2625,1.3125,4,2,4,0,0,0,0,0,0,-34.7591,-14.7844,16.0427,-1.19383,-10.9746,6.43312,0,0,0,0,0,0,-2.56808,-2.42073,1.64275,0.447945,-0.645791,-0.815877
2626,1.313,4,2,4,0,0,0,0,0,0,-34.7716,-14.8938,16.0049,-1.18575,-10.9518,6.34961,0,0,0,0,0,0,-2.56871,-2.4274,1.6391,0.449522,-0.64164,-0.815564
2627,1.3135,4,2,4,0,0,0,0,0,0,-34.7841,-15.0049,15.9681,-1.17749,-10.9297,6.26433,0,0,0,0,0,0,-2.56841,-2.43285,1.63768,0.453758,-0.638874,-0.815782
2628,1.314,4,2,4,0,0,0,0,0,0,-34.7932,-15.1154,15.9305,-1.17034,-10.9079,6.17632,0,0,0,0,0,0,-2.55952,-2.43815,1.6306,0.451334,-0.6362,-0.827144
2629,1.3145,4,2,4,0,0,0,0,0,0,-34.8014,-15.2237,15.8928,-1.16212,-10.8863,6.09044,0,0,0,0,0,0,-2.55243,-2.44478,1.62438,0.450834,-0.632906,-0.836399
2630,1.315,4,2,4,0,0,0,0,0,0,-34.8093,-15.3321,15.8555,-1.15206,-10.8648,6.00809,0,0,0,0,0,0,-2.54741,-2.45314,1.62062,0.452734,-0.628733,-0.84087
2631,1.3155,4,2,4,0,0,0,0,0,0,-34.8133,-15.4405,15.8117,-1.1484,-10.8417,5.92166,0,0,0,0,0,0,-2.53688,-2.45846,1.61279,0.45154,-0.623956,-0.847275
2632,1.316,4,2,4,0,0,0,0,0,0,-34.8157,-15.5482,15.7608,-1.15114,-10.8159,5.8329,0,0,0,0,0,0,-2.52885,-2.46082,1.60203,0.44725,-0.618054,-0.852311
2633,1.3165,4,2,4,0,0,0,0,0,0,-34.8197,-15.6547,15.7074,-1.15353,-10.7875,5.74742,0,0,0,0,0,0,-2.52098,-2.46461,1.59157,0.441447,-0.613373,-0.858794
2634,1.317,4,2,4,0,0,0,0,0,0,-34.8242,-15.7604,15.654,-1.15179,-10.7566,5.66513,0,0,0,0,0,0,-2.51864,-2.47052,1.5827,0.437469,-0.608615,-0.860098
2635,1.3175,4,2,4,0,0,0,0,0,0,-34.8243,-15.8647,15.6009,-1.14704,-10.7259,5.57933,0,0,0,0,0,0,-2.51339,-2.47512,1.57308,0.433181,-0.603947,-0.867037
2636,1.318,4,2,4,0,0,0,0,0,0,-34.8234,-15.9707,15.5488,-1.14007,-10.6963,5.49395,0,0,0,0,0,0,-2.50517,-2.47948,1.5641,0.430957,-0.59951,-0.875714
2637,1.3185,4,2,4,0,0,0,0,0,0,-34.821,-16.0748,15.4955,-1.13289,-10.667,5.40825,0,0,0,0,0,0,-2.4958,-2.48391,1.55456,0.430026,-0.594515,-0.882793
2638,1.319,4,2,4,0,0,0,0,0,0,-34.8193,-16.176,15.441,-1.12535,-10.6372,5.32526,0,0,0,0,0,0,-2.48622,-2.48736,1.5464,0.430586,-0.589822,-0.888029
2639,1.3195,4,2,4,0,0,0,0,0,0,-34.8202,-16.2771,15.3869,-1.11794,-10.6078,5.24562,0,0,0,0,0,0,-2.47922,-2.49281,1.53961,0.431796,-0.585234,-0.892915
2640,1.32,4,2,4,0,0,0,0,0,0,-34.8205,-16.3794,15.3324,-1.11323,-10.5799,5.16407,0,0,0,0,0,0,-2.47588,-2.50078,1.53476,0.43292,-0.580617,-0.895921
2641,1.3205,4,2,4,0,0,0,0,0,0,-34.8205,-16.4825,15.2776,-1.11117,-10.5527,5.08115,0,0,0,0,0,0,-2.47526,-2.50857,1.52942,0.430801,-0.576375,-0.900636
2642,1.321,4,2,4,0,0,0,0,0,0,-34.8252,-16.5845,15.2249,-1.10687,-10.5249,5.00343,0,0,0,0,0,0,-2.47363,-2.51148,1.51858,0.423195,-0.570529,-0.90378
2643,1.3215,4,2,4,0,0,0,0,0,0,-34.8346,-16.6864,15.1749,-1.09948,-10.4963,4.92873,0,0,0,0,0,0,-2.47465,-2.51844,1.51156,0.419324,-0.565485,-0.905326
2644,1.322,4,2,4,0,0,0,0,0,0,-34.8438,-16.7889,15.1258,-1.09193,-10.4671,4.84983,0,0,0,0,0,0,-2.46982,-2.5219,1.49978,0.411827,-0.560051,-0.911079
2645,1.3225,4,2,4,0,0,0,0,0,0,-34.8552,-16.8953,15.079,-1.08279,-10.4377,4.77152,0,0,0,0,0,0,-2.46628,-2.52623,1.49057,0.407027,-0.555755,-0.917812
2646,1.323,4,2,4,0,0,0,0,0,0,-34.8662,-17.0008,15.0339,-1.07198,-10.4093,4.69448,0,0,0,0,0,0,-2.46421,-2.53432,1.48699,0.408781,-0.552126,-0.921054
2647,1.3235,4,2,4,0,0,0,0,0,0,-34.8747,-17.1033,14.9897,-1.05954,-10.3818,4.61796,0,0,0,0,0,0,-2.46161,-2.54193,1.48387,0.412718,-0.54864,-0.920686
2648,1.324,4,2,4,0,0,0,0,0,0,-34.8794,-17.2049,14.943,-1.04864,-10.354,4.54007,0,0,0,0,0,0,-2.45442,-2.54467,1.47718,0.413432,-0.544668,-0.921458
2649,1.3245,4,2,4,0,0,0,0,0,0,-34.8805,-17.3064,14.8905,-1.04318,-10.3253,4.45956,0,0,0,0,0,0,-2.44826,-2.54834,1.47198,0.415163,-0.541485,-0.92088
2650,1.325,4,2,4,0,0,0,0,0,0,-34.8798,-17.4071,14.8357,-1.03898,-10.296,4.38018,0,0,0,0,0,0,-2.43841,-2.55217,1.46335,0.414186,-0.537471,-0.922044
2651,1.3255,4,2,4,0,0,0,0,0,0,-34.8765,-17.5046,14.7833,-1.03115,-10.2676,4.30284,0,0,0,0,0,0,-2.43016,-2.55809,1.45567,0.413302,-0.533476,-0.924361
2652,1.326,4,2,4,0,0,0,0,0,0,-34.8691,-17.6001,14.7331,-1.02098,-10.2402,4.222,0,0,0,0,0,0,-2.42229,-2.56288,1.44442,0.408538,-0.528598,-0.926527
2653,1.3265,4,2,4,0,0,0,0,0,0,-34.8589,-17.6947,14.6832,-1.00941,-10.2118,4.14002,0,0,0,0,0,0,-2.41461,-2.5657,1.43247,0.403196,-0.522587,-0.930004
2654,1.327,4,2,4,0,0,0,0,0,0,-34.8457,-17.7896,14.6306,-0.998727,-10.1817,4.05776,0,0,0,0,0,0,-2.40498,-2.56586,1.41955,0.398863,-0.515146,-0.932358
2655,1.3275,4,2,4,0,0,0,0,0,0,-34.8347,-17.8833,14.5758,-0.988734,-10.1504,3.97944,0,0,0,0,0,0,-2.39203,-2.56928,1.40813,0.393374,-0.509958,-0.942497
2656,1.328,4,2,4,0,0,0,0,0,0,-34.8247,-17.9751,14.5208,-0.978106,-10.1193,3.90388,0,0,0,0,0,0,-2.38262,-2.57373,1.39987,0.391729,-0.504736,-0.950131
2657,1.3285,4,2,4,0,0,0,0,0,0,-34.8141,-18.0661,14.4666,-0.967898,-10.0897,3.82741,0,0,0,0,0,0,-2.3778,-2.5817,1.39664,0.394328,-0.500627,-0.955891
2658,1.329,4,2,4,0,0,0,0,0,0,-34.8022,-18.1581,14.4138,-0.957648,-10.062,3.74983,0,0,0,0,0,0,-2.37355,-2.58862,1.3912,0.395826,-0.496563,-0.957899
2659,1.3295,4,2,4,0,0,0,0,0,0,-34.7933,-18.2501,14.3608,-0.94843,-10.0356,3.67604,0,0,0,0,0,0,-2.36837,-2.59156,1.38333,0.395647,-0.491906,-0.957449
2660,1.33,4,2,4,0,0,0,0,0,0,-34.7879,-18.3416,14.309,-0.93766,-10.0099,3.60442,0,0,0,0,0,0,-2.36417,-2.59478,1.37443,0.393296,-0.486929,-0.956028
2661,1.3305,4,2,4,0,0,0,0,0,0,-34.782,-18.4327,14.2608,-0.92264,-9.98481,3.53073,0,0,0,0,0,0,-2.36005,-2.5977,1.36547,0.390196,-0.482194,-0.958025
2662,1.331,4,2,4,0,0,0,0,0,0,-34.7743,-18.526,14.2153,-0.904672,-9.95962,3.45416,0,0,0,0,0,0,-2.35244,-2.60062,1.35466,0.383659,-0.478425,-0.966559
2663,1.3315,4,2,4,0,0,0,0,0,0,-34.7675,-18.621,14.1703,-0.886367,-9.93249,3.37684,0,0,0,0,0,0,-2.34434,-2.60532,1.34366,0.376498,-0.475003,-0.976413
2664,1.332,4,2,4,0,0,0,0,0,0,-34.7614,-18.714,14.1233,-0.870117,-9.90328,3.29919,0,0,0,0,0,0,-2.34089,-2.6109,1.3379,0.375184,-0.470671,-0.979878
2665,1.3325,4,2,4,0,0,0,0,0,0,-34.7559,-18.8043,14.072,-0.857072,-9.87224,3.22332,0,0,0,0,0,0,-2.33737,-2.61579,1.33278,0.376425,-0.465452,-0.976001
2666,1.333,4,2,4,0,0,0,0,0,0,-34.751,-18.8948,14.018,-0.846711,-9.84085,3.14949,0,0,0,0,0,0,-2.32758,-2.6175,1.3255,0.376037,-0.461234,-0.97907
2667,1.3335,4,2,4,0,0,0,0,0,0,-34.7426,-18.9848,13.9617,-0.838248,-9.80946,3.07529,0,0,0,0,0,0,-2.31948,-2.62211,1.3194,0.374605,-0.458798,-0.984034
2668,1.334,4,2,4,0,0,0,0,0,0,-34.7354,-19.0741,13.9069,-0.828162,-9.77851,3.00433,0,0,0,0,0,0,-2.31226,-2.62511,1.31427,0.375158,-0.456354,-0.988815
2669,1.3345,4,2,4,0,0,0,0,0,0,-34.7281,-19.1618,13.8534,-0.815251,-9.74763,2.93365,0,0,0,0,0,0,-2.30481,-2.62628,1.30796,0.373056,-0.454054,-0.995941
2670,1.335,4,2,4,0,0,0,0,0,0,-34.7161,-19.2472,13.7999,-0.800006,-9.71682,2.85966,0,0,0,0,0,0,-2.2929,-2.62538,1.29856,0.368084,-0.451957,-1.00759
2671,1.3355,4,2,4,0,0,0,0,0,0,-34.7025,-19.3336,13.7477,-0.781131,-9.68605,2.78652,0,0,0,0,0,0,-2.28408,-2.62633,1.29017,0.366945,-0.447811,-1.01028
2672,1.336,4,2,4,0,0,0,0,0,0,-34.6896,-19.4198,13.6982,-0.758422,-9.65609,2.71551,0,0,0,0,0,0,-2.27549,-2.6267,1.28243,0.369675,-0.441968,-1.00987
2673,1.3365,4,2,4,0,0,0,0,0,0,-34.6783,-19.5037,13.6501,-0.7351,-9.62698,2.64455,0,0,0,0,0,0,-2.26559,-2.6259,1.27275,0.37002,-0.435984,-1.01166
2674,1.337,4,2,4,0,0,0,0,0,0,-34.6666,-19.5848,13.599,-0.716344,-9.59812,2.57225,0,0,0,0,0,0,-2.25711,-2.62739,1.26073,0.365151,-0.429857,-1.0153
2675,1.3375,4,2,4,0,0,0,0,0,0,-34.6535,-19.6666,13.5428,-0.703735,-9.56873,2.49984,0,0,0,0,0,0,-2.25229,-2.63413,1.25165,0.362095,-0.423821,-1.01992
2676,1.338,4,2,4,0,0,0,0,0,0,-34.644,-19.7505,13.4836,-0.694641,-9.53863,2.43262,0,0,0,0,0,0,-2.24588,-2.64209,1.24261,0.358399,-0.418185,-1.02841
2677,1.3385,4,2,4,0,0,0,0,0,0,-34.636,-19.8338,13.4242,-0.686815,-9.50888,2.3663,0,0,0,0,0,0,-2.24066,-2.64566,1.23326,0.353753,-0.413593,-1.03594
2678,1.339,4,2,4,0,0,0,0,0,0,-34.6283,-19.9172,13.3683,-0.676707,-9.48044,2.29791,0,0,0,0,0,0,-2.23735,-2.6439,1.22302,0.349755,-0.409434,-1.03648
2679,1.3395,4,2,4,0,0,0,0,0,0,-34.6204,-20.0021,13.3177,-0.660932,-9.45282,2.22697,0,0,0,0,0,0,-2.23876,-2.6472,1.21737,0.349516,-0.406714,-1.03127
2680,1.34,4,2,4,0,0,0,0,0,0,-34.6127,-20.0894,13.2693,-0.641378,-9.42389,2.15569,0,0,0,0,0,0,-2.23501,-2.65077,1.21253,0.349559,-0.404853,-1.03004
2681,1.3405,4,2,4,0,0,0,0,0,0,-34.6054,-20.1759,13.2193,-0.620531,-9.39271,2.08627,0,0,0,0,0,0,-2.2275,-2.65337,1.20472,0.348455,-0.401492,-1.02837
2682,1.341,4,2,4,0,0,0,0,0,0,-34.5948,-20.2598,13.1675,-0.597951,-9.36009,2.0166,0,0,0,0,0,0,-2.21795,-2.65659,1.19607,0.348499,-0.397568,-1.02935
2683,1.3415,4,2,4,0,0,0,0,0,0,-34.5804,-20.3401,13.1134,-0.576608,-9.32745,1.94397,0,0,0,0,0,0,-2.20856,-2.661,1.19014,0.35016,-0.394065,-1.03559
2684,1.342,4,2,4,0,0,0,0,0,0,-34.5667,-20.4214,13.0576,-0.558131,-9.29532,1.87224,0,0,0,0,0,0,-2.19815,-2.66625,1.18539,0.350751,-0.391717,-1.04739
2685,1.3425,4,2,4,0,0,0,0,0,0,-34.5555,-20.5037,12.9987,-0.54279,-9.26215,1.80567,0,0,0,0,0,0,-2.19253,-2.66924,1.17818,0.349823,-0.387975,-1.04974
2686,1.343,4,2,4,0,0,0,0,0,0,-34.5395,-20.5825,12.9327,-0.53266,-9.22748,1.73917,0,0,0,0,0,0,-2.18559,-2.66812,1.16624,0.346727,-0.382075,-1.04541
2687,1.3435,4,2,4,0,0,0,0,0,0,-34.5183,-20.6582,12.8619,-0.524943,-9.19147,1.67003,0,0,0,0,0,0,-2.17768,-2.6647,1.15285,0.341553,-0.376597,-1.04537
2688,1.344,4,2,4,0,0,0,0,0,0,-34.4969,-20.7337,12.7923,-0.514222,-9.15498,1.59968,0,0,0,0,0,0,-2.17379,-2.66619,1.14413,0.339086,-0.371906,-1.04606
2689,1.3445,4,2,4,0,0,0,0,0,0,-34.4781,-20.8101,12.7278,-0.498013,-9.11945,1.53086,0,0,0,0,0,0,-2.17008,-2.66943,1.13804,0.337439,-0.368599,-1.05033
2690,1.345,4,2,4,0,0,0,0,0,0,-34.4611,-20.8852,12.6672,-0.476797,-9.08479,1.46492,0,0,0,0,0,0,-2.16188,-2.67012,1.13221,0.337565,-0.366125,-1.05532
2691,1.3455,4,2,4,0,0,0,0,0,0,-34.4443,-20.9579,12.6069,-0.453618,-9.05061,1.40031,0,0,0,0,0,0,-2.15035,-2.6688,1.12489,0.335863,-0.363859,-1.06355
2692,1.346,4,2,4,0,0,0,0,0,0,-34.4277,-21.0286,12.545,-0.431904,-9.0173,1.33509,0,0,0,0,0,0,-2.14451,-2.66967,1.11635,0.33475,-0.35982,-1.06365
2693,1.3465,4,2,4,0,0,0,0,0,0,-34.4145,-21.1016,12.4844,-0.410186,-8.98502,1.27187,0,0,0,0,0,0,-2.13965,-2.67153,1.10919,0.335828,-0.355839,-1.06274
2694,1.347,4,2,4,0,0,0,0,0,0,-34.4051,-21.1769,12.4246,-0.389816,-8.95365,1.21195,0,0,0,0,0,0,-2.13649,-2.67459,1.10098,0.335373,-0.351656,-1.06189
2695,1.3475,4,2,4,0,0,0,0,0,0,-34.3989,-21.2527,12.366,-0.371506,-8.92323,1.15096,0,0,0,0,0,0,-2.13449,-2.6764,1.09224,0.33182,-0.347659,-1.06474
2696,1.348,4,2,4,0,0,0,0,0,0,-34.3918,-21.3289,12.3053,-0.356136,-8.89206,1.08693,0,0,0,0,0,0,-2.13073,-2.67418,1.08171,0.326533,-0.343045,-1.06679
2697,1.3485,4,2,4,0,0,0,0,0,0,-34.3852,-21.4071,12.2425,-0.341405,-8.85817,1.02277,0,0,0,0,0,0,-2.11979,-2.67132,1.07024,0.321138,-0.339229,-1.07578
2698,1.349,4,2,4,0,0,0,0,0,0,-34.3794,-21.4868,12.1793,-0.325099,-8.8207,0.959591,0,0,0,0,0,0,-2.11162,-2.6725,1.05916,0.317014,-0.335661,-1.07973
2699,1.3495,4,2,4,0,0,0,0,0,0,-34.3727,-21.5651,12.1168,-0.306129,-8.78075,0.896895,0,0,0,0,0,0,-2.10563,-2.67608,1.05141,0.316346,-0.331872,-1.07988
2700,1.35,4,2,4,0,0,0,0,0,0,-34.363,-21.639,12.0547,-0.285349,-8.74084,0.83317,0,0,0,0,0,0,-2.09838,-2.67686,1.04602,0.318276,-0.328528,-1.08357
2701,1.3505,4,2,4,0,0,0,0,0,0,-34.352,-21.7098,11.9914,-0.265168,-8.70215,0.769776,0,0,0,0,0,0,-2.09141,-2.67895,1.04223,0.321683,-0.326232,-1.08778
2702,1.351,4,2,4,0,0,0,0,0,0,-34.3419,-21.782,11.9265,-0.246058,-8.66356,0.712052,0,0,0,0,0,0,-2.08733,-2.68252,1.03876,0.326104,-0.323075,-1.08558
2703,1.3515,4,2,4,0,0,0,0,0,0,-34.3279,-21.8522,11.8579,-0.230523,-8.62569,0.654852,0,0,0,0,0,0,-2.08243,-2.6833,1.0305,0.326588,-0.318792,-1.08343
2704,1.352,4,2,4,0,0,0,0,0,0,-34.309,-21.9193,11.7889,-0.214661,-8.58918,0.595867,0,0,0,0,0,0,-2.07256,-2.68009,1.01938,0.324723,-0.314221,-1.08331
2705,1.3525,4,2,4,0,0,0,0,0,0,-34.2877,-21.9848,11.722,-0.196436,-8.55388,0.536134,0,0,0,0,0,0,-2.06472,-2.67964,1.00957,0.322724,-0.310053,-1.08545
2706,1.353,4,2,4,0,0,0,0,0,0,-34.2631,-22.0496,11.6554,-0.177958,-8.5194,0.474775,0,0,0,0,0,0,-2.05567,-2.67704,0.996697,0.31523,-0.306058,-1.08907
2707,1.3535,4,2,4,0,0,0,0,0,0,-34.2382,-22.1154,11.5896,-0.158217,-8.48489,0.41444,0,0,0,0,0,0,-2.04971,-2.67801,0.985774,0.308309,-0.30215,-1.09237
2708,1.354,4,2,4,0,0,0,0,0,0,-34.2155,-22.1806,11.5261,-0.136394,-8.45024,0.356252,0,0,0,0,0,0,-2.04475,-2.6804,0.975292,0.304144,-0.297473,-1.09317
2709,1.3545,4,2,4,0,0,0,0,0,0,-34.1933,-22.2412,11.4638,-0.113752,-8.41591,0.298009,0,0,0,0,0,0,-2.04047,-2.682,0.967185,0.304546,-0.291668,-1.08938
2710,1.355,4,2,4,0,0,0,0,0,0,-34.1712,-22.2984,11.4022,-0.0914054,-8.38264,0.238301,0,0,0,0,0,0,-2.03496,-2.68132,0.960055,0.305375,-0.286611,-1.08841
2711,1.3555,4,2,4,0,0,0,0,0,0,-34.1531,-22.3599,11.3428,-0.0675165,-8.3503,0.182626,0,0,0,0,0,0,-2.03087,-2.68278,0.955816,0.305623,-0.283614,-1.09061
2712,1.356,4,2,4,0,0,0,0,0,0,-34.1383,-22.4233,11.282,-0.0468269,-8.31991,0.127239,0,0,0,0,0,0,-2.02979,-2.68636,0.953914,0.308364,-0.281727,-1.09008
2713,1.3565,4,2,4,0,0,0,0,0,0,-34.1238,-22.4872,11.2187,-0.0301382,-8.28991,0.0697338,0,0,0,0,0,0,-2.02296,-2.68563,0.946121,0.307076,-0.279767,-1.0925
2714,1.357,4,2,4,0,0,0,0,0,0,-34.1077,-22.5512,11.1551,-0.0134061,-8.25868,0.00977193,0,0,0,0,0,0,-2.01026,-2.67794,0.933025,0.301871,-0.278178,-1.09764
2715,1.3575,4,2,4,0,0,0,0,0,0,-34.0901,-22.6158,11.0935,0.00629841,-8.22594,-0.0518544,0,0,0,0,0,0,-2.00166,-2.67526,0.922938,0.298011,-0.276367,-1.10418
2716,1.358,4,2,4,0,0,0,0,0,0,-34.0746,-22.6831,11.0329,0.0285979,-8.19113,-0.110425,0,0,0,0,0,0,-1.99651,-2.68053,0.917738,0.297773,-0.274024,-1.10778
2717,1.3585,4,2,4,0,0,0,0,0,0,-34.0612,-22.7496,10.9718,0.0523175,-8.15456,-0.165402,0,0,0,0,0,0,-1.98855,-2.68164,0.91141,0.296231,-0.271203,-1.11357
2718,1.359,4,2,4,0,0,0,0,0,0,-34.0446,-22.8106,10.9078,0.0751356,-8.11597,-0.220225,0,0,0,0,0,0,-1.97791,-2.67901,0.900237,0.292611,-0.267104,-1.11789
2719,1.3595,4,2,4,0,0,0,0,0,0,-34.0241,-22.8664,10.8406,0.0961403,-8.07606,-0.276007,0,0,0,0,0,0,-1.96467,-2.67192,0.889795,0.292405,-0.261381,-1.11901
2720,1.36,4,2,4,0,0,0,0,0,0,-34.0037,-22.9226,10.7718,0.116852,-8.03523,-0.32693,0,0,0,0,0,0,-1.95222,-2.66905,0.881592,0.292221,-0.25668,-1.1229
2721,1.3605,4,2,4,0,0,0,0,0,0,-33.9816,-22.9762,10.7005,0.134392,-7.99529,-0.377337,0,0,0,0,0,0,-1.94496,-2.67008,0.87413,0.291151,-0.253304,-1.1254
2722,1.361,4,2,4,0,0,0,0,0,0,-33.9567,-23.0297,10.6265,0.148228,-7.95758,-0.430039,0,0,0,0,0,0,-1.941,-2.67239,0.867106,0.289644,-0.251312,-1.12706
2723,1.3615,4,2,4,0,0,0,0,0,0,-33.9316,-23.0841,10.5535,0.161975,-7.92218,-0.483761,0,0,0,0,0,0,-1.93414,-2.66566,0.859111,0.289967,-0.248174,-1.12766
2724,1.362,4,2,4,0,0,0,0,0,0,-33.9083,-23.1386,10.4837,0.179245,-7.88748,-0.5377,0,0,0,0,0,0,-1.92731,-2.65868,0.850339,0.287822,-0.245648,-1.13062
2725,1.3625,4,2,4,0,0,0,0,0,0,-33.886,-23.1929,10.418,0.201296,-7.85322,-0.590372,0,0,0,0,0,0,-1.92749,-2.6597,0.843155,0.285663,-0.242305,-1.12755
2726,1.363,4,2,4,0,0,0,0,0,0,-33.8649,-23.2463,10.3566,0.228044,-7.82039,-0.641009,0,0,0,0,0,0,-1.92946,-2.66408,0.839377,0.288505,-0.238057,-1.12112
2727,1.3635,4,2,4,0,0,0,0,0,0,-33.8446,-23.2971,10.2963,0.256625,-7.78886,-0.691099,0,0,0,0,0,0,-1.92677,-2.66651,0.833515,0.288933,-0.235003,-1.11941
2728,1.364,4,2,4,0,0,0,0,0,0,-33.8231,-23.3446,10.2343,0.283651,-7.75808,-0.743102,0,0,0,0,0,0,-1.91922,-2.66412,0.823004,0.28538,-0.232487,-1.12247
2729,1.3645,4,2,4,0,0,0,0,0,0,-33.8034,-23.3921,10.1706,0.30917,-7.72623,-0.792254,0,0,0,0,0,0,-1.90999,-2.66295,0.813599,0.283176,-0.228981,-1.123
2730,1.365,4,2,4,0,0,0,0,0,0,-33.7839,-23.4395,10.1038,0.330908,-7.69276,-0.84275,0,0,0,0,0,0,-1.9003,-2.65894,0.804389,0.281992,-0.224215,-1.12081
2731,1.3655,4,2,4,0,0,0,0,0,0,-33.7697,-23.4927,10.0347,0.348215,-7.65767,-0.894375,0,0,0,0,0,0,-1.8918,-2.65383,0.794038,0.278732,-0.220201,-1.1199
2732,1.366,4,2,4,0,0,0,0,0,0,-33.7629,-23.5532,9.96596,0.362862,-7.62196,-0.945811,0,0,0,0,0,0,-1.88913,-2.65344,0.786828,0.275197,-0.218705,-1.12386
2733,1.3665,4,2,4,0,0,0,0,0,0,-33.7584,-23.6169,9.8979,0.377652,-7.58549,-0.996927,0,0,0,0,0,0,-1.8895,-2.65584,0.784208,0.276477,-0.216973,-1.12738
2734,1.367,4,2,4,0,0,0,0,0,0,-33.7515,-23.6792,9.83073,0.395546,-7.54809,-1.04561,0,0,0,0,0,0,-1.88773,-2.65804,0.781563,0.279453,-0.214497,-1.12877
2735,1.3675,4,2,4,0,0,0,0,0,0,-33.7361,-23.7349,9.76208,0.416691,-7.50919,-1.0908,0,0,0,0,0,0,-1.87775,-2.65524,0.772829,0.279393,-0.211491,-1.12735
2736,1.368,4,2,4,0,0,0,0,0,0,-33.7106,-23.7803,9.6903,0.439765,-7.46933,-1.13468,0,0,0,0,0,0,-1.86176,-2.64787,0.760019,0.278702,-0.207969,-1.12341
2737,1.3685,4,2,4,0,0,0,0,0,0,-33.6778,-23.8191,9.61623,0.462894,-7.43013,-1.17943,0,0,0,0,0,0,-1.84837,-2.64416,0.751756,0.279457,-0.204821,-1.1233
2738,1.369,4,2,4,0,0,0,0,0,0,-33.6483,-23.858,9.5425,0.48696,-7.39164,-1.2205,0,0,0,0,0,0,-1.84028,-2.64404,0.746014,0.279448,-0.201615,-1.12475
2739,1.3695,4,2,4,0,0,0,0,0,0,-33.6218,-23.8966,9.46826,0.508659,-7.35441,-1.26388,0,0,0,0,0,0,-1.83257,-2.63927,0.73851,0.27848,-0.197754,-1.12702
2740,1.37,4,2,4,0,0,0,0,0,0,-33.5974,-23.937,9.395,0.528256,-7.31843,-1.31244,0,0,0,0,0,0,-1.82285,-2.63044,0.728209,0.274997,-0.194385,-1.13402
2741,1.3705,4,2,4,0,0,0,0,0,0,-33.5768,-23.9823,9.32318,0.54756,-7.28347,-1.36017,0,0,0,0,0,0,-1.81547,-2.62082,0.716888,0.270005,-0.191161,-1.14023
2742,1.371,4,2,4,0,0,0,0,0,0,-33.5547,-24.0284,9.25026,0.566921,-7.24886,-1.4071,0,0,0,0,0,0,-1.81418,-2.62066,0.708874,0.264532,-0.188803,-1.1447
2743,1.3715,4,2,4,0,0,0,0,0,0,-33.5311,-24.0716,9.17702,0.58806,-7.21443,-1.45273,0,0,0,0,0,0,-1.81361,-2.62269,0.700082,0.258773,-0.186838,-1.1451
2744,1.372,4,2,4,0,0,0,0,0,0,-33.5079,-24.1132,9.10674,0.612784,-7.18071,-1.49633,0,0,0,0,0,0,-1.80972,-2.62172,0.693596,0.258166,-0.184274,-1.14384
2745,1.3725,4,2,4,0,0,0,0,0,0,-33.4871,-24.1536,9.04007,0.640341,-7.14799,-1.53948,0,0,0,0,0,0,-1.80311,-2.61696,0.686741,0.258443,-0.18117,-1.14201
2746,1.373,4,2,4,0,0,0,0,0,0,-33.4677,-24.1923,8.97376,0.666754,-7.11592,-1.58549,0,0,0,0,0,0,-1.79689,-2.61407,0.678891,0.258782,-0.178214,-1.1412
2747,1.3735,4,2,4,0,0,0,0,0,0,-33.4518,-24.2333,8.90582,0.690748,-7.08362,-1.63046,0,0,0,0,0,0,-1.7923,-2.61502,0.6748,0.262023,-0.176245,-1.14022
2748,1.374,4,2,4,0,0,0,0,0,0,-33.4383,-24.2743,8.83486,0.71141,-7.05061,-1.67315,0,0,0,0,0,0,-1.78604,-2.61556,0.671081,0.265026,-0.174818,-1.14256
2749,1.3745,4,2,4,0,0,0,0,0,0,-33.422,-24.3144,8.7603,0.729135,-7.01632,-1.71913,0,0,0,0,0,0,-1.7786,-2.60989,0.662126,0.263447,-0.173741,-1.14521
2750,1.375,4,2,4,0,0,0,0,0,0,-33.4044,-24.3571,8.68245,0.745132,-6.97959,-1.76557,0,0,0,0,0,0,-1.77014,-2.60336,0.65021,0.259922,-0.171624,-1.14383
2751,1.3755,4,2,4,0,0,0,0,0,0,-33.3863,-24.4026,8.60191,0.759416,-6.94057,-1.81092,0,0,0,0,0,0,-1.76523,-2.59926,0.644152,0.26173,-0.168187,-1.13819
2752,1.376,4,2,4,0,0,0,0,0,0,-33.3707,-24.45,8.51921,0.772038,-6.90025,-1.85316,0,0,0,0,0,0,-1.76104,-2.59575,0.635885,0.258808,-0.165345,-1.13704
2753,1.3765,4,2,4,0,0,0,0,0,0,-33.3545,-24.4941,8.43608,0.785518,-6.85961,-1.8925,0,0,0,0,0,0,-1.75579,-2.59208,0.626009,0.254,-0.162285,-1.14033
2754,1.377,4,2,4,0,0,0,0,0,0,-33.3364,-24.5332,8.35389,0.800994,-6.81929,-1.93042,0,0,0,0,0,0,-1.74737,-2.58737,0.615612,0.250627,-0.159098,-1.14292
2755,1.3775,4,2,4,0,0,0,0,0,0,-33.3166,-24.5655,8.27291,0.818331,-6.77969,-1.96903,0,0,0,0,0,0,-1.74453,-2.58662,0.60861,0.251416,-0.155279,-1.14102
2756,1.378,4,2,4,0,0,0,0,0,0,-33.2968,-24.5949,8.19191,0.837362,-6.74087,-2.00623,0,0,0,0,0,0,-1.73854,-2.5811,0.601165,0.252463,-0.151903,-1.13791
2757,1.3785,4,2,4,0,0,0,0,0,0,-33.2785,-24.6232,8.10916,0.855686,-6.70327,-2.04099,0,0,0,0,0,0,-1.73428,-2.57594,0.597222,0.255083,-0.14957,-1.13753
2758,1.379,4,2,4,0,0,0,0,0,0,-33.2609,-24.6511,8.02508,0.87275,-6.66714,-2.07573,0,0,0,0,0,0,-1.73259,-2.57218,0.593723,0.256297,-0.147636,-1.1399
2759,1.3795,4,2,4,0,0,0,0,0,0,-33.2411,-24.6811,7.94303,0.891135,-6.63281,-2.11223,0,0,0,0,0,0,-1.73047,-2.56744,0.587859,0.255568,-0.145381,-1.14391
2760,1.38,4,2,4,0,0,0,0,0,0,-33.2188,-24.7129,7.86319,0.911423,-6.60057,-2.15141,0,0,0,0,0,0,-1.72639,-2.5609,0.579738,0.253338,-0.143225,-1.14781
2761,1.3805,4,2,4,0,0,0,0,0,0,-33.1965,-24.7468,7.7859,0.933913,-6.56983,-2.1903,0,0,0,0,0,0,-1.71782,-2.55337,0.569691,0.249362,-0.141434,-1.15141
2762,1.381,4,2,4,0,0,0,0,0,0,-33.1755,-24.7823,7.71039,0.957742,-6.53991,-2.22699,0,0,0,0,0,0,-1.71104,-2.5489,0.559779,0.246516,-0.139008,-1.15028
2763,1.3815,4,2,4,0,0,0,0,0,0,-33.1548,-24.8156,7.63559,0.981748,-6.50955,-2.26371,0,0,0,0,0,0,-1.7059,-2.54724,0.551938,0.245459,-0.13694,-1.14446
2764,1.382,4,2,4,0,0,0,0,0,0,-33.1339,-24.8464,7.56025,1.00467,-6.47789,-2.30231,0,0,0,0,0,0,-1.70404,-2.54787,0.545425,0.245292,-0.134047,-1.1392
2765,1.3825,4,2,4,0,0,0,0,0,0,-33.1153,-24.8748,7.48343,1.02658,-6.44358,-2.33954,0,0,0,0,0,0,-1.69587,-2.54445,0.536518,0.243708,-0.131996,-1.13788
2766,1.383,4,2,4,0,0,0,0,0,0,-33.0956,-24.9016,7.40262,1.04528,-6.40693,-2.37612,0,0,0,0,0,0,-1.69059,-2.54038,0.528961,0.24443,-0.129211,-1.13355
2767,1.3835,4,2,4,0,0,0,0,0,0,-33.075,-24.9274,7.31709,1.05981,-6.36929,-2.41325,0,0,0,0,0,0,-1.6873,-2.53766,0.520936,0.243774,-0.127192,-1.13133
2768,1.384,4,2,4,0,0,0,0,0,0,-33.055,-24.956,7.22883,1.07178,-6.33126,-2.45133,0,0,0,0,0,0,-1.68163,-2.53136,0.514316,0.243126,-0.126188,-1.13209
2769,1.3845,4,2,4,0,0,0,0,0,0,-33.0381,-24.9889,7.1405,1.08376,-6.29283,-2.48933,0,0,0,0,0,0,-1.67743,-2.52458,0.506034,0.240031,-0.126256,-1.13557
2770,1.385,4,2,4,0,0,0,0,0,0,-33.0219,-25.0205,7.05196,1.09643,-6.25458,-2.52874,0,0,0,0,0,0,-1.67168,-2.51738,0.498965,0.237631,-0.125723,-1.13862
2771,1.3855,4,2,4,0,0,0,0,0,0,-33.0017,-25.0494,6.96289,1.11131,-6.2167,-2.5669,0,0,0,0,0,0,-1.66439,-2.50855,0.492974,0.237906,-0.12356,-1.14073
2772,1.386,4,2,4,0,0,0,0,0,0,-32.9822,-25.0766,6.8746,1.12949,-6.17925,-2.59927,0,0,0,0,0,0,-1.65553,-2.50254,0.48524,0.237341,-0.121546,-1.14254
2773,1.3865,4,2,4,0,0,0,0,0,0,-32.9613,-25.099,6.78555,1.1482,-6.14245,-2.63114,0,0,0,0,0,0,-1.6493,-2.49704,0.475174,0.23648,-0.11812,-1.14104
2774,1.387,4,2,4,0,0,0,0,0,0,-32.9409,-25.1171,6.69626,1.16643,-6.10633,-2.66236,0,0,0,0,0,0,-1.64624,-2.49495,0.467512,0.236329,-0.114158,-1.14243
2775,1.3875,4,2,4,0,0,0,0,0,0,-32.9226,-25.1321,6.60751,1.18382,-6.07108,-2.69294,0,0,0,0,0,0,-1.64193,-2.49073,0.459583,0.235874,-0.11032,-1.14295
2776,1.388,4,2,4,0,0,0,0,0,0,-32.9046,-25.1464,6.51905,1.19986,-6.03702,-2.72261,0,0,0,0,0,0,-1.63609,-2.48325,0.449088,0.232852,-0.106966,-1.14385
2777,1.3885,4,2,4,0,0,0,0,0,0,-32.8852,-25.1613,6.43031,1.21441,-6.00485,-2.75155,0,0,0,0,0,0,-1.63068,-2.47459,0.43848,0.229906,-0.103789,-1.14233
2778,1.389,4,2,4,0,0,0,0,0,0,-32.8653,-25.1818,6.34398,1.23041,-5.97424,-2.77703,0,0,0,0,0,0,-1.62538,-2.46699,0.431935,0.229551,-0.100876,-1.14352
2779,1.3895,4,2,4,0,0,0,0,0,0,-32.8437,-25.2053,6.26104,1.24809,-5.94581,-2.80371,0,0,0,0,0,0,-1.62408,-2.46455,0.427948,0.231049,-0.0988859,-1.14305
2780,1.39,4,2,4,0,0,0,0,0,0,-32.819,-25.228,6.18154,1.26733,-5.91883,-2.83379,0,0,0,0,0,0,-1.61947,-2.46013,0.420975,0.230183,-0.0981962,-1.14386
2781,1.3905,4,2,4,0,0,0,0,0,0,-32.7923,-25.2493,6.10303,1.28712,-5.8913,-2.86474,0,0,0,0,0,0,-1.61347,-2.45499,0.415027,0.230437,-0.0982287,-1.13917
2782,1.391,4,2,4,0,0,0,0,0,0,-32.7681,-25.2693,6.02278,1.30712,-5.86217,-2.89218,0,0,0,0,0,0,-1.60686,-2.44974,0.409074,0.231264,-0.0973993,-1.13305
2783,1.3915,4,2,4,0,0,0,0,0,0,-32.7472,-25.2868,5.93946,1.32626,-5.83142,-2.91995,0,0,0,0,0,0,-1.6035,-2.44704,0.40385,0.233916,-0.0959426,-1.12475
2784,1.392,4,2,4,0,0,0,0,0,0,-32.7307,-25.303,5.85318,1.34407,-5.79912,-2.94924,0,0,0,0,0,0,-1.60077,-2.44209,0.39698,0.234877,-0.0943272,-1.12221
2785,1.3925,4,2,4,0,0,0,0,0,0,-32.717,-25.3171,5.76345,1.35971,-5.76497,-2.98068,0,0,0,0,0,0,-1.60243,-2.43575,0.389939,0.234464,-0.0929288,-1.12115
2786,1.393,4,2,4,0,0,0,0,0,0,-32.7073,-25.334,5.67044,1.3726,-5.72951,-3.01336,0,0,0,0,0,0,-1.60196,-2.42994,0.383719,0.232098,-0.0921507,-1.12373
2787,1.3935,4,2,4,0,0,0,0,0,0,-32.6982,-25.354,5.57374,1.3828,-5.69307,-3.04649,0,0,0,0,0,0,-1.5993,-2.42227,0.376008,0.228131,-0.0908678,-1.12615
2788,1.394,4,2,4,0,0,0,0,0,0,-32.6873,-25.3767,5.47503,1.39227,-5.65611,-3.07708,0,0,0,0,0,0,-1.59814,-2.41694,0.366736,0.223635,-0.0892504,-1.12644
2789,1.3945,4,2,4,0,0,0,0,0,0,-32.6708,-25.3951,5.37572,1.4024,-5.62005,-3.10828,0,0,0,0,0,0,-1.59193,-2.41199,0.35733,0.220423,-0.0878828,-1.13014
2790,1.395,4,2,4,0,0,0,0,0,0,-32.6473,-25.4074,5.2767,1.41429,-5.58508,-3.1385,0,0,0,0,0,0,-1.58323,-2.40472,0.348319,0.219491,-0.0854171,-1.13448
2791,1.3955,4,2,4,0,0,0,0,0,0,-32.6205,-25.4149,5.17967,1.42859,-5.55113,-3.16647,0,0,0,0,0,0,-1.57468,-2.3982,0.34023,0.218988,-0.0826675,-1.13401
2792,1.396,4,2,4,0,0,0,0,0,0,-32.5937,-25.4183,5.08434,1.44418,-5.51854,-3.19199,0,0,0,0,0,0,-1.56604,-2.39014,0.333427,0.21948,-0.0796251,-1.13207
2793,1.3965,4,2,4,0,0,0,0,0,0,-32.5689,-25.4203,4.99145,1.46007,-5.48832,-3.21391,0,0,0,0,0,0,-1.55961,-2.384,0.326049,0.218994,-0.0774184,-1.13038
2794,1.397,4,2,4,0,0,0,0,0,0,-32.5432,-25.4191,4.89942,1.47532,-5.46076,-3.23488,0,0,0,0,0,0,-1.55576,-2.37859,0.318081,0.218433,-0.0758618,-1.12721
2795,1.3975,4,2,4,0,0,0,0,0,0,-32.5146,-25.4148,4.80818,1.49005,-5.43515,-3.2574,0,0,0,0,0,0,-1.55374,-2.36987,0.31096,0.218841,-0.073473,-1.1241
2796,1.398,4,2,4,0,0,0,0,0,0,-32.4878,-25.4126,4.71758,1.50421,-5.41105,-3.28069,0,0,0,0,0,0,-1.54727,-2.3562,0.302475,0.219368,-0.0711319,-1.12696
2797,1.3985,4,2,4,0,0,0,0,0,0,-32.466,-25.4171,4.6279,1.51835,-5.38727,-3.30372,0,0,0,0,0,0,-1.54229,-2.34266,0.293928,0.219608,-0.0695104,-1.13027
2798,1.399,4,2,4,0,0,0,0,0,0,-32.4487,-25.4287,4.53839,1.53226,-5.36355,-3.32715,0,0,0,0,0,0,-1.54161,-2.33324,0.286184,0.217214,-0.0686661,-1.13108
2799,1.3995,4,2,4,0,0,0,0,0,0,-32.4333,-25.4434,4.44925,1.54581,-5.33979,-3.35408,0,0,0,0,0,0,-1.5424,-2.3295,0.279989,0.215213,-0.0680307,-1.13137
2800,1.4,4,2,4,0,0,0,0,0,0,-32.4177,-25.4577,4.35985,1.55989,-5.31466,-3.38248,0,0,0,0,0,0,-1.54178,-2.32662,0.273729,0.21294,-0.0676806,-1.12959
2801,1.4005,4,2,4,0,0,0,0,0,0,-32.4026,-25.4686,4.26914,1.57504,-5.28693,-3.40936,0,0,0,0,0,0,-1.53832,-2.32227,0.267175,0.212625,-0.0672134,-1.12648
2802,1.401,4,2,4,0,0,0,0,0,0,-32.3878,-25.4749,4.17523,1.58954,-5.25754,-3.43556,0,0,0,0,0,0,-1.53499,-2.31815,0.25947,0.210766,-0.0675277,-1.12545
2803,1.4015,4,2,4,0,0,0,0,0,0,-32.3733,-25.4785,4.07772,1.60276,-5.22708,-3.46049,0,0,0,0,0,0,-1.53468,-2.31631,0.25698,0.211946,-0.0674902,-1.11994
2804,1.402,4,2,4,0,0,0,0,0,0,-32.3583,-25.4796,3.97613,1.61408,-5.19579,-3.48513,0,0,0,0,0,0,-1.53138,-2.31149,0.256369,0.215327,-0.0666041,-1.11415
2805,1.4025,4,2,4,0,0,0,0,0,0,-32.3415,-25.4778,3.87088,1.62292,-5.16424,-3.51208,0,0,0,0,0,0,-1.52002,-2.29899,0.251237,0.216951,-0.06553,-1.11277
2806,1.403,4,2,4,0,0,0,0,0,0,-32.3223,-25.4757,3.76523,1.63084,-5.13273,-3.54009,0,0,0,0,0,0,-1.51021,-2.28616,0.243024,0.2157,-0.0652538,-1.11347
2807,1.4035,4,2,4,0,0,0,0,0,0,-32.3032,-25.478,3.66166,1.6397,-5.10189,-3.56482,0,0,0,0,0,0,-1.50431,-2.27578,0.234034,0.212994,-0.0638801,-1.1149
2808,1.404,4,2,4,0,0,0,0,0,0,-32.2838,-25.4827,3.55996,1.64911,-5.07258,-3.58658,0,0,0,0,0,0,-1.50109,-2.26886,0.225881,0.211982,-0.0614657,-1.11562
2809,1.4045,4,2,4,0,0,0,0,0,0,-32.2631,-25.4843,3.45974,1.65885,-5.04526,-3.60824,0,0,0,0,0,0,-1.49644,-2.2614,0.215747,0.208503,-0.0601179,-1.11459
2810,1.405,4,2,4,0,0,0,0,0,0,-32.2429,-25.4821,3.36059,1.66999,-5.01945,-3.62888,0,0,0,0,0,0,-1.49297,-2.25427,0.204087,0.205663,-0.0578422,-1.11167
2811,1.4055,4,2,4,0,0,0,0,0,0,-32.2232,-25.4751,3.26295,1.68298,-4.99466,-3.64831,0,0,0,0,0,0,-1.49464,-2.24887,0.193244,0.205176,-0.0544994,-1.10828
2812,1.406,4,2,4,0,0,0,0,0,0,-32.2046,-25.4653,3.16611,1.69677,-4.97086,-3.66617,0,0,0,0,0,0,-1.49741,-2.24113,0.186257,0.205644,-0.0512378,-1.10579
2813,1.4065,4,2,4,0,0,0,0,0,0,-32.1861,-25.4542,3.06865,1.70969,-4.9489,-3.68366,0,0,0,0,0,0,-1.49575,-2.23109,0.180561,0.205607,-0.0486912,-1.10558
2814,1.407,4,2,4,0,0,0,0,0,0,-32.1685,-25.4429,2.9724,1.7226,-4.9287,-3.7007,0,0,0,0,0,0,-1.49718,-2.22442,0.174032,0.204995,-0.0478535,-1.10401
2815,1.4075,4,2,4,0,0,0,0,0,0,-32.1504,-25.4314,2.87584,1.73418,-4.9105,-3.72172,0,0,0,0,0,0,-1.4963,-2.21504,0.169752,0.205274,-0.0471141,-1.10257
2816,1.408,4,2,4,0,0,0,0,0,0,-32.1336,-25.4229,2.77993,1.74546,-4.89332,-3.74464,0,0,0,0,0,0,-1.4923,-2.20629,0.164176,0.203597,-0.0475603,-1.10458
2817,1.4085,4,2,4,0,0,0,0,0,0,-32.1166,-25.419,2.6849,1.75746,-4.87581,-3.76716,0,0,0,0,0,0,-1.48773,-2.1996,0.159303,0.200463,-0.0492388,-1.10713
2818,1.409,4,2,4,0,0,0,0,0,0,-32.0983,-25.4175,2.5887,1.76965,-4.85749,-3.78953,0,0,0,0,0,0,-1.48006,-2.18985,0.154603,0.199036,-0.0506049,-1.10624
2819,1.4095,4,2,4,0,0,0,0,0,0,-32.0809,-25.4162,2.49024,1.78122,-4.83805,-3.81131,0,0,0,0,0,0,-1.47157,-2.17747,0.149521,0.19839,-0.0513817,-1.10584
2820,1.41,4,2,4,0,0,0,0,0,0,-32.0625,-25.4133,2.3893,1.79218,-4.81602,-3.83149,0,0,0,0,0,0,-1.46775,-2.16867,0.14311,0.197366,-0.0518203,-1.10571
2821,1.4105,4,2,4,0,0,0,0,0,0,-32.044,-25.4067,2.28613,1.80208,-4.79169,-3.85179,0,0,0,0,0,0,-1.4627,-2.15925,0.13666,0.196553,-0.0510968,-1.10404
2822,1.411,4,2,4,0,0,0,0,0,0,-32.0274,-25.3964,2.18111,1.81009,-4.76614,-3.87385,0,0,0,0,0,0,-1.45941,-2.1511,0.129081,0.196949,-0.0492405,-1.09974
2823,1.4115,4,2,4,0,0,0,0,0,0,-32.0133,-25.3836,2.07302,1.81568,-4.74049,-3.89692,0,0,0,0,0,0,-1.45807,-2.1444,0.121063,0.197146,-0.0472832,-1.0986
2824,1.412,4,2,4,0,0,0,0,0,0,-31.9991,-25.3688,1.96103,1.81991,-4.71545,-3.91858,0,0,0,0,0,0,-1.45429,-2.13398,0.114258,0.198478,-0.0452754,-1.09814
2825,1.4125,4,2,4,0,0,0,0,0,0,-31.9813,-25.3505,1.84631,1.8235,-4.69103,-3.94216,0,0,0,0,0,0,-1.44886,-2.12128,0.106333,0.199659,-0.0439975,-1.1016
2826,1.413,4,2,4,0,0,0,0,0,0,-31.9622,-25.3338,1.73076,1.82776,-4.66746,-3.96315,0,0,0,0,0,0,-1.4426,-2.10871,0.0984505,0.199903,-0.0432956,-1.11026
2827,1.4135,4,2,4,0,0,0,0,0,0,-31.9444,-25.3199,1.6168,1.83377,-4.64456,-3.98135,0,0,0,0,0,0,-1.43739,-2.09685,0.0904232,0.199657,-0.0430386,-1.1152
2828,1.414,4,2,4,0,0,0,0,0,0,-31.9279,-25.308,1.50535,1.8416,-4.62317,-3.99878,0,0,0,0,0,0,-1.43351,-2.08854,0.08372,0.199532,-0.0422579,-1.11218
2829,1.4145,4,2,4,0,0,0,0,0,0,-31.9109,-25.2946,1.39697,1.85133,-4.6041,-4.0147,0,0,0,0,0,0,-1.43189,-2.08424,0.0788078,0.197531,-0.041761,-1.11266
2830,1.415,4,2,4,0,0,0,0,0,0,-31.8933,-25.2793,1.29179,1.8638,-4.58691,-4.02619,0,0,0,0,0,0,-1.43424,-2.08468,0.0747801,0.195876,-0.0407599,-1.10616
2831,1.4155,4,2,4,0,0,0,0,0,0,-31.8728,-25.2598,1.19033,1.87762,-4.57125,-4.03678,0,0,0,0,0,0,-1.43653,-2.08209,0.0689886,0.195016,-0.039098,-1.09375
2832,1.416,4,2,4,0,0,0,0,0,0,-31.85,-25.2359,1.09147,1.8908,-4.55726,-4.0507,0,0,0,0,0,0,-1.43439,-2.07516,0.0628891,0.193929,-0.0377335,-1.0897
2833,1.4165,4,2,4,0,0,0,0,0,0,-31.8266,-25.2092,0.993396,1.90186,-4.54502,-4.06718,0,0,0,0,0,0,-1.43261,-2.06575,0.0565148,0.193095,-0.0361222,-1.08319
2834,1.417,4,2,4,0,0,0,0,0,0,-31.8035,-25.1826,0.895627,1.91158,-4.53375,-4.08271,0,0,0,0,0,0,-1.42922,-2.05369,0.0491883,0.191442,-0.0349326,-1.0774
2835,1.4175,4,2,4,0,0,0,0,0,0,-31.7805,-25.1561,0.795676,1.9199,-4.52308,-4.10044,0,0,0,0,0,0,-1.42493,-2.03903,0.040552,0.189182,-0.0349722,-1.07596
2836,1.418,4,2,4,0,0,0,0,0,0,-31.7587,-25.1325,0.693023,1.92706,-4.51235,-4.12089,0,0,0,0,0,0,-1.42483,-2.02677,0.0310294,0.188456,-0.0347338,-1.07349
2837,1.4185,4,2,4,0,0,0,0,0,0,-31.7402,-25.1133,0.588276,1.93384,-4.50101,-4.1429,0,0,0,0,0,0,-1.42259,-2.01176,0.0220284,0.187385,-0.0361848,-1.07607
2838,1.419,4,2,4,0,0,0,0,0,0,-31.7254,-25.0958,0.481783,1.93979,-4.48894,-4.16794,0,0,0,0,0,0,-1.42252,-1.99768,0.0146577,0.185399,-0.0379189,-1.08091
2839,1.4195,4,2,4,0,0,0,0,0,0,-31.7115,-25.0779,0.372383,1.94478,-4.47592,-4.19445,0,0,0,0,0,0,-1.42443,-1.98816,0.00933988,0.184923,-0.0393559,-1.08731
2840,1.42,4,2,4,0,0,0,0,0,0,-31.6991,-25.0603,0.260779,1.94955,-4.46147,-4.21889,0,0,0,0,0,0,-1.42091,-1.97574,0.0028632,0.184705,-0.0407054,-1.09044
2841,1.4205,4,2,4,0,0,0,0,0,0,-31.688,-25.0422,0.147544,1.95469,-4.44614,-4.23998,0,0,0,0,0,0,-1.41793,-1.96831,-0.0020845,0.185222,-0.0412227,-1.08785
2842,1.421,4,2,4,0,0,0,0,0,0,-31.6758,-25.0196,0.0341721,1.96058,-4.4304,-4.26137,0,0,0,0,0,0,-1.41234,-1.96146,-0.00574391,0.186002,-0.0414212,-1.08696
2843,1.4215,4,2,4,0,0,0,0,0,0,-31.659,-24.9901,-0.0803274,1.96602,-4.41476,-4.28535,0,0,0,0,0,0,-1.40326,-1.94901,-0.0100608,0.186936,-0.0402467,-1.08358
2844,1.422,4,2,4,0,0,0,0,0,0,-31.6427,-24.9598,-0.197394,1.97037,-4.39957,-4.30628,0,0,0,0,0,0,-1.39634,-1.93584,-0.0133903,0.187768,-0.038989,-1.08274
2845,1.4225,4,2,4,0,0,0,0,0,0,-31.6259,-24.9282,-0.31508,1.97356,-4.38487,-4.32463,0,0,0,0,0,0,-1.39395,-1.92334,-0.0204054,0.186049,-0.0386667,-1.08971
2846,1.423,4,2,4,0,0,0,0,0,0,-31.6066,-24.8961,-0.432692,1.97577,-4.37096,-4.33999,0,0,0,0,0,0,-1.39228,-1.90988,-0.0265393,0.184111,-0.0381215,-1.09137
2847,1.4235,4,2,4,0,0,0,0,0,0,-31.585,-24.8654,-0.549102,1.97805,-4.35795,-4.35169,0,0,0,0,0,0,-1.39333,-1.90183,-0.033664,0.183786,-0.0376973,-1.09264
2848,1.424,4,2,4,0,0,0,0,0,0,-31.5635,-24.8353,-0.663273,1.98147,-4.3459,-4.36287,0,0,0,0,0,0,-1.39333,-1.89725,-0.0408599,0.183333,-0.0371493,-1.09272
2849,1.4245,4,2,4,0,0,0,0,0,0,-31.542,-24.8045,-0.777122,1.98719,-4.33473,-4.37366,0,0,0,0,0,0,-1.39592,-1.89427,-0.0487434,0.182672,-0.0372483,-1.09098
2850,1.425,4,2,4,0,0,0,0,0,0,-31.5201,-24.7718,-0.890237,1.9952,-4.32499,-4.3834,0,0,0,0,0,0,-1.39639,-1.88835,-0.0579401,0.180874,-0.0376472,-1.08975
2851,1.4255,4,2,4,0,0,0,0,0,0,-31.4979,-24.7379,-1.00177,2.00502,-4.31667,-4.39234,0,0,0,0,0,0,-1.3976,-1.88297,-0.0668478,0.180309,-0.0370278,-1.08854
2852,1.426,4,2,4,0,0,0,0,0,0,-31.4765,-24.7014,-1.11129,2.01526,-4.31065,-4.40314,0,0,0,0,0,0,-1.39643,-1.87383,-0.0757889,0.180684,-0.0361619,-1.0804
2853,1.4265,4,2,4,0,0,0,0,0,0,-31.4542,-24.6605,-1.21897,2.02517,-4.30683,-4.4203,0,0,0,0,0,0,-1.39557,-1.86214,-0.0832486,0.181039,-0.0352789,-1.0728
2854,1.427,4,2,4,0,0,0,0,0,0,-31.431,-24.6163,-1.32424,2.03443,-4.30468,-4.44253,0,0,0,0,0,0,-1.39467,-1.85083,-0.0891573,0.179403,-0.0357988,-1.07192
2855,1.4275,4,2,4,0,0,0,0,0,0,-31.4085,-24.5737,-1.42898,2.04278,-4.30383,-4.4642,0,0,0,0,0,0,-1.3928,-1.83623,-0.0924912,0.17872,-0.0353551,-1.07136
2856,1.428,4,2,4,0,0,0,0,0,0,-31.3855,-24.5328,-1.53484,2.04928,-4.30383,-4.48623,0,0,0,0,0,0,-1.3867,-1.82022,-0.0968196,0.178589,-0.0352085,-1.07119
2857,1.4285,4,2,4,0,0,0,0,0,0,-31.3616,-24.497,-1.64259,2.05376,-4.30342,-4.50624,0,0,0,0,0,0,-1.37521,-1.80133,-0.104692,0.17715,-0.0360447,-1.07726
2858,1.429,4,2,4,0,0,0,0,0,0,-31.338,-24.4623,-1.75297,2.05609,-4.30181,-4.52566,0,0,0,0,0,0,-1.36295,-1.78258,-0.112027,0.175272,-0.0367982,-1.07863
2859,1.4295,4,2,4,0,0,0,0,0,0,-31.3161,-24.4278,-1.86519,2.05657,-4.29912,-4.5478,0,0,0,0,0,0,-1.35325,-1.76584,-0.118477,0.17428,-0.0374043,-1.07972
2860,1.43,4,2,4,0,0,0,0,0,0,-31.2958,-24.3922,-1.97896,2.0562,-4.29559,-4.5718,0,0,0,0,0,0,-1.34934,-1.75185,-0.125074,0.173307,-0.0384451,-1.08182
2861,1.4305,4,2,4,0,0,0,0,0,0,-31.2805,-24.3571,-2.09581,2.0567,-4.29137,-4.59245,0,0,0,0,0,0,-1.35394,-1.74065,-0.131884,0.173317,-0.0401047,-1.08323
2862,1.431,4,2,4,0,0,0,0,0,0,-31.2692,-24.3219,-2.21476,2.0587,-4.28623,-4.61121,0,0,0,0,0,0,-1.35926,-1.73259,-0.135764,0.174709,-0.0414942,-1.08133
2863,1.4315,4,2,4,0,0,0,0,0,0,-31.2593,-24.2836,-2.33633,2.06175,-4.28038,-4.63011,0,0,0,0,0,0,-1.36511,-1.72663,-0.139061,0.17785,-0.042112,-1.07611
2864,1.432,4,2,4,0,0,0,0,0,0,-31.2471,-24.2393,-2.45931,2.06551,-4.2738,-4.65013,0,0,0,0,0,0,-1.369,-1.72086,-0.140518,0.179293,-0.0427538,-1.07337
2865,1.4325,4,2,4,0,0,0,0,0,0,-31.2325,-24.194,-2.58137,2.06977,-4.26735,-4.66882,0,0,0,0,0,0,-1.37035,-1.71269,-0.144137,0.179163,-0.0438198,-1.07294
2866,1.433,4,2,4,0,0,0,0,0,0,-31.2173,-24.149,-2.70283,2.0739,-4.26263,-4.688,0,0,0,0,0,0,-1.37091,-1.70312,-0.148587,0.177869,-0.0448866,-1.07306
2867,1.4335,4,2,4,0,0,0,0,0,0,-31.2017,-24.1046,-2.8243,2.078,-4.25971,-4.7066,0,0,0,0,0,0,-1.37089,-1.69316,-0.155756,0.175587,-0.0453367,-1.07631
2868,1.434,4,2,4,0,0,0,0,0,0,-31.1847,-24.0607,-2.94574,2.08221,-4.2577,-4.72336,0,0,0,0,0,0,-1.36843,-1.683,-0.162283,0.175462,-0.0434629,-1.07635
2869,1.4345,4,2,4,0,0,0,0,0,0,-31.1635,-24.0131,-3.06745,2.08609,-4.25656,-4.73935,0,0,0,0,0,0,-1.36448,-1.66873,-0.168804,0.17311,-0.0431115,-1.07651
2870,1.435,4,2,4,0,0,0,0,0,0,-31.1375,-23.9635,-3.18844,2.0893,-4.25659,-4.75436,0,0,0,0,0,0,-1.35943,-1.65141,-0.176815,0.171637,-0.0423065,-1.07533
2871,1.4355,4,2,4,0,0,0,0,0,0,-31.1093,-23.9127,-3.30601,2.09192,-4.25793,-4.76919,0,0,0,0,0,0,-1.35741,-1.63992,-0.186243,0.169445,-0.0428228,-1.07902
2872,1.436,4,2,4,0,0,0,0,0,0,-31.0822,-23.8623,-3.41974,2.0942,-4.2613,-4.78187,0,0,0,0,0,0,-1.35719,-1.63314,-0.194813,0.168157,-0.0426105,-1.07869
2873,1.4365,4,2,4,0,0,0,0,0,0,-31.056,-23.8099,-3.52942,2.09649,-4.26725,-4.79611,0,0,0,0,0,0,-1.35436,-1.62532,-0.203796,0.166391,-0.0428718,-1.07652
2874,1.437,4,2,4,0,0,0,0,0,0,-31.0304,-23.7541,-3.63773,2.09893,-4.2761,-4.81424,0,0,0,0,0,0,-1.35073,-1.61325,-0.212572,0.165174,-0.0436754,-1.07588
2875,1.4375,4,2,4,0,0,0,0,0,0,-31.0053,-23.6939,-3.7451,2.1019,-4.28666,-4.83607,0,0,0,0,0,0,-1.34813,-1.59809,-0.216924,0.166455,-0.0434418,-1.07596
2876,1.438,4,2,4,0,0,0,0,0,0,-30.9818,-23.6344,-3.85154,2.10544,-4.29818,-4.85784,0,0,0,0,0,0,-1.34576,-1.58214,-0.220013,0.16841,-0.0434261,-1.081
2877,1.4385,4,2,4,0,0,0,0,0,0,-30.96,-23.5779,-3.9573,2.10921,-4.31045,-4.87983,0,0,0,0,0,0,-1.34387,-1.56602,-0.224323,0.169181,-0.0449037,-1.08548
2878,1.439,4,2,4,0,0,0,0,0,0,-30.941,-23.5268,-4.06345,2.11395,-4.32209,-4.89907,0,0,0,0,0,0,-1.3424,-1.55123,-0.227199,0.168401,-0.0471596,-1.08676
2879,1.4395,4,2,4,0,0,0,0,0,0,-30.9245,-23.4794,-4.17217,2.11933,-4.33242,-4.917,0,0,0,0,0,0,-1.33984,-1.53852,-0.230118,0.167317,-0.0490556,-1.08611
2880,1.44,4,2,4,0,0,0,0,0,0,-30.9099,-23.431,-4.28353,2.12491,-4.34032,-4.9359,0,0,0,0,0,0,-1.33394,-1.52553,-0.23144,0.163974,-0.0512652,-1.08368
2881,1.4405,4,2,4,0,0,0,0,0,0,-30.8974,-23.3815,-4.3989,2.12959,-4.34657,-4.95875,0,0,0,0,0,0,-1.32718,-1.51039,-0.234656,0.162799,-0.0519262,-1.08512
2882,1.441,4,2,4,0,0,0,0,0,0,-30.8862,-23.3317,-4.51661,2.13339,-4.35159,-4.98254,0,0,0,0,0,0,-1.32013,-1.492,-0.240173,0.163195,-0.0515922,-1.08635
2883,1.4415,4,2,4,0,0,0,0,0,0,-30.877,-23.283,-4.63622,2.13613,-4.3563,-5.0046,0,0,0,0,0,0,-1.3141,-1.47558,-0.245166,0.164677,-0.0503738,-1.08382
2884,1.442,4,2,4,0,0,0,0,0,0,-30.8667,-23.2321,-4.75694,2.13765,-4.36134,-5.02564,0,0,0,0,0,0,-1.30961,-1.46106,-0.25145,0.165892,-0.0506932,-1.07733
2885,1.4425,4,2,4,0,0,0,0,0,0,-30.8543,-23.1767,-4.8796,2.13849,-4.36686,-5.04943,0,0,0,0,0,0,-1.30706,-1.44935,-0.258724,0.166655,-0.0522835,-1.06902
2886,1.443,4,2,4,0,0,0,0,0,0,-30.8421,-23.1184,-5.00477,2.1393,-4.37355,-5.07669,0,0,0,0,0,0,-1.30776,-1.43665,-0.265905,0.165695,-0.0551897,-1.06639
2887,1.4435,4,2,4,0,0,0,0,0,0,-30.8301,-23.0593,-5.13188,2.13976,-4.3818,-5.10604,0,0,0,0,0,0,-1.30675,-1.42075,-0.271287,0.165062,-0.0573062,-1.06929
2888,1.444,4,2,4,0,0,0,0,0,0,-30.8158,-22.9997,-5.26029,2.13952,-4.39214,-5.13568,0,0,0,0,0,0,-1.30536,-1.40612,-0.276132,0.165044,-0.0585273,-1.08418
2889,1.4445,4,2,4,0,0,0,0,0,0,-30.7997,-22.9421,-5.38829,2.13917,-4.4039,-5.15839,0,0,0,0,0,0,-1.30466,-1.39217,-0.282692,0.165302,-0.0596159,-1.10123
2890,1.445,4,2,4,0,0,0,0,0,0,-30.782,-22.8857,-5.51448,2.13842,-4.417,-5.17699,0,0,0,0,0,0,-1.2968,-1.37819,-0.289429,0.164571,-0.0610835,-1.10924
2891,1.4455,4,2,4,0,0,0,0,0,0,-30.7638,-22.8274,-5.63921,2.13806,-4.43101,-5.19536,0,0,0,0,0,0,-1.29245,-1.36757,-0.293738,0.163272,-0.0622194,-1.11038
2892,1.446,4,2,4,0,0,0,0,0,0,-30.7441,-22.7653,-5.76322,2.1381,-4.44596,-5.21345,0,0,0,0,0,0,-1.28855,-1.35807,-0.29632,0.160798,-0.0625555,-1.10971
2893,1.4465,4,2,4,0,0,0,0,0,0,-30.725,-22.7007,-5.88715,2.1387,-4.46194,-5.22953,0,0,0,0,0,0,-1.28465,-1.3481,-0.298988,0.157586,-0.0627741,-1.10825
2894,1.447,4,2,4,0,0,0,0,0,0,-30.7074,-22.6355,-6.01019,2.13984,-4.47897,-5.24379,0,0,0,0,0,0,-1.28667,-1.34258,-0.302005,0.155965,-0.0620441,-1.10347
2895,1.4475,4,2,4,0,0,0,0,0,0,-30.6908,-22.5696,-6.13112,2.1407,-4.49762,-5.25939,0,0,0,0,0,0,-1.28419,-1.33368,-0.306054,0.153998,-0.0619223,-1.09655
2896,1.448,4,2,4,0,0,0,0,0,0,-30.6739,-22.5003,-6.24826,2.14207,-4.51734,-5.2792,0,0,0,0,0,0,-1.28164,-1.32288,-0.310853,0.15321,-0.0619761,-1.09067
2897,1.4485,4,2,4,0,0,0,0,0,0,-30.6573,-22.4286,-6.3616,2.1446,-4.53771,-5.30167,0,0,0,0,0,0,-1.28452,-1.3114,-0.318717,0.156499,-0.0615683,-1.08489
2898,1.449,4,2,4,0,0,0,0,0,0,-30.6419,-22.3568,-6.47224,2.14922,-4.55894,-5.3261,0,0,0,0,0,0,-1.28675,-1.29737,-0.328377,0.159964,-0.0623634,-1.08063
2899,1.4495,4,2,4,0,0,0,0,0,0,-30.6271,-22.2859,-6.58158,2.15551,-4.58127,-5.35397,0,0,0,0,0,0,-1.28799,-1.27908,-0.338614,0.162064,-0.0645713,-1.07847
2900,1.45,4,2,4,0,0,0,0,0,0,-30.6138,-22.2208,-6.69065,2.16241,-4.60489,-5.38245,0,0,0,0,0,0,-1.28782,-1.25885,-0.346269,0.163127,-0.067025,-1.08065
2901,1.4505,4,2,4,0,0,0,0,0,0,-30.6003,-22.1605,-6.79935,2.16954,-4.62939,-5.41223,0,0,0,0,0,0,-1.28416,-1.23988,-0.35322,0.16273,-0.0697229,-1.08709
2902,1.451,4,2,4,0,0,0,0,0,0,-30.5853,-22.0992,-6.90761,2.17648,-4.65352,-5.44389,0,0,0,0,0,0,-1.28129,-1.22485,-0.356578,0.160575,-0.0723745,-1.09442
2903,1.4515,4,2,4,0,0,0,0,0,0,-30.5672,-22.0345,-7.01705,2.18278,-4.67622,-5.47688,0,0,0,0,0,0,-1.27506,-1.20551,-0.359333,0.159094,-0.074089,-1.0998
2904,1.452,4,2,4,0,0,0,0,0,0,-30.5461,-21.9671,-7.13054,2.18779,-4.69786,-5.5095,0,0,0,0,0,0,-1.26633,-1.1857,-0.361276,0.157673,-0.0754228,-1.1035
2905,1.4525,4,2,4,0,0,0,0,0,0,-30.5232,-21.8973,-7.24866,2.191,-4.71874,-5.53797,0,0,0,0,0,0,-1.25996,-1.1691,-0.364057,0.156688,-0.0768073,-1.10453
2906,1.453,4,2,4,0,0,0,0,0,0,-30.4994,-21.8244,-7.37082,2.19178,-4.73919,-5.56397,0,0,0,0,0,0,-1.25467,-1.15237,-0.368443,0.155268,-0.0784508,-1.10842
2907,1.4535,4,2,4,0,0,0,0,0,0,-30.4731,-21.7469,-7.49486,2.19035,-4.75946,-5.59244,0,0,0,0,0,0,-1.25335,-1.13801,-0.372106,0.154212,-0.0795903,-1.1126
2908,1.454,4,2,4,0,0,0,0,0,0,-30.4443,-21.6651,-7.61867,2.18671,-4.77987,-5.62294,0,0,0,0,0,0,-1.25321,-1.12593,-0.375746,0.153586,-0.0807039,-1.11165
2909,1.4545,4,2,4,0,0,0,0,0,0,-30.4138,-21.582,-7.74058,2.18171,-4.80044,-5.6521,0,0,0,0,0,0,-1.24796,-1.10973,-0.382347,0.153563,-0.0826969,-1.10799
2910,1.455,4,2,4,0,0,0,0,0,0,-30.3816,-21.4977,-7.86237,2.17696,-4.82141,-5.67838,0,0,0,0,0,0,-1.24599,-1.09542,-0.388106,0.153836,-0.0845618,-1.10398
2911,1.4555,4,2,4,0,0,0,0,0,0,-30.3483,-21.4152,-7.98558,2.17257,-4.84358,-5.70105,0,0,0,0,0,0,-1.24899,-1.08122,-0.394255,0.156173,-0.0861308,-1.10444
2912,1.456,4,2,4,0,0,0,0,0,0,-30.3153,-21.3355,-8.1091,2.16902,-4.86667,-5.72059,0,0,0,0,0,0,-1.25065,-1.06785,-0.401794,0.158493,-0.0883214,-1.10625
2913,1.4565,4,2,4,0,0,0,0,0,0,-30.2836,-21.2568,-8.23183,2.16689,-4.89054,-5.74021,0,0,0,0,0,0,-1.25547,-1.05928,-0.408112,0.161128,-0.0900095,-1.10762
2914,1.457,4,2,4,0,0,0,0,0,0,-30.2528,-21.1781,-8.35119,2.16547,-4.91512,-5.76318,0,0,0,0,0,0,-1.25797,-1.04967,-0.413511,0.162743,-0.0914609,-1.11472
2915,1.4575,4,2,4,0,0,0,0,0,0,-30.2228,-21.0971,-8.46829,2.16476,-4.94035,-5.78983,0,0,0,0,0,0,-1.2642,-1.04036,-0.41732,0.162318,-0.0932532,-1.12735
2916,1.458,4,2,4,0,0,0,0,0,0,-30.195,-21.0146,-8.58676,2.16479,-4.96721,-5.8161,0,0,0,0,0,0,-1.27766,-1.0356,-0.418873,0.161522,-0.0933799,-1.13493
2917,1.4585,4,2,4,0,0,0,0,0,0,-30.168,-20.9323,-8.70656,2.16491,-4.99582,-5.84135,0,0,0,0,0,0,-1.28698,-1.02883,-0.420127,0.159446,-0.093906,-1.13714
2918,1.459,4,2,4,0,0,0,0,0,0,-30.1412,-20.8471,-8.82765,2.16576,-5.02538,-5.86773,0,0,0,0,0,0,-1.29654,-1.02412,-0.421565,0.157019,-0.0946483,-1.13291
2919,1.4595,4,2,4,0,0,0,0,0,0,-30.1138,-20.7564,-8.94768,2.1674,-5.05499,-5.89938,0,0,0,0,0,0,-1.30816,-1.02261,-0.425425,0.155721,-0.0967563,-1.1311
2920,1.46,4,2,4,0,0,0,0,0,0,-30.0884,-20.664,-9.06513,2.16883,-5.08537,-5.93785,0,0,0,0,0,0,-1.31694,-1.01764,-0.4309,0.155153,-0.0991237,-1.1364
2921,1.4605,4,2,4,0,0,0,0,0,0,-30.0664,-20.5723,-9.17834,2.16978,-5.11682,-5.98121,0,0,0,0,0,0,-1.33197,-1.01268,-0.438002,0.155684,-0.100764,-1.14269
2922,1.461,4,2,4,0,0,0,0,0,0,-30.0464,-20.4819,-9.28909,2.17073,-5.15006,-6.02523,0,0,0,0,0,0,-1.34363,-1.00265,-0.44716,0.157438,-0.102151,-1.14847
2923,1.4615,4,2,4,0,0,0,0,0,0,-30.0291,-20.3971,-9.39867,2.17191,-5.18528,-6.06413,0,0,0,0,0,0,-1.34843,-0.990614,-0.454802,0.157748,-0.104153,-1.15032
2924,1.462,4,2,4,0,0,0,0,0,0,-30.0137,-20.3156,-9.50602,2.17407,-5.2216,-6.10092,0,0,0,0,0,0,-1.35461,-0.979172,-0.459282,0.156772,-0.10566,-1.1502
2925,1.4625,4,2,4,0,0,0,0,0,0,-29.9999,-20.2362,-9.60998,2.17726,-5.25892,-6.13798,0,0,0,0,0,0,-1.35883,-0.968519,-0.462782,0.155347,-0.107453,-1.15426
2926,1.463,4,2,4,0,0,0,0,0,0,-29.9858,-20.1581,-9.71021,2.18149,-5.29752,-6.17581,0,0,0,0,0,0,-1.36107,-0.957108,-0.465398,0.154969,-0.108202,-1.15573
2927,1.4635,4,2,4,0,0,0,0,0,0,-29.9717,-20.0816,-9.80716,2.18559,-5.33799,-6.2136,0,0,0,0,0,0,-1.36021,-0.946274,-0.468312,0.155482,-0.109134,-1.16116
2928,1.464,4,2,4,0,0,0,0,0,0,-29.9583,-20.0048,-9.90522,2.18932,-5.38025,-6.24691,0,0,0,0,0,0,-1.35044,-0.929677,-0.470375,0.156291,-0.110272,-1.16191
2929,1.4645,4,2,4,0,0,0,0,0,0,-29.9445,-19.9277,-10.0072,2.19189,-5.42352,-6.27611,0,0,0,0,0,0,-1.35069,-0.916667,-0.47003,0.155205,-0.111505,-1.16179
2930,1.465,4,2,4,0,0,0,0,0,0,-29.9297,-19.8478,-10.1142,2.19353,-5.46653,-6.30563,0,0,0,0,0,0,-1.34475,-0.902173,-0.467799,0.152804,-0.112427,-1.15479
2931,1.4655,4,2,4,0,0,0,0,0,0,-29.9133,-19.7624,-10.226,2.19529,-5.50787,-6.33748,0,0,0,0,0,0,-1.32842,-0.879709,-0.466553,0.149656,-0.113906,-1.14719
2932,1.466,4,2,4,0,0,0,0,0,0,-29.8988,-19.675,-10.3413,2.19709,-5.54737,-6.37428,0,0,0,0,0,0,-1.30937,-0.854537,-0.465178,0.147208,-0.115169,-1.13961
2933,1.4665,4,2,4,0,0,0,0,0,0,-29.8881,-19.5878,-10.4596,2.19915,-5.58549,-6.41716,0,0,0,0,0,0,-1.29146,-0.829184,-0.46744,0.146624,-0.117304,-1.13713
2934,1.467,4,2,4,0,0,0,0,0,0,-29.8794,-19.5018,-10.5812,2.20141,-5.62324,-6.46292,0,0,0,0,0,0,-1.27387,-0.799513,-0.472874,0.147449,-0.119881,-1.13266
2935,1.4675,4,2,4,0,0,0,0,0,0,-29.8721,-19.4198,-10.7077,2.2042,-5.66122,-6.50609,0,0,0,0,0,0,-1.25945,-0.769721,-0.479546,0.150295,-0.12172,-1.13741
2936,1.468,4,2,4,0,0,0,0,0,0,-29.8653,-19.3388,-10.8368,2.20812,-5.6985,-6.54927,0,0,0,0,0,0,-1.24212,-0.738975,-0.486702,0.153979,-0.123792,-1.14331
2937,1.4685,4,2,4,0,0,0,0,0,0,-29.8582,-19.2576,-10.9663,2.21264,-5.73513,-6.59497,0,0,0,0,0,0,-1.22034,-0.705762,-0.491117,0.155966,-0.125295,-1.14602
2938,1.469,4,2,4,0,0,0,0,0,0,-29.8507,-19.1756,-11.095,2.21774,-5.77118,-6.64617,0,0,0,0,0,0,-1.20315,-0.67711,-0.494199,0.156536,-0.126982,-1.15112
2939,1.4695,4,2,4,0,0,0,0,0,0,-29.8419,-19.0929,-11.2218,2.22171,-5.80757,-6.70003,0,0,0,0,0,0,-1.18567,-0.651342,-0.499047,0.156724,-0.129724,-1.15417
2940,1.47,4,2,4,0,0,0,0,0,0,-29.8317,-19.0076,-11.3486,2.22426,-5.8453,-6.75084,0,0,0,0,0,0,-1.16991,-0.627785,-0.502011,0.155878,-0.132137,-1.15524
2941,1.4705,4,2,4,0,0,0,0,0,0,-29.8185,-18.919,-11.476,2.2249,-5.88479,-6.7971,0,0,0,0,0,0,-1.14982,-0.606061,-0.504644,0.154639,-0.135374,-1.15604
2942,1.471,4,2,4,0,0,0,0,0,0,-29.8008,-18.8258,-11.602,2.22402,-5.92484,-6.84295,0,0,0,0,0,0,-1.12929,-0.583029,-0.510139,0.154667,-0.139264,-1.15329
2943,1.4715,4,2,4,0,0,0,0,0,0,-29.7763,-18.7248,-11.7254,2.22255,-5.96468,-6.88841,0,0,0,0,0,0,-1.11689,-0.561508,-0.513685,0.154776,-0.141506,-1.15541
2944,1.472,4,2,4,0,0,0,0,0,0,-29.7452,-18.6196,-11.8431,2.21974,-6.00391,-6.9313,0,0,0,0,0,0,-1.10591,-0.540417,-0.517065,0.155017,-0.143608,-1.16076
2945,1.4725,4,2,4,0,0,0,0,0,0,-29.7084,-18.5119,-11.9547,2.21539,-6.04328,-6.97319,0,0,0,0,0,0,-1.08863,-0.516258,-0.520179,0.154517,-0.14591,-1.16191
2946,1.473,4,2,4,0,0,0,0,0,0,-29.6664,-18.4023,-12.0617,2.21001,-6.08359,-7.01285,0,0,0,0,0,0,-1.07365,-0.492581,-0.524039,0.154334,-0.148438,-1.16222
2947,1.4735,4,2,4,0,0,0,0,0,0,-29.6217,-18.2939,-12.1673,2.20466,-6.12537,-7.04751,0,0,0,0,0,0,-1.06395,-0.473261,-0.531485,0.155384,-0.152506,-1.16083
2948,1.474,4,2,4,0,0,0,0,0,0,-29.5732,-18.1832,-12.2715,2.20035,-6.16784,-7.07974,0,0,0,0,0,0,-1.05425,-0.45481,-0.539603,0.157624,-0.156114,-1.15578
2949,1.4745,4,2,4,0,0,0,0,0,0,-29.5208,-18.0694,-12.3737,2.19711,-6.21076,-7.11377,0,0,0,0,0,0,-1.04992,-0.439282,-0.545634,0.159486,-0.158453,-1.16149
2950,1.475,4,2,4,0,0,0,0,0,0,-29.466,-17.9518,-12.4744,2.19601,-6.2535,-7.15418,0,0,0,0,0,0,-1.04856,-0.423064,-0.553396,0.162864,-0.160459,-1.17153
2951,1.4755,4,2,4,0,0,0,0,0,0,-29.4079,-17.8324,-12.5716,2.19509,-6.29656,-7.19834,0,0,0,0,0,0,-1.05362,-0.410537,-0.558293,0.164364,-0.161829,-1.18647
2952,1.476,4,2,4,0,0,0,0,0,0,-29.3475,-17.7104,-12.6672,2.1939,-6.34099,-7.24095,0,0,0,0,0,0,-1.06062,-0.401689,-0.559022,0.163866,-0.161824,-1.19956
2953,1.4765,4,2,4,0,0,0,0,0,0,-29.2855,-17.586,-12.7636,2.19313,-6.38697,-7.28103,0,0,0,0,0,0,-1.06478,-0.392361,-0.557009,0.161344,-0.160969,-1.20646
2954,1.477,4,2,4,0,0,0,0,0,0,-29.2218,-17.4599,-12.8596,2.19243,-6.43385,-7.32252,0,0,0,0,0,0,-1.0739,-0.38605,-0.557234,0.158549,-0.161108,-1.21083
2955,1.4775,4,2,4,0,0,0,0,0,0,-29.1589,-17.33,-12.9543,2.19271,-6.48034,-7.37098,0,0,0,0,0,0,-1.08195,-0.38011,-0.559617,0.157213,-0.162542,-1.21744
2956,1.478,4,2,4,0,0,0,0,0,0,-29.0999,-17.1988,-13.0477,2.19372,-6.52699,-7.42487,0,0,0,0,0,0,-1.09121,-0.373294,-0.563139,0.157541,-0.163812,-1.22835
2957,1.4785,4,2,4,0,0,0,0,0,0,-29.0444,-17.0703,-13.1379,2.1937,-6.57464,-7.47967,0,0,0,0,0,0,-1.10664,-0.365718,-0.568823,0.159925,-0.164337,-1.24216
2958,1.479,4,2,4,0,0,0,0,0,0,-28.9948,-16.9459,-13.2263,2.19217,-6.62441,-7.53449,0,0,0,0,0,0,-1.12032,-0.355606,-0.575088,0.161609,-0.165874,-1.25172
2959,1.4795,4,2,4,0,0,0,0,0,0,-28.9519,-16.8277,-13.3185,2.19046,-6.67829,-7.58563,0,0,0,0,0,0,-1.13054,-0.344779,-0.577772,0.161963,-0.166534,-1.25762
2960,1.48,4,2,4,0,0,0,0,0,0,-28.9138,-16.7152,-13.4163,2.18956,-6.7363,-7.63281,0,0,0,0,0,0,-1.13973,-0.337706,-0.579416,0.161042,-0.168142,-1.26103
2961,1.4805,4,2,4,0,0,0,0,0,0,-28.8792,-16.6065,-13.5195,2.18998,-6.79735,-7.67795,0,0,0,0,0,0,-1.14647,-0.330318,-0.580392,0.159573,-0.170339,-1.26039
2962,1.481,4,2,4,0,0,0,0,0,0,-28.8477,-16.5002,-13.626,2.19191,-6.85938,-7.7241,0,0,0,0,0,0,-1.15576,-0.323938,-0.582038,0.159239,-0.172256,-1.26466
2963,1.4815,4,2,4,0,0,0,0,0,0,-28.8167,-16.3955,-13.733,2.19372,-6.92176,-7.7713,0,0,0,0,0,0,-1.16159,-0.315797,-0.583466,0.159393,-0.173894,-1.2752
2964,1.482,4,2,4,0,0,0,0,0,0,-28.7875,-16.2909,-13.841,2.19498,-6.98439,-7.81601,0,0,0,0,0,0,-1.16396,-0.304415,-0.586352,0.160659,-0.175619,-1.28447
2965,1.4825,4,2,4,0,0,0,0,0,0,-28.7606,-16.1864,-13.9522,2.19544,-7.04808,-7.85761,0,0,0,0,0,0,-1.17409,-0.294248,-0.586569,0.159992,-0.177015,-1.29912
2966,1.483,4,2,4,0,0,0,0,0,0,-28.735,-16.082,-14.0653,2.19512,-7.11176,-7.89903,0,0,0,0,0,0,-1.18061,-0.283378,-0.583728,0.157572,-0.177609,-1.30437
2967,1.4835,4,2,4,0,0,0,0,0,0,-28.7116,-15.9743,-14.179,2.19628,-7.17315,-7.94619,0,0,0,0,0,0,-1.18021,-0.268592,-0.57823,0.153464,-0.177584,-1.30947
2968,1.484,4,2,4,0,0,0,0,0,0,-28.6898,-15.8634,-14.2921,2.1995,-7.23171,-8.00103,0,0,0,0,0,0,-1.17676,-0.25354,-0.575401,0.150389,-0.178842,-1.31293
2969,1.4845,4,2,4,0,0,0,0,0,0,-28.6688,-15.7519,-14.4029,2.20329,-7.28832,-8.06026,0,0,0,0,0,0,-1.16861,-0.234783,-0.576682,0.150183,-0.181092,-1.3115
2970,1.485,4,2,4,0,0,0,0,0,0,-28.6488,-15.64,-14.5114,2.20718,-7.34338,-8.12351,0,0,0,0,0,0,-1.15914,-0.215266,-0.581747,0.153539,-0.183906,-1.31108
2971,1.4855,4,2,4,0,0,0,0,0,0,-28.6289,-15.5282,-14.6186,2.21064,-7.39823,-8.18781,0,0,0,0,0,0,-1.15348,-0.194079,-0.587778,0.157993,-0.186808,-1.31614
2972,1.486,4,2,4,0,0,0,0,0,0,-28.6113,-15.4195,-14.726,2.2135,-7.45358,-8.25234,0,0,0,0,0,0,-1.14542,-0.17093,-0.5948,0.162349,-0.190308,-1.31821
2973,1.4865,4,2,4,0,0,0,0,0,0,-28.5951,-15.3122,-14.8318,2.21603,-7.50854,-8.31965,0,0,0,0,0,0,-1.13683,-0.149115,-0.599776,0.166345,-0.192788,-1.32589
2974,1.487,4,2,4,0,0,0,0,0,0,-28.5768,-15.205,-14.9345,2.21804,-7.56322,-8.38784,0,0,0,0,0,0,-1.12797,-0.129591,-0.603988,0.169812,-0.195609,-1.33486
2975,1.4875,4,2,4,0,0,0,0,0,0,-28.5541,-15.0967,-15.0322,2.21891,-7.61713,-8.45527,0,0,0,0,0,0,-1.12335,-0.11348,-0.606045,0.170827,-0.197793,-1.34713
2976,1.488,4,2,4,0,0,0,0,0,0,-28.5288,-14.9848,-15.1266,2.21926,-7.6704,-8.52159,0,0,0,0,0,0,-1.11635,-0.0969394,-0.605791,0.169585,-0.200113,-1.35523
2977,1.4885,4,2,4,0,0,0,0,0,0,-28.5006,-14.8708,-15.2188,2.21842,-7.72397,-8.5847,0,0,0,0,0,0,-1.10789,-0.0789114,-0.603757,0.16786,-0.201816,-1.35799
2978,1.489,4,2,4,0,0,0,0,0,0,-28.4681,-14.7545,-15.3098,2.21566,-7.77887,-8.64267,0,0,0,0,0,0,-1.09818,-0.0602873,-0.60302,0.166905,-0.203609,-1.3592
2979,1.4895,4,2,4,0,0,0,0,0,0,-28.431,-14.6347,-15.3968,2.21014,-7.83419,-8.69694,0,0,0,0,0,0,-1.08982,-0.0423585,-0.606108,0.167453,-0.20614,-1.36122
2980,1.49,4,2,4,0,0,0,0,0,0,-28.3894,-14.5112,-15.4772,2.2028,-7.88813,-8.75316,0,0,0,0,0,0,-1.08121,-0.0230276,-0.607425,0.166849,-0.208288,-1.3625
2981,1.4905,4,2,4,0,0,0,0,0,0,-28.3441,-14.3849,-15.55,2.19354,-7.94071,-8.81191,0,0,0,0,0,0,-1.07388,-0.00524831,-0.60734,0.164493,-0.210634,-1.36018
2982,1.491,4,2,4,0,0,0,0,0,0,-28.297,-14.2578,-15.618,2.18389,-7.99253,-8.87128,0,0,0,0,0,0,-1.06082,0.015629,-0.60584,0.161862,-0.212933,-1.35446
2983,1.4915,4,2,4,0,0,0,0,0,0,-28.2504,-14.1309,-15.6851,2.17597,-8.04432,-8.93088,0,0,0,0,0,0,-1.05374,0.0366414,-0.606477,0.160143,-0.215942,-1.35288
2984,1.492,4,2,4,0,0,0,0,0,0,-28.2083,-14.0058,-15.7546,2.17092,-8.09694,-8.99346,0,0,0,0,0,0,-1.05402,0.0558313,-0.609796,0.161931,-0.218286,-1.35941
2985,1.4925,4,2,4,0,0,0,0,0,0,-28.1714,-13.8848,-15.8287,2.16913,-8.15123,-9.05839,0,0,0,0,0,0,-1.05929,0.0720572,-0.614841,0.166334,-0.219529,-1.36913
2986,1.493,4,2,4,0,0,0,0,0,0,-28.136,-13.7669,-15.9061,2.16906,-8.20751,-9.12574,0,0,0,0,0,0,-1.0667,0.0836941,-0.621752,0.171886,-0.221005,-1.38263
2987,1.4935,4,2,4,0,0,0,0,0,0,-28.1005,-13.6483,-15.9864,2.16998,-8.26592,-9.19309,0,0,0,0,0,0,-1.06952,0.096025,-0.623938,0.173994,-0.222106,-1.39493
2988,1.494,4,2,4,0,0,0,0,0,0,-28.0666,-13.5295,-16.0715,2.17259,-8.32676,-9.26341,0,0,0,0,0,0,-1.06875,0.110153,-0.62114,0.173131,-0.222004,-1.40546
2989,1.4945,4,2,4,0,0,0,0,0,0,-28.0353,-13.4106,-16.1631,2.17707,-8.39052,-9.33833,0,0,0,0,0,0,-1.07006,0.123858,-0.615873,0.170109,-0.221518,-1.41712
2990,1.495,4,2,4,0,0,0,0,0,0,-28.0053,-13.2894,-16.2614,2.18337,-8.45702,-9.41441,0,0,0,0,0,0,-1.07267,0.138429,-0.610585,0.167794,-0.22049,-1.42595
2991,1.4955,4,2,4,0,0,0,0,0,0,-27.9748,-13.1665,-16.364,2.18981,-8.52571,-9.48984,0,0,0,0,0,0,-1.07109,0.154137,-0.605896,0.166263,-0.219675,-1.43188
2992,1.496,4,2,4,0,0,0,0,0,0,-27.9426,-13.0423,-16.4672,2.19475,-8.59554,-9.56461,0,0,0,0,0,0,-1.06919,0.169843,-0.605332,0.167211,-0.220043,-1.43676
2993,1.4965,4,2,4,0,0,0,0,0,0,-27.9085,-12.9154,-16.5664,2.19776,-8.66403,-9.64026,0,0,0,0,0,0,-1.06429,0.185245,-0.605917,0.167633,-0.222059,-1.43565
2994,1.497,4,2,4,0,0,0,0,0,0,-27.8705,-12.7858,-16.6611,2.1991,-8.73126,-9.71384,0,0,0,0,0,0,-1.05347,0.201647,-0.60498,0.166807,-0.224208,-1.42605
2995,1.4975,4,2,4,0,0,0,0,0,0,-27.8302,-12.655,-16.7532,2.2001,-8.798,-9.78601,0,0,0,0,0,0,-1.04325,0.215033,-0.606174,0.165262,-0.22844,-1.41828
2996,1.498,4,2,4,0,0,0,0,0,0,-27.7894,-12.5248,-16.843,2.20116,-8.86408,-9.8583,0,0,0,0,0,0,-1.03644,0.232068,-0.608846,0.165889,-0.232129,-1.42532
2997,1.4985,4,2,4,0,0,0,0,0,0,-27.7485,-12.3957,-16.9308,2.20228,-8.92978,-9.93131,0,0,0,0,0,0,-1.03204,0.249348,-0.612119,0.16754,-0.235716,-1.4379
2998,1.499,4,2,4,0,0,0,0,0,0,-27.7069,-12.2671,-17.0153,2.20133,-8.99583,-10.0009,0,0,0,0,0,0,-1.02882,0.2673,-0.615832,0.171637,-0.237953,-1.45535
2999,1.4995,4,2,4,0,0,0,0,0,0,-27.6649,-12.1398,-17.0949,2.19721,-9.06145,-10.0672,0,0,0,0,0,0,-1.02497,0.285107,-0.621368,0.177318,-0.239995,-1.46916
3000,1.5,4,2,4,0,0,0,0,0,0,-27.6232,-12.0126,-17.1702,2.19103,-9.12644,-10.1352,0,0,0,0,0,0,-1.02041,0.301553,-0.623614,0.180152,-0.241401,-1.47893
3001,1.5005,4,2,4,0,0,0,0,0,0,-27.5801,-11.8835,-17.2409,2.18389,-9.18985,-10.2053,0,0,0,0,0,0,-1.01153,0.31869,-0.620461,0.178228,-0.242277,-1.48356
3002,1.501,4,2,4,0,0,0,0,0,0,-27.5378,-11.7528,-17.3094,2.17785,-9.25181,-10.2801,0,0,0,0,0,0,-0.999493,0.335672,-0.61554,0.17431,-0.243335,-1.48569
3003,1.5015,4,2,4,0,0,0,0,0,0,-27.4964,-11.6213,-17.3766,2.17374,-9.312,-10.3592,0,0,0,0,0,0,-0.989925,0.352646,-0.611841,0.17009,-0.245442,-1.48825
3004,1.502,4,2,4,0,0,0,0,0,0,-27.4561,-11.4904,-17.4417,2.16918,-9.37133,-10.4401,0,0,0,0,0,0,-0.984023,0.370051,-0.610529,0.167673,-0.247855,-1.49242
3005,1.5025,4,2,4,0,0,0,0,0,0,-27.4153,-11.3594,-17.504,2.16319,-9.42989,-10.5209,0,0,0,0,0,0,-0.983254,0.387381,-0.612303,0.169047,-0.249676,-1.49883
3006,1.503,4,2,4,0,0,0,0,0,0,-27.3739,-11.2277,-17.563,2.15728,-9.4865,-10.6034,0,0,0,0,0,0,-0.984304,0.402762,-0.617714,0.172274,-0.25224,-1.50585
3007,1.5035,4,2,4,0,0,0,0,0,0,-27.3332,-11.0961,-17.6204,2.15323,-9.54169,-10.6897,0,0,0,0,0,0,-0.987487,0.418281,-0.624572,0.176489,-0.255044,-1.51506
3008,1.504,4,2,4,0,0,0,0,0,0,-27.2928,-10.9649,-17.6773,2.15068,-9.59689,-10.7784,0,0,0,0,0,0,-0.9964,0.432224,-0.633132,0.182569,-0.257319,-1.53162
3009,1.5045,4,2,4,0,0,0,0,0,0,-27.2501,-10.8323,-17.7334,2.14898,-9.65253,-10.8642,0,0,0,0,0,0,-1.00071,0.44604,-0.637111,0.185856,-0.259412,-1.54478
3010,1.505,4,2,4,0,0,0,0,0,0,-27.2042,-10.6988,-17.789,2.14702,-9.7094,-10.9469,0,0,0,0,0,0,-1.001,0.459016,-0.63462,0.185066,-0.260244,-1.54987
3011,1.5055,4,2,4,0,0,0,0,0,0,-27.1555,-10.5652,-17.8461,2.14445,-9.7689,-11.0264,0,0,0,0,0,0,-0.996375,0.472601,-0.628839,0.183073,-0.259461,-1.55336
3012,1.506,4,2,4,0,0,0,0,0,0,-27.1064,-10.4327,-17.9073,2.14121,-9.83247,-11.1025,0,0,0,0,0,0,-0.990558,0.487263,-0.621517,0.180434,-0.258466,-1.55532
3013,1.5065,4,2,4,0,0,0,0,0,0,-27.0593,-10.3015,-17.9754,2.13844,-9.90075,-11.1784,0,0,0,0,0,0,-0.985654,0.504103,-0.615666,0.180071,-0.257034,-1.56138
3014,1.507,4,2,4,0,0,0,0,0,0,-27.0142,-10.1692,-18.0494,2.13679,-9.97218,-11.2572,0,0,0,0,0,0,-0.979235,0.521688,-0.611684,0.180818,-0.255959,-1.5642
3015,1.5075,4,2,4,0,0,0,0,0,0,-26.968,-10.0343,-18.1261,2.13492,-10.0455,-11.3372,0,0,0,0,0,0,-0.97086,0.53721,-0.60477,0.179201,-0.254287,-1.56382
3016,1.508,4,2,4,0,0,0,0,0,0,-26.9176,-9.89767,-18.2005,2.13054,-10.1184,-11.4159,0,0,0,0,0,0,-0.957646,0.553648,-0.596767,0.176036,-0.253405,-1.56142
3017,1.5085,4,2,4,0,0,0,0,0,0,-26.8659,-9.76065,-18.2721,2.12355,-10.1904,-11.4954,0,0,0,0,0,0,-0.943773,0.570441,-0.589799,0.171295,-0.255008,-1.55978
3018,1.509,4,2,4,0,0,0,0,0,0,-26.8168,-9.62556,-18.344,2.11543,-10.2627,-11.5773,0,0,0,0,0,0,-0.934898,0.585001,-0.586674,0.16918,-0.257262,-1.56261
3019,1.5095,4,2,4,0,0,0,0,0,0,-26.7719,-9.49142,-18.4168,2.10894,-10.3346,-11.663,0,0,0,0,0,0,-0.931514,0.598491,-0.59072,0.171207,-0.261429,-1.5711
3020,1.51,4,2,4,0,0,0,0,0,0,-26.7325,-9.35605,-18.4916,2.10611,-10.4056,-11.7524,0,0,0,0,0,0,-0.93277,0.612014,-0.598631,0.176829,-0.265545,-1.5881
3021,1.5105,4,2,4,0,0,0,0,0,0,-26.6958,-9.22001,-18.5666,2.10666,-10.4747,-11.8462,0,0,0,0,0,0,-0.934642,0.628175,-0.609457,0.184498,-0.270091,-1.60813
3022,1.511,4,2,4,0,0,0,0,0,0,-26.6591,-9.08203,-18.6368,2.10854,-10.5399,-11.9436,0,0,0,0,0,0,-0.935999,0.644147,-0.61767,0.189874,-0.274673,-1.62196
3023,1.5115,4,2,4,0,0,0,0,0,0,-26.6226,-8.94393,-18.6997,2.11003,-10.6007,-12.0433,0,0,0,0,0,0,-0.932003,0.66055,-0.620126,0.191034,-0.277992,-1.63199
3024,1.512,4,2,4,0,0,0,0,0,0,-26.5882,-8.80686,-18.7586,2.11135,-10.6594,-12.1447,0,0,0,0,0,0,-0.924181,0.677453,-0.616576,0.1887,-0.278952,-1.63879
3025,1.5125,4,2,4,0,0,0,0,0,0,-26.5518,-8.66948,-18.8146,2.11203,-10.7173,-12.2451,0,0,0,0,0,0,-0.917309,0.696877,-0.60976,0.185724,-0.278524,-1.64597
3026,1.513,4,2,4,0,0,0,0,0,0,-26.5104,-8.53143,-18.8678,2.11083,-10.7749,-12.3403,0,0,0,0,0,0,-0.906371,0.71702,-0.602649,0.182771,-0.278355,-1.64584
3027,1.5135,4,2,4,0,0,0,0,0,0,-26.464,-8.39366,-18.9182,2.10709,-10.8323,-12.4303,0,0,0,0,0,0,-0.896922,0.736557,-0.598504,0.181983,-0.278483,-1.64501
3028,1.514,4,2,4,0,0,0,0,0,0,-26.4135,-8.25653,-18.9647,2.1001,-10.8894,-12.5176,0,0,0,0,0,0,-0.892346,0.753376,-0.597128,0.183595,-0.278154,-1.64755
3029,1.5145,4,2,4,0,0,0,0,0,0,-26.3612,-8.12085,-19.0056,2.08957,-10.9452,-12.6047,0,0,0,0,0,0,-0.88921,0.76764,-0.597053,0.186123,-0.278067,-1.65312
3030,1.515,4,2,4,0,0,0,0,0,0,-26.307,-7.98533,-19.0411,2.07575,-11.0002,-12.6901,0,0,0,0,0,0,-0.892292,0.781142,-0.597669,0.189964,-0.277571,-1.66731
3031,1.5155,4,2,4,0,0,0,0,0,0,-26.2517,-7.84887,-19.0764,2.061,-11.0577,-12.775,0,0,0,0,0,0,-0.892143,0.797926,-0.594998,0.191503,-0.276453,-1.68398
3032,1.516,4,2,4,0,0,0,0,0,0,-26.1959,-7.71153,-19.1157,2.04692,-11.1195,-12.8595,0,0,0,0,0,0,-0.892423,0.811318,-0.591284,0.19027,-0.276831,-1.69286
3033,1.5165,4,2,4,0,0,0,0,0,0,-26.14,-7.57313,-19.1591,2.03427,-11.1853,-12.9442,0,0,0,0,0,0,-0.884932,0.825173,-0.585863,0.186407,-0.278946,-1.69074
3034,1.517,4,2,4,0,0,0,0,0,0,-26.0863,-7.43491,-19.2067,2.02319,-11.2543,-13.0328,0,0,0,0,0,0,-0.880005,0.837604,-0.583473,0.18455,-0.281755,-1.69239
3035,1.5175,4,2,4,0,0,0,0,0,0,-26.036,-7.2973,-19.256,2.01402,-11.324,-13.1266,0,0,0,0,0,0,-0.873572,0.850417,-0.58339,0.185274,-0.28435,-1.6944
3036,1.518,4,2,4,0,0,0,0,0,0,-25.989,-7.1594,-19.3071,2.00859,-11.3932,-13.2245,0,0,0,0,0,0,-0.868878,0.863908,-0.583709,0.18816,-0.285399,-1.69551
3037,1.5185,4,2,4,0,0,0,0,0,0,-25.9433,-7.0211,-19.3587,2.00635,-11.4611,-13.3245,0,0,0,0,0,0,-0.864192,0.879319,-0.580754,0.188378,-0.284815,-1.70012
3038,1.519,4,2,4,0,0,0,0,0,0,-25.8981,-6.8831,-19.4114,2.00574,-11.5286,-13.4267,0,0,0,0,0,0,-0.859849,0.893797,-0.573707,0.184938,-0.283846,-1.70783
3039,1.5195,4,2,4,0,0,0,0,0,0,-25.8535,-6.74446,-19.4649,2.00663,-11.5949,-13.5325,0,0,0,0,0,0,-0.852381,0.907696,-0.565754,0.181611,-0.282756,-1.7169
3040,1.52,4,2,4,0,0,0,0,0,0,-25.8088,-6.6047,-19.5182,2.00924,-11.6591,-13.6418,0,0,0,0,0,0,-0.842825,0.922559,-0.558179,0.17876,-0.281772,-1.7297
3041,1.5205,4,2,4,0,0,0,0,0,0,-25.763,-6.46352,-19.571,2.01155,-11.7225,-13.7507,0,0,0,0,0,0,-0.838905,0.937804,-0.55518,0.181867,-0.2806,-1.74674
3042,1.521,4,2,4,0,0,0,0,0,0,-25.7152,-6.32187,-19.621,2.01101,-11.7852,-13.8577,0,0,0,0,0,0,-0.836109,0.952776,-0.555841,0.189324,-0.2802,-1.76308
3043,1.5215,4,2,4,0,0,0,0,0,0,-25.6641,-6.17787,-19.6673,2.00826,-11.8469,-13.9606,0,0,0,0,0,0,-0.830829,0.970455,-0.559068,0.196813,-0.28189,-1.77434
3044,1.522,4,2,4,0,0,0,0,0,0,-25.6137,-6.0336,-19.7129,2.00437,-11.909,-14.0621,0,0,0,0,0,0,-0.825052,0.988302,-0.562391,0.201803,-0.284947,-1.78296
3045,1.5225,4,2,4,0,0,0,0,0,0,-25.5656,-5.88981,-19.7565,1.9995,-11.9702,-14.1662,0,0,0,0,0,0,-0.821987,1.00448,-0.564647,0.2041,-0.288738,-1.78831
3046,1.523,4,2,4,0,0,0,0,0,0,-25.5175,-5.74668,-19.7962,1.99208,-12.0303,-14.2713,0,0,0,0,0,0,-0.811851,1.02477,-0.564145,0.203151,-0.292905,-1.7907
3047,1.5235,4,2,4,0,0,0,0,0,0,-25.4663,-5.6029,-19.832,1.98172,-12.09,-14.3735,0,0,0,0,0,0,-0.805157,1.04155,-0.561047,0.201152,-0.294525,-1.79347
3048,1.524,4,2,4,0,0,0,0,0,0,-25.4134,-5.46023,-19.8643,1.9685,-12.1495,-14.4726,0,0,0,0,0,0,-0.797765,1.0565,-0.556682,0.198954,-0.294749,-1.79477
3049,1.5245,4,2,4,0,0,0,0,0,0,-25.3604,-5.31948,-19.8942,1.95502,-12.2077,-14.5715,0,0,0,0,0,0,-0.790744,1.07114,-0.552753,0.19576,-0.295797,-1.79626
3050,1.525,4,2,4,0,0,0,0,0,0,-25.3063,-5.1799,-19.9201,1.9426,-12.2628,-14.6695,0,0,0,0,0,0,-0.785387,1.08262,-0.547168,0.192445,-0.295111,-1.80089
3051,1.5255,4,2,4,0,0,0,0,0,0,-25.251,-5.03995,-19.9401,1.9302,-12.3146,-14.7683,0,0,0,0,0,0,-0.780502,1.09524,-0.543587,0.191897,-0.294769,-1.80766
3052,1.526,4,2,4,0,0,0,0,0,0,-25.1951,-4.89998,-19.9554,1.91648,-12.3649,-14.8679,0,0,0,0,0,0,-0.782292,1.10789,-0.539645,0.192005,-0.293018,-1.82358
3053,1.5265,4,2,4,0,0,0,0,0,0,-25.1386,-4.76035,-19.9675,1.89994,-12.416,-14.9663,0,0,0,0,0,0,-0.786537,1.11935,-0.536617,0.192664,-0.291311,-1.83959
3054,1.527,4,2,4,0,0,0,0,0,0,-25.0813,-4.62065,-19.98,1.88189,-12.47,-15.0649,0,0,0,0,0,0,-0.784555,1.13172,-0.531083,0.19016,-0.290891,-1.84641
3055,1.5275,4,2,4,0,0,0,0,0,0,-25.0253,-4.48053,-19.9977,1.86671,-12.5276,-15.1696,0,0,0,0,0,0,-0.776346,1.14687,-0.52506,0.188174,-0.290882,-1.85079
3056,1.528,4,2,4,0,0,0,0,0,0,-24.9747,-4.34051,-20.0226,1.8574,-12.5875,-15.2843,0,0,0,0,0,0,-0.766237,1.16308,-0.519858,0.188266,-0.291584,-1.85349
3057,1.5285,4,2,4,0,0,0,0,0,0,-24.9282,-4.20019,-20.0544,1.85205,-12.6499,-15.4034,0,0,0,0,0,0,-0.760858,1.17903,-0.518799,0.192232,-0.292361,-1.85917
3058,1.529,4,2,4,0,0,0,0,0,0,-24.8834,-4.06027,-20.0915,1.84935,-12.714,-15.522,0,0,0,0,0,0,-0.758673,1.1943,-0.519468,0.19951,-0.292033,-1.86937
3059,1.5295,4,2,4,0,0,0,0,0,0,-24.8353,-3.92008,-20.1286,1.84689,-12.7773,-15.638,0,0,0,0,0,0,-0.753192,1.20879,-0.517066,0.203542,-0.291411,-1.8785
3060,1.53,4,2,4,0,0,0,0,0,0,-24.7829,-3.77923,-20.1653,1.84418,-12.8401,-15.751,0,0,0,0,0,0,-0.749774,1.22057,-0.512202,0.204716,-0.289434,-1.89114
3061,1.5305,4,2,4,0,0,0,0,0,0,-24.7267,-3.63641,-20.2023,1.84212,-12.9025,-15.8616,0,0,0,0,0,0,-0.744803,1.23309,-0.505587,0.203308,-0.287842,-1.90329
3062,1.531,4,2,4,0,0,0,0,0,0,-24.6702,-3.49233,-20.2395,1.8401,-12.9647,-15.9734,0,0,0,0,0,0,-0.736965,1.24572,-0.498432,0.200161,-0.286395,-1.91365
3063,1.5315,4,2,4,0,0,0,0,0,0,-24.6137,-3.34697,-20.275,1.83616,-13.0268,-16.0849,0,0,0,0,0,0,-0.730006,1.2597,-0.492446,0.197694,-0.285833,-1.91971
3064,1.532,4,2,4,0,0,0,0,0,0,-24.5552,-3.20077,-20.3035,1.82838,-13.0856,-16.1943,0,0,0,0,0,0,-0.724754,1.27443,-0.490877,0.199413,-0.286971,-1.92748
3065,1.5325,4,2,4,0,0,0,0,0,0,-24.4942,-3.05424,-20.3227,1.81634,-13.1396,-16.3029,0,0,0,0,0,0,-0.713318,1.29165,-0.489313,0.20176,-0.288626,-1.93012
3066,1.533,4,2,4,0,0,0,0,0,0,-24.4331,-2.90786,-20.3336,1.80211,-13.1884,-16.4132,0,0,0,0,0,0,-0.702777,1.30761,-0.488918,0.203094,-0.292089,-1.93135
3067,1.5335,4,2,4,0,0,0,0,0,0,-24.3745,-2.76203,-20.3395,1.78835,-13.2334,-16.5242,0,0,0,0,0,0,-0.691818,1.32282,-0.4874,0.202761,-0.296001,-1.92778
3068,1.534,4,2,4,0,0,0,0,0,0,-24.3194,-2.61812,-20.3437,1.77486,-13.2771,-16.6364,0,0,0,0,0,0,-0.684206,1.33947,-0.486642,0.203936,-0.298346,-1.93085
3069,1.5345,4,2,4,0,0,0,0,0,0,-24.2666,-2.47637,-20.3475,1.76114,-13.3208,-16.7497,0,0,0,0,0,0,-0.681866,1.35367,-0.487265,0.206432,-0.299901,-1.93855
3070,1.535,4,2,4,0,0,0,0,0,0,-24.2127,-2.3367,-20.3501,1.74576,-13.3649,-16.8614,0,0,0,0,0,0,-0.67886,1.36695,-0.483299,0.206174,-0.298783,-1.94539
3071,1.5355,4,2,4,0,0,0,0,0,0,-24.1574,-2.19731,-20.3521,1.73032,-13.4096,-16.9732,0,0,0,0,0,0,-0.675691,1.37834,-0.477628,0.20554,-0.295874,-1.95498
3072,1.536,4,2,4,0,0,0,0,0,0,-24.1036,-2.05811,-20.3571,1.71777,-13.4559,-17.0901,0,0,0,0,0,0,-0.672696,1.38758,-0.470527,0.204639,-0.29218,-1.96674
3073,1.5365,4,2,4,0,0,0,0,0,0,-24.0488,-1.91822,-20.3644,1.70608,-13.5052,-17.2081,0,0,0,0,0,0,-0.670698,1.39757,-0.46261,0.204071,-0.287553,-1.9819
3074,1.537,4,2,4,0,0,0,0,0,0,-23.9927,-1.77808,-20.3707,1.69224,-13.556,-17.3264,0,0,0,0,0,0,-0.666915,1.41118,-0.453851,0.201819,-0.284282,-1.99583
3075,1.5375,4,2,4,0,0,0,0,0,0,-23.9346,-1.63816,-20.3768,1.6764,-13.6083,-17.4439,0,0,0,0,0,0,-0.662044,1.42444,-0.444646,0.20002,-0.280125,-2.00509
3076,1.538,4,2,4,0,0,0,0,0,0,-23.8764,-1.49822,-20.3852,1.66046,-13.6625,-17.5623,0,0,0,0,0,0,-0.654714,1.43687,-0.432816,0.19412,-0.277489,-2.00902
3077,1.5385,4,2,4,0,0,0,0,0,0,-23.8169,-1.35696,-20.3963,1.64463,-13.7186,-17.6788,0,0,0,0,0,0,-0.639134,1.45129,-0.422868,0.189222,-0.277367,-2.00627
3078,1.539,4,2,4,0,0,0,0,0,0,-23.7585,-1.21492,-20.4104,1.63119,-13.7754,-17.7967,0,0,0,0,0,0,-0.629739,1.46593,-0.419125,0.190607,-0.277887,-2.01443
3079,1.5395,4,2,4,0,0,0,0,0,0,-23.7009,-1.07168,-20.4283,1.62249,-13.8321,-17.9173,0,0,0,0,0,0,-0.627693,1.48183,-0.42123,0.197936,-0.279519,-2.02927
3080,1.54,4,2,4,0,0,0,0,0,0,-23.6401,-0.927238,-20.4454,1.6155,-13.8868,-18.0357,0,0,0,0,0,0,-0.625982,1.49579,-0.424865,0.205973,-0.281803,-2.04281
3081,1.5405,4,2,4,0,0,0,0,0,0,-23.5764,-0.781839,-20.4579,1.6077,-13.938,-18.1522,0,0,0,0,0,0,-0.622948,1.50937,-0.426709,0.212306,-0.283903,-2.05457
3082,1.541,4,2,4,0,0,0,0,0,0,-23.5139,-0.636699,-20.4655,1.59935,-13.9848,-18.2713,0,0,0,0,0,0,-0.613307,1.52343,-0.4246,0.215783,-0.284568,-2.06295
3083,1.5415,4,2,4,0,0,0,0,0,0,-23.4532,-0.491725,-20.4674,1.58879,-14.028,-18.3915,0,0,0,0,0,0,-0.606464,1.53551,-0.418696,0.214319,-0.283717,-2.07249
3084,1.542,4,2,4,0,0,0,0,0,0,-23.3925,-0.347153,-20.4667,1.57664,-14.0703,-18.5103,0,0,0,0,0,0,-0.597886,1.54697,-0.408568,0.209092,-0.280906,-2.07485
3085,1.5425,4,2,4,0,0,0,0,0,0,-23.332,-0.20382,-20.4651,1.56381,-14.1121,-18.6284,0,0,0,0,0,0,-0.592778,1.55978,-0.401046,0.205259,-0.279278,-2.07971
3086,1.543,4,2,4,0,0,0,0,0,0,-23.2749,-0.0616189,-20.4634,1.55249,-14.1524,-18.7484,0,0,0,0,0,0,-0.586202,1.57415,-0.394713,0.203309,-0.27756,-2.08069
3087,1.5435,4,2,4,0,0,0,0,0,0,-23.2226,0.0786024,-20.4611,1.54075,-14.1916,-18.87,0,0,0,0,0,0,-0.583505,1.58642,-0.392276,0.204894,-0.276618,-2.08344
3088,1.544,4,2,4,0,0,0,0,0,0,-23.1711,0.217251,-20.4537,1.52684,-14.2276,-18.992,0,0,0,0,0,0,-0.583868,1.59854,-0.392431,0.207535,-0.277309,-2.09047
3089,1.5445,4,2,4,0,0,0,0,0,0,-23.1163,0.354975,-20.4397,1.51004,-14.2605,-19.113,0,0,0,0,0,0,-0.581491,1.6115,-0.390269,0.208078,-0.277778,-2.10076
3090,1.545,4,2,4,0,0,0,0,0,0,-23.0576,0.4927,-20.4231,1.4922,-14.2932,-19.2335,0,0,0,0,0,0,-0.574829,1.62367,-0.386046,0.208682,-0.277363,-2.10767
3091,1.5455,4,2,4,0,0,0,0,0,0,-22.9951,0.631173,-20.4069,1.47489,-14.3277,-19.3536,0,0,0,0,0,0,-0.567233,1.63758,-0.379728,0.210254,-0.274857,-2.11991
3092,1.546,4,2,4,0,0,0,0,0,0,-22.9331,0.769691,-20.3934,1.45881,-14.3646,-19.4772,0,0,0,0,0,0,-0.562402,1.64931,-0.374162,0.2143,-0.270934,-2.13489
3093,1.5465,4,2,4,0,0,0,0,0,0,-22.874,0.908924,-20.3839,1.44271,-14.4057,-19.6055,0,0,0,0,0,0,-0.556134,1.66012,-0.367441,0.217057,-0.266972,-2.14595
3094,1.547,4,2,4,0,0,0,0,0,0,-22.8126,1.04895,-20.3748,1.42448,-14.4494,-19.7338,0,0,0,0,0,0,-0.544608,1.67227,-0.35924,0.21632,-0.264796,-2.14984
3095,1.5475,4,2,4,0,0,0,0,0,0,-22.7483,1.18991,-20.3667,1.40617,-14.4947,-19.861,0,0,0,0,0,0,-0.532808,1.6847,-0.349278,0.212481,-0.262839,-2.15343
3096,1.548,4,2,4,0,0,0,0,0,0,-22.6813,1.33148,-20.3602,1.38937,-14.5407,-19.9862,0,0,0,0,0,0,-0.52044,1.69645,-0.339005,0.208112,-0.260705,-2.15773
3097,1.5485,4,2,4,0,0,0,0,0,0,-22.6151,1.4726,-20.3575,1.37511,-14.5874,-20.1098,0,0,0,0,0,0,-0.50495,1.70667,-0.329785,0.203814,-0.260128,-2.15403
3098,1.549,4,2,4,0,0,0,0,0,0,-22.5508,1.61279,-20.3561,1.36243,-14.6328,-20.2325,0,0,0,0,0,0,-0.498737,1.71757,-0.322795,0.20066,-0.25922,-2.16028
3099,1.5495,4,2,4,0,0,0,0,0,0,-22.4874,1.75196,-20.3521,1.34909,-14.6747,-20.3539,0,0,0,0,0,0,-0.497439,1.72684,-0.317929,0.199504,-0.257989,-2.16844
3100,1.55,4,2,4,0,0,0,0,0,0,-22.4237,1.89119,-20.344,1.33352,-14.7134,-20.4733,0,0,0,0,0,0,-0.493002,1.73551,-0.312517,0.197861,-0.256535,-2.17579
3101,1.5505,4,2,4,0,0,0,0,0,0,-22.3606,2.03146,-20.331,1.31709,-14.7476,-20.5956,0,0,0,0,0,0,-0.490366,1.74641,-0.309727,0.198799,-0.255934,-2.18928
3102,1.551,4,2,4,0,0,0,0,0,0,-22.2978,2.17337,-20.3151,1.30105,-14.7793,-20.7209,0,0,0,0,0,0,-0.486289,1.76177,-0.309395,0.202859,-0.257208,-2.20283
3103,1.5515,4,2,4,0,0,0,0,0,0,-22.2356,2.31634,-20.297,1.28532,-14.8098,-20.8488,0,0,0,0,0,0,-0.481972,1.77617,-0.310216,0.208253,-0.259524,-2.21206
3104,1.552,4,2,4,0,0,0,0,0,0,-22.1731,2.45864,-20.2736,1.26815,-14.8368,-20.9776,0,0,0,0,0,0,-0.479141,1.79085,-0.31231,0.21486,-0.261882,-2.2202
3105,1.5525,4,2,4,0,0,0,0,0,0,-22.1103,2.5992,-20.2439,1.24878,-14.8595,-21.105,0,0,0,0,0,0,-0.475313,1.8056,-0.310994,0.21891,-0.261895,-2.23086
3106,1.553,4,2,4,0,0,0,0,0,0,-22.0487,2.73721,-20.2121,1.22918,-14.8804,-21.231,0,0,0,0,0,0,-0.465386,1.81851,-0.302175,0.217071,-0.258116,-2.23451
3107,1.5535,4,2,4,0,0,0,0,0,0,-21.9904,2.87241,-20.1845,1.21302,-14.9031,-21.3587,0,0,0,0,0,0,-0.457813,1.82866,-0.289695,0.212143,-0.25271,-2.23887
3108,1.554,4,2,4,0,0,0,0,0,0,-21.9349,3.00613,-20.1627,1.202,-14.9282,-21.4908,0,0,0,0,0,0,-0.45413,1.83683,-0.279124,0.210334,-0.246199,-2.24746
3109,1.5545,4,2,4,0,0,0,0,0,0,-21.8774,3.14052,-20.1433,1.19212,-14.9557,-21.6224,0,0,0,0,0,0,-0.451206,1.84278,-0.270818,0.210572,-0.240312,-2.25606
3110,1.555,4,2,4,0,0,0,0,0,0,-21.8151,3.27488,-20.1233,1.17931,-14.9851,-21.7505,0,0,0,0,0,0,-0.448321,1.85025,-0.262481,0.21148,-0.234478,-2.2648
3111,1.5555,4,2,4,0,0,0,0,0,0,-21.7498,3.41011,-20.1014,1.16288,-15.015,-21.8774,0,0,0,0,0,0,-0.445665,1.86092,-0.257298,0.213696,-0.231723,-2.27921
3112,1.556,4,2,4,0,0,0,0,0,0,-21.6828,3.54731,-20.0765,1.14292,-15.0445,-22.0053,0,0,0,0,0,0,-0.437474,1.87183,-0.251138,0.213469,-0.229648,-2.28612
3113,1.5565,4,2,4,0,0,0,0,0,0,-21.6138,3.68551,-20.049,1.1211,-15.0734,-22.1336,0,0,0,0,0,0,-0.427093,1.88583,-0.244488,0.212486,-0.228648,-2.29397
3114,1.557,4,2,4,0,0,0,0,0,0,-21.547,3.82362,-20.0222,1.1011,-15.1022,-22.2657,0,0,0,0,0,0,-0.41348,1.89875,-0.236918,0.210872,-0.228566,-2.29446
3115,1.5575,4,2,4,0,0,0,0,0,0,-21.481,3.96074,-19.9968,1.08314,-15.1308,-22.398,0,0,0,0,0,0,-0.4007,1.91257,-0.231755,0.212731,-0.228954,-2.29475
3116,1.558,4,2,4,0,0,0,0,0,0,-21.4156,4.09696,-19.9729,1.06586,-15.1596,-22.5285,0,0,0,0,0,0,-0.391662,1.92433,-0.227175,0.214033,-0.228983,-2.29883
3117,1.5585,4,2,4,0,0,0,0,0,0,-21.3512,4.23282,-19.95,1.04816,-15.1884,-22.658,0,0,0,0,0,0,-0.388282,1.93294,-0.222545,0.215245,-0.227204,-2.30775
3118,1.559,4,2,4,0,0,0,0,0,0,-21.2855,4.36842,-19.9259,1.03017,-15.2159,-22.785,0,0,0,0,0,0,-0.380504,1.94143,-0.217013,0.215682,-0.225734,-2.31475
3119,1.5595,4,2,4,0,0,0,0,0,0,-21.2156,4.50458,-19.8989,1.01111,-15.2415,-22.9074,0,0,0,0,0,0,-0.373784,1.94858,-0.21041,0.214455,-0.223927,-2.31967
3120,1.56,4,2,4,0,0,0,0,0,0,-21.1419,4.64019,-19.867,0.990504,-15.2641,-23.0279,0,0,0,0,0,0,-0.36659,1.95751,-0.202988,0.213544,-0.220516,-2.3286
3121,1.5605,4,2,4,0,0,0,0,0,0,-21.0703,4.77527,-19.8309,0.968993,-15.2824,-23.1514,0,0,0,0,0,0,-0.357938,1.9662,-0.19408,0.211427,-0.216564,-2.33611
3122,1.561,4,2,4,0,0,0,0,0,0,-21.0012,4.91014,-19.7902,0.946318,-15.2966,-23.2759,0,0,0,0,0,0,-0.347675,1.97461,-0.184952,0.206495,-0.214469,-2.33735
3123,1.5615,4,2,4,0,0,0,0,0,0,-20.9344,5.04401,-19.744,0.921895,-15.3061,-23.4013,0,0,0,0,0,0,-0.340922,1.98619,-0.176488,0.202323,-0.212645,-2.34135
3124,1.562,4,2,4,0,0,0,0,0,0,-20.8692,5.17692,-19.6953,0.897135,-15.3133,-23.5278,0,0,0,0,0,0,-0.336073,1.99671,-0.170711,0.201385,-0.210902,-2.34718
3125,1.5625,4,2,4,0,0,0,0,0,0,-20.8063,5.30954,-19.6499,0.876229,-15.3214,-23.6581,0,0,0,0,0,0,-0.3327,2.00744,-0.167149,0.203504,-0.209113,-2.35619
3126,1.563,4,2,4,0,0,0,0,0,0,-20.7436,5.44238,-19.6105,0.860595,-15.3327,-23.7896,0,0,0,0,0,0,-0.330411,2.02066,-0.16621,0.209971,-0.207861,-2.36754
3127,1.5635,4,2,4,0,0,0,0,0,0,-20.6795,5.57547,-19.5754,0.848278,-15.3468,-23.9202,0,0,0,0,0,0,-0.325256,2.03456,-0.163213,0.215262,-0.206083,-2.37878
3128,1.564,4,2,4,0,0,0,0,0,0,-20.6138,5.70814,-19.5408,0.836018,-15.362,-24.0494,0,0,0,0,0,0,-0.321231,2.04452,-0.158197,0.218319,-0.202574,-2.39009
3129,1.5645,4,2,4,0,0,0,0,0,0,-20.5485,5.83918,-19.5054,0.822472,-15.3771,-24.1813,0,0,0,0,0,0,-0.312828,2.05073,-0.149071,0.216199,-0.198038,-2.39534
3130,1.565,4,2,4,0,0,0,0,0,0,-20.484,5.96981,-19.4698,0.80879,-15.3919,-24.3162,0,0,0,0,0,0,-0.306758,2.05622,-0.137896,0.211564,-0.192678,-2.40172
3131,1.5655,4,2,4,0,0,0,0,0,0,-20.4192,6.10113,-19.4349,0.795885,-15.4069,-24.4524,0,0,0,0,0,0,-0.302145,2.06451,-0.126923,0.208046,-0.18699,-2.41281
3132,1.566,4,2,4,0,0,0,0,0,0,-20.352,6.23279,-19.4009,0.782843,-15.4231,-24.5868,0,0,0,0,0,0,-0.29642,2.07475,-0.120312,0.210188,-0.182416,-2.42652
3133,1.5665,4,2,4,0,0,0,0,0,0,-20.284,6.36415,-19.3663,0.768366,-15.4393,-24.7211,0,0,0,0,0,0,-0.285255,2.08488,-0.111994,0.209949,-0.178872,-2.4329
3134,1.567,4,2,4,0,0,0,0,0,0,-20.215,6.4946,-19.329,0.750349,-15.4542,-24.8534,0,0,0,0,0,0,-0.272626,2.09607,-0.102401,0.207802,-0.176623,-2.43443
3135,1.5675,4,2,4,0,0,0,0,0,0,-20.1445,6.62471,-19.2878,0.728128,-15.4668,-24.9845,0,0,0,0,0,0,-0.264415,2.10495,-0.0970229,0.208746,-0.176118,-2.43772
3136,1.568,4,2,4,0,0,0,0,0,0,-20.0728,6.75502,-19.2439,0.704244,-15.4771,-25.1148,0,0,0,0,0,0,-0.257455,2.11372,-0.0941847,0.213891,-0.175097,-2.44457
3137,1.5685,4,2,4,0,0,0,0,0,0,-20.0029,6.88592,-19.1979,0.680558,-15.4846,-25.2464,0,0,0,0,0,0,-0.255494,2.12335,-0.0917318,0.219408,-0.17302,-2.45752
3138,1.569,4,2,4,0,0,0,0,0,0,-19.9341,7.01629,-19.1496,0.655883,-15.4902,-25.3775,0,0,0,0,0,0,-0.252054,2.13513,-0.0874794,0.22369,-0.170161,-2.46837
3139,1.5695,4,2,4,0,0,0,0,0,0,-19.8683,7.14574,-19.0987,0.629429,-15.4942,-25.5106,0,0,0,0,0,0,-0.246079,2.14498,-0.0836275,0.226643,-0.167845,-2.47483
3140,1.57,4,2,4,0,0,0,0,0,0,-19.8034,7.27439,-19.0427,0.599998,-15.4947,-25.6434,0,0,0,0,0,0,-0.239771,2.15157,-0.0773017,0.225492,-0.165207,-2.47861
3141,1.5705,4,2,4,0,0,0,0,0,0,-19.7378,7.40211,-18.9846,0.571759,-15.4928,-25.775,0,0,0,0,0,0,-0.231732,2.15672,-0.0691711,0.221537,-0.162397,-2.47866
3142,1.571,4,2,4,0,0,0,0,0,0,-19.6715,7.52911,-18.9287,0.547027,-15.492,-25.9065,0,0,0,0,0,0,-0.220428,2.16645,-0.0579783,0.215271,-0.159151,-2.47844
3143,1.5715,4,2,4,0,0,0,0,0,0,-19.6013,7.65587,-18.8759,0.525329,-15.4935,-26.0346,0,0,0,0,0,0,-0.209462,2.17802,-0.0465685,0.210086,-0.155224,-2.47821
3144,1.572,4,2,4,0,0,0,0,0,0,-19.528,7.782,-18.8245,0.504839,-15.4961,-26.1596,0,0,0,0,0,0,-0.201218,2.18562,-0.0356644,0.205367,-0.150241,-2.48241
3145,1.5725,4,2,4,0,0,0,0,0,0,-19.4562,7.90695,-18.7752,0.485256,-15.4991,-26.2845,0,0,0,0,0,0,-0.196778,2.18928,-0.0273493,0.201621,-0.146038,-2.49015
3146,1.573,4,2,4,0,0,0,0,0,0,-19.385,8.03204,-18.7264,0.466319,-15.5016,-26.4094,0,0,0,0,0,0,-0.190192,2.19346,-0.0210711,0.200794,-0.142185,-2.49732
3147,1.5735,4,2,4,0,0,0,0,0,0,-19.3106,8.15785,-18.6749,0.445884,-15.5029,-26.5325,0,0,0,0,0,0,-0.185251,2.20528,-0.0146273,0.202905,-0.138717,-2.50996
3148,1.574,4,2,4,0,0,0,0,0,0,-19.235,8.2843,-18.621,0.425671,-15.5027,-26.6578,0,0,0,0,0,0,-0.18155,2.2149,-0.00935251,0.208077,-0.134496,-2.52565
3149,1.5745,4,2,4,0,0,0,0,0,0,-19.1561,8.41089,-18.565,0.405875,-15.5014,-26.7829,0,0,0,0,0,0,-0.169987,2.22183,-0.00351437,0.212488,-0.131682,-2.53041
3150,1.575,4,2,4,0,0,0,0,0,0,-19.0733,8.53746,-18.5059,0.385112,-15.4983,-26.9065,0,0,0,0,0,0,-0.151773,2.22766,0.00338256,0.214602,-0.130515,-2.52579
3151,1.5755,4,2,4,0,0,0,0,0,0,-18.9931,8.66329,-18.4463,0.36425,-15.4933,-27.0326,0,0,0,0,0,0,-0.135631,2.23635,0.0116927,0.21386,-0.129913,-2.52404
3152,1.576,4,2,4,0,0,0,0,0,0,-18.9226,8.78866,-18.391,0.346364,-15.4878,-27.1665,0,0,0,0,0,0,-0.131975,2.24511,0.0200409,0.213236,-0.126004,-2.53619
3153,1.5765,4,2,4,0,0,0,0,0,0,-18.8596,8.91491,-18.3413,0.332927,-15.4827,-27.3057,0,0,0,0,0,0,-0.127779,2.25278,0.0293352,0.21087,-0.120674,-2.54429
3154,1.577,4,2,4,0,0,0,0,0,0,-18.7987,9.041,-18.2945,0.321685,-15.4779,-27.4447,0,0,0,0,0,0,-0.12632,2.25866,0.0375457,0.209625,-0.114321,-2.55354
3155,1.5775,4,2,4,0,0,0,0,0,0,-18.7352,9.16584,-18.2453,0.308298,-15.4715,-27.5817,0,0,0,0,0,0,-0.125558,2.26587,0.045385,0.208049,-0.109318,-2.56288
3156,1.578,4,2,4,0,0,0,0,0,0,-18.6658,9.28948,-18.1897,0.290663,-15.4617,-27.716,0,0,0,0,0,0,-0.121641,2.27378,0.0519646,0.209249,-0.104618,-2.57149
3157,1.5785,4,2,4,0,0,0,0,0,0,-18.592,9.41201,-18.1269,0.267356,-15.4487,-27.8479,0,0,0,0,0,0,-0.118432,2.27812,0.0565055,0.213309,-0.0993753,-2.58209
3158,1.579,4,2,4,0,0,0,0,0,0,-18.5166,9.53429,-18.0583,0.238394,-15.434,-27.9774,0,0,0,0,0,0,-0.116018,2.28534,0.061629,0.216843,-0.0947924,-2.59365
3159,1.5795,4,2,4,0,0,0,0,0,0,-18.4441,9.65649,-17.9882,0.20901,-15.4183,-28.108,0,0,0,0,0,0,-0.112385,2.29748,0.0675282,0.219303,-0.0912284,-2.60577
3160,1.58,4,2,4,0,0,0,0,0,0,-18.3745,9.77896,-17.9219,0.182725,-15.405,-28.2408,0,0,0,0,0,0,-0.105028,2.31293,0.0735141,0.222853,-0.0876886,-2.61666
3161,1.5805,4,2,4,0,0,0,0,0,0,-18.3061,9.90088,-17.8583,0.158397,-15.3931,-28.3753,0,0,0,0,0,0,-0.096762,2.32076,0.0783581,0.225746,-0.0853406,-2.62204
3162,1.581,4,2,4,0,0,0,0,0,0,-18.2363,10.0218,-17.795,0.13495,-15.3806,-28.5095,0,0,0,0,0,0,-0.0874887,2.32464,0.0852711,0.225227,-0.0825116,-2.62496
3163,1.5815,4,2,4,0,0,0,0,0,0,-18.1648,10.1431,-17.7337,0.113443,-15.3694,-28.642,0,0,0,0,0,0,-0.0750882,2.32902,0.0956688,0.221821,-0.077871,-2.62425
3164,1.582,4,2,4,0,0,0,0,0,0,-18.0898,10.2651,-17.6757,0.0951665,-15.3607,-28.7707,0,0,0,0,0,0,-0.0629184,2.33726,0.108233,0.217579,-0.0715822,-2.62618
3165,1.5825,4,2,4,0,0,0,0,0,0,-18.0116,10.3867,-17.6189,0.0791367,-15.3528,-28.8967,0,0,0,0,0,0,-0.0526594,2.34361,0.120404,0.212222,-0.0659703,-2.62898
3166,1.583,4,2,4,0,0,0,0,0,0,-17.9329,10.5069,-17.5613,0.0642026,-15.3434,-29.0233,0,0,0,0,0,0,-0.0432841,2.34809,0.129976,0.208668,-0.0620944,-2.63138
3167,1.5835,4,2,4,0,0,0,0,0,0,-17.8512,10.6254,-17.4982,0.0458701,-15.3303,-29.1462,0,0,0,0,0,0,-0.0351676,2.34965,0.136351,0.209071,-0.0590215,-2.63356
3168,1.584,4,2,4,0,0,0,0,0,0,-17.7668,10.7422,-17.4279,0.0224115,-15.3128,-29.2648,0,0,0,0,0,0,-0.024673,2.35418,0.144114,0.208402,-0.0562491,-2.6336
3169,1.5845,4,2,4,0,0,0,0,0,0,-17.6865,10.8588,-17.3545,-0.00190705,-15.2914,-29.3865,0,0,0,0,0,0,-0.0146096,2.36357,0.15261,0.207391,-0.0537761,-2.63741
3170,1.585,4,2,4,0,0,0,0,0,0,-17.6113,10.9757,-17.2795,-0.0259036,-15.2662,-29.5126,0,0,0,0,0,0,-0.00490927,2.37198,0.160428,0.207666,-0.0509446,-2.64147
3171,1.5855,4,2,4,0,0,0,0,0,0,-17.5395,11.0933,-17.2062,-0.0469251,-15.2397,-29.6421,0,0,0,0,0,0,0.00029222,2.37808,0.164905,0.211653,-0.0478175,-2.64733
3172,1.586,4,2,4,0,0,0,0,0,0,-17.4669,11.2112,-17.1337,-0.0661203,-15.212,-29.7705,0,0,0,0,0,0,0.0041566,2.38412,0.168676,0.216339,-0.0446043,-2.65768
3173,1.5865,4,2,4,0,0,0,0,0,0,-17.3945,11.3293,-17.0602,-0.0865927,-15.1834,-29.8981,0,0,0,0,0,0,0.00555793,2.39143,0.173682,0.22095,-0.0392627,-2.66857
3174,1.587,4,2,4,0,0,0,0,0,0,-17.3244,11.4474,-16.9873,-0.107472,-15.1551,-30.0274,0,0,0,0,0,0,0.00799,2.39982,0.179613,0.224835,-0.033056,-2.67949
3175,1.5875,4,2,4,0,0,0,0,0,0,-17.2574,11.5639,-16.917,-0.125435,-15.1274,-30.1624,0,0,0,0,0,0,0.0128223,2.40438,0.186459,0.226558,-0.0265984,-2.68717
3176,1.588,4,2,4,0,0,0,0,0,0,-17.1879,11.6791,-16.8466,-0.144603,-15.1017,-30.2954,0,0,0,0,0,0,0.0192507,2.40703,0.19689,0.222479,-0.020234,-2.69187
3177,1.5885,4,2,4,0,0,0,0,0,0,-17.1138,11.7933,-16.774,-0.167335,-15.0769,-30.423,0,0,0,0,0,0,0.0310664,2.41306,0.210109,0.214923,-0.0148234,-2.69198
3178,1.589,4,2,4,0,0,0,0,0,0,-17.0385,11.9062,-16.6998,-0.191545,-15.0515,-30.5499,0,0,0,0,0,0,0.0406809,2.41722,0.221231,0.210115,-0.00926787,-2.69356
3179,1.5895,4,2,4,0,0,0,0,0,0,-16.9629,12.0186,-16.6239,-0.216897,-15.0245,-30.6786,0,0,0,0,0,0,0.0531008,2.42056,0.232157,0.206606,-0.00405852,-2.69388
3180,1.59,4,2,4,0,0,0,0,0,0,-16.8829,12.1317,-16.5463,-0.243703,-14.9972,-30.8026,0,0,0,0,0,0,0.0641482,2.42671,0.241946,0.205273,0.00047083,-2.69662
3181,1.5905,4,2,4,0,0,0,0,0,0,-16.8017,12.2463,-16.4699,-0.26811,-14.9696,-30.9263,0,0,0,0,0,0,0.071476,2.43343,0.248735,0.208523,0.00493258,-2.70465
3182,1.591,4,2,4,0,0,0,0,0,0,-16.7211,12.3611,-16.3981,-0.286459,-14.943,-31.051,0,0,0,0,0,0,0.0763748,2.44208,0.25294,0.215203,0.0084576,-2.71648
3183,1.5915,4,2,4,0,0,0,0,0,0,-16.6399,12.4755,-16.3275,-0.303532,-14.9168,-31.175,0,0,0,0,0,0,0.0850538,2.4477,0.258251,0.218943,0.0120208,-2.72093
3184,1.592,4,2,4,0,0,0,0,0,0,-16.5602,12.5889,-16.2561,-0.322366,-14.8903,-31.301,0,0,0,0,0,0,0.0940397,2.44992,0.263833,0.222082,0.0162411,-2.72377
3185,1.5925,4,2,4,0,0,0,0,0,0,-16.4823,12.7016,-16.1844,-0.34259,-14.8639,-31.4279,0,0,0,0,0,0,0.0968838,2.4524,0.270591,0.224183,0.0218645,-2.73457
3186,1.593,4,2,4,0,0,0,0,0,0,-16.4024,12.813,-16.1115,-0.364325,-14.8377,-31.5509,0,0,0,0,0,0,0.106323,2.45607,0.280014,0.22227,0.0264581,-2.73617
3187,1.5935,4,2,4,0,0,0,0,0,0,-16.3216,12.9237,-16.0375,-0.385287,-14.8097,-31.6726,0,0,0,0,0,0,0.114448,2.46168,0.291433,0.216944,0.0315266,-2.73867
3188,1.594,4,2,4,0,0,0,0,0,0,-16.2428,13.034,-15.9608,-0.405359,-14.7771,-31.7963,0,0,0,0,0,0,0.119899,2.46516,0.302733,0.210944,0.0371175,-2.74181
3189,1.5945,4,2,4,0,0,0,0,0,0,-16.1646,13.1433,-15.8796,-0.426779,-14.739,-31.918,0,0,0,0,0,0,0.123767,2.46912,0.311544,0.20965,0.0431898,-2.74939
3190,1.595,4,2,4,0,0,0,0,0,0,-16.0854,13.2522,-15.7942,-0.450587,-14.6968,-32.0352,0,0,0,0,0,0,0.12875,2.47419,0.319182,0.2109,0.0489034,-2.75605
3191,1.5955,4,2,4,0,0,0,0,0,0,-16.0091,13.3606,-15.7086,-0.474161,-14.6527,-32.1532,0,0,0,0,0,0,0.133665,2.48332,0.326525,0.21298,0.0543151,-2.76555
3192,1.596,4,2,4,0,0,0,0,0,0,-15.9363,13.4682,-15.625,-0.494554,-14.6081,-32.2761,0,0,0,0,0,0,0.141128,2.49206,0.332369,0.216207,0.0583102,-2.77203
3193,1.5965,4,2,4,0,0,0,0,0,0,-15.8658,13.575,-15.544,-0.511473,-14.5646,-32.4033,0,0,0,0,0,0,0.147361,2.49976,0.336051,0.222549,0.062257,-2.78041
3194,1.597,4,2,4,0,0,0,0,0,0,-15.7943,13.6805,-15.463,-0.529089,-14.5223,-32.5294,0,0,0,0,0,0,0.152904,2.5053,0.340497,0.226549,0.0663512,-2.7865
3195,1.5975,4,2,4,0,0,0,0,0,0,-15.7197,13.7853,-15.3798,-0.549975,-14.4808,-32.6522,0,0,0,0,0,0,0.159738,2.50935,0.348075,0.226438,0.0716264,-2.7901
3196,1.598,4,2,4,0,0,0,0,0,0,-15.6459,13.8902,-15.2968,-0.571067,-14.4398,-32.7768,0,0,0,0,0,0,0.16829,2.51437,0.358811,0.223788,0.0781969,-2.79287
3197,1.5985,4,2,4,0,0,0,0,0,0,-15.5751,13.996,-15.2177,-0.587664,-14.3999,-32.9062,0,0,0,0,0,0,0.175797,2.51905,0.368951,0.222222,0.0850835,-2.79933
3198,1.599,4,2,4,0,0,0,0,0,0,-15.5003,14.1014,-15.1394,-0.602757,-14.3607,-33.0318,0,0,0,0,0,0,0.184101,2.52037,0.379575,0.21946,0.0918421,-2.8035
3199,1.5995,4,2,4,0,0,0,0,0,0,-15.4172,14.2068,-15.0571,-0.620709,-14.3202,-33.1483,0,0,0,0,0,0,0.195408,2.51765,0.387687,0.217668,0.0961209,-2.8009
3200,1.6,4,2,4,0,0,0,0,0,0,-15.3288,14.3107,-14.9711,-0.642936,-14.278,-33.2589,0,0,0,0,0,0,0.207148,2.51535,0.396642,0.215885,0.101309,-2.79821
3201,1.6005,4,2,4,0,0,0,0,0,0,-15.2437,14.4139,-14.8844,-0.666178,-14.234,-33.3736,0,0,0,0,0,0,0.214629,2.51868,0.404472,0.2167,0.106616,-2.80376
3202,1.601,4,2,4,0,0,0,0,0,0,-15.1615,14.5171,-14.7974,-0.690575,-14.189,-33.4903,0,0,0,0,0,0,0.221077,2.52253,0.411113,0.218034,0.110753,-2.80952
3203,1.6015,4,2,4,0,0,0,0,0,0,-15.079,14.6202,-14.7104,-0.714944,-14.1445,-33.6066,0,0,0,0,0,0,0.227919,2.52597,0.41584,0.221023,0.1139,-2.81471
3204,1.602,4,2,4,0,0,0,0,0,0,-14.9978,14.7229,-14.624,-0.737146,-14.0994,-33.725,0,0,0,0,0,0,0.236428,2.53108,0.420492,0.225312,0.117125,-2.81821
3205,1.6025,4,2,4,0,0,0,0,0,0,-14.9184,14.8258,-14.5365,-0.758968,-14.0525,-33.8451,0,0,0,0,0,0,0.244937,2.54129,0.429224,0.226709,0.121451,-2.82393
3206,1.603,4,2,4,0,0,0,0,0,0,-14.8422,14.9286,-14.4472,-0.781609,-14.0026,-33.9675,0,0,0,0,0,0,0.250834,2.54804,0.43869,0.226615,0.127464,-2.82963
3207,1.6035,4,2,4,0,0,0,0,0,0,-14.77,15.0314,-14.3597,-0.800537,-13.9505,-34.0931,0,0,0,0,0,0,0.254587,2.54589,0.444971,0.227112,0.133455,-2.83091
3208,1.604,4,2,4,0,0,0,0,0,0,-14.6965,15.1341,-14.2743,-0.816494,-13.8987,-34.2147,0,0,0,0,0,0,0.258693,2.54562,0.451789,0.227202,0.139706,-2.83269
3209,1.6045,4,2,4,0,0,0,0,0,0,-14.6193,15.2344,-14.1883,-0.833083,-13.847,-34.3302,0,0,0,0,0,0,0.261721,2.54953,0.460842,0.226068,0.146692,-2.83942
3210,1.605,4,2,4,0,0,0,0,0,0,-14.5388,15.3314,-14.1007,-0.851333,-13.7946,-34.441,0,0,0,0,0,0,0.268432,2.55679,0.472089,0.224304,0.154383,-2.84852
3211,1.6055,4,2,4,0,0,0,0,0,0,-14.4546,15.4263,-14.0107,-0.872333,-13.7414,-34.547,0,0,0,0,0,0,0.278284,2.56088,0.479909,0.225451,0.159888,-2.85184
3212,1.606,4,2,4,0,0,0,0,0,0,-14.3675,15.5206,-13.9174,-0.897329,-13.6876,-34.6493,0,0,0,0,0,0,0.286268,2.56327,0.487796,0.225151,0.165598,-2.85533
3213,1.6065,4,2,4,0,0,0,0,0,0,-14.281,15.6146,-13.8223,-0.924584,-13.6329,-34.7532,0,0,0,0,0,0,0.298028,2.56754,0.498523,0.221247,0.17066,-2.85411
3214,1.607,4,2,4,0,0,0,0,0,0,-14.1987,15.7094,-13.7289,-0.948617,-13.5781,-34.8643,0,0,0,0,0,0,0.310687,2.57069,0.507869,0.219298,0.174452,-2.85048
3215,1.6075,4,2,4,0,0,0,0,0,0,-14.1161,15.8052,-13.6367,-0.970642,-13.5241,-34.9766,0,0,0,0,0,0,0.317543,2.57231,0.51305,0.223658,0.178694,-2.85551
3216,1.608,4,2,4,0,0,0,0,0,0,-14.0316,15.9022,-13.5458,-0.990434,-13.4708,-35.0879,0,0,0,0,0,0,0.326126,2.57365,0.520338,0.224965,0.18363,-2.8599
3217,1.6085,4,2,4,0,0,0,0,0,0,-13.9478,15.9995,-13.4567,-1.00687,-13.4166,-35.2,0,0,0,0,0,0,0.337358,2.57546,0.529493,0.224176,0.189079,-2.85979
3218,1.609,4,2,4,0,0,0,0,0,0,-13.8658,16.0973,-13.371,-1.01876,-13.3626,-35.3146,0,0,0,0,0,0,0.345927,2.57724,0.538171,0.22496,0.196455,-2.86426
3219,1.6095,4,2,4,0,0,0,0,0,0,-13.7823,16.1933,-13.2859,-1.02934,-13.3086,-35.4282,0,0,0,0,0,0,0.351893,2.57805,0.546847,0.223831,0.203552,-2.86975
3220,1.61,4,2,4,0,0,0,0,0,0,-13.6991,16.2885,-13.2,-1.04074,-13.2532,-35.5417,0,0,0,0,0,0,0.360707,2.57596,0.555565,0.220142,0.208522,-2.86683
3221,1.6105,4,2,4,0,0,0,0,0,0,-13.6142,16.3829,-13.111,-1.05545,-13.1966,-35.6513,0,0,0,0,0,0,0.36699,2.57535,0.56283,0.218636,0.213292,-2.86757
3222,1.611,4,2,4,0,0,0,0,0,0,-13.5279,16.476,-13.0171,-1.07516,-13.1369,-35.7574,0,0,0,0,0,0,0.374548,2.57624,0.570504,0.217335,0.217868,-2.86849
3223,1.6115,4,2,4,0,0,0,0,0,0,-13.4442,16.5679,-12.9194,-1.09824,-13.0733,-35.8654,0,0,0,0,0,0,0.377988,2.5805,0.576964,0.219237,0.22316,-2.87916
3224,1.612,4,2,4,0,0,0,0,0,0,-13.3631,16.6592,-12.8202,-1.12256,-13.0079,-35.9749,0,0,0,0,0,0,0.383306,2.58691,0.584092,0.22237,0.228955,-2.88874
3225,1.6125,4,2,4,0,0,0,0,0,0,-13.2849,16.7523,-12.7226,-1.14398,-12.9419,-36.0868,0,0,0,0,0,0,0.390257,2.59144,0.590111,0.226927,0.234023,-2.89383
3226,1.613,4,2,4,0,0,0,0,0,0,-13.2093,16.8458,-12.6269,-1.16207,-12.8755,-36.2012,0,0,0,0,0,0,0.393289,2.59563,0.594985,0.232301,0.239519,-2.90266
3227,1.6135,4,2,4,0,0,0,0,0,0,-13.1335,16.9375,-12.5321,-1.17966,-12.8095,-36.3148,0,0,0,0,0,0,0.397858,2.59935,0.601695,0.235614,0.245949,-2.90971
3228,1.614,4,2,4,0,0,0,0,0,0,-13.0563,17.0269,-12.439,-1.19603,-12.7448,-36.4262,0,0,0,0,0,0,0.405418,2.6016,0.608808,0.237032,0.25116,-2.91232
3229,1.6145,4,2,4,0,0,0,0,0,0,-12.9759,17.1145,-12.3479,-1.21054,-12.682,-36.5335,0,0,0,0,0,0,0.416094,2.60457,0.618324,0.236171,0.257641,-2.91315
3230,1.615,4,2,4,0,0,0,0,0,0,-12.8913,17.2001,-12.2561,-1.22558,-12.6199,-36.6356,0,0,0,0,0,0,0.424277,2.60701,0.629683,0.233077,0.265565,-2.91498
3231,1.6155,4,2,4,0,0,0,0,0,0,-12.8051,17.2842,-12.1625,-1.24192,-12.5569,-36.7351,0,0,0,0,0,0,0.432848,2.60482,0.638619,0.230356,0.270748,-2.91312
3232,1.616,4,2,4,0,0,0,0,0,0,-12.7154,17.3672,-12.0651,-1.26112,-12.492,-36.8308,0,0,0,0,0,0,0.444127,2.60008,0.648133,0.226983,0.275976,-2.90695
3233,1.6165,4,2,4,0,0,0,0,0,0,-12.6233,17.4504,-11.9627,-1.28442,-12.4237,-36.9242,0,0,0,0,0,0,0.455853,2.5957,0.657788,0.22429,0.281698,-2.90201
3234,1.617,4,2,4,0,0,0,0,0,0,-12.5312,17.534,-11.8577,-1.30996,-12.3528,-37.0173,0,0,0,0,0,0,0.465174,2.59598,0.665503,0.225001,0.287114,-2.90279
3235,1.6175,4,2,4,0,0,0,0,0,0,-12.441,17.6183,-11.7552,-1.33171,-12.2824,-37.1139,0,0,0,0,0,0,0.472433,2.59814,0.673879,0.226255,0.294261,-2.90791
3236,1.618,4,2,4,0,0,0,0,0,0,-12.3516,17.7043,-11.6549,-1.35001,-12.2126,-37.2123,0,0,0,0,0,0,0.479149,2.60013,0.680814,0.229537,0.300682,-2.91211
3237,1.6185,4,2,4,0,0,0,0,0,0,-12.2618,17.7908,-11.5548,-1.36774,-12.1429,-37.3102,0,0,0,0,0,0,0.488577,2.59903,0.686303,0.232282,0.305112,-2.90992
3238,1.619,4,2,4,0,0,0,0,0,0,-12.1725,17.8764,-11.4556,-1.38468,-12.0728,-37.4087,0,0,0,0,0,0,0.497583,2.59991,0.69426,0.231344,0.310219,-2.90801
3239,1.6195,4,2,4,0,0,0,0,0,0,-12.0854,17.9609,-11.3584,-1.39949,-12.0029,-37.5094,0,0,0,0,0,0,0.50546,2.60329,0.704745,0.228864,0.317231,-2.90992
3240,1.62,4,2,4,0,0,0,0,0,0,-11.9999,18.0442,-11.2641,-1.4123,-11.9348,-37.6106,0,0,0,0,0,0,0.513464,2.60275,0.711055,0.229343,0.321769,-2.90987
3241,1.6205,4,2,4,0,0,0,0,0,0,-11.9159,18.1281,-11.1712,-1.42348,-11.8671,-37.7128,0,0,0,0,0,0,0.51694,2.60536,0.719067,0.228274,0.328236,-2.9157
3242,1.621,4,2,4,0,0,0,0,0,0,-11.8304,18.212,-11.0753,-1.43818,-11.7979,-37.812,0,0,0,0,0,0,0.518315,2.60699,0.725973,0.228438,0.334649,-2.9222
3243,1.6215,4,2,4,0,0,0,0,0,0,-11.7452,18.2951,-10.9757,-1.45609,-11.7247,-37.9102,0,0,0,0,0,0,0.523014,2.60662,0.731533,0.23096,0.340374,-2.92705
3244,1.622,4,2,4,0,0,0,0,0,0,-11.6623,18.3762,-10.8754,-1.47325,-11.6485,-38.0094,0,0,0,0,0,0,0.531313,2.60818,0.73887,0.233366,0.346444,-2.92975
3245,1.6225,4,2,4,0,0,0,0,0,0,-11.5787,18.4548,-10.7748,-1.49014,-11.571,-38.1063,0,0,0,0,0,0,0.537895,2.61267,0.746731,0.236389,0.353136,-2.93759
3246,1.623,4,2,4,0,0,0,0,0,0,-11.4951,18.5329,-10.6742,-1.50663,-11.4934,-38.2038,0,0,0,0,0,0,0.545433,2.61611,0.753325,0.240227,0.358431,-2.94219
3247,1.6235,4,2,4,0,0,0,0,0,0,-11.4126,18.6104,-10.575,-1.52164,-11.4165,-38.3027,0,0,0,0,0,0,0.553008,2.61829,0.760221,0.243266,0.364334,-2.945
3248,1.624,4,2,4,0,0,0,0,0,0,-11.3291,18.6865,-10.4748,-1.53794,-11.3397,-38.3998,0,0,0,0,0,0,0.563026,2.61703,0.76809,0.243456,0.369808,-2.94178
3249,1.6245,4,2,4,0,0,0,0,0,0,-11.2445,18.7621,-10.3742,-1.55501,-11.2636,-38.4952,0,0,0,0,0,0,0.569453,2.61694,0.777039,0.242617,0.376412,-2.94382
3250,1.625,4,2,4,0,0,0,0,0,0,-11.1604,18.8382,-10.2755,-1.57001,-11.1889,-38.5916,0,0,0,0,0,0,0.576416,2.61536,0.785745,0.242321,0.383214,-2.94692
3251,1.6255,4,2,4,0,0,0,0,0,0,-11.074,18.9146,-10.1774,-1.58369,-11.1155,-38.6849,0,0,0,0,0,0,0.587049,2.61244,0.79664,0.239121,0.390257,-2.94314
3252,1.626,4,2,4,0,0,0,0,0,0,-10.9847,18.9902,-10.0785,-1.59632,-11.0412,-38.7755,0,0,0,0,0,0,0.597729,2.60873,0.807301,0.23626,0.397707,-2.9403
3253,1.6265,4,2,4,0,0,0,0,0,0,-10.8955,19.0648,-9.97914,-1.60786,-10.9649,-38.8676,0,0,0,0,0,0,0.606806,2.60385,0.815644,0.235401,0.404599,-2.9393
3254,1.627,4,2,4,0,0,0,0,0,0,-10.8041,19.139,-9.87577,-1.624,-10.886,-38.9557,0,0,0,0,0,0,0.616094,2.6009,0.823692,0.235352,0.410847,-2.93695
3255,1.6275,4,2,4,0,0,0,0,0,0,-10.71,19.2127,-9.76855,-1.64485,-10.8051,-39.038,0,0,0,0,0,0,0.625411,2.59968,0.831765,0.234076,0.415844,-2.93256
3256,1.628,4,2,4,0,0,0,0,0,0,-10.618,19.2872,-9.66206,-1.66357,-10.7229,-39.1225,0,0,0,0,0,0,0.631629,2.60155,0.837628,0.236676,0.420863,-2.93665
3257,1.6285,4,2,4,0,0,0,0,0,0,-10.5301,19.3626,-9.5583,-1.678,-10.6409,-39.2126,0,0,0,0,0,0,0.636732,2.60435,0.841962,0.241777,0.425398,-2.94186
3258,1.629,4,2,4,0,0,0,0,0,0,-10.4415,19.437,-9.45453,-1.69338,-10.5599,-39.3009,0,0,0,0,0,0,0.641939,2.60576,0.846324,0.246764,0.430103,-2.94638
3259,1.6295,4,2,4,0,0,0,0,0,0,-10.3564,19.5117,-9.35092,-1.70898,-10.4781,-39.3928,0,0,0,0,0,0,0.648547,2.60493,0.851873,0.249245,0.435095,-2.94708
3260,1.63,4,2,4,0,0,0,0,0,0,-10.2746,19.5883,-9.24867,-1.72214,-10.3956,-39.4879,0,0,0,0,0,0,0.653861,2.6041,0.859088,0.249392,0.441161,-2.94811
3261,1.6305,4,2,4,0,0,0,0,0,0,-10.1953,19.6646,-9.1491,-1.73162,-10.3134,-39.5858,0,0,0,0,0,0,0.656144,2.6052,0.865869,0.251759,0.44855,-2.95732
3262,1.631,4,2,4,0,0,0,0,0,0,-10.1144,19.7381,-9.0513,-1.73937,-10.232,-39.6803,0,0,0,0,0,0,0.663662,2.60506,0.874869,0.25043,0.455253,-2.95846
3263,1.6315,4,2,4,0,0,0,0,0,0,-10.0254,19.8072,-8.951,-1.75093,-10.1511,-39.761,0,0,0,0,0,0,0.670812,2.60651,0.884708,0.248006,0.462109,-2.9615
3264,1.632,4,2,4,0,0,0,0,0,0,-9.92954,19.8727,-8.84649,-1.76825,-10.069,-39.83,0,0,0,0,0,0,0.677937,2.6059,0.892088,0.248439,0.46785,-2.96315
3265,1.6325,4,2,4,0,0,0,0,0,0,-9.83306,19.9363,-8.73998,-1.78771,-9.98522,-39.8973,0,0,0,0,0,0,0.688929,2.60347,0.89962,0.248282,0.472814,-2.95843
3266,1.633,4,2,4,0,0,0,0,0,0,-9.73651,19.9989,-8.63194,-1.80773,-9.89991,-39.9645,0,0,0,0,0,0,0.701496,2.60115,0.9072,0.249195,0.477334,-2.95226
3267,1.6335,4,2,4,0,0,0,0,0,0,-9.6435,20.0623,-8.52435,-1.8251,-9.81338,-40.0377,0,0,0,0,0,0,0.709786,2.59979,0.915273,0.250485,0.483961,-2.9524
3268,1.634,4,2,4,0,0,0,0,0,0,-9.55247,20.1263,-8.41617,-1.84148,-9.72556,-40.1149,0,0,0,0,0,0,0.718479,2.59738,0.92272,0.251803,0.490162,-2.95113
3269,1.6345,4,2,4,0,0,0,0,0,0,-9.46192,20.1902,-8.3072,-1.85714,-9.63628,-40.1939,0,0,0,0,0,0,0.727692,2.59302,0.933082,0.249672,0.49783,-2.94979
3270,1.635,4,2,4,0,0,0,0,0,0,-9.37507,20.2545,-8.20062,-1.86833,-9.54622,-40.2782,0,0,0,0,0,0,0.738198,2.58835,0.944021,0.246274,0.505235,-2.94591
3271,1.6355,4,2,4,0,0,0,0,0,0,-9.28818,20.3207,-8.09708,-1.87532,-9.4577,-40.3626,0,0,0,0,0,0,0.746131,2.58582,0.952413,0.246514,0.512143,-2.94373
3272,1.636,4,2,4,0,0,0,0,0,0,-9.19615,20.3866,-7.99321,-1.88346,-9.3708,-40.4398,0,0,0,0,0,0,0.75311,2.5857,0.961072,0.246301,0.518729,-2.94442
3273,1.6365,4,2,4,0,0,0,0,0,0,-9.10001,20.4521,-7.88764,-1.89425,-9.28405,-40.5115,0,0,0,0,0,0,0.762029,2.58212,0.968993,0.245012,0.524111,-2.93915
3274,1.637,4,2,4,0,0,0,0,0,0,-9.0033,20.5174,-7.7827,-1.9046,-9.19729,-40.5822,0,0,0,0,0,0,0.768789,2.57842,0.975147,0.246203,0.530085,-2.93619
3275,1.6375,4,2,4,0,0,0,0,0,0,-8.90595,20.5819,-7.6766,-1.91625,-9.10951,-40.6525,0,0,0,0,0,0,0.77173,2.5809,0.982485,0.248896,0.538491,-2.9438
3276,1.638,4,2,4,0,0,0,0,0,0,-8.81186,20.6477,-7.57075,-1.92715,-9.021,-40.7286,0,0,0,0,0,0,0.774403,2.58159,0.987877,0.252372,0.545012,-2.94996
3277,1.6385,4,2,4,0,0,0,0,0,0,-8.72321,20.7166,-7.46611,-1.93592,-8.9318,-40.8129,0,0,0,0,0,0,0.777781,2.58372,0.992888,0.257409,0.551006,-2.95823
3278,1.639,4,2,4,0,0,0,0,0,0,-8.64033,20.7865,-7.36337,-1.94162,-8.84168,-40.9048,0,0,0,0,0,0,0.782149,2.58503,0.997431,0.262989,0.556066,-2.96398
3279,1.6395,4,2,4,0,0,0,0,0,0,-8.56116,20.8552,-7.26188,-1.94594,-8.75056,-40.9993,0,0,0,0,0,0,0.785112,2.58665,1.00134,0.268883,0.560878,-2.97018
3280,1.64,4,2,4,0,0,0,0,0,0,-8.48148,20.9215,-7.16139,-1.94943,-8.65938,-41.0901,0,0,0,0,0,0,0.78735,2.58806,1.00606,0.273345,0.566777,-2.97662
3281,1.6405,4,2,4,0,0,0,0,0,0,-8.39847,20.9852,-7.06131,-1.95343,-8.56933,-41.174,0,0,0,0,0,0,0.792776,2.58937,1.01219,0.275644,0.572435,-2.98056
3282,1.641,4,2,4,0,0,0,0,0,0,-8.30971,21.0442,-6.95993,-1.96077,-8.48038,-41.2474,0,0,0,0,0,0,0.800059,2.58848,1.01913,0.276173,0.57851,-2.98067
3283,1.6415,4,2,4,0,0,0,0,0,0,-8.21492,21.0988,-6.85666,-1.97186,-8.39191,-41.3106,0,0,0,0,0,0,0.806893,2.58411,1.02526,0.277053,0.584642,-2.98031
3284,1.642,4,2,4,0,0,0,0,0,0,-8.11611,21.1502,-6.75054,-1.98725,-8.3028,-41.3667,0,0,0,0,0,0,0.816251,2.57684,1.03292,0.276141,0.591127,-2.9744
3285,1.6425,4,2,4,0,0,0,0,0,0,-8.01507,21.1996,-6.64177,-2.00585,-8.2126,-41.4195,0,0,0,0,0,0,0.828027,2.56742,1.04052,0.274041,0.595876,-2.96397
3286,1.643,4,2,4,0,0,0,0,0,0,-7.91273,21.2487,-6.53049,-2.02672,-8.12126,-41.4718,0,0,0,0,0,0,0.838648,2.56168,1.04878,0.272366,0.600837,-2.95949
3287,1.6435,4,2,4,0,0,0,0,0,0,-7.81511,21.2987,-6.42203,-2.04116,-8.029,-41.5338,0,0,0,0,0,0,0.851885,2.55448,1.05877,0.270462,0.606917,-2.95249
3288,1.644,4,2,4,0,0,0,0,0,0,-7.71922,21.3483,-6.31578,-2.05126,-7.93643,-41.5991,0,0,0,0,0,0,0.86363,2.54878,1.06776,0.270088,0.612913,-2.94927
3289,1.6445,4,2,4,0,0,0,0,0,0,-7.62087,21.3942,-6.2088,-2.06187,-7.84302,-41.6599,0,0,0,0,0,0,0.878633,2.54186,1.07891,0.265886,0.619038,-2.93889
3290,1.645,4,2,4,0,0,0,0,0,0,-7.52113,21.4379,-6.10088,-2.07344,-7.74863,-41.7164,0,0,0,0,0,0,0.890645,2.53629,1.08978,0.263185,0.626785,-2.93219
3291,1.6455,4,2,4,0,0,0,0,0,0,-7.42058,21.4812,-5.99348,-2.08436,-7.65473,-41.769,0,0,0,0,0,0,0.902138,2.52987,1.09893,0.261999,0.633769,-2.92439
3292,1.646,4,2,4,0,0,0,0,0,0,-7.31608,21.5233,-5.88519,-2.09693,-7.56193,-41.8139,0,0,0,0,0,0,0.916593,2.51926,1.10877,0.257527,0.639836,-2.90866
3293,1.6465,4,2,4,0,0,0,0,0,0,-7.20867,21.5635,-5.77642,-2.11018,-7.46993,-41.8536,0,0,0,0,0,0,0.927755,2.51307,1.11874,0.256006,0.647681,-2.90384
3294,1.647,4,2,4,0,0,0,0,0,0,-7.09905,21.6021,-5.66514,-2.12723,-7.3776,-41.8883,0,0,0,0,0,0,0.938758,2.50827,1.1283,0.254903,0.654553,-2.89969
3295,1.6475,4,2,4,0,0,0,0,0,0,-6.99037,21.6417,-5.55168,-2.14704,-7.2841,-41.9237,0,0,0,0,0,0,0.950831,2.50358,1.13861,0.251983,0.660617,-2.8936
3296,1.648,4,2,4,0,0,0,0,0,0,-6.88779,21.6858,-5.44026,-2.16312,-7.19019,-41.9693,0,0,0,0,0,0,0.96052,2.50072,1.14759,0.250508,0.666337,-2.89052
3297,1.6485,4,2,4,0,0,0,0,0,0,-6.78963,21.7361,-5.33138,-2.17435,-7.09641,-42.023,0,0,0,0,0,0,0.965712,2.5025,1.15379,0.254366,0.671805,-2.89496
3298,1.649,4,2,4,0,0,0,0,0,0,-6.69866,21.7956,-5.2261,-2.17824,-7.00212,-42.0902,0,0,0,0,0,0,0.968747,2.50774,1.15868,0.260344,0.677607,-2.90093
3299,1.6495,4,2,4,0,0,0,0,0,0,-6.61609,21.8651,-5.12489,-2.1746,-6.90701,-42.1727,0,0,0,0,0,0,0.969187,2.5181,1.16359,0.267953,0.684397,-2.91163
3300,1.65,4,2,4,0,0,0,0,0,0,-6.54227,21.9412,-5.02807,-2.16318,-6.8108,-42.2696,0,0,0,0,0,0,0.963715,2.53022,1.16511,0.280187,0.691557,-2.93132
3301,1.6505,4,2,4,0,0,0,0,0,0,-6.47128,22.0172,-4.93264,-2.1491,-6.7137,-42.3686,0,0,0,0,0,0,0.956592,2.54579,1.16682,0.294112,0.699734,-2.9587
3302,1.651,4,2,4,0,0,0,0,0,0,-6.39754,22.0888,-4.8354,-2.13727,-6.61573,-42.4608,0,0,0,0,0,0,0.952573,2.5543,1.16922,0.304396,0.70689,-2.97769
3303,1.6515,4,2,4,0,0,0,0,0,0,-6.31908,22.152,-4.73407,-2.13207,-6.51661,-42.5423,0,0,0,0,0,0,0.952886,2.55738,1.17269,0.311241,0.712846,-2.9885
3304,1.652,4,2,4,0,0,0,0,0,0,-6.2369,22.2069,-4.62929,-2.13308,-6.41649,-42.6146,0,0,0,0,0,0,0.956813,2.55359,1.17731,0.313821,0.717702,-2.98968
3305,1.6525,4,2,4,0,0,0,0,0,0,-6.14964,22.2549,-4.52124,-2.14006,-6.31617,-42.6761,0,0,0,0,0,0,0.962876,2.5486,1.18393,0.313774,0.723363,-2.98867
3306,1.653,4,2,4,0,0,0,0,0,0,-6.05516,22.2969,-4.40947,-2.15359,-6.21604,-42.7245,0,0,0,0,0,0,0.97297,2.53675,1.19014,0.310627,0.726526,-2.97588
3307,1.6535,4,2,4,0,0,0,0,0,0,-5.95578,22.3354,-4.2959,-2.17006,-6.11594,-42.7641,0,0,0,0,0,0,0.984364,2.52398,1.19762,0.305461,0.730078,-2.95954
3308,1.654,4,2,4,0,0,0,0,0,0,-5.85153,22.3705,-4.18145,-2.1873,-6.01602,-42.7964,0,0,0,0,0,0,0.993833,2.50945,1.20379,0.301509,0.734209,-2.94484
3309,1.6545,4,2,4,0,0,0,0,0,0,-5.74538,22.404,-4.0685,-2.2023,-5.91701,-42.8263,0,0,0,0,0,0,1.00751,2.49502,1.2109,0.29736,0.737787,-2.92583
3310,1.655,4,2,4,0,0,0,0,0,0,-5.63771,22.4374,-3.9569,-2.21489,-5.8187,-42.8551,0,0,0,0,0,0,1.02217,2.48313,1.22004,0.292759,0.742592,-2.90879
3311,1.6555,4,2,4,0,0,0,0,0,0,-5.53129,22.4719,-3.84767,-2.22343,-5.72085,-42.8884,0,0,0,0,0,0,1.03591,2.47173,1.2291,0.289473,0.74821,-2.89451
3312,1.656,4,2,4,0,0,0,0,0,0,-5.42815,22.5084,-3.74094,-2.22751,-5.62316,-42.9293,0,0,0,0,0,0,1.04364,2.46273,1.23586,0.290649,0.754977,-2.88967
3313,1.6565,4,2,4,0,0,0,0,0,0,-5.3279,22.5465,-3.63434,-2.23105,-5.5247,-42.9763,0,0,0,0,0,0,1.05099,2.45397,1.24372,0.290248,0.762342,-2.88362
3314,1.657,4,2,4,0,0,0,0,0,0,-5.22871,22.5842,-3.52715,-2.23579,-5.4257,-43.0249,0,0,0,0,0,0,1.05838,2.44697,1.25315,0.289053,0.770709,-2.88103
3315,1.6575,4,2,4,0,0,0,0,0,0,-5.12621,22.6192,-3.41878,-2.24379,-5.32754,-43.0675,0,0,0,0,0,0,1.06539,2.44253,1.26486,0.285583,0.780561,-2.88077
3316,1.658,4,2,4,0,0,0,0,0,0,-5.0205,22.6516,-3.30948,-2.25405,-5.23014,-43.104,0,0,0,0,0,0,1.07547,2.43623,1.27445,0.283673,0.787679,-2.87538
3317,1.6585,4,2,4,0,0,0,0,0,0,-4.91248,22.6812,-3.19929,-2.2661,-5.13258,-43.1346,0,0,0,0,0,0,1.08965,2.43041,1.28454,0.281737,0.79383,-2.86604
3318,1.659,4,2,4,0,0,0,0,0,0,-4.80397,22.7091,-3.08969,-2.27792,-5.03525,-43.162,0,0,0,0,0,0,1.10323,2.42581,1.29291,0.28229,0.798712,-2.85899
3319,1.6595,4,2,4,0,0,0,0,0,0,-4.69611,22.7377,-2.9825,-2.28645,-4.93907,-43.1885,0,0,0,0,0,0,1.1132,2.42413,1.2989,0.287355,0.803685,-2.86003
3320,1.66,4,2,4,0,0,0,0,0,0,-4.59127,22.7684,-2.87809,-2.29081,-4.84363,-43.2181,0,0,0,0,0,0,1.12066,2.42257,1.30342,0.293854,0.808616,-2.8617
3321,1.6605,4,2,4,0,0,0,0,0,0,-4.49146,22.8025,-2.77652,-2.2907,-4.74854,-43.2551,0,0,0,0,0,0,1.12715,2.42039,1.31089,0.295467,0.815645,-2.86111
3322,1.661,4,2,4,0,0,0,0,0,0,-4.3944,22.8361,-2.67652,-2.28875,-4.65353,-43.2948,0,0,0,0,0,0,1.13165,2.41799,1.31732,0.297966,0.82241,-2.86391
3323,1.6615,4,2,4,0,0,0,0,0,0,-4.29795,22.8687,-2.57622,-2.28727,-4.55815,-43.3338,0,0,0,0,0,0,1.13692,2.41604,1.32376,0.29996,0.828428,-2.86504
3324,1.662,4,2,4,0,0,0,0,0,0,-4.20081,22.9021,-2.47446,-2.28754,-4.46198,-43.3709,0,0,0,0,0,0,1.145,2.41414,1.33162,0.301394,0.834711,-2.86507
3325,1.6625,4,2,4,0,0,0,0,0,0,-4.10308,22.9356,-2.37221,-2.28881,-4.36533,-43.4073,0,0,0,0,0,0,1.1549,2.41197,1.3404,0.301663,0.840972,-2.86244
3326,1.663,4,2,4,0,0,0,0,0,0,-4.00375,22.9682,-2.26939,-2.29108,-4.26849,-43.442,0,0,0,0,0,0,1.16193,2.40936,1.34579,0.305763,0.846323,-2.863
3327,1.6635,4,2,4,0,0,0,0,0,0,-3.90331,23.0015,-2.16555,-2.2934,-4.17054,-43.4768,0,0,0,0,0,0,1.16644,2.40947,1.35063,0.311666,0.852418,-2.86737
3328,1.664,4,2,4,0,0,0,0,0,0,-3.80537,23.0383,-2.06223,-2.29195,-4.07104,-43.5181,0,0,0,0,0,0,1.1718,2.40994,1.35492,0.31821,0.857713,-2.86961
3329,1.6645,4,2,4,0,0,0,0,0,0,-3.71111,23.0798,-1.95993,-2.28604,-3.97029,-43.5672,0,0,0,0,0,0,1.17392,2.41324,1.35984,0.324032,0.863961,-2.87816
3330,1.665,4,2,4,0,0,0,0,0,0,-3.62007,23.1227,-1.85787,-2.2783,-3.86843,-43.6211,0,0,0,0,0,0,1.1754,2.41548,1.36479,0.329244,0.870709,-2.88547
3331,1.6655,4,2,4,0,0,0,0,0,0,-3.52926,23.1623,-1.75485,-2.27188,-3.76597,-43.6729,0,0,0,0,0,0,1.17945,2.41257,1.36808,0.334631,0.875216,-2.88635
3332,1.666,4,2,4,0,0,0,0,0,0,-3.43504,23.197,-1.64938,-2.26968,-3.66336,-43.7162,0,0,0,0,0,0,1.18813,2.40359,1.37474,0.333752,0.880418,-2.87648
3333,1.6665,4,2,4,0,0,0,0,0,0,-3.33635,23.2271,-1.54031,-2.27289,-3.5601,-43.7497,0,0,0,0,0,0,1.19842,2.39265,1.38336,0.329761,0.886146,-2.86348
3334,1.667,4,2,4,0,0,0,0,0,0,-3.23386,23.2554,-1.42897,-2.27909,-3.45664,-43.7763,0,0,0,0,0,0,1.209,2.38244,1.39197,0.326288,0.891958,-2.85082
3335,1.6675,4,2,4,0,0,0,0,0,0,-3.12729,23.2803,-1.31646,-2.28794,-3.35381,-43.7952,0,0,0,0,0,0,1.2183,2.37005,1.39943,0.323255,0.897685,-2.83678
3336,1.668,4,2,4,0,0,0,0,0,0,-3.01535,23.3001,-1.20321,-2.30015,-3.25232,-43.8036,0,0,0,0,0,0,1.22822,2.35711,1.40723,0.319884,0.903199,-2.82428
3337,1.6685,4,2,4,0,0,0,0,0,0,-2.90209,23.3194,-1.09146,-2.31123,-3.15214,-43.8102,0,0,0,0,0,0,1.23647,2.34883,1.41552,0.317847,0.909584,-2.81808
3338,1.669,4,2,4,0,0,0,0,0,0,-2.79337,23.3422,-0.983267,-2.31579,-3.05232,-43.8251,0,0,0,0,0,0,1.24487,2.3438,1.42331,0.318398,0.915888,-2.81412
3339,1.6695,4,2,4,0,0,0,0,0,0,-2.68963,23.3676,-0.878346,-2.31432,-2.95276,-43.8489,0,0,0,0,0,0,1.25168,2.34137,1.43017,0.321209,0.922518,-2.81287
3340,1.67,4,2,4,0,0,0,0,0,0,-2.58929,23.393,-0.775586,-2.30929,-2.85322,-43.8769,0,0,0,0,0,0,1.2582,2.33678,1.43538,0.323392,0.92735,-2.8079
3341,1.6705,4,2,4,0,0,0,0,0,0,-2.49084,23.4172,-0.673222,-2.30341,-2.75321,-43.9062,0,0,0,0,0,0,1.26542,2.32928,1.43972,0.325723,0.931209,-2.80147
3342,1.671,4,2,4,0,0,0,0,0,0,-2.39124,23.4387,-0.569217,-2.3013,-2.65273,-43.9308,0,0,0,0,0,0,1.27573,2.3201,1.44546,0.326349,0.934694,-2.79251
3343,1.6715,4,2,4,0,0,0,0,0,0,-2.29206,23.4602,-0.465123,-2.30022,-2.55244,-43.9553,0,0,0,0,0,0,1.285,2.31275,1.452,0.32722,0.939298,-2.78717
3344,1.672,4,2,4,0,0,0,0,0,0,-2.18987,23.4803,-0.359325,-2.30271,-2.45241,-43.9738,0,0,0,0,0,0,1.2949,2.30633,1.46011,0.327126,0.944949,-2.78224
3345,1.6725,4,2,4,0,0,0,0,0,0,-2.0836,23.4979,-0.252045,-2.30864,-2.35287,-43.9848,0,0,0,0,0,0,1.30071,2.30327,1.4671,0.329666,0.951493,-2.78361
3346,1.673,4,2,4,0,0,0,0,0,0,-1.97471,23.5145,-0.145822,-2.31456,-2.25532,-43.9917,0,0,0,0,0,0,1.30646,2.30056,1.47401,0.33262,0.958415,-2.78461
3347,1.6735,4,2,4,0,0,0,0,0,0,-1.8665,23.5325,-0.041616,-2.31792,-2.15888,-44.001,0,0,0,0,0,0,1.31339,2.29719,1.48065,0.336645,0.965073,-2.78617
3348,1.674,4,2,4,0,0,0,0,0,0,-1.76189,23.5527,0.0602754,-2.31696,-2.06212,-44.0177,0,0,0,0,0,0,1.32021,2.29315,1.48711,0.338778,0.971129,-2.78522
3349,1.6745,4,2,4,0,0,0,0,0,0,-1.65933,23.5747,0.159448,-2.31119,-1.96607,-44.0382,0,0,0,0,0,0,1.32667,2.29136,1.49446,0.340302,0.977569,-2.78629
3350,1.675,4,2,4,0,0,0,0,0,0,-1.55759,23.5956,0.258025,-2.30425,-1.86975,-44.0586,0,0,0,0,0,0,1.33344,2.29018,1.50107,0.342799,0.983255,-2.78614
3351,1.6755,4,2,4,0,0,0,0,0,0,-1.45676,23.6159,0.356454,-2.2957,-1.77289,-44.0807,0,0,0,0,0,0,1.33921,2.28569,1.50575,0.346378,0.987954,-2.78412
3352,1.676,4,2,4,0,0,0,0,0,0,-1.35707,23.6366,0.456395,-2.28784,-1.67451,-44.1057,0,0,0,0,0,0,1.34544,2.28044,1.51128,0.349292,0.993124,-2.78197
3353,1.6765,4,2,4,0,0,0,0,0,0,-1.25731,23.6564,0.558252,-2.28285,-1.57483,-44.1292,0,0,0,0,0,0,1.35187,2.27427,1.51673,0.352071,0.998062,-2.77885
3354,1.677,4,2,4,0,0,0,0,0,0,-1.15389,23.6728,0.66233,-2.28232,-1.47496,-44.1457,0,0,0,0,0,0,1.36129,2.26398,1.52381,0.352103,1.00347,-2.76931
3355,1.6775,4,2,4,0,0,0,0,0,0,-1.04728,23.6867,0.7674,-2.28478,-1.37564,-44.156,0,0,0,0,0,0,1.37159,2.25275,1.5308,0.351801,1.00858,-2.75788
3356,1.678,4,2,4,0,0,0,0,0,0,-0.940033,23.6998,0.872631,-2.28775,-1.2763,-44.1649,0,0,0,0,0,0,1.37964,2.24167,1.53779,0.349499,1.01394,-2.74613
3357,1.6785,4,2,4,0,0,0,0,0,0,-0.833403,23.7138,0.977106,-2.28927,-1.17707,-44.1753,0,0,0,0,0,0,1.38497,2.235,1.54448,0.349695,1.02032,-2.74282
3358,1.679,4,2,4,0,0,0,0,0,0,-0.726922,23.7282,1.08031,-2.28893,-1.07852,-44.1861,0,0,0,0,0,0,1.38975,2.23063,1.54999,0.353043,1.02625,-2.74178
3359,1.6795,4,2,4,0,0,0,0,0,0,-0.620541,23.7425,1.182,-2.28606,-0.98067,-44.1963,0,0,0,0,0,0,1.39694,2.22674,1.55677,0.355471,1.03237,-2.73844
3360,1.68,4,2,4,0,0,0,0,0,0,-0.513665,23.7562,1.28291,-2.28173,-0.883525,-44.2039,0,0,0,0,0,0,1.40462,2.22314,1.56299,0.358941,1.03789,-2.73685
3361,1.6805,4,2,4,0,0,0,0,0,0,-0.406976,23.7684,1.38335,-2.27588,-0.786407,-44.21,0,0,0,0,0,0,1.41233,2.21786,1.56863,0.36249,1.043,-2.73459
3362,1.681,4,2,4,0,0,0,0,0,0,-0.301471,23.7799,1.4847,-2.27038,-0.687991,-44.2155,0,0,0,0,0,0,1.42233,2.20842,1.57354,0.364593,1.04639,-2.72551
3363,1.6815,4,2,4,0,0,0,0,0,0,-0.195146,23.7904,1.58769,-2.26691,-0.588895,-44.2185,0,0,0,0,0,0,1.43232,2.19809,1.58056,0.363499,1.05112,-2.71586
3364,1.682,4,2,4,0,0,0,0,0,0,-0.0855039,23.7978,1.69228,-2.26658,-0.490022,-44.2154,0,0,0,0,0,0,1.44133,2.18798,1.58822,0.361888,1.05665,-2.70684
3365,1.6825,4,2,4,0,0,0,0,0,0,0.0246272,23.8039,1.79674,-2.2666,-0.39151,-44.2115,0,0,0,0,0,0,1.44947,2.18,1.59509,0.362813,1.06217,-2.70024
3366,1.683,4,2,4,0,0,0,0,0,0,0.133672,23.8093,1.90039,-2.26514,-0.293049,-44.2087,0,0,0,0,0,0,1.45714,2.17379,1.60187,0.363801,1.0676,-2.6947
3367,1.6835,4,2,4,0,0,0,0,0,0,0.242618,23.8136,2.0034,-2.26357,-0.195021,-44.2049,0,0,0,0,0,0,1.46546,2.16685,1.60908,0.362852,1.07292,-2.68604
3368,1.684,4,2,4,0,0,0,0,0,0,0.349966,23.8197,2.10516,-2.25986,-0.0971529,-44.204,0,0,0,0,0,0,1.4741,2.16059,1.61606,0.362816,1.0781,-2.67771
3369,1.6845,4,2,4,0,0,0,0,0,0,0.45571,23.8276,2.20507,-2.25328,-0.000113811,-44.2061,0,0,0,0,0,0,1.48083,2.15607,1.62115,0.365443,1.08267,-2.67234
3370,1.685,4,2,4,0,0,0,0,0,0,0.561652,23.8351,2.30407,-2.24615,0.0958755,-44.2071,0,0,0,0,0,0,1.48673,2.15303,1.62592,0.3702,1.08763,-2.67289
3371,1.6855,4,2,4,0,0,0,0,0,0,0.668216,23.841,2.40306,-2.23922,0.191518,-44.207,0,0,0,0,0,0,1.49157,2.14948,1.63041,0.375853,1.0928,-2.67532
3372,1.686,4,2,4,0,0,0,0,0,0,0.773866,23.8476,2.50176,-2.23135,0.28715,-44.2085,0,0,0,0,0,0,1.49622,2.14386,1.6353,0.378987,1.0979,-2.67301
3373,1.6865,4,2,4,0,0,0,0,0,0,0.880297,23.8537,2.60128,-2.22524,0.382806,-44.2065,0,0,0,0,0,0,1.50186,2.13631,1.6411,0.379832,1.10305,-2.66756
3374,1.687,4,2,4,0,0,0,0,0,0,0.988376,23.8584,2.70147,-2.22122,0.477992,-44.1993,0,0,0,0,0,0,1.50837,2.12698,1.64703,0.380685,1.10811,-2.66057
3375,1.6875,4,2,4,0,0,0,0,0,0,1.09685,23.8607,2.80162,-2.21791,0.57301,-44.1902,0,0,0,0,0,0,1.51909,2.11738,1.65461,0.381236,1.11314,-2.6513
3376,1.688,4,2,4,0,0,0,0,0,0,1.20585,23.8608,2.90105,-2.21443,0.66742,-44.1803,0,0,0,0,0,0,1.52946,2.10972,1.66324,0.381365,1.11922,-2.64476
3377,1.6885,4,2,4,0,0,0,0,0,0,1.31641,23.8591,3.00012,-2.21189,0.760954,-44.1684,0,0,0,0,0,0,1.5379,2.10504,1.67183,0.381849,1.12595,-2.64109
3378,1.689,4,2,4,0,0,0,0,0,0,1.42566,23.8587,3.09806,-2.20699,0.854379,-44.1598,0,0,0,0,0,0,1.54479,2.10083,1.67806,0.384278,1.13122,-2.63862
3379,1.6895,4,2,4,0,0,0,0,0,0,1.5344,23.8592,3.19496,-2.20027,0.947417,-44.1536,0,0,0,0,0,0,1.55135,2.09509,1.68395,0.386729,1.13654,-2.63378
3380,1.69,4,2,4,0,0,0,0,0,0,1.64377,23.8598,3.29176,-2.19418,1.04,-44.1469,0,0,0,0,0,0,1.55854,2.08883,1.68956,0.389774,1.1416,-2.62881
3381,1.6905,4,2,4,0,0,0,0,0,0,1.75243,23.8616,3.38778,-2.18658,1.13224,-44.142,0,0,0,0,0,0,1.56675,2.08224,1.69463,0.392372,1.1456,-2.62308
3382,1.691,4,2,4,0,0,0,0,0,0,1.86069,23.8637,3.48379,-2.17848,1.22444,-44.1375,0,0,0,0,0,0,1.57343,2.07567,1.69837,0.396329,1.14902,-2.61913
3383,1.6915,4,2,4,0,0,0,0,0,0,1.96981,23.8639,3.58108,-2.17234,1.31709,-44.1303,0,0,0,0,0,0,1.58137,2.06671,1.70375,0.39651,1.15277,-2.6099
3384,1.692,4,2,4,0,0,0,0,0,0,2.07876,23.8642,3.67903,-2.16641,1.41025,-44.1231,0,0,0,0,0,0,1.58896,2.05873,1.71071,0.395673,1.1581,-2.6036
3385,1.6925,4,2,4,0,0,0,0,0,0,2.18715,23.8641,3.7775,-2.16037,1.50409,-44.1159,0,0,0,0,0,0,1.59615,2.04838,1.71697,0.395004,1.16312,-2.59635
3386,1.693,4,2,4,0,0,0,0,0,0,2.29752,23.8613,3.87646,-2.15546,1.59767,-44.1033,0,0,0,0,0,0,1.60478,2.03583,1.72306,0.394417,1.16748,-2.58594
3387,1.6935,4,2,4,0,0,0,0,0,0,2.40938,23.857,3.97535,-2.15065,1.69075,-44.0872,0,0,0,0,0,0,1.61158,2.02616,1.72928,0.393184,1.17237,-2.57776
3388,1.694,4,2,4,0,0,0,0,0,0,2.52205,23.8508,4.07397,-2.14549,1.7835,-44.0685,0,0,0,0,0,0,1.62008,2.0161,1.73576,0.392202,1.17696,-2.56773
3389,1.6945,4,2,4,0,0,0,0,0,0,2.63403,23.8438,4.17256,-2.13944,1.87698,-44.0498,0,0,0,0,0,0,1.62938,2.00728,1.74251,0.393031,1.18187,-2.55867
3390,1.695,4,2,4,0,0,0,0,0,0,2.74526,23.8368,4.2706,-2.13186,1.97052,-44.0298,0,0,0,0,0,0,1.63537,2.00092,1.74788,0.395425,1.18654,-2.55414
3391,1.6955,4,2,4,0,0,0,0,0,0,2.85548,23.83,4.36774,-2.12238,2.06389,-44.0095,0,0,0,0,0,0,1.6419,1.99602,1.75329,0.398794,1.19113,-2.5509
3392,1.696,4,2,4,0,0,0,0,0,0,2.96411,23.8237,4.46395,-2.11162,2.15697,-43.9907,0,0,0,0,0,0,1.64947,1.99025,1.75867,0.401479,1.19512,-2.54459
3393,1.6965,4,2,4,0,0,0,0,0,0,3.07205,23.8167,4.55999,-2.10186,2.24982,-43.9725,0,0,0,0,0,0,1.65572,1.98327,1.76295,0.4052,1.19871,-2.53901
3394,1.697,4,2,4,0,0,0,0,0,0,3.17932,23.8087,4.6557,-2.09289,2.34234,-43.9552,0,0,0,0,0,0,1.66137,1.97481,1.76803,0.407694,1.20351,-2.53166
3395,1.6975,4,2,4,0,0,0,0,0,0,3.28663,23.8012,4.75104,-2.08451,2.43394,-43.939,0,0,0,0,0,0,1.66794,1.9654,1.77391,0.409753,1.20899,-2.52268
3396,1.698,4,2,4,0,0,0,0,0,0,3.39706,23.7927,4.84704,-2.07866,2.52418,-43.9188,0,0,0,0,0,0,1.67546,1.95495,1.78066,0.410566,1.21476,-2.5134
3397,1.6985,4,2,4,0,0,0,0,0,0,3.51072,23.7811,4.94325,-2.07522,2.61305,-43.893,0,0,0,0,0,0,1.6837,1.94609,1.78797,0.411527,1.22055,-2.50676
3398,1.699,4,2,4,0,0,0,0,0,0,3.62593,23.767,5.03894,-2.07288,2.70091,-43.864,0,0,0,0,0,0,1.69124,1.93601,1.79395,0.412759,1.22538,-2.49938
3399,1.6995,4,2,4,0,0,0,0,0,0,3.74101,23.7531,5.1335,-2.06925,2.78819,-43.8359,0,0,0,0,0,0,1.6994,1.92698,1.8,0.413932,1.22988,-2.49102
3400,1.7,4,2,4,0,0,0,0,0,0,3.85588,23.7392,5.22678,-2.06395,2.87451,-43.8078,0,0,0,0,0,0,1.70685,1.92004,1.80552,0.414564,1.23391,-2.48403
3401,1.7005,4,2,4,0,0,0,0,0,0,3.97002,23.7266,5.31912,-2.05655,2.96036,-43.781,0,0,0,0,0,0,1.71288,1.91546,1.8111,0.416025,1.23846,-2.4812
3402,1.701,4,2,4,0,0,0,0,0,0,4.08156,23.7156,5.4103,-2.04584,3.0465,-43.758,0,0,0,0,0,0,1.71993,1.91073,1.81564,0.418726,1.24151,-2.47826
3403,1.7015,4,2,4,0,0,0,0,0,0,4.19123,23.7052,5.50134,-2.03361,3.13342,-43.7367,0,0,0,0,0,0,1.72674,1.90843,1.8214,0.422205,1.24633,-2.47845
3404,1.702,4,2,4,0,0,0,0,0,0,4.29889,23.6948,5.59196,-2.01965,3.22085,-43.7168,0,0,0,0,0,0,1.73411,1.90278,1.8273,0.424094,1.2511,-2.47375
3405,1.7025,4,2,4,0,0,0,0,0,0,4.40694,23.6814,5.6834,-2.00696,3.30877,-43.6924,0,0,0,0,0,0,1.74182,1.89392,1.83251,0.425642,1.25505,-2.4654
3406,1.703,4,2,4,0,0,0,0,0,0,4.51659,23.6652,5.77639,-1.99675,3.39705,-43.6612,0,0,0,0,0,0,1.74821,1.88503,1.837,0.427974,1.2589,-2.45922
3407,1.7035,4,2,4,0,0,0,0,0,0,4.62691,23.6483,5.87068,-1.9878,3.48601,-43.6262,0,0,0,0,0,0,1.75476,1.87511,1.84191,0.430453,1.26299,-2.4515
3408,1.704,4,2,4,0,0,0,0,0,0,4.73855,23.6298,5.96632,-1.97995,3.57562,-43.5865,0,0,0,0,0,0,1.76027,1.8661,1.84737,0.432859,1.26815,-2.44376
3409,1.7045,4,2,4,0,0,0,0,0,0,4.85195,23.6092,6.06247,-1.97318,3.66512,-43.5432,0,0,0,0,0,0,1.76689,1.85404,1.85212,0.433454,1.27163,-2.43175
3410,1.705,4,2,4,0,0,0,0,0,0,4.96556,23.5888,6.1577,-1.9653,3.75399,-43.5018,0,0,0,0,0,0,1.77536,1.84204,1.8588,0.433466,1.27633,-2.41983
3411,1.7055,4,2,4,0,0,0,0,0,0,5.07804,23.5705,6.25129,-1.95484,3.842,-43.4657,0,0,0,0,0,0,1.78422,1.83165,1.86631,0.435209,1.28199,-2.41171
3412,1.706,4,2,4,0,0,0,0,0,0,5.19017,23.5521,6.34292,-1.94339,3.92828,-43.4325,0,0,0,0,0,0,1.79194,1.82409,1.87394,0.43703,1.28811,-2.40677
3413,1.7065,4,2,4,0,0,0,0,0,0,5.30257,23.5341,6.43307,-1.93211,4.01285,-43.4027,0,0,0,0,0,0,1.79888,1.81828,1.88094,0.43918,1.29394,-2.40247
3414,1.707,4,2,4,0,0,0,0,0,0,5.41429,23.5165,6.5215,-1.91983,4.09597,-43.3761,0,0,0,0,0,0,1.80653,1.81293,1.88728,0.441079,1.2988,-2.39687
3415,1.7075,4,2,4,0,0,0,0,0,0,5.52678,23.4975,6.60972,-1.90884,4.17827,-43.3476,0,0,0,0,0,0,1.81277,1.80664,1.89162,0.442709,1.30198,-2.39034
3416,1.708,4,2,4,0,0,0,0,0,0,5.64033,23.4775,6.69809,-1.89886,4.2599,-43.3166,0,0,0,0,0,0,1.8174,1.80051,1.89405,0.445361,1.30398,-2.38502
3417,1.7085,4,2,4,0,0,0,0,0,0,5.75574,23.456,6.787,-1.89053,4.34076,-43.2814,0,0,0,0,0,0,1.82287,1.79328,1.89755,0.447776,1.30681,-2.37989
3418,1.709,4,2,4,0,0,0,0,0,0,5.8725,23.4326,6.87622,-1.88322,4.4211,-43.2426,0,0,0,0,0,0,1.83065,1.78319,1.90263,0.449775,1.31034,-2.37249
3419,1.7095,4,2,4,0,0,0,0,0,0,5.98978,23.4082,6.96655,-1.87701,4.50204,-43.201,0,0,0,0,0,0,1.83795,1.77252,1.90704,0.45193,1.31333,-2.36467
3420,1.71,4,2,4,0,0,0,0,0,0,6.10585,23.3857,7.05752,-1.87006,4.58397,-43.1615,0,0,0,0,0,0,1.84638,1.75934,1.91195,0.450635,1.31595,-2.3513
3421,1.7105,4,2,4,0,0,0,0,0,0,6.21989,23.3644,7.14875,-1.86145,4.6671,-43.1242,0,0,0,0,0,0,1.8559,1.74804,1.91845,0.450423,1.31986,-2.34064
3422,1.711,4,2,4,0,0,0,0,0,0,6.33249,23.3426,7.23937,-1.85101,4.75043,-43.0873,0,0,0,0,0,0,1.86518,1.74046,1.92646,0.452749,1.32563,-2.33745
3423,1.7115,4,2,4,0,0,0,0,0,0,6.4441,23.3193,7.32913,-1.83989,4.83364,-43.0494,0,0,0,0,0,0,1.87386,1.73309,1.9332,0.456034,1.33033,-2.33441
3424,1.712,4,2,4,0,0,0,0,0,0,6.55447,23.2954,7.41813,-1.82799,4.91702,-43.0111,0,0,0,0,0,0,1.88215,1.72468,1.93964,0.458512,1.33498,-2.32962
3425,1.7125,4,2,4,0,0,0,0,0,0,6.66439,23.2691,7.50684,-1.81598,5.00055,-42.9697,0,0,0,0,0,0,1.89155,1.716,1.94668,0.46141,1.33969,-2.32327
3426,1.713,4,2,4,0,0,0,0,0,0,6.77461,23.2402,7.5954,-1.80446,5.08379,-42.9244,0,0,0,0,0,0,1.90054,1.70995,1.95384,0.465103,1.34484,-2.31956
3427,1.7135,4,2,4,0,0,0,0,0,0,6.88557,23.2097,7.68383,-1.7935,5.16642,-42.8765,0,0,0,0,0,0,1.90683,1.70231,1.95831,0.46778,1.34831,-2.31385
3428,1.714,4,2,4,0,0,0,0,0,0,6.99764,23.1788,7.77211,-1.78311,5.24806,-42.8268,0,0,0,0,0,0,1.91192,1.69244,1.9619,0.468885,1.35126,-2.30345
3429,1.7145,4,2,4,0,0,0,0,0,0,7.11169,23.1466,7.85989,-1.77394,5.32789,-42.7742,0,0,0,0,0,0,1.91843,1.68124,1.966,0.469916,1.35404,-2.29058
3430,1.715,4,2,4,0,0,0,0,0,0,7.22748,23.1139,7.94676,-1.76627,5.40547,-42.7215,0,0,0,0,0,0,1.92582,1.67063,1.97127,0.4699,1.3574,-2.2781
3431,1.7155,4,2,4,0,0,0,0,0,0,7.34381,23.0825,8.03259,-1.75918,5.48142,-42.6728,0,0,0,0,0,0,1.93354,1.66222,1.97804,0.471166,1.36236,-2.26917
3432,1.716,4,2,4,0,0,0,0,0,0,7.4598,23.0522,8.11727,-1.75157,5.5563,-42.6277,0,0,0,0,0,0,1.94027,1.65555,1.98519,0.472268,1.36803,-2.26334
3433,1.7165,4,2,4,0,0,0,0,0,0,7.57609,23.0218,8.20082,-1.74351,5.62984,-42.5843,0,0,0,0,0,0,1.94651,1.64728,1.99112,0.474363,1.37269,-2.25927
3434,1.717,4,2,4,0,0,0,0,0,0,7.69196,22.9931,8.28374,-1.73418,5.70296,-42.5438,0,0,0,0,0,0,1.95308,1.63789,1.99549,0.477529,1.3757,-2.2546
3435,1.7175,4,2,4,0,0,0,0,0,0,7.80799,22.9643,8.36616,-1.72395,5.77561,-42.5027,0,0,0,0,0,0,1.9601,1.62772,1.99988,0.479074,1.37834,-2.24722
3436,1.718,4,2,4,0,0,0,0,0,0,7.9234,22.9342,8.4487,-1.71266,5.84881,-42.4597,0,0,0,0,0,0,1.96591,1.61498,2.00172,0.478837,1.37878,-2.23509
3437,1.7185,4,2,4,0,0,0,0,0,0,8.03822,22.9025,8.53181,-1.70056,5.9229,-42.4128,0,0,0,0,0,0,1.97375,1.60369,2.00568,0.480496,1.38072,-2.22707
3438,1.719,4,2,4,0,0,0,0,0,0,8.15326,22.8678,8.61579,-1.68832,5.99767,-42.3589,0,0,0,0,0,0,1.98232,1.59481,2.01036,0.484406,1.38331,-2.22249
3439,1.7195,4,2,4,0,0,0,0,0,0,8.26843,22.8302,8.70065,-1.67648,6.07314,-42.298,0,0,0,0,0,0,1.9898,1.5858,2.01463,0.486046,1.38571,-2.21564
3440,1.72,4,2,4,0,0,0,0,0,0,8.38348,22.7905,8.78628,-1.66505,6.14937,-42.2337,0,0,0,0,0,0,1.99781,1.57645,2.01993,0.487058,1.38912,-2.20683
3441,1.7205,4,2,4,0,0,0,0,0,0,8.49771,22.751,8.8721,-1.6535,6.22611,-42.17,0,0,0,0,0,0,2.00467,1.56876,2.02533,0.487784,1.39271,-2.19852
3442,1.721,4,2,4,0,0,0,0,0,0,8.61059,22.7128,8.95815,-1.64105,6.30368,-42.1091,0,0,0,0,0,0,2.01087,1.56516,2.03268,0.489013,1.39847,-2.19498
3443,1.7215,4,2,4,0,0,0,0,0,0,8.72245,22.6753,9.04342,-1.62738,6.38092,-42.0511,0,0,0,0,0,0,2.01567,1.56007,2.03885,0.49049,1.40373,-2.18921
3444,1.722,4,2,4,0,0,0,0,0,0,8.83446,22.6385,9.1274,-1.61335,6.45672,-41.9959,0,0,0,0,0,0,2.0193,1.55146,2.04346,0.491686,1.40798,-2.17915
3445,1.7225,4,2,4,0,0,0,0,0,0,8.94642,22.6028,9.20996,-1.59898,6.53106,-41.9441,0,0,0,0,0,0,2.02365,1.54216,2.04767,0.494979,1.41158,-2.16963
3446,1.723,4,2,4,0,0,0,0,0,0,9.05898,22.5678,9.29161,-1.58489,6.604,-41.8947,0,0,0,0,0,0,2.0286,1.53046,2.05119,0.498969,1.41437,-2.15874
3447,1.7235,4,2,4,0,0,0,0,0,0,9.17294,22.5311,9.37268,-1.57289,6.67542,-41.8448,0,0,0,0,0,0,2.0362,1.51969,2.05776,0.502275,1.41915,-2.15059
3448,1.724,4,2,4,0,0,0,0,0,0,9.2887,22.4931,9.45293,-1.56318,6.74481,-41.7928,0,0,0,0,0,0,2.04489,1.50884,2.06425,0.50438,1.42338,-2.14142
3449,1.7245,4,2,4,0,0,0,0,0,0,9.40611,22.4553,9.53335,-1.55513,6.81327,-41.7397,0,0,0,0,0,0,2.05481,1.49992,2.07062,0.506553,1.42698,-2.13537
3450,1.725,4,2,4,0,0,0,0,0,0,9.52497,22.4165,9.61343,-1.5479,6.88042,-41.6843,0,0,0,0,0,0,2.06551,1.48826,2.07658,0.507178,1.42971,-2.12511
3451,1.7255,4,2,4,0,0,0,0,0,0,9.64497,22.3749,9.69305,-1.54099,6.94643,-41.6255,0,0,0,0,0,0,2.07421,1.47529,2.08158,0.505092,1.43213,-2.1122
3452,1.726,4,2,4,0,0,0,0,0,0,9.76449,22.3313,9.77224,-1.53315,7.01225,-41.5644,0,0,0,0,0,0,2.08019,1.46586,2.08539,0.504652,1.43437,-2.10257
3453,1.7265,4,2,4,0,0,0,0,0,0,9.88157,22.2872,9.85115,-1.52409,7.07902,-41.5042,0,0,0,0,0,0,2.08574,1.45648,2.08872,0.504835,1.43614,-2.09262
3454,1.727,4,2,4,0,0,0,0,0,0,9.99706,22.2411,9.92943,-1.51404,7.14613,-41.4424,0,0,0,0,0,0,2.08957,1.44713,2.08973,0.506738,1.43638,-2.08588
3455,1.7275,4,2,4,0,0,0,0,0,0,10.1107,22.1953,10.0078,-1.50213,7.2144,-41.3801,0,0,0,0,0,0,2.09593,1.4382,2.09229,0.51103,1.43746,-2.08295
3456,1.728,4,2,4,0,0,0,0,0,0,10.2225,22.1497,10.0868,-1.48813,7.28423,-41.3165,0,0,0,0,0,0,2.10285,1.42837,2.09568,0.514341,1.43917,-2.07843
3457,1.7285,4,2,4,0,0,0,0,0,0,10.3326,22.105,10.1663,-1.47294,7.35544,-41.2524,0,0,0,0,0,0,2.11088,1.416,2.09993,0.515082,1.44133,-2.06926
3458,1.729,4,2,4,0,0,0,0,0,0,10.4422,22.0598,10.2465,-1.45836,7.42724,-41.1859,0,0,0,0,0,0,2.11867,1.40517,2.10502,0.515842,1.4445,-2.06063
3459,1.7295,4,2,4,0,0,0,0,0,0,10.5527,22.0129,10.3268,-1.44389,7.49845,-41.1157,0,0,0,0,0,0,2.12671,1.39346,2.11094,0.516248,1.44817,-2.04819
3460,1.73,4,2,4,0,0,0,0,0,0,10.6651,21.9662,10.4073,-1.42934,7.56875,-41.045,0,0,0,0,0,0,2.13485,1.38416,2.11768,0.518988,1.45241,-2.0392
3461,1.7305,4,2,4,0,0,0,0,0,0,10.7796,21.9194,10.4879,-1.41585,7.63787,-40.9748,0,0,0,0,0,0,2.1416,1.37573,2.12375,0.521706,1.45648,-2.03033
3462,1.731,4,2,4,0,0,0,0,0,0,10.896,21.8722,10.5678,-1.40371,7.70498,-40.9055,0,0,0,0,0,0,2.14755,1.36705,2.12971,0.52365,1.46067,-2.02078
3463,1.7315,4,2,4,0,0,0,0,0,0,11.0142,21.8242,10.6467,-1.39306,7.77008,-40.8373,0,0,0,0,0,0,2.15219,1.35727,2.13406,0.525311,1.46375,-2.00977
3464,1.732,4,2,4,0,0,0,0,0,0,11.1327,21.7758,10.724,-1.38322,7.83361,-40.7725,0,0,0,0,0,0,2.15702,1.34692,2.13802,0.526513,1.46645,-1.99849
3465,1.7325,4,2,4,0,0,0,0,0,0,11.2512,21.7277,10.7998,-1.37374,7.89538,-40.7118,0,0,0,0,0,0,2.16265,1.33632,2.14318,0.52753,1.47038,-1.9889
3466,1.733,4,2,4,0,0,0,0,0,0,11.3693,21.6793,10.8742,-1.36429,7.95582,-40.6525,0,0,0,0,0,0,2.16879,1.32333,2.14674,0.526894,1.47218,-1.97697
3467,1.7335,4,2,4,0,0,0,0,0,0,11.487,21.6311,10.947,-1.3539,8.01456,-40.5938,0,0,0,0,0,0,2.17533,1.31164,2.15026,0.526035,1.47365,-1.96677
3468,1.734,4,2,4,0,0,0,0,0,0,11.6038,21.5821,11.0191,-1.34317,8.07275,-40.5335,0,0,0,0,0,0,2.18322,1.30264,2.1545,0.527899,1.4753,-1.96195
3469,1.7345,4,2,4,0,0,0,0,0,0,11.7193,21.5314,11.0921,-1.33264,8.13238,-40.4696,0,0,0,0,0,0,2.19171,1.29422,2.1583,0.532054,1.47631,-1.95889
3470,1.735,4,2,4,0,0,0,0,0,0,11.8336,21.4801,11.1665,-1.32222,8.19428,-40.4033,0,0,0,0,0,0,2.19919,1.28417,2.16227,0.534891,1.47788,-1.95202
3471,1.7355,4,2,4,0,0,0,0,0,0,11.9466,21.4275,11.2419,-1.31246,8.25753,-40.3322,0,0,0,0,0,0,2.20586,1.27156,2.16541,0.535468,1.47886,-1.94003
3472,1.736,4,2,4,0,0,0,0,0,0,12.0588,21.3724,11.3173,-1.30362,8.32117,-40.2554,0,0,0,0,0,0,2.21363,1.25829,2.16918,0.535926,1.47995,-1.92789
3473,1.7365,4,2,4,0,0,0,0,0,0,12.1706,21.3151,11.3925,-1.29459,8.38477,-40.175,0,0,0,0,0,0,2.22064,1.24629,2.17349,0.536649,1.48215,-1.91724
3474,1.737,4,2,4,0,0,0,0,0,0,12.2815,21.2577,11.4678,-1.2841,8.44878,-40.0938,0,0,0,0,0,0,2.22695,1.23407,2.17759,0.53582,1.48441,-1.90441
3475,1.7375,4,2,4,0,0,0,0,0,0,12.3919,21.1992,11.543,-1.27249,8.51286,-40.0113,0,0,0,0,0,0,2.23396,1.22364,2.18259,0.536669,1.48734,-1.89416
3476,1.738,4,2,4,0,0,0,0,0,0,12.5024,21.1405,11.6179,-1.26028,8.57648,-39.9302,0,0,0,0,0,0,2.24081,1.21521,2.18863,0.539327,1.49168,-1.88843
3477,1.7385,4,2,4,0,0,0,0,0,0,12.6128,21.0834,11.6921,-1.24673,8.63936,-39.8538,0,0,0,0,0,0,2.24663,1.20741,2.19387,0.543423,1.49565,-1.88444
3478,1.739,4,2,4,0,0,0,0,0,0,12.7244,21.0262,11.7657,-1.23303,8.701,-39.7785,0,0,0,0,0,0,2.25295,1.19772,2.19782,0.548108,1.49796,-1.87786
3479,1.7395,4,2,4,0,0,0,0,0,0,12.8374,20.9696,11.8391,-1.21956,8.76164,-39.7054,0,0,0,0,0,0,2.25837,1.18697,2.20025,0.550845,1.49875,-1.86845
3480,1.74,4,2,4,0,0,0,0,0,0,12.9524,20.9134,11.9116,-1.20644,8.8203,-39.6346,0,0,0,0,0,0,2.26469,1.17714,2.20446,0.553686,1.50092,-1.85899
3481,1.7405,4,2,4,0,0,0,0,0,0,13.0696,20.856,11.9828,-1.19464,8.87625,-39.5638,0,0,0,0,0,0,2.26951,1.16638,2.20759,0.555907,1.50249,-1.8478
3482,1.741,4,2,4,0,0,0,0,0,0,13.1883,20.7988,12.0531,-1.18468,8.93017,-39.4938,0,0,0,0,0,0,2.27525,1.15581,2.21132,0.556629,1.50423,-1.8363
3483,1.7415,4,2,4,0,0,0,0,0,0,13.3069,20.7414,12.1233,-1.17635,8.98389,-39.4227,0,0,0,0,0,0,2.28253,1.14549,2.21652,0.55745,1.50674,-1.82639
3484,1.742,4,2,4,0,0,0,0,0,0,13.4252,20.6822,12.1934,-1.16878,9.0373,-39.3482,0,0,0,0,0,0,2.29079,1.13646,2.22177,0.559811,1.50895,-1.82005
3485,1.7425,4,2,4,0,0,0,0,0,0,13.5429,20.6216,12.263,-1.1615,9.09035,-39.2708,0,0,0,0,0,0,2.29907,1.12676,2.22645,0.561644,1.51054,-1.814
3486,1.743,4,2,4,0,0,0,0,0,0,13.6597,20.561,12.3321,-1.15356,9.14311,-39.1935,0,0,0,0,0,0,2.30877,1.11719,2.23167,0.562273,1.51203,-1.8081
3487,1.7435,4,2,4,0,0,0,0,0,0,13.7747,20.4997,12.4007,-1.14497,9.19615,-39.1148,0,0,0,0,0,0,2.31564,1.10765,2.23501,0.5633,1.51275,-1.80205
3488,1.744,4,2,4,0,0,0,0,0,0,13.8872,20.4378,12.4691,-1.13538,9.25022,-39.0345,0,0,0,0,0,0,2.32216,1.0973,2.2385,0.562853,1.51377,-1.79329
3489,1.7445,4,2,4,0,0,0,0,0,0,13.9975,20.3751,12.5372,-1.12445,9.30508,-38.9519,0,0,0,0,0,0,2.32894,1.08803,2.2427,0.564283,1.5157,-1.78701
3490,1.745,4,2,4,0,0,0,0,0,0,14.1073,20.3118,12.6053,-1.11216,9.36012,-38.8675,0,0,0,0,0,0,2.3344,1.07801,2.24705,0.566401,1.51852,-1.77939
3491,1.7455,4,2,4,0,0,0,0,0,0,14.217,20.2479,12.6739,-1.09971,9.41567,-38.7823,0,0,0,0,0,0,2.33914,1.0679,2.25193,0.568497,1.52225,-1.77046
3492,1.746,4,2,4,0,0,0,0,0,0,14.3263,20.1841,12.7431,-1.08784,9.47174,-38.6977,0,0,0,0,0,0,2.34487,1.05774,2.25653,0.57102,1.52514,-1.76165
3493,1.7465,4,2,4,0,0,0,0,0,0,14.436,20.1191,12.8128,-1.07698,9.52794,-38.6128,0,0,0,0,0,0,2.35041,1.04623,2.25991,0.573896,1.52677,-1.75008
3494,1.747,4,2,4,0,0,0,0,0,0,14.5462,20.0536,12.8828,-1.06633,9.58415,-38.5294,0,0,0,0,0,0,2.35639,1.03458,2.2625,0.577577,1.52732,-1.74004
3495,1.7475,4,2,4,0,0,0,0,0,0,14.6575,19.988,12.9523,-1.05606,9.63928,-38.4485,0,0,0,0,0,0,2.36298,1.02086,2.26602,0.580015,1.52843,-1.72771
3496,1.748,4,2,4,0,0,0,0,0,0,14.7702,19.9226,13.0216,-1.04586,9.69344,-38.3695,0,0,0,0,0,0,2.37049,1.00672,2.27034,0.582094,1.52998,-1.71573
3497,1.7485,4,2,4,0,0,0,0,0,0,14.8843,19.8574,13.0902,-1.03506,9.74596,-38.2921,0,0,0,0,0,0,2.37824,0.99397,2.27532,0.584115,1.53217,-1.70527
3498,1.749,4,2,4,0,0,0,0,0,0,14.9997,19.7906,13.1576,-1.02477,9.79634,-38.2124,0,0,0,0,0,0,2.38502,0.982873,2.27958,0.585668,1.53402,-1.69545
3499,1.7495,4,2,4,0,0,0,0,0,0,15.116,19.7221,13.2234,-1.01588,9.84435,-38.1303,0,0,0,0,0,0,2.39156,0.971463,2.28372,0.586381,1.53582,-1.68568
3500,1.75,4,2,4,0,0,0,0,0,0,15.2325,19.6535,13.2874,-1.00809,9.89038,-38.0485,0,0,0,0,0,0,2.39925,0.962077,2.28875,0.587616,1.53819,-1.68005
3501,1.7505,4,2,4,0,0,0,0,0,0,15.3486,19.5849,13.3502,-1.00109,9.93536,-37.9674,0,0,0,0,0,0,2.40603,0.954575,2.29323,0.590297,1.54022,-1.67618
3502,1.751,4,2,4,0,0,0,0,0,0,15.4647,19.5161,13.4121,-0.993867,9.97943,-37.8866,0,0,0,0,0,0,2.40991,0.945971,2.29491,0.59119,1.54032,-1.66917
3503,1.7515,4,2,4,0,0,0,0,0,0,15.5802,19.4461,13.4729,-0.986196,10.0226,-37.803,0,0,0,0,0,0,2.41537,0.937288,2.2971,0.592484,1.54022,-1.66427
3504,1.752,4,2,4,0,0,0,0,0,0,15.6947,19.3738,13.5332,-0.978174,10.0656,-37.7152,0,0,0,0,0,0,2.42134,0.925647,2.29952,0.591621,1.5401,-1.65307
3505,1.7525,4,2,4,0,0,0,0,0,0,15.8071,19.3016,13.5943,-0.968494,10.1103,-37.6264,0,0,0,0,0,0,2.42527,0.91327,2.30092,0.588546,1.53986,-1.63772
3506,1.753,4,2,4,0,0,0,0,0,0,15.9177,19.2288,13.6567,-0.957827,10.157,-37.5359,0,0,0,0,0,0,2.42982,0.901606,2.30302,0.587688,1.54034,-1.62583
3507,1.7535,4,2,4,0,0,0,0,0,0,16.0268,19.1556,13.7207,-0.94638,10.2055,-37.4435,0,0,0,0,0,0,2.43378,0.887978,2.30543,0.587722,1.5414,-1.61261
3508,1.754,4,2,4,0,0,0,0,0,0,16.1355,19.0829,13.7858,-0.934866,10.2554,-37.3512,0,0,0,0,0,0,2.44088,0.873843,2.30947,0.589036,1.54269,-1.6006
3509,1.7545,4,2,4,0,0,0,0,0,0,16.2438,19.0103,13.8517,-0.922973,10.3062,-37.2597,0,0,0,0,0,0,2.44891,0.860191,2.31355,0.591288,1.54358,-1.58952
3510,1.755,4,2,4,0,0,0,0,0,0,16.3519,18.9374,13.9173,-0.910741,10.3568,-37.1677,0,0,0,0,0,0,2.45745,0.846901,2.31933,0.594731,1.54613,-1.57975
3511,1.7555,4,2,4,0,0,0,0,0,0,16.4601,18.8635,13.9816,-0.899434,10.4059,-37.0738,0,0,0,0,0,0,2.46633,0.837014,2.32657,0.599354,1.55014,-1.57388
3512,1.756,4,2,4,0,0,0,0,0,0,16.5695,18.7895,14.0446,-0.888688,10.4528,-36.9817,0,0,0,0,0,0,2.47419,0.82638,2.33114,0.604085,1.55152,-1.56874
3513,1.7565,4,2,4,0,0,0,0,0,0,16.6808,18.7163,14.1068,-0.878409,10.4979,-36.8952,0,0,0,0,0,0,2.48221,0.817955,2.33644,0.60968,1.55375,-1.56606
3514,1.757,4,2,4,0,0,0,0,0,0,16.7928,18.6423,14.1678,-0.870447,10.5413,-36.8109,0,0,0,0,0,0,2.48771,0.809687,2.34091,0.613297,1.55621,-1.56162
3515,1.7575,4,2,4,0,0,0,0,0,0,16.9048,18.5672,14.2278,-0.864365,10.5835,-36.7265,0,0,0,0,0,0,2.49172,0.801447,2.34375,0.615586,1.55762,-1.55637
3516,1.758,4,2,4,0,0,0,0,0,0,17.0175,18.4908,14.2869,-0.859856,10.6245,-36.6407,0,0,0,0,0,0,2.49546,0.79373,2.34609,0.618346,1.55864,-1.55056
3517,1.7585,4,2,4,0,0,0,0,0,0,17.1317,18.4125,14.3454,-0.856489,10.6641,-36.5536,0,0,0,0,0,0,2.49701,0.783791,2.34542,0.619341,1.55721,-1.53943
3518,1.759,4,2,4,0,0,0,0,0,0,17.2472,18.3343,14.4035,-0.85326,10.7026,-36.4677,0,0,0,0,0,0,2.49849,0.771637,2.34439,0.61907,1.55515,-1.52435
3519,1.7595,4,2,4,0,0,0,0,0,0,17.3636,18.2555,14.4617,-0.849057,10.7405,-36.3819,0,0,0,0,0,0,2.50171,0.75795,2.34543,0.616165,1.55469,-1.50737
3520,1.76,4,2,4,0,0,0,0,0,0,17.479,18.1772,14.5201,-0.842645,10.7788,-36.2952,0,0,0,0,0,0,2.50666,0.741739,2.34558,0.610703,1.55261,-1.4893
3521,1.7605,4,2,4,0,0,0,0,0,0,17.5926,18.0985,14.5784,-0.834513,10.8177,-36.2057,0,0,0,0,0,0,2.51169,0.722937,2.34547,0.604867,1.55023,-1.46856
3522,1.761,4,2,4,0,0,0,0,0,0,17.7046,18.02,14.6366,-0.823945,10.8571,-36.1145,0,0,0,0,0,0,2.51914,0.70304,2.34824,0.599065,1.55025,-1.44941
3523,1.7615,4,2,4,0,0,0,0,0,0,17.8144,17.9426,14.695,-0.810767,10.8977,-36.0226,0,0,0,0,0,0,2.5304,0.684655,2.35432,0.597467,1.55168,-1.43489
3524,1.762,4,2,4,0,0,0,0,0,0,17.9222,17.8655,14.7532,-0.795897,10.939,-35.9287,0,0,0,0,0,0,2.54397,0.669756,2.36365,0.598226,1.55527,-1.42508
3525,1.7625,4,2,4,0,0,0,0,0,0,18.0275,17.7883,14.8107,-0.780581,10.9803,-35.8334,0,0,0,0,0,0,2.55349,0.655856,2.37024,0.599147,1.55801,-1.4153
3526,1.763,4,2,4,0,0,0,0,0,0,18.1299,17.7102,14.8672,-0.766182,11.022,-35.736,0,0,0,0,0,0,2.56706,0.648107,2.38035,0.607189,1.56267,-1.41688
3527,1.7635,4,2,4,0,0,0,0,0,0,18.23,17.6291,14.9206,-0.754369,11.0615,-35.6339,0,0,0,0,0,0,2.58805,0.64411,2.40071,0.622095,1.57494,-1.42567
3528,1.764,4,2,4,0,0,0,0,0,0,18.3298,17.5458,14.9722,-0.744905,11.0989,-35.5289,0,0,0,0,0,0,2.60149,0.640085,2.41443,0.634466,1.5835,-1.43035
3529,1.7645,4,2,4,0,0,0,0,0,0,18.4304,17.4609,15.0231,-0.739325,11.1353,-35.4245,0,0,0,0,0,0,2.60502,0.63972,2.41802,0.646048,1.58543,-1.43713
3530,1.765,4,2,4,0,0,0,0,0,0,18.5323,17.3738,15.0713,-0.737538,11.168,-35.3217,0,0,0,0,0,0,2.61434,0.638197,2.42791,0.652606,1.5919,-1.43766
3531,1.7655,4,2,4,0,0,0,0,0,0,18.6371,17.2854,15.1184,-0.739267,11.1979,-35.2207,0,0,0,0,0,0,2.6272,0.636654,2.43886,0.657217,1.59819,-1.43729
3532,1.766,4,2,4,0,0,0,0,0,0,18.7451,17.1957,15.1674,-0.743762,11.2285,-35.1223,0,0,0,0,0,0,2.62649,0.628791,2.43675,0.657797,1.59593,-1.42637
3533,1.7665,4,2,4,0,0,0,0,0,0,18.8543,17.1064,15.2178,-0.74823,11.2601,-35.0277,0,0,0,0,0,0,2.61989,0.617738,2.43054,0.654846,1.59189,-1.40961
3534,1.767,4,2,4,0,0,0,0,0,0,18.966,17.0187,15.2704,-0.749397,11.2925,-34.9373,0,0,0,0,0,0,2.61888,0.605837,2.42817,0.645967,1.58976,-1.38728
3535,1.7675,4,2,4,0,0,0,0,0,0,19.08,16.9312,15.3268,-0.746447,11.3275,-34.8479,0,0,0,0,0,0,2.61814,0.591042,2.42235,0.635909,1.58382,-1.36475
3536,1.768,4,2,4,0,0,0,0,0,0,19.1975,16.8451,15.3858,-0.739377,11.3634,-34.762,0,0,0,0,0,0,2.61347,0.572068,2.41276,0.622719,1.57601,-1.33766
3537,1.7685,4,2,4,0,0,0,0,0,0,19.317,16.7607,15.4465,-0.726609,11.3999,-34.6788,0,0,0,0,0,0,2.61196,0.552325,2.40731,0.613453,1.57085,-1.31443
3538,1.769,4,2,4,0,0,0,0,0,0,19.4359,16.6777,15.5078,-0.710493,11.4376,-34.5947,0,0,0,0,0,0,2.61421,0.532762,2.40473,0.607936,1.56669,-1.2963
3539,1.7695,4,2,4,0,0,0,0,0,0,19.5524,16.5963,15.5687,-0.692775,11.4761,-34.5086,0,0,0,0,0,0,2.61753,0.512386,2.40299,0.604047,1.56297,-1.27913
3540,1.77,4,2,4,0,0,0,0,0,0,19.6674,16.5158,15.63,-0.67342,11.5155,-34.4206,0,0,0,0,0,0,2.62163,0.49362,2.40181,0.603376,1.55907,-1.26582
3541,1.7705,4,2,4,0,0,0,0,0,0,19.7807,16.4345,15.6912,-0.654045,11.5558,-34.3302,0,0,0,0,0,0,2.62691,0.477877,2.40227,0.605627,1.55654,-1.25814
3542,1.771,4,2,4,0,0,0,0,0,0,19.8921,16.3527,15.7505,-0.635917,11.5951,-34.2385,0,0,0,0,0,0,2.63633,0.465744,2.40844,0.614214,1.55834,-1.25805
3543,1.7715,4,2,4,0,0,0,0,0,0,20.0003,16.2687,15.806,-0.621473,11.6319,-34.1428,0,0,0,0,0,0,2.64342,0.457291,2.41321,0.623195,1.55944,-1.25814
3544,1.772,4,2,4,0,0,0,0,0,0,20.1044,16.181,15.8561,-0.613791,11.6647,-34.0398,0,0,0,0,0,0,2.64997,0.451381,2.41791,0.633544,1.56079,-1.25939
3545,1.7725,4,2,4,0,0,0,0,0,0,20.2051,16.0902,15.9005,-0.613402,11.6928,-33.9309,0,0,0,0,0,0,2.65759,0.447334,2.42536,0.644549,1.56482,-1.261
3546,1.773,4,2,4,0,0,0,0,0,0,20.3033,15.9965,15.9422,-0.61772,11.7191,-33.8176,0,0,0,0,0,0,2.66533,0.442491,2.43239,0.653263,1.56834,-1.26069
3547,1.7735,4,2,4,0,0,0,0,0,0,20.4002,15.9016,15.9838,-0.623211,11.7459,-33.7035,0,0,0,0,0,0,2.6742,0.435403,2.43913,0.659787,1.57115,-1.25896
3548,1.774,4,2,4,0,0,0,0,0,0,20.4976,15.8054,16.0259,-0.62922,11.773,-33.591,0,0,0,0,0,0,2.68261,0.427515,2.44508,0.664377,1.5734,-1.25479
3549,1.7745,4,2,4,0,0,0,0,0,0,20.5977,15.709,16.0685,-0.634315,11.7993,-33.4843,0,0,0,0,0,0,2.68411,0.415064,2.44496,0.662091,1.57217,-1.24035
3550,1.775,4,2,4,0,0,0,0,0,0,20.7002,15.6141,16.1117,-0.63793,11.825,-33.3844,0,0,0,0,0,0,2.68722,0.399068,2.44626,0.658316,1.5718,-1.22313
3551,1.7755,4,2,4,0,0,0,0,0,0,20.8047,15.5195,16.1557,-0.639367,11.8504,-33.287,0,0,0,0,0,0,2.69228,0.382853,2.44754,0.654805,1.57045,-1.20728
3552,1.776,4,2,4,0,0,0,0,0,0,20.9115,15.4263,16.201,-0.636538,11.8758,-33.1925,0,0,0,0,0,0,2.696,0.364195,2.44649,0.648866,1.56728,-1.18755
3553,1.7765,4,2,4,0,0,0,0,0,0,21.0205,15.3351,16.2485,-0.629264,11.9022,-33.1013,0,0,0,0,0,0,2.70012,0.34652,2.44651,0.644204,1.56519,-1.1699
3554,1.777,4,2,4,0,0,0,0,0,0,21.1308,15.2455,16.2983,-0.618114,11.9303,-33.0131,0,0,0,0,0,0,2.70354,0.331784,2.44663,0.64001,1.56356,-1.15403
3555,1.7775,4,2,4,0,0,0,0,0,0,21.2412,15.156,16.3487,-0.606115,11.9593,-32.9257,0,0,0,0,0,0,2.70748,0.317318,2.44851,0.640293,1.56322,-1.14133
3556,1.778,4,2,4,0,0,0,0,0,0,21.351,15.0658,16.3981,-0.595167,11.9872,-32.8365,0,0,0,0,0,0,2.71391,0.305004,2.45317,0.643897,1.56483,-1.134
3557,1.7785,4,2,4,0,0,0,0,0,0,21.4601,14.975,16.4461,-0.585484,12.0141,-32.7453,0,0,0,0,0,0,2.71987,0.296086,2.45686,0.647608,1.5658,-1.12919
3558,1.779,4,2,4,0,0,0,0,0,0,21.5685,14.8828,16.4921,-0.578243,12.0392,-32.6511,0,0,0,0,0,0,2.72531,0.286653,2.4606,0.650344,1.56683,-1.12213
3559,1.7795,4,2,4,0,0,0,0,0,0,21.6741,14.7874,16.5358,-0.574887,12.063,-32.5497,0,0,0,0,0,0,2.73065,0.277893,2.46276,0.653174,1.56609,-1.11691
3560,1.78,4,2,4,0,0,0,0,0,0,21.7766,14.6895,16.5781,-0.574004,12.0865,-32.4426,0,0,0,0,0,0,2.73517,0.269477,2.46248,0.654834,1.5631,-1.11197
3561,1.7805,4,2,4,0,0,0,0,0,0,21.8763,14.5902,16.6202,-0.57341,12.1109,-32.3325,0,0,0,0,0,0,2.73948,0.259513,2.46251,0.65459,1.56082,-1.10497
3562,1.781,4,2,4,0,0,0,0,0,0,21.9745,14.4901,16.663,-0.571557,12.1364,-32.2212,0,0,0,0,0,0,2.74392,0.248565,2.46221,0.652671,1.55847,-1.09626
3563,1.7815,4,2,4,0,0,0,0,0,0,22.0715,14.3893,16.7066,-0.56875,12.163,-32.1085,0,0,0,0,0,0,2.74916,0.235947,2.46297,0.651653,1.55687,-1.08699
3564,1.782,4,2,4,0,0,0,0,0,0,22.1674,14.2879,16.7494,-0.566291,12.1894,-31.9947,0,0,0,0,0,0,2.75434,0.221768,2.46545,0.652881,1.55682,-1.07602
3565,1.7825,4,2,4,0,0,0,0,0,0,22.2631,14.1871,16.7918,-0.563177,12.2157,-31.8833,0,0,0,0,0,0,2.75912,0.207697,2.4674,0.653123,1.55653,-1.06414
3566,1.783,4,2,4,0,0,0,0,0,0,22.3603,14.0875,16.8349,-0.558778,12.242,-31.7774,0,0,0,0,0,0,2.76461,0.193498,2.47058,0.654015,1.55707,-1.05228
3567,1.7835,4,2,4,0,0,0,0,0,0,22.4589,13.9891,16.8795,-0.552678,12.269,-31.6759,0,0,0,0,0,0,2.76817,0.17843,2.47268,0.655498,1.5568,-1.03816
3568,1.784,4,2,4,0,0,0,0,0,0,22.5597,13.8915,16.9249,-0.546349,12.2956,-31.5785,0,0,0,0,0,0,2.76974,0.164843,2.47462,0.657443,1.55697,-1.02382
3569,1.7845,4,2,4,0,0,0,0,0,0,22.6618,13.7939,16.9699,-0.540826,12.3214,-31.4827,0,0,0,0,0,0,2.77286,0.151616,2.47702,0.658281,1.55718,-1.0103
3570,1.785,4,2,4,0,0,0,0,0,0,22.7645,13.696,17.0119,-0.538453,12.3438,-31.3871,0,0,0,0,0,0,2.77882,0.139074,2.47978,0.661396,1.55658,-1.00293
3571,1.7855,4,2,4,0,0,0,0,0,0,22.8677,13.5973,17.0509,-0.538993,12.3632,-31.292,0,0,0,0,0,0,2.78391,0.127548,2.48122,0.663859,1.55517,-0.996343
3572,1.786,4,2,4,0,0,0,0,0,0,22.9709,13.4974,17.0888,-0.540631,12.3814,-31.1952,0,0,0,0,0,0,2.78992,0.116645,2.4827,0.665525,1.55369,-0.991221
3573,1.7865,4,2,4,0,0,0,0,0,0,23.074,13.3956,17.1254,-0.543686,12.3981,-31.0957,0,0,0,0,0,0,2.79544,0.106235,2.48441,0.667189,1.55265,-0.985246
3574,1.787,4,2,4,0,0,0,0,0,0,23.1775,13.2923,17.1616,-0.546305,12.414,-30.9945,0,0,0,0,0,0,2.79861,0.0960237,2.48404,0.666653,1.55046,-0.977084
3575,1.7875,4,2,4,0,0,0,0,0,0,23.2802,13.1883,17.1988,-0.547256,12.431,-30.891,0,0,0,0,0,0,2.80243,0.0850855,2.48424,0.665449,1.5486,-0.96775
3576,1.788,4,2,4,0,0,0,0,0,0,23.382,13.0846,17.2372,-0.546925,12.4497,-30.7872,0,0,0,0,0,0,2.80683,0.0744001,2.48374,0.663691,1.54583,-0.959459
3577,1.7885,4,2,4,0,0,0,0,0,0,23.4827,12.9816,17.2756,-0.545703,12.469,-30.6843,0,0,0,0,0,0,2.81109,0.0617706,2.48324,0.659655,1.54324,-0.94832
3578,1.789,4,2,4,0,0,0,0,0,0,23.5816,12.8776,17.3131,-0.544277,12.4883,-30.5794,0,0,0,0,0,0,2.81548,0.0490711,2.48375,0.6572,1.54157,-0.936467
3579,1.7895,4,2,4,0,0,0,0,0,0,23.6798,12.7733,17.3506,-0.541108,12.5077,-30.4734,0,0,0,0,0,0,2.81956,0.0363649,2.4852,0.656438,1.54078,-0.924744
3580,1.79,4,2,4,0,0,0,0,0,0,23.7775,12.6694,17.3881,-0.53675,12.5274,-30.3671,0,0,0,0,0,0,2.82461,0.0246542,2.48847,0.659797,1.541,-0.916146
3581,1.7905,4,2,4,0,0,0,0,0,0,23.8744,12.5661,17.4251,-0.532937,12.5471,-30.261,0,0,0,0,0,0,2.82886,0.0134885,2.49157,0.663483,1.54127,-0.907221
3582,1.791,4,2,4,0,0,0,0,0,0,23.97,12.4626,17.4622,-0.529893,12.5672,-30.1545,0,0,0,0,0,0,2.83464,0.0031332,2.49614,0.668761,1.54227,-0.901308
3583,1.7915,4,2,4,0,0,0,0,0,0,24.0658,12.3592,17.4989,-0.527429,12.5869,-30.0492,0,0,0,0,0,0,2.83909,-0.00866938,2.49923,0.672564,1.54241,-0.893307
3584,1.792,4,2,4,0,0,0,0,0,0,24.1613,12.2548,17.5348,-0.527087,12.6057,-29.9435,0,0,0,0,0,0,2.84206,-0.0206693,2.49936,0.67295,1.54044,-0.883017
3585,1.7925,4,2,4,0,0,0,0,0,0,24.2569,12.1496,17.5702,-0.528241,12.624,-29.8378,0,0,0,0,0,0,2.84809,-0.0334486,2.50068,0.67429,1.53843,-0.875257
3586,1.793,4,2,4,0,0,0,0,0,0,24.3526,12.0437,17.606,-0.528578,12.6425,-29.7328,0,0,0,0,0,0,2.85316,-0.0477236,2.50032,0.672718,1.53521,-0.864745
3587,1.7935,4,2,4,0,0,0,0,0,0,24.4475,11.9369,17.642,-0.528814,12.6611,-29.6266,0,0,0,0,0,0,2.8549,-0.0614605,2.4986,0.669789,1.53206,-0.85144
3588,1.794,4,2,4,0,0,0,0,0,0,24.5437,11.8293,17.6782,-0.527998,12.6794,-29.5213,0,0,0,0,0,0,2.85591,-0.0741394,2.49889,0.669648,1.53107,-0.838504
3589,1.7945,4,2,4,0,0,0,0,0,0,24.64,11.7207,17.7138,-0.527869,12.697,-29.4151,0,0,0,0,0,0,2.85687,-0.0871247,2.50031,0.669059,1.53137,-0.824263
3590,1.795,4,2,4,0,0,0,0,0,0,24.7357,11.6105,17.7486,-0.528057,12.7138,-29.3076,0,0,0,0,0,0,2.85955,-0.100888,2.50155,0.668643,1.53083,-0.812161
3591,1.7955,4,2,4,0,0,0,0,0,0,24.8317,11.4997,17.7822,-0.527895,12.7291,-29.2004,0,0,0,0,0,0,2.86179,-0.113307,2.50192,0.668256,1.52959,-0.801702
3592,1.796,4,2,4,0,0,0,0,0,0,24.9276,11.3898,17.8137,-0.528391,12.7424,-29.0943,0,0,0,0,0,0,2.86567,-0.125773,2.50227,0.667046,1.52788,-0.791079
3593,1.7965,4,2,4,0,0,0,0,0,0,25.0237,11.2801,17.8436,-0.529629,12.754,-28.9896,0,0,0,0,0,0,2.87111,-0.139649,2.50458,0.670458,1.52678,-0.783656
3594,1.797,4,2,4,0,0,0,0,0,0,25.1191,11.1702,17.8726,-0.531394,12.7648,-28.8847,0,0,0,0,0,0,2.87749,-0.153463,2.50805,0.675587,1.52628,-0.77852
3595,1.7975,4,2,4,0,0,0,0,0,0,25.2135,11.0608,17.9006,-0.534579,12.7751,-28.7804,0,0,0,0,0,0,2.88393,-0.165315,2.5106,0.680044,1.52502,-0.774755
3596,1.798,4,2,4,0,0,0,0,0,0,25.3071,10.9513,17.9271,-0.540113,12.7843,-28.6765,0,0,0,0,0,0,2.88971,-0.177219,2.51264,0.682021,1.52379,-0.767468
3597,1.7985,4,2,4,0,0,0,0,0,0,25.4007,10.8414,17.9526,-0.547007,12.7926,-28.5736,0,0,0,0,0,0,2.89404,-0.18884,2.51336,0.681024,1.52226,-0.75736
3598,1.799,4,2,4,0,0,0,0,0,0,25.4945,10.7317,17.9797,-0.551588,12.8022,-28.4714,0,0,0,0,0,0,2.89699,-0.20036,2.51128,0.677295,1.51866,-0.745903
3599,1.7995,4,2,4,0,0,0,0,0,0,25.5882,10.6207,18.0089,-0.554152,12.8137,-28.3677,0,0,0,0,0,0,2.89969,-0.21125,2.50875,0.672578,1.51482,-0.73389
3600,1.8,4,2,4,0,0,0,0,0,0,25.681,10.5086,18.0392,-0.555624,12.8269,-28.2621,0,0,0,0,0,0,2.89973,-0.223893,2.50322,0.666278,1.50916,-0.719614
3601,1.8005,4,2,4,0,0,0,0,0,0,25.7737,10.3962,18.0696,-0.556636,12.8408,-28.1563,0,0,0,0,0,0,2.90193,-0.237465,2.50008,0.66329,1.5046,-0.708383
3602,1.801,4,2,4,0,0,0,0,0,0,25.8654,10.2839,18.0997,-0.557724,12.8552,-28.049,0,0,0,0,0,0,2.90482,-0.250655,2.4997,0.66393,1.50198,-0.698681
3603,1.8015,4,2,4,0,0,0,0,0,0,25.9563,10.1714,18.13,-0.558178,12.8701,-27.9406,0,0,0,0,0,0,2.90796,-0.263637,2.50122,0.666534,1.50056,-0.688503
3604,1.802,4,2,4,0,0,0,0,0,0,26.0458,10.0573,18.1588,-0.560494,12.8838,-27.8288,0,0,0,0,0,0,2.9139,-0.275608,2.50559,0.672246,1.5007,-0.682016
3605,1.8025,4,2,4,0,0,0,0,0,0,26.1354,9.94317,18.1876,-0.561757,12.897,-27.7167,0,0,0,0,0,0,2.91876,-0.286412,2.50873,0.676358,1.50029,-0.676018
3606,1.803,4,2,4,0,0,0,0,0,0,26.2249,9.82876,18.2149,-0.563987,12.9086,-27.6046,0,0,0,0,0,0,2.92459,-0.297962,2.51263,0.679434,1.50069,-0.669792
3607,1.8035,4,2,4,0,0,0,0,0,0,26.314,9.71406,18.2419,-0.566364,12.9197,-27.4924,0,0,0,0,0,0,2.92836,-0.31026,2.5143,0.681354,1.49993,-0.662246
3608,1.804,4,2,4,0,0,0,0,0,0,26.4019,9.59916,18.2673,-0.569706,12.9296,-27.38,0,0,0,0,0,0,2.93071,-0.323835,2.51474,0.681372,1.49861,-0.652568
3609,1.8045,4,2,4,0,0,0,0,0,0,26.4884,9.48402,18.291,-0.573661,12.9381,-27.2677,0,0,0,0,0,0,2.93166,-0.338367,2.51359,0.680272,1.49617,-0.640813
3610,1.805,4,2,4,0,0,0,0,0,0,26.5769,9.36874,18.316,-0.574553,12.9466,-27.1594,0,0,0,0,0,0,2.933,-0.35125,2.51228,0.680989,1.49315,-0.63177
3611,1.8055,4,2,4,0,0,0,0,0,0,26.6641,9.25278,18.3411,-0.575236,12.9557,-27.0503,0,0,0,0,0,0,2.93437,-0.364432,2.50991,0.6795,1.48922,-0.622311
3612,1.806,4,2,4,0,0,0,0,0,0,26.7511,9.1366,18.3658,-0.57627,12.9646,-26.9424,0,0,0,0,0,0,2.93404,-0.379201,2.50633,0.676548,1.48488,-0.609205
3613,1.8065,4,2,4,0,0,0,0,0,0,26.8384,9.02076,18.3881,-0.580251,12.9717,-26.8365,0,0,0,0,0,0,2.93541,-0.393199,2.50479,0.675337,1.48214,-0.597414
3614,1.807,4,2,4,0,0,0,0,0,0,26.9271,8.90569,18.4099,-0.584629,12.9781,-26.7332,0,0,0,0,0,0,2.94052,-0.406897,2.50669,0.676176,1.48122,-0.587775
3615,1.8075,4,2,4,0,0,0,0,0,0,27.0154,8.7902,18.4322,-0.590067,12.9853,-26.629,0,0,0,0,0,0,2.94556,-0.419422,2.50896,0.679873,1.48028,-0.580187
3616,1.808,4,2,4,0,0,0,0,0,0,27.104,8.67437,18.4557,-0.594846,12.9936,-26.5255,0,0,0,0,0,0,2.95154,-0.430449,2.5104,0.684155,1.47779,-0.576593
3617,1.8085,4,2,4,0,0,0,0,0,0,27.1928,8.55825,18.478,-0.601041,13.0009,-26.4224,0,0,0,0,0,0,2.95619,-0.440359,2.50855,0.685842,1.47293,-0.573377
3618,1.809,4,2,4,0,0,0,0,0,0,27.2818,8.44127,18.4988,-0.608602,13.0069,-26.3184,0,0,0,0,0,0,2.96142,-0.449144,2.5047,0.684156,1.46683,-0.57033
3619,1.8095,4,2,4,0,0,0,0,0,0,27.3719,8.32381,18.5183,-0.6173,13.0113,-26.2149,0,0,0,0,0,0,2.96569,-0.45874,2.50449,0.684382,1.46395,-0.564417
3620,1.81,4,2,4,0,0,0,0,0,0,27.4633,8.20582,18.5363,-0.626753,13.0137,-26.1131,0,0,0,0,0,0,2.96831,-0.469437,2.50496,0.685046,1.46194,-0.555675
3621,1.8105,4,2,4,0,0,0,0,0,0,27.5556,8.08701,18.5542,-0.635379,13.0156,-26.0125,0,0,0,0,0,0,2.97221,-0.480909,2.50775,0.68689,1.46147,-0.54676
3622,1.811,4,2,4,0,0,0,0,0,0,27.6466,7.96775,18.5725,-0.643026,13.0182,-25.9105,0,0,0,0,0,0,2.97377,-0.493888,2.50882,0.686764,1.46053,-0.533898
3623,1.8115,4,2,4,0,0,0,0,0,0,27.7344,7.84819,18.5913,-0.649499,13.0222,-25.805,0,0,0,0,0,0,2.97392,-0.507587,2.50948,0.684977,1.46017,-0.516393
3624,1.812,4,2,4,0,0,0,0,0,0,27.8188,7.72836,18.6105,-0.654709,13.0277,-25.6956,0,0,0,0,0,0,2.97408,-0.520575,2.50882,0.681288,1.459,-0.499341
3625,1.8125,4,2,4,0,0,0,0,0,0,27.9006,7.60767,18.6286,-0.660476,13.0331,-25.5839,0,0,0,0,0,0,2.97782,-0.532965,2.50979,0.682423,1.45746,-0.490523
3626,1.813,4,2,4,0,0,0,0,0,0,27.9813,7.48683,18.6469,-0.664697,13.0385,-25.4719,0,0,0,0,0,0,2.9824,-0.545955,2.50992,0.683661,1.4546,-0.48529
3627,1.8135,4,2,4,0,0,0,0,0,0,28.0606,7.36641,18.6651,-0.668646,13.0442,-25.3594,0,0,0,0,0,0,2.98902,-0.559161,2.50931,0.684194,1.45042,-0.482375
3628,1.814,4,2,4,0,0,0,0,0,0,28.1386,7.24676,18.6822,-0.674087,13.0498,-25.2465,0,0,0,0,0,0,2.9927,-0.572335,2.50631,0.683367,1.44464,-0.478104
3629,1.8145,4,2,4,0,0,0,0,0,0,28.216,7.12789,18.6991,-0.679704,13.0558,-25.1346,0,0,0,0,0,0,2.99311,-0.586596,2.50289,0.682645,1.43955,-0.469001
3630,1.815,4,2,4,0,0,0,0,0,0,28.2937,7.00962,18.7177,-0.684032,13.0631,-25.0252,0,0,0,0,0,0,2.99347,-0.600143,2.50048,0.682108,1.43578,-0.45803
3631,1.8155,4,2,4,0,0,0,0,0,0,28.3737,6.89108,18.7382,-0.685879,13.0713,-24.9198,0,0,0,0,0,0,2.996,-0.611531,2.50098,0.684972,1.43376,-0.450398
3632,1.816,4,2,4,0,0,0,0,0,0,28.4545,6.77234,18.7583,-0.688412,13.0794,-24.8156,0,0,0,0,0,0,2.99878,-0.621868,2.50075,0.685989,1.43149,-0.442744
3633,1.8165,4,2,4,0,0,0,0,0,0,28.5344,6.65285,18.7758,-0.694377,13.0864,-24.7094,0,0,0,0,0,0,3.00285,-0.631592,2.50112,0.687231,1.4298,-0.43662
3634,1.817,4,2,4,0,0,0,0,0,0,28.6146,6.53291,18.7918,-0.701401,13.0918,-24.6026,0,0,0,0,0,0,3.00297,-0.642256,2.49908,0.687161,1.427,-0.426654
3635,1.8175,4,2,4,0,0,0,0,0,0,28.6962,6.41203,18.807,-0.708382,13.0959,-24.4969,0,0,0,0,0,0,3.00273,-0.654626,2.49661,0.687203,1.42325,-0.416523
3636,1.818,4,2,4,0,0,0,0,0,0,28.7779,6.28978,18.8221,-0.715093,13.0992,-24.391,0,0,0,0,0,0,3.0047,-0.666943,2.49564,0.686102,1.42038,-0.406656
3637,1.8185,4,2,4,0,0,0,0,0,0,28.8577,6.16681,18.8366,-0.721638,13.1023,-24.2826,0,0,0,0,0,0,3.00816,-0.679559,2.49411,0.684723,1.4164,-0.39955
3638,1.819,4,2,4,0,0,0,0,0,0,28.9364,6.04296,18.8517,-0.726429,13.1056,-24.1728,0,0,0,0,0,0,3.00931,-0.692223,2.48989,0.682582,1.4108,-0.392662
3639,1.8195,4,2,4,0,0,0,0,0,0,29.0138,5.91853,18.8658,-0.732169,13.1083,-24.062,0,0,0,0,0,0,3.00937,-0.706711,2.48624,0.681032,1.40624,-0.384187
3640,1.82,4,2,4,0,0,0,0,0,0,29.0903,5.79456,18.8793,-0.738548,13.1106,-23.9524,0,0,0,0,0,0,3.01,-0.721623,2.48397,0.678498,1.40308,-0.37258
3641,1.8205,4,2,4,0,0,0,0,0,0,29.1679,5.6706,18.8925,-0.743907,13.112,-23.8464,0,0,0,0,0,0,3.01095,-0.734687,2.48372,0.678443,1.40132,-0.362211
3642,1.821,4,2,4,0,0,0,0,0,0,29.2472,5.54692,18.9037,-0.751148,13.1115,-23.7437,0,0,0,0,0,0,3.01311,-0.747231,2.48535,0.681813,1.40031,-0.354136
3643,1.8215,4,2,4,0,0,0,0,0,0,29.3252,5.4242,18.9131,-0.760249,13.1101,-23.6405,0,0,0,0,0,0,3.01795,-0.759329,2.48804,0.683524,1.39958,-0.345835
3644,1.822,4,2,4,0,0,0,0,0,0,29.4014,5.30135,18.922,-0.770081,13.109,-23.5352,0,0,0,0,0,0,3.02174,-0.771527,2.48919,0.682845,1.39814,-0.33637
3645,1.8225,4,2,4,0,0,0,0,0,0,29.4783,5.17811,18.9306,-0.780475,13.1079,-23.4309,0,0,0,0,0,0,3.02435,-0.782664,2.48777,0.681579,1.39482,-0.327007
3646,1.823,4,2,4,0,0,0,0,0,0,29.5553,5.05406,18.9364,-0.794309,13.105,-23.3266,0,0,0,0,0,0,3.02609,-0.793393,2.48433,0.681863,1.38973,-0.320853
3647,1.8235,4,2,4,0,0,0,0,0,0,29.6324,4.92946,18.9418,-0.808109,13.1022,-23.2225,0,0,0,0,0,0,3.02841,-0.803917,2.48086,0.681441,1.38469,-0.316094
3648,1.824,4,2,4,0,0,0,0,0,0,29.7096,4.80388,18.9485,-0.820102,13.1003,-23.1187,0,0,0,0,0,0,3.03082,-0.814934,2.47786,0.680567,1.38025,-0.310062
3649,1.8245,4,2,4,0,0,0,0,0,0,29.7872,4.6781,18.9573,-0.829291,13.0996,-23.0155,0,0,0,0,0,0,3.03142,-0.82705,2.47583,0.681499,1.37692,-0.301896
3650,1.825,4,2,4,0,0,0,0,0,0,29.8644,4.55266,18.9662,-0.838118,13.0987,-22.9124,0,0,0,0,0,0,3.03121,-0.839809,2.47364,0.682169,1.37365,-0.292008
3651,1.8255,4,2,4,0,0,0,0,0,0,29.9404,4.42648,18.9765,-0.844696,13.0986,-22.8083,0,0,0,0,0,0,3.03435,-0.852918,2.47335,0.683436,1.37091,-0.284821
3652,1.826,4,2,4,0,0,0,0,0,0,30.0157,4.30025,18.988,-0.84926,13.0992,-22.7036,0,0,0,0,0,0,3.03648,-0.865715,2.47222,0.684278,1.36758,-0.279271
3653,1.8265,4,2,4,0,0,0,0,0,0,30.0867,4.17359,18.9971,-0.856592,13.0993,-22.5934,0,0,0,0,0,0,3.03597,-0.880059,2.46959,0.681034,1.36419,-0.266389
3654,1.827,4,2,4,0,0,0,0,0,0,30.1545,4.04677,19.0026,-0.868499,13.098,-22.4786,0,0,0,0,0,0,3.03488,-0.894471,2.46614,0.677841,1.36017,-0.254325
3655,1.8275,4,2,4,0,0,0,0,0,0,30.2232,3.92049,19.007,-0.880977,13.0961,-22.3651,0,0,0,0,0,0,3.03243,-0.908115,2.46251,0.676366,1.35614,-0.240648
3656,1.828,4,2,4,0,0,0,0,0,0,30.292,3.79398,19.0109,-0.893621,13.0939,-22.252,0,0,0,0,0,0,3.03193,-0.919428,2.46067,0.677333,1.35279,-0.229649
3657,1.8285,4,2,4,0,0,0,0,0,0,30.3605,3.66699,19.0145,-0.906633,13.0916,-22.1389,0,0,0,0,0,0,3.0335,-0.929238,2.45922,0.678322,1.34945,-0.222763
3658,1.829,4,2,4,0,0,0,0,0,0,30.4305,3.54044,19.0184,-0.918118,13.089,-22.0291,0,0,0,0,0,0,3.03816,-0.939501,2.45927,0.679363,1.34661,-0.217993
3659,1.8295,4,2,4,0,0,0,0,0,0,30.503,3.41512,19.0227,-0.927218,13.0859,-21.9246,0,0,0,0,0,0,3.04099,-0.948349,2.45776,0.680402,1.34308,-0.21267
3660,1.83,4,2,4,0,0,0,0,0,0,30.5767,3.28982,19.0266,-0.935869,13.0823,-21.8229,0,0,0,0,0,0,3.04654,-0.959748,2.45754,0.682411,1.33962,-0.209784
3661,1.8305,4,2,4,0,0,0,0,0,0,30.6529,3.16383,19.033,-0.940836,13.0798,-21.7257,0,0,0,0,0,0,3.05032,-0.972286,2.45463,0.68146,1.33477,-0.205226
3662,1.831,4,2,4,0,0,0,0,0,0,30.7268,3.03771,19.0404,-0.944424,13.0785,-21.6264,0,0,0,0,0,0,3.05096,-0.985199,2.45075,0.6786,1.33047,-0.196002
3663,1.8315,4,2,4,0,0,0,0,0,0,30.7963,2.91145,19.048,-0.947323,13.0785,-21.5223,0,0,0,0,0,0,3.05001,-0.997793,2.44651,0.676965,1.32595,-0.185916
3664,1.832,4,2,4,0,0,0,0,0,0,30.8617,2.78478,19.0541,-0.951501,13.0784,-21.4137,0,0,0,0,0,0,3.04896,-1.01033,2.44302,0.677017,1.32155,-0.175751
3665,1.8325,4,2,4,0,0,0,0,0,0,30.9246,2.6571,19.0581,-0.957751,13.0775,-21.302,0,0,0,0,0,0,3.04686,-1.0226,2.43899,0.676651,1.31655,-0.16423
3666,1.833,4,2,4,0,0,0,0,0,0,30.9848,2.52815,19.0577,-0.970008,13.0748,-21.1861,0,0,0,0,0,0,3.0448,-1.03499,2.43566,0.67615,1.31247,-0.151894
3667,1.8335,4,2,4,0,0,0,0,0,0,31.0468,2.39931,19.0555,-0.984947,13.0708,-21.0724,0,0,0,0,0,0,3.04497,-1.0478,2.43333,0.675396,1.30872,-0.141639
3668,1.834,4,2,4,0,0,0,0,0,0,31.1112,2.27118,19.0553,-0.997173,13.0677,-20.9628,0,0,0,0,0,0,3.04841,-1.05988,2.43203,0.675643,1.30502,-0.136338
3669,1.8345,4,2,4,0,0,0,0,0,0,31.1776,2.14351,19.0574,-1.00668,13.0654,-20.8568,0,0,0,0,0,0,3.05349,-1.07227,2.43216,0.67793,1.30174,-0.133701
3670,1.835,4,2,4,0,0,0,0,0,0,31.2461,2.01617,19.0594,-1.01565,13.0625,-20.7543,0,0,0,0,0,0,3.05739,-1.08427,2.43174,0.680238,1.29837,-0.129437
3671,1.8355,4,2,4,0,0,0,0,0,0,31.3162,1.88902,19.0599,-1.02542,13.0583,-20.655,0,0,0,0,0,0,3.05815,-1.09596,2.42925,0.682446,1.29422,-0.123812
3672,1.836,4,2,4,0,0,0,0,0,0,31.3852,1.76173,19.0597,-1.03512,13.0537,-20.5553,0,0,0,0,0,0,3.05414,-1.10827,2.42296,0.679492,1.28913,-0.11124
3673,1.8365,4,2,4,0,0,0,0,0,0,31.4523,1.63403,19.0592,-1.04425,13.049,-20.4542,0,0,0,0,0,0,3.05388,-1.12049,2.41896,0.67753,1.28496,-0.102085
3674,1.837,4,2,4,0,0,0,0,0,0,31.5182,1.50582,19.0592,-1.05197,13.0442,-20.3521,0,0,0,0,0,0,3.05555,-1.1341,2.41627,0.677414,1.28065,-0.0960836
3675,1.8375,4,2,4,0,0,0,0,0,0,31.582,1.37706,19.0586,-1.06061,13.0388,-20.2472,0,0,0,0,0,0,3.05672,-1.1467,2.41158,0.673726,1.2754,-0.087413
3676,1.838,4,2,4,0,0,0,0,0,0,31.6427,1.24702,19.0555,-1.07252,13.0324,-20.1377,0,0,0,0,0,0,3.05432,-1.15893,2.4049,0.666524,1.27006,-0.0747826
3677,1.8385,4,2,4,0,0,0,0,0,0,31.7015,1.11617,19.0501,-1.0869,13.0252,-20.026,0,0,0,0,0,0,3.05447,-1.17288,2.40159,0.661912,1.2663,-0.0642215
3678,1.839,4,2,4,0,0,0,0,0,0,31.7624,0.986617,19.044,-1.10021,13.0172,-19.9192,0,0,0,0,0,0,3.05648,-1.18565,2.40173,0.664315,1.26343,-0.0602903
3679,1.8395,4,2,4,0,0,0,0,0,0,31.826,0.857318,19.0382,-1.11265,13.009,-19.8164,0,0,0,0,0,0,3.05514,-1.19721,2.40021,0.66762,1.25985,-0.0544377
3680,1.84,4,2,4,0,0,0,0,0,0,31.8894,0.727787,19.0326,-1.12505,13.0014,-19.7138,0,0,0,0,0,0,3.05809,-1.20965,2.40079,0.674453,1.25629,-0.0537867
3681,1.8405,4,2,4,0,0,0,0,0,0,31.9541,0.599602,19.0287,-1.13523,12.9949,-19.6146,0,0,0,0,0,0,3.05908,-1.22064,2.398,0.673906,1.25264,-0.046986
3682,1.841,4,2,4,0,0,0,0,0,0,32.0179,0.472143,19.0236,-1.1474,12.9882,-19.5142,0,0,0,0,0,0,3.05984,-1.23059,2.39556,0.672247,1.24969,-0.0383754
3683,1.8415,4,2,4,0,0,0,0,0,0,32.082,0.345165,19.0166,-1.16186,12.9801,-19.4144,0,0,0,0,0,0,3.05928,-1.24018,2.38994,0.668262,1.24479,-0.0290204
3684,1.842,4,2,4,0,0,0,0,0,0,32.1452,0.217501,19.0111,-1.17378,12.9724,-19.3147,0,0,0,0,0,0,3.06045,-1.25014,2.38518,0.666139,1.23977,-0.0229532
3685,1.8425,4,2,4,0,0,0,0,0,0,32.2073,0.0882636,19.0066,-1.18448,12.9655,-19.2134,0,0,0,0,0,0,3.06153,-1.26282,2.38187,0.665519,1.23523,-0.0165397
3686,1.843,4,2,4,0,0,0,0,0,0,32.2663,-0.0431741,19.0007,-1.19747,12.9584,-19.107,0,0,0,0,0,0,3.0643,-1.27684,2.37913,0.663617,1.23063,-0.0096148
3687,1.8435,4,2,4,0,0,0,0,0,0,32.3244,-0.174738,18.9951,-1.20961,12.9515,-18.9999,0,0,0,0,0,0,3.06368,-1.29007,2.37329,0.658805,1.22475,-0.000324633
3688,1.844,4,2,4,0,0,0,0,0,0,32.383,-0.305561,18.9896,-1.22058,12.9446,-18.8951,0,0,0,0,0,0,3.06176,-1.30229,2.36784,0.654314,1.21958,0.00995591
3689,1.8445,4,2,4,0,0,0,0,0,0,32.4416,-0.436256,18.9825,-1.23295,12.9376,-18.7906,0,0,0,0,0,0,3.06072,-1.31394,2.36464,0.653116,1.21517,0.0183086
3690,1.845,4,2,4,0,0,0,0,0,0,32.5011,-0.565544,18.9764,-1.24365,12.9315,-18.6882,0,0,0,0,0,0,3.06282,-1.32556,2.36367,0.653087,1.21183,0.0248781
3691,1.8455,4,2,4,0,0,0,0,0,0,32.5603,-0.693662,18.9717,-1.25123,12.9263,-18.5874,0,0,0,0,0,0,3.06683,-1.33691,2.3645,0.657386,1.20889,0.0291093
3692,1.846,4,2,4,0,0,0,0,0,0,32.6174,-0.821423,18.9643,-1.26088,12.9197,-18.4856,0,0,0,0,0,0,3.06734,-1.34693,2.36267,0.661838,1.20461,0.034922
3693,1.8465,4,2,4,0,0,0,0,0,0,32.675,-0.948859,18.9542,-1.27317,12.9113,-18.3858,0,0,0,0,0,0,3.06843,-1.35731,2.35941,0.664208,1.19942,0.0398423
3694,1.847,4,2,4,0,0,0,0,0,0,32.7334,-1.07692,18.9432,-1.28635,12.9024,-18.2873,0,0,0,0,0,0,3.06963,-1.36762,2.35584,0.665785,1.19443,0.0435611
3695,1.8475,4,2,4,0,0,0,0,0,0,32.7902,-1.20656,18.9332,-1.29905,12.8947,-18.1871,0,0,0,0,0,0,3.06766,-1.37805,2.34952,0.662027,1.18875,0.0515777
3696,1.848,4,2,4,0,0,0,0,0,0,32.844,-1.3372,18.9244,-1.31133,12.8885,-18.0837,0,0,0,0,0,0,3.06294,-1.38978,2.3398,0.653013,1.18205,0.0629975
3697,1.8485,4,2,4,0,0,0,0,0,0,32.8958,-1.46747,18.9172,-1.31982,12.8832,-17.9809,0,0,0,0,0,0,3.05796,-1.40276,2.33193,0.64621,1.1766,0.0746741
3698,1.849,4,2,4,0,0,0,0,0,0,32.9441,-1.59813,18.9099,-1.32759,12.8784,-17.8758,0,0,0,0,0,0,3.05534,-1.41578,2.32791,0.645264,1.17244,0.082687
3699,1.8495,4,2,4,0,0,0,0,0,0,32.9898,-1.72977,18.8992,-1.33939,12.8728,-17.767,0,0,0,0,0,0,3.05198,-1.42767,2.32396,0.64583,1.16791,0.0913123
3700,1.85,4,2,4,0,0,0,0,0,0,33.0375,-1.86071,18.8879,-1.35016,12.8659,-17.6612,0,0,0,0,0,0,3.04893,-1.43882,2.32095,0.647123,1.16426,0.101279
3701,1.8505,4,2,4,0,0,0,0,0,0,33.085,-1.99017,18.8764,-1.35875,12.8581,-17.556,0,0,0,0,0,0,3.04767,-1.4486,2.31876,0.64922,1.16065,0.109482
3702,1.851,4,2,4,0,0,0,0,0,0,33.1319,-2.11971,18.8649,-1.36607,12.8499,-17.4502,0,0,0,0,0,0,3.04763,-1.45853,2.31624,0.651123,1.15726,0.114905
3703,1.8515,4,2,4,0,0,0,0,0,0,33.1801,-2.25004,18.8508,-1.37593,12.8399,-17.3452,0,0,0,0,0,0,3.04568,-1.46903,2.30859,0.646542,1.15153,0.123404
3704,1.852,4,2,4,0,0,0,0,0,0,33.229,-2.3815,18.8345,-1.38859,12.8284,-17.2406,0,0,0,0,0,0,3.04312,-1.48216,2.30261,0.64332,1.14681,0.133523
3705,1.8525,4,2,4,0,0,0,0,0,0,33.2791,-2.51357,18.8178,-1.40145,12.8158,-17.1372,0,0,0,0,0,0,3.0413,-1.49502,2.29879,0.643597,1.14236,0.139966
3706,1.853,4,2,4,0,0,0,0,0,0,33.3286,-2.64462,18.8018,-1.41287,12.8035,-17.0341,0,0,0,0,0,0,3.04203,-1.50863,2.29575,0.64345,1.13782,0.145432
3707,1.8535,4,2,4,0,0,0,0,0,0,33.3779,-2.77593,18.7871,-1.4228,12.792,-16.9309,0,0,0,0,0,0,3.04007,-1.52113,2.2913,0.639917,1.13399,0.155434
3708,1.854,4,2,4,0,0,0,0,0,0,33.423,-2.90762,18.7725,-1.43401,12.782,-16.822,0,0,0,0,0,0,3.0372,-1.533,2.28712,0.637103,1.13043,0.166409
3709,1.8545,4,2,4,0,0,0,0,0,0,33.4683,-3.03964,18.7567,-1.44685,12.7714,-16.714,0,0,0,0,0,0,3.03485,-1.54417,2.28438,0.636239,1.1275,0.176539
3710,1.855,4,2,4,0,0,0,0,0,0,33.5161,-3.16987,18.7402,-1.45869,12.7599,-16.6114,0,0,0,0,0,0,3.03031,-1.55226,2.27829,0.633275,1.12304,0.187093
3711,1.8555,4,2,4,0,0,0,0,0,0,33.5648,-3.29926,18.7253,-1.46735,12.7494,-16.5107,0,0,0,0,0,0,3.02931,-1.56126,2.27128,0.628102,1.11747,0.194004
3712,1.856,4,2,4,0,0,0,0,0,0,33.6127,-3.42867,18.7125,-1.47313,12.7402,-16.4097,0,0,0,0,0,0,3.03576,-1.57155,2.26972,0.630103,1.11259,0.192213
3713,1.8565,4,2,4,0,0,0,0,0,0,33.6615,-3.55881,18.6994,-1.4802,12.7307,-16.3098,0,0,0,0,0,0,3.04612,-1.58308,2.27233,0.638224,1.10858,0.185588
3714,1.857,4,2,4,0,0,0,0,0,0,33.7124,-3.68924,18.6841,-1.48981,12.7195,-16.2136,0,0,0,0,0,0,3.05085,-1.59229,2.2718,0.642532,1.10406,0.185998
3715,1.8575,4,2,4,0,0,0,0,0,0,33.7646,-3.81976,18.6684,-1.49912,12.7075,-16.1204,0,0,0,0,0,0,3.0507,-1.60104,2.26713,0.640921,1.099,0.192235
3716,1.858,4,2,4,0,0,0,0,0,0,33.8153,-3.94912,18.6531,-1.50744,12.6961,-16.0263,0,0,0,0,0,0,3.04753,-1.61074,2.25865,0.636427,1.09195,0.19914
3717,1.8585,4,2,4,0,0,0,0,0,0,33.8596,-4.07913,18.6365,-1.51763,12.6864,-15.9244,0,0,0,0,0,0,3.04517,-1.62208,2.25154,0.632286,1.08587,0.207505
3718,1.859,4,2,4,0,0,0,0,0,0,33.8991,-4.20987,18.6189,-1.52953,12.6777,-15.8169,0,0,0,0,0,0,3.04108,-1.63464,2.24468,0.627316,1.08023,0.220175
3719,1.8595,4,2,4,0,0,0,0,0,0,33.9371,-4.33915,18.5994,-1.54181,12.6689,-15.7102,0,0,0,0,0,0,3.03806,-1.64616,2.23862,0.624605,1.07483,0.229735
3720,1.86,4,2,4,0,0,0,0,0,0,33.9752,-4.46742,18.5796,-1.5524,12.66,-15.6063,0,0,0,0,0,0,3.03575,-1.65678,2.2336,0.626117,1.06934,0.235128
3721,1.8605,4,2,4,0,0,0,0,0,0,34.013,-4.59504,18.5589,-1.56251,12.6503,-15.503,0,0,0,0,0,0,3.03284,-1.66706,2.22776,0.62907,1.0632,0.237737
3722,1.861,4,2,4,0,0,0,0,0,0,34.0526,-4.72332,18.5387,-1.57048,12.6394,-15.4031,0,0,0,0,0,0,3.02774,-1.67711,2.22035,0.630045,1.05695,0.243137
3723,1.8615,4,2,4,0,0,0,0,0,0,34.0939,-4.85203,18.5178,-1.57883,12.6271,-15.3069,0,0,0,0,0,0,3.02304,-1.68778,2.21407,0.629784,1.05153,0.251102
3724,1.862,4,2,4,0,0,0,0,0,0,34.138,-4.98052,18.496,-1.58749,12.6134,-15.2165,0,0,0,0,0,0,3.01838,-1.69987,2.20853,0.628963,1.0466,0.260959
3725,1.8625,4,2,4,0,0,0,0,0,0,34.181,-5.10882,18.4739,-1.59528,12.5995,-15.1258,0,0,0,0,0,0,3.01286,-1.71105,2.2014,0.626632,1.0409,0.26966
3726,1.863,4,2,4,0,0,0,0,0,0,34.2185,-5.23821,18.4493,-1.60594,12.5851,-15.0273,0,0,0,0,0,0,3.00634,-1.72311,2.19109,0.619671,1.0343,0.279259
3727,1.8635,4,2,4,0,0,0,0,0,0,34.2498,-5.36842,18.4226,-1.61908,12.5706,-14.9202,0,0,0,0,0,0,2.99649,-1.7355,2.17925,0.610225,1.02778,0.29422
3728,1.864,4,2,4,0,0,0,0,0,0,34.2798,-5.49765,18.3954,-1.63262,12.5564,-14.8107,0,0,0,0,0,0,2.99077,-1.74683,2.17151,0.605896,1.02286,0.304702
3729,1.8645,4,2,4,0,0,0,0,0,0,34.3085,-5.62493,18.3656,-1.64791,12.5413,-14.7005,0,0,0,0,0,0,2.98955,-1.75888,2.16801,0.605415,1.0194,0.311624
3730,1.865,4,2,4,0,0,0,0,0,0,34.3379,-5.75132,18.3346,-1.66333,12.5251,-14.5919,0,0,0,0,0,0,2.98402,-1.76836,2.16203,0.602098,1.01584,0.324563
3731,1.8655,4,2,4,0,0,0,0,0,0,34.372,-5.87807,18.3065,-1.67509,12.5086,-14.4886,0,0,0,0,0,0,2.98099,-1.77828,2.15775,0.600692,1.01294,0.334187
3732,1.866,4,2,4,0,0,0,0,0,0,34.4136,-6.00467,18.2822,-1.68371,12.4922,-14.3924,0,0,0,0,0,0,2.98358,-1.78868,2.1588,0.605401,1.01115,0.336397
3733,1.8665,4,2,4,0,0,0,0,0,0,34.4661,-6.13149,18.2633,-1.68974,12.477,-14.3048,0,0,0,0,0,0,2.98996,-1.79849,2.16207,0.61173,1.00932,0.334586
3734,1.867,4,2,4,0,0,0,0,0,0,34.5238,-6.25841,18.2493,-1.69307,12.4638,-14.2216,0,0,0,0,0,0,2.99712,-1.80898,2.16338,0.613619,1.00677,0.336123
3735,1.8675,4,2,4,0,0,0,0,0,0,34.5793,-6.38634,18.237,-1.69595,12.4527,-14.1352,0,0,0,0,0,0,2.99917,-1.81792,2.15989,0.609506,1.00285,0.34495
3736,1.868,4,2,4,0,0,0,0,0,0,34.6304,-6.51563,18.2238,-1.70095,12.4427,-14.0429,0,0,0,0,0,0,3.00342,-1.82736,2.15749,0.607882,0.998779,0.348248
3737,1.8685,4,2,4,0,0,0,0,0,0,34.6765,-6.64441,18.211,-1.70501,12.4342,-13.9448,0,0,0,0,0,0,3.00817,-1.83693,2.15411,0.602003,0.995113,0.353717
3738,1.869,4,2,4,0,0,0,0,0,0,34.7175,-6.7717,18.1989,-1.70851,12.4277,-13.8412,0,0,0,0,0,0,3.01067,-1.84653,2.1511,0.596706,0.991791,0.363246
3739,1.8695,4,2,4,0,0,0,0,0,0,34.7554,-6.89853,18.185,-1.71291,12.4215,-13.7368,0,0,0,0,0,0,3.01144,-1.8556,2.14772,0.594994,0.986989,0.370347
3740,1.87,4,2,4,0,0,0,0,0,0,34.7917,-7.02602,18.1697,-1.71588,12.4145,-13.6359,0,0,0,0,0,0,3.0157,-1.86606,2.14915,0.6026,0.983027,0.368165
3741,1.8705,4,2,4,0,0,0,0,0,0,34.8272,-7.15318,18.1527,-1.71748,12.4062,-13.5395,0,0,0,0,0,0,3.01502,-1.87488,2.14681,0.607322,0.978336,0.369027
3742,1.871,4,2,4,0,0,0,0,0,0,34.8609,-7.27927,18.1346,-1.71884,12.3983,-13.445,0,0,0,0,0,0,3.00678,-1.88231,2.13852,0.606906,0.972063,0.376189
3743,1.8715,4,2,4,0,0,0,0,0,0,34.8898,-7.40589,18.1141,-1.7216,12.3908,-13.3485,0,0,0,0,0,0,2.99633,-1.89023,2.12815,0.604755,0.96473,0.383763
3744,1.872,4,2,4,0,0,0,0,0,0,34.914,-7.53305,18.0898,-1.72668,12.3828,-13.2498,0,0,0,0,0,0,2.98341,-1.89768,2.11466,0.599507,0.956527,0.39278
3745,1.8725,4,2,4,0,0,0,0,0,0,34.9345,-7.66161,18.0614,-1.73421,12.3726,-13.1489,0,0,0,0,0,0,2.96785,-1.90442,2.09778,0.590212,0.947588,0.403824
3746,1.873,4,2,4,0,0,0,0,0,0,34.9527,-7.7889,18.0315,-1.74189,12.3612,-13.046,0,0,0,0,0,0,2.95737,-1.91459,2.08392,0.58442,0.938823,0.409693
3747,1.8735,4,2,4,0,0,0,0,0,0,34.9685,-7.91386,18.0029,-1.74724,12.3501,-12.9396,0,0,0,0,0,0,2.95245,-1.92533,2.07512,0.582106,0.932107,0.413861
3748,1.874,4,2,4,0,0,0,0,0,0,34.9854,-8.03762,17.9739,-1.75267,12.3379,-12.8333,0,0,0,0,0,0,2.94817,-1.93531,2.06861,0.584129,0.925469,0.415267
3749,1.8745,4,2,4,0,0,0,0,0,0,35.0098,-8.16232,17.9457,-1.75654,12.3234,-12.7357,0,0,0,0,0,0,2.93879,-1.94454,2.05979,0.582675,0.919047,0.423001
3750,1.875,4,2,4,0,0,0,0,0,0,35.0383,-8.28572,17.9149,-1.761,12.3055,-12.6452,0,0,0,0,0,0,2.93044,-1.95464,2.05113,0.581399,0.913022,0.429296
3751,1.8755,4,2,4,0,0,0,0,0,0,35.0644,-8.40834,17.8817,-1.7649,12.2856,-12.5564,0,0,0,0,0,0,2.92648,-1.96662,2.0467,0.584482,0.907773,0.431677
3752,1.876,4,2,4,0,0,0,0,0,0,35.0831,-8.53247,17.8435,-1.77187,12.2642,-12.4619,0,0,0,0,0,0,2.92175,-1.97883,2.04067,0.584562,0.902495,0.437593
3753,1.8765,4,2,4,0,0,0,0,0,0,35.0941,-8.65736,17.7993,-1.78285,12.241,-12.3629,0,0,0,0,0,0,2.91371,-1.99028,2.03079,0.579852,0.896952,0.447443
3754,1.877,4,2,4,0,0,0,0,0,0,35.0984,-8.78249,17.7503,-1.79625,12.2161,-12.2598,0,0,0,0,0,0,2.90327,-2.00172,2.02072,0.575906,0.891891,0.458092
3755,1.8775,4,2,4,0,0,0,0,0,0,35.0968,-8.90531,17.6964,-1.81197,12.1898,-12.152,0,0,0,0,0,0,2.88929,-2.01071,2.00564,0.567974,0.884566,0.469579
3756,1.878,4,2,4,0,0,0,0,0,0,35.0918,-9.0256,17.6425,-1.82574,12.1634,-12.0406,0,0,0,0,0,0,2.87902,-2.02078,1.99055,0.559377,0.876814,0.480101
3757,1.8785,4,2,4,0,0,0,0,0,0,35.0893,-9.14547,17.5906,-1.83834,12.1379,-11.9289,0,0,0,0,0,0,2.86726,-2.029,1.97746,0.551881,0.870338,0.494227
3758,1.879,4,2,4,0,0,0,0,0,0,35.0967,-9.26703,17.5468,-1.84531,12.1144,-11.8255,0,0,0,0,0,0,2.86271,-2.03884,1.97003,0.549517,0.864269,0.502358
3759,1.8795,4,2,4,0,0,0,0,0,0,35.1148,-9.38816,17.5116,-1.84763,12.0938,-11.7294,0,0,0,0,0,0,2.86008,-2.04806,1.96479,0.548583,0.859032,0.51062
3760,1.88,4,2,4,0,0,0,0,0,0,35.1435,-9.50871,17.4832,-1.8481,12.076,-11.6382,0,0,0,0,0,0,2.86112,-2.05881,1.96283,0.547021,0.856373,0.520692
3761,1.8805,4,2,4,0,0,0,0,0,0,35.1841,-9.63116,17.4633,-1.8465,12.0624,-11.5494,0,0,0,0,0,0,2.86609,-2.06879,1.96459,0.54703,0.855692,0.52942
3762,1.881,4,2,4,0,0,0,0,0,0,35.239,-9.75612,17.4537,-1.84236,12.0541,-11.4638,0,0,0,0,0,0,2.88504,-2.08046,1.97636,0.554728,0.857739,0.528583
3763,1.8815,4,2,4,0,0,0,0,0,0,35.3068,-9.88382,17.4542,-1.83447,12.0505,-11.3828,0,0,0,0,0,0,2.91071,-2.09231,1.98924,0.561107,0.859503,0.522018
3764,1.882,4,2,4,0,0,0,0,0,0,35.3714,-10.0098,17.4562,-1.82558,12.0492,-11.2996,0,0,0,0,0,0,2.92807,-2.10039,1.99485,0.561555,0.859668,0.520268
3765,1.8825,4,2,4,0,0,0,0,0,0,35.4232,-10.1327,17.4544,-1.81581,12.0481,-11.2099,0,0,0,0,0,0,2.93592,-2.10725,1.99509,0.561254,0.857606,0.520866
3766,1.883,4,2,4,0,0,0,0,0,0,35.4614,-10.2551,17.446,-1.80798,12.0457,-11.1149,0,0,0,0,0,0,2.93589,-2.11262,1.99189,0.561208,0.854365,0.523167
3767,1.8835,4,2,4,0,0,0,0,0,0,35.4949,-10.379,17.432,-1.80125,12.0403,-11.024,0,0,0,0,0,0,2.93237,-2.11906,1.9858,0.561071,0.849289,0.525909
3768,1.884,4,2,4,0,0,0,0,0,0,35.5204,-10.5003,17.41,-1.79853,12.0311,-10.932,0,0,0,0,0,0,2.92678,-2.12853,1.97747,0.558826,0.843197,0.531654
3769,1.8845,4,2,4,0,0,0,0,0,0,35.5392,-10.6191,17.3819,-1.79694,12.0181,-10.8395,0,0,0,0,0,0,2.91703,-2.13584,1.96662,0.557062,0.835674,0.537142
3770,1.885,4,2,4,0,0,0,0,0,0,35.5526,-10.7379,17.3484,-1.79695,12.0021,-10.7458,0,0,0,0,0,0,2.89893,-2.13949,1.94979,0.550587,0.826982,0.548302
3771,1.8855,4,2,4,0,0,0,0,0,0,35.5625,-10.858,17.3068,-1.80257,11.9829,-10.6512,0,0,0,0,0,0,2.88129,-2.14399,1.93201,0.542594,0.818493,0.558657
3772,1.886,4,2,4,0,0,0,0,0,0,35.5714,-10.9792,17.261,-1.81023,11.9617,-10.5559,0,0,0,0,0,0,2.86924,-2.15081,1.91725,0.539837,0.809467,0.559422
3773,1.8865,4,2,4,0,0,0,0,0,0,35.5767,-11.0986,17.2141,-1.81699,11.9393,-10.4564,0,0,0,0,0,0,2.8596,-2.15786,1.90269,0.535484,0.800993,0.560048
3774,1.887,4,2,4,0,0,0,0,0,0,35.5779,-11.2163,17.1686,-1.81981,11.9165,-10.3519,0,0,0,0,0,0,2.84721,-2.16438,1.88927,0.531416,0.794265,0.564722
3775,1.8875,4,2,4,0,0,0,0,0,0,35.5799,-11.3339,17.1261,-1.81689,11.8938,-10.2507,0,0,0,0,0,0,2.8356,-2.17305,1.8775,0.528659,0.787733,0.570767
3776,1.888,4,2,4,0,0,0,0,0,0,35.5847,-11.4529,17.0847,-1.81143,11.8704,-10.1551,0,0,0,0,0,0,2.82481,-2.18174,1.86949,0.530733,0.780994,0.576186
3777,1.8885,4,2,4,0,0,0,0,0,0,35.5895,-11.5696,17.0404,-1.80912,11.8462,-10.06,0,0,0,0,0,0,2.81537,-2.19165,1.86139,0.529508,0.774714,0.583801
3778,1.889,4,2,4,0,0,0,0,0,0,35.5955,-11.6836,16.9948,-1.80824,11.8212,-9.96602,0,0,0,0,0,0,2.8051,-2.19991,1.8526,0.526643,0.768586,0.5941
3779,1.8895,4,2,4,0,0,0,0,0,0,35.6006,-11.796,16.9474,-1.80998,11.7957,-9.87207,0,0,0,0,0,0,2.79779,-2.20762,1.84416,0.524295,0.761836,0.602915
3780,1.89,4,2,4,0,0,0,0,0,0,35.6063,-11.9113,16.8988,-1.81465,11.7698,-9.77945,0,0,0,0,0,0,2.79788,-2.2179,1.83832,0.523138,0.756103,0.606903
3781,1.8905,4,2,4,0,0,0,0,0,0,35.6131,-12.0285,16.8505,-1.82179,11.7452,-9.68574,0,0,0,0,0,0,2.79519,-2.2271,1.82995,0.518379,0.751219,0.613062
3782,1.891,4,2,4,0,0,0,0,0,0,35.6211,-12.1433,16.8072,-1.82475,11.7235,-9.59053,0,0,0,0,0,0,2.79777,-2.23754,1.82335,0.515674,0.745717,0.610725
3783,1.8915,4,2,4,0,0,0,0,0,0,35.6311,-12.2568,16.771,-1.82046,11.7046,-9.49396,0,0,0,0,0,0,2.79915,-2.24539,1.8187,0.513779,0.741917,0.611105
3784,1.892,4,2,4,0,0,0,0,0,0,35.6474,-12.3725,16.7419,-1.80916,11.6875,-9.40207,0,0,0,0,0,0,2.79877,-2.25354,1.81527,0.512849,0.738623,0.616083
3785,1.8925,4,2,4,0,0,0,0,0,0,35.6669,-12.4895,16.7144,-1.79661,11.6714,-9.31369,0,0,0,0,0,0,2.7969,-2.26072,1.81347,0.515831,0.734939,0.620785
3786,1.893,4,2,4,0,0,0,0,0,0,35.6864,-12.606,16.6866,-1.78562,11.6559,-9.22518,0,0,0,0,0,0,2.79589,-2.27111,1.81231,0.517275,0.732735,0.627654
3787,1.8935,4,2,4,0,0,0,0,0,0,35.7033,-12.7213,16.6577,-1.77684,11.6406,-9.13473,0,0,0,0,0,0,2.79207,-2.2816,1.80714,0.514258,0.729932,0.636424
3788,1.894,4,2,4,0,0,0,0,0,0,35.7165,-12.8342,16.626,-1.77054,11.6241,-9.042,0,0,0,0,0,0,2.78692,-2.2893,1.80029,0.511109,0.725781,0.643476
3789,1.8945,4,2,4,0,0,0,0,0,0,35.729,-12.9501,16.5917,-1.7667,11.6061,-8.95055,0,0,0,0,0,0,2.77984,-2.29761,1.79227,0.507518,0.720638,0.649379
3790,1.895,4,2,4,0,0,0,0,0,0,35.7364,-13.0663,16.5513,-1.76996,11.5867,-8.85523,0,0,0,0,0,0,2.77018,-2.30486,1.77883,0.498124,0.714559,0.657892
3791,1.8955,4,2,4,0,0,0,0,0,0,35.7408,-13.1796,16.5105,-1.77241,11.5676,-8.75884,0,0,0,0,0,0,2.76371,-2.31148,1.76904,0.492826,0.709693,0.663109
3792,1.896,4,2,4,0,0,0,0,0,0,35.7451,-13.2908,16.4752,-1.76649,11.5502,-8.66476,0,0,0,0,0,0,2.76406,-2.31876,1.76475,0.494922,0.704791,0.661039
3793,1.8965,4,2,4,0,0,0,0,0,0,35.7493,-13.4018,16.4448,-1.75257,11.5331,-8.5743,0,0,0,0,0,0,2.75687,-2.32465,1.75746,0.494812,0.699826,0.667477
3794,1.897,4,2,4,0,0,0,0,0,0,35.75,-13.5121,16.4132,-1.73804,11.5155,-8.48306,0,0,0,0,0,0,2.74713,-2.33097,1.75099,0.496302,0.695274,0.675463
3795,1.8975,4,2,4,0,0,0,0,0,0,35.7492,-13.6216,16.3796,-1.72415,11.4974,-8.39268,0,0,0,0,0,0,2.74053,-2.33904,1.74577,0.498301,0.690259,0.679972
3796,1.898,4,2,4,0,0,0,0,0,0,35.7489,-13.7298,16.3433,-1.71141,11.4784,-8.30463,0,0,0,0,0,0,2.73289,-2.34617,1.73678,0.495688,0.684669,0.685633
3797,1.8985,4,2,4,0,0,0,0,0,0,35.7499,-13.836,16.3048,-1.69981,11.4581,-8.21814,0,0,0,0,0,0,2.72058,-2.34916,1.72174,0.486679,0.677999,0.694929
3798,1.899,4,2,4,0,0,0,0,0,0,35.7536,-13.9451,16.2649,-1.69089,11.4364,-8.13286,0,0,0,0,0,0,2.7088,-2.35349,1.70926,0.481368,0.670974,0.703172
3799,1.8995,4,2,4,0,0,0,0,0,0,35.754,-14.0546,16.22,-1.68958,11.4134,-8.042,0,0,0,0,0,0,2.70105,-2.35991,1.69827,0.477299,0.664316,0.707557
3800,1.9,4,2,4,0,0,0,0,0,0,35.7545,-14.1633,16.1749,-1.68927,11.3903,-7.95022,0,0,0,0,0,0,2.69746,-2.36853,1.69009,0.474064,0.658432,0.709927
3801,1.9005,4,2,4,0,0,0,0,0,0,35.7596,-14.2712,16.1364,-1.68131,11.3685,-7.86277,0,0,0,0,0,0,2.69527,-2.37571,1.68372,0.472829,0.653665,0.710699
3802,1.901,4,2,4,0,0,0,0,0,0,35.7679,-14.3793,16.1032,-1.66736,11.3487,-7.7766,0,0,0,0,0,0,2.69365,-2.38262,1.67825,0.472563,0.649219,0.712414
3803,1.9015,4,2,4,0,0,0,0,0,0,35.7765,-14.4882,16.0717,-1.65241,11.3301,-7.68795,0,0,0,0,0,0,2.69457,-2.38884,1.67633,0.476867,0.645447,0.711098
3804,1.902,4,2,4,0,0,0,0,0,0,35.7832,-14.5986,16.0401,-1.63833,11.3119,-7.59713,0,0,0,0,0,0,2.6887,-2.39406,1.67142,0.476959,0.642798,0.71822
3805,1.9025,4,2,4,0,0,0,0,0,0,35.7867,-14.7064,16.0075,-1.6246,11.2939,-7.50509,0,0,0,0,0,0,2.67829,-2.40103,1.66363,0.474432,0.640068,0.732062
3806,1.903,4,2,4,0,0,0,0,0,0,35.7915,-14.813,15.9765,-1.60755,11.276,-7.41798,0,0,0,0,0,0,2.67263,-2.40864,1.65898,0.475518,0.63613,0.738272
3807,1.9035,4,2,4,0,0,0,0,0,0,35.7926,-14.9207,15.9418,-1.59393,11.2574,-7.32892,0,0,0,0,0,0,2.66389,-2.41642,1.654,0.476893,0.631777,0.744708
3808,1.904,4,2,4,0,0,0,0,0,0,35.7911,-15.0279,15.8994,-1.58764,11.2365,-7.23631,0,0,0,0,0,0,2.65404,-2.42056,1.64385,0.473509,0.626062,0.750786
3809,1.9045,4,2,4,0,0,0,0,0,0,35.7895,-15.1341,15.8519,-1.58455,11.2126,-7.1437,0,0,0,0,0,0,2.6447,-2.42308,1.63205,0.467098,0.62088,0.758686
3810,1.905,4,2,4,0,0,0,0,0,0,35.7903,-15.2391,15.8036,-1.57824,11.1858,-7.05641,0,0,0,0,0,0,2.63996,-2.42883,1.62312,0.463639,0.615903,0.760931
3811,1.9055,4,2,4,0,0,0,0,0,0,35.7883,-15.3431,15.7555,-1.56833,11.1578,-6.96753,0,0,0,0,0,0,2.63576,-2.43429,1.6125,0.457584,0.610994,0.766432
3812,1.906,4,2,4,0,0,0,0,0,0,35.7836,-15.4472,15.7084,-1.55529,11.1306,-6.87695,0,0,0,0,0,0,2.62816,-2.43915,1.6037,0.455084,0.606652,0.775612
3813,1.9065,4,2,4,0,0,0,0,0,0,35.778,-15.552,15.6611,-1.54158,11.1041,-6.78666,0,0,0,0,0,0,2.61791,-2.44344,1.59352,0.452959,0.601564,0.784921
3814,1.907,4,2,4,0,0,0,0,0,0,35.7713,-15.6533,15.6123,-1.52767,11.0774,-6.69699,0,0,0,0,0,0,2.60689,-2.44761,1.5841,0.452559,0.596744,0.792803
3815,1.9075,4,2,4,0,0,0,0,0,0,35.767,-15.7534,15.5632,-1.51299,11.0503,-6.61145,0,0,0,0,0,0,2.59921,-2.45271,1.57699,0.453907,0.592048,0.797017
3816,1.908,4,2,4,0,0,0,0,0,0,35.764,-15.8545,15.5141,-1.50034,11.0241,-6.52626,0,0,0,0,0,0,2.59197,-2.45899,1.56982,0.453904,0.587243,0.803496
3817,1.9085,4,2,4,0,0,0,0,0,0,35.7599,-15.9568,15.4646,-1.49083,10.9992,-6.43846,0,0,0,0,0,0,2.59096,-2.46823,1.56632,0.455,0.582914,0.806016
3818,1.909,4,2,4,0,0,0,0,0,0,35.7583,-16.0588,15.416,-1.48142,10.9743,-6.35263,0,0,0,0,0,0,2.58918,-2.47361,1.55712,0.448964,0.57765,0.811591
3819,1.9095,4,2,4,0,0,0,0,0,0,35.7622,-16.16,15.3703,-1.46853,10.9485,-6.27251,0,0,0,0,0,0,2.5883,-2.47812,1.54697,0.441788,0.571946,0.814681
3820,1.91,4,2,4,0,0,0,0,0,0,35.7683,-16.2608,15.3261,-1.45399,10.922,-6.19135,0,0,0,0,0,0,2.5879,-2.48526,1.53975,0.438371,0.566957,0.816879
3821,1.9105,4,2,4,0,0,0,0,0,0,35.7745,-16.3646,15.283,-1.43932,10.8947,-6.1071,0,0,0,0,0,0,2.58053,-2.48785,1.52648,0.429916,0.561667,0.825876
3822,1.911,4,2,4,0,0,0,0,0,0,35.7829,-16.4702,15.2427,-1.42221,10.8679,-6.02515,0,0,0,0,0,0,2.57833,-2.49511,1.52096,0.428987,0.557818,0.831194
3823,1.9115,4,2,4,0,0,0,0,0,0,35.7887,-16.5731,15.2036,-1.40351,10.8421,-5.94364,0,0,0,0,0,0,2.57559,-2.50415,1.51793,0.432266,0.554335,0.83314
3824,1.912,4,2,4,0,0,0,0,0,0,35.792,-16.6738,15.164,-1.38412,10.8165,-5.86177,0,0,0,0,0,0,2.56927,-2.5089,1.51226,0.434488,0.550322,0.83407
3825,1.9125,4,2,4,0,0,0,0,0,0,35.7906,-16.7747,15.1201,-1.36889,10.7905,-5.77697,0,0,0,0,0,0,2.56136,-2.51199,1.50567,0.434882,0.546661,0.835585
3826,1.913,4,2,4,0,0,0,0,0,0,35.7865,-16.8754,15.0713,-1.35768,10.7634,-5.69118,0,0,0,0,0,0,2.55322,-2.51609,1.49904,0.435504,0.543508,0.836364
3827,1.9135,4,2,4,0,0,0,0,0,0,35.7811,-16.9739,15.0225,-1.34484,10.736,-5.60877,0,0,0,0,0,0,2.54336,-2.52196,1.4907,0.434523,0.539145,0.838609
3828,1.914,4,2,4,0,0,0,0,0,0,35.7715,-17.0694,14.9769,-1.32843,10.7101,-5.52468,0,0,0,0,0,0,2.53378,-2.52696,1.47961,0.430437,0.534365,0.84214
3829,1.9145,4,2,4,0,0,0,0,0,0,35.7587,-17.1632,14.9327,-1.31032,10.6841,-5.4375,0,0,0,0,0,0,2.52604,-2.53231,1.46906,0.426177,0.529351,0.845566
3830,1.915,4,2,4,0,0,0,0,0,0,35.743,-17.2574,14.8866,-1.29226,10.6563,-5.35003,0,0,0,0,0,0,2.51695,-2.53365,1.45635,0.4217,0.522034,0.848005
3831,1.9155,4,2,4,0,0,0,0,0,0,35.7264,-17.351,14.8376,-1.27543,10.6269,-5.26386,0,0,0,0,0,0,2.50408,-2.53506,1.44311,0.415936,0.515575,0.855694
3832,1.916,4,2,4,0,0,0,0,0,0,35.7131,-17.4434,14.7881,-1.2579,10.5969,-5.18272,0,0,0,0,0,0,2.49242,-2.54041,1.4337,0.412198,0.510716,0.865854
3833,1.9165,4,2,4,0,0,0,0,0,0,35.6992,-17.5336,14.7385,-1.24043,10.5677,-5.10185,0,0,0,0,0,0,2.48502,-2.54701,1.42787,0.412922,0.505651,0.872813
3834,1.917,4,2,4,0,0,0,0,0,0,35.6834,-17.6248,14.6903,-1.22313,10.5403,-5.01847,0,0,0,0,0,0,2.47928,-2.55432,1.42284,0.413875,0.501803,0.878894
3835,1.9175,4,2,4,0,0,0,0,0,0,35.6693,-17.7168,14.6427,-1.20629,10.5143,-4.93743,0,0,0,0,0,0,2.47421,-2.5603,1.41671,0.415496,0.497479,0.879307
3836,1.918,4,2,4,0,0,0,0,0,0,35.6592,-17.8077,14.5952,-1.18991,10.4893,-4.86001,0,0,0,0,0,0,2.46736,-2.56232,1.40647,0.412334,0.492563,0.880464
3837,1.9185,4,2,4,0,0,0,0,0,0,35.6507,-17.8983,14.5504,-1.17004,10.465,-4.78284,0,0,0,0,0,0,2.46385,-2.56661,1.39828,0.410796,0.487389,0.879495
3838,1.919,4,2,4,0,0,0,0,0,0,35.6403,-17.9897,14.5088,-1.14664,10.4411,-4.70203,0,0,0,0,0,0,2.45729,-2.56895,1.3885,0.406209,0.483109,0.885692
3839,1.9195,4,2,4,0,0,0,0,0,0,35.629,-18.084,14.469,-1.12138,10.4161,-4.61957,0,0,0,0,0,0,2.44745,-2.57385,1.37706,0.398435,0.479782,0.898268
3840,1.92,4,2,4,0,0,0,0,0,0,35.6188,-18.1776,14.4284,-1.09696,10.3888,-4.53643,0,0,0,0,0,0,2.44307,-2.58003,1.36878,0.394355,0.475736,0.90395
3841,1.9205,4,2,4,0,0,0,0,0,0,35.6096,-18.2688,14.3843,-1.0753,10.3591,-4.45441,0,0,0,0,0,0,2.43838,-2.58529,1.36252,0.393563,0.470627,0.904108
3842,1.921,4,2,4,0,0,0,0,0,0,35.6015,-18.3584,14.3364,-1.05676,10.3282,-4.37461,0,0,0,0,0,0,2.43041,-2.58841,1.35687,0.394944,0.465949,0.903842
3843,1.9215,4,2,4,0,0,0,0,0,0,35.5915,-18.4481,14.286,-1.04087,10.2974,-4.29496,0,0,0,0,0,0,2.42001,-2.5921,1.34919,0.392986,0.462635,0.910402
3844,1.922,4,2,4,0,0,0,0,0,0,35.5803,-18.5379,14.235,-1.02523,10.2665,-4.21737,0,0,0,0,0,0,2.41134,-2.5958,1.34293,0.391719,0.460231,0.91617
3845,1.9225,4,2,4,0,0,0,0,0,0,35.5705,-18.6258,14.1863,-1.00665,10.2362,-4.14195,0,0,0,0,0,0,2.40472,-2.59888,1.33875,0.392804,0.457761,0.921144
3846,1.923,4,2,4,0,0,0,0,0,0,35.5574,-18.7115,14.1374,-0.986142,10.2057,-4.06398,0,0,0,0,0,0,2.39332,-2.59858,1.32968,0.387512,0.455845,0.933572
3847,1.9235,4,2,4,0,0,0,0,0,0,35.541,-18.7969,14.0892,-0.962461,10.1751,-3.98444,0,0,0,0,0,0,2.38129,-2.59774,1.32006,0.38407,0.452658,0.941959
3848,1.924,4,2,4,0,0,0,0,0,0,35.5246,-18.8831,14.043,-0.934812,10.1448,-3.90772,0,0,0,0,0,0,2.3742,-2.60089,1.31316,0.386274,0.447348,0.941212
3849,1.9245,4,2,4,0,0,0,0,0,0,35.5101,-18.9678,13.9992,-0.904543,10.1152,-3.83187,0,0,0,0,0,0,2.36338,-2.60056,1.30444,0.388188,0.441522,0.943711
3850,1.925,4,2,4,0,0,0,0,0,0,35.4962,-19.0497,13.9548,-0.876392,10.0861,-3.75547,0,0,0,0,0,0,2.35184,-2.59919,1.29165,0.384218,0.43518,0.947505
3851,1.9255,4,2,4,0,0,0,0,0,0,35.4808,-19.1304,13.9057,-0.854421,10.0569,-3.67766,0,0,0,0,0,0,2.34615,-2.60468,1.28106,0.379869,0.429027,0.9524
3852,1.926,4,2,4,0,0,0,0,0,0,35.4662,-19.2131,13.852,-0.837698,10.027,-3.60262,0,0,0,0,0,0,2.3394,-2.61318,1.27222,0.376957,0.423178,0.960009
3853,1.9265,4,2,4,0,0,0,0,0,0,35.4554,-19.2966,13.7965,-0.823378,9.99637,-3.53174,0,0,0,0,0,0,2.33366,-2.62066,1.26386,0.372836,0.418311,0.969629
3854,1.927,4,2,4,0,0,0,0,0,0,35.445,-19.3794,13.7431,-0.808178,9.96677,-3.45953,0,0,0,0,0,0,2.32725,-2.61957,1.25234,0.367501,0.413563,0.97438
3855,1.9275,4,2,4,0,0,0,0,0,0,35.4342,-19.4626,13.6945,-0.78867,9.93862,-3.3845,0,0,0,0,0,0,2.32678,-2.62068,1.24401,0.365334,0.409941,0.971142
3856,1.928,4,2,4,0,0,0,0,0,0,35.4237,-19.5484,13.65,-0.764062,9.91,-3.30797,0,0,0,0,0,0,2.32693,-2.62602,1.23995,0.365801,0.408048,0.967971
3857,1.9285,4,2,4,0,0,0,0,0,0,35.4138,-19.6355,13.605,-0.737599,9.87932,-3.2329,0,0,0,0,0,0,2.31889,-2.62829,1.23361,0.365271,0.405484,0.968172
3858,1.929,4,2,4,0,0,0,0,0,0,35.4028,-19.7204,13.5582,-0.709545,9.84664,-3.15864,0,0,0,0,0,0,2.30973,-2.63216,1.22468,0.364555,0.401576,0.967418
3859,1.9295,4,2,4,0,0,0,0,0,0,35.3874,-19.8021,13.5096,-0.680713,9.81329,-3.08224,0,0,0,0,0,0,2.29973,-2.63646,1.21726,0.365507,0.397588,0.971594
3860,1.93,4,2,4,0,0,0,0,0,0,35.3701,-19.8823,13.4587,-0.654525,9.7802,-3.00374,0,0,0,0,0,0,2.28725,-2.64115,1.21176,0.366524,0.394864,0.98303
3861,1.9305,4,2,4,0,0,0,0,0,0,35.3563,-19.9651,13.406,-0.631026,9.7469,-2.92999,0,0,0,0,0,0,2.27985,-2.64624,1.20659,0.366762,0.39214,0.991751
3862,1.931,4,2,4,0,0,0,0,0,0,35.3402,-20.0456,13.3472,-0.612447,9.71203,-2.85846,0,0,0,0,0,0,2.2723,-2.64694,1.19581,0.363485,0.387127,0.991192
3863,1.9315,4,2,4,0,0,0,0,0,0,35.3186,-20.123,13.2819,-0.598087,9.6755,-2.78582,0,0,0,0,0,0,2.26506,-2.64485,1.18252,0.359181,0.381145,0.988404
3864,1.932,4,2,4,0,0,0,0,0,0,35.2938,-20.1983,13.2143,-0.583502,9.63782,-2.71071,0,0,0,0,0,0,2.25838,-2.64391,1.17122,0.355059,0.376098,0.99031
3865,1.9325,4,2,4,0,0,0,0,0,0,35.2706,-20.2746,13.1507,-0.564092,9.60035,-2.63514,0,0,0,0,0,0,2.25588,-2.64726,1.16475,0.353742,0.371953,0.991958
3866,1.933,4,2,4,0,0,0,0,0,0,35.2509,-20.3511,13.092,-0.539132,9.56382,-2.5631,0,0,0,0,0,0,2.24919,-2.64944,1.15838,0.352462,0.369056,0.997661
3867,1.9335,4,2,4,0,0,0,0,0,0,35.2322,-20.4253,13.0353,-0.51065,9.52795,-2.49319,0,0,0,0,0,0,2.23774,-2.64861,1.15194,0.352069,0.366828,1.00548
3868,1.934,4,2,4,0,0,0,0,0,0,35.2134,-20.4969,12.9774,-0.482542,9.49273,-2.42297,0,0,0,0,0,0,2.22828,-2.64917,1.14357,0.350346,0.363648,1.01001
3869,1.9345,4,2,4,0,0,0,0,0,0,35.1967,-20.5688,12.9192,-0.455614,9.45844,-2.3533,0,0,0,0,0,0,2.22242,-2.65024,1.13555,0.350475,0.35928,1.00919
3870,1.935,4,2,4,0,0,0,0,0,0,35.1844,-20.6439,12.8625,-0.42871,9.42502,-2.2877,0,0,0,0,0,0,2.21776,-2.65341,1.12737,0.350292,0.355359,1.00965
3871,1.9355,4,2,4,0,0,0,0,0,0,35.1755,-20.7194,12.8063,-0.40425,9.39255,-2.22252,0,0,0,0,0,0,2.21522,-2.65645,1.11907,0.348589,0.351191,1.01084
3872,1.936,4,2,4,0,0,0,0,0,0,35.1674,-20.7959,12.7502,-0.382015,9.36036,-2.15541,0,0,0,0,0,0,2.21236,-2.65671,1.10986,0.344184,0.347013,1.0144
3873,1.9365,4,2,4,0,0,0,0,0,0,35.1583,-20.8732,12.691,-0.362014,9.32618,-2.08647,0,0,0,0,0,0,2.20446,-2.65394,1.09796,0.338092,0.342427,1.01976
3874,1.937,4,2,4,0,0,0,0,0,0,35.1502,-20.9527,12.6308,-0.34113,9.28857,-2.01794,0,0,0,0,0,0,2.1919,-2.6523,1.08586,0.332361,0.33914,1.03019
3875,1.9375,4,2,4,0,0,0,0,0,0,35.1424,-21.0326,12.5706,-0.318105,9.2476,-1.95049,0,0,0,0,0,0,2.18608,-2.65677,1.07593,0.329631,0.335173,1.03048
3876,1.938,4,2,4,0,0,0,0,0,0,35.1329,-21.1092,12.5112,-0.292579,9.20528,-1.88309,0,0,0,0,0,0,2.17817,-2.65899,1.07041,0.331644,0.331445,1.03311
3877,1.9385,4,2,4,0,0,0,0,0,0,35.1204,-21.181,12.4508,-0.267149,9.16398,-1.81389,0,0,0,0,0,0,2.1709,-2.66089,1.06608,0.334641,0.328509,1.03687
3878,1.939,4,2,4,0,0,0,0,0,0,35.1088,-21.2532,12.3893,-0.242325,9.12321,-1.74871,0,0,0,0,0,0,2.16329,-2.6636,1.06208,0.33785,0.326374,1.04105
3879,1.9395,4,2,4,0,0,0,0,0,0,35.0959,-21.3255,12.3249,-0.219889,9.08254,-1.68764,0,0,0,0,0,0,2.16039,-2.66693,1.0568,0.341182,0.322147,1.03653
3880,1.94,4,2,4,0,0,0,0,0,0,35.0774,-21.3943,12.2578,-0.199897,9.04295,-1.62461,0,0,0,0,0,0,2.15168,-2.66513,1.04615,0.339553,0.317817,1.03674
3881,1.9405,4,2,4,0,0,0,0,0,0,35.0557,-21.4613,12.1925,-0.177733,9.00497,-1.56076,0,0,0,0,0,0,2.14252,-2.66419,1.03554,0.337436,0.313346,1.03868
3882,1.941,4,2,4,0,0,0,0,0,0,35.0307,-21.527,12.128,-0.154402,8.96775,-1.4952,0,0,0,0,0,0,2.13319,-2.66254,1.02339,0.332144,0.309173,1.04206
3883,1.9415,4,2,4,0,0,0,0,0,0,35.0039,-21.5931,12.0637,-0.130863,8.93097,-1.42918,0,0,0,0,0,0,2.12538,-2.66149,1.0125,0.325627,0.30529,1.04551
3884,1.942,4,2,4,0,0,0,0,0,0,34.9785,-21.6598,12.001,-0.105367,8.89374,-1.36525,0,0,0,0,0,0,2.11973,-2.66401,1.00041,0.318596,0.300947,1.04938
3885,1.9425,4,2,4,0,0,0,0,0,0,34.9553,-21.724,11.9406,-0.078098,8.85658,-1.30317,0,0,0,0,0,0,2.11559,-2.6678,0.992523,0.318444,0.295455,1.04681
3886,1.943,4,2,4,0,0,0,0,0,0,34.9314,-21.7823,11.8805,-0.0512852,8.82036,-1.23877,0,0,0,0,0,0,2.10851,-2.66714,0.984131,0.31885,0.29001,1.04521
3887,1.9435,4,2,4,0,0,0,0,0,0,34.9102,-21.8424,11.8221,-0.0237481,8.78497,-1.17667,0,0,0,0,0,0,2.10373,-2.66761,0.978063,0.318973,0.285591,1.04751
3888,1.944,4,2,4,0,0,0,0,0,0,34.8932,-21.9061,11.764,0.00316908,8.75105,-1.11752,0,0,0,0,0,0,2.10125,-2.67095,0.975882,0.321398,0.283248,1.04633
3889,1.9445,4,2,4,0,0,0,0,0,0,34.8778,-21.9705,11.7034,0.0255844,8.71855,-1.05646,0,0,0,0,0,0,2.09772,-2.67289,0.971453,0.322007,0.281534,1.04911
3890,1.945,4,2,4,0,0,0,0,0,0,34.8612,-22.0352,11.6413,0.0459921,8.68542,-0.993319,0,0,0,0,0,0,2.08621,-2.66869,0.959656,0.317878,0.27982,1.05292
3891,1.9455,4,2,4,0,0,0,0,0,0,34.8428,-22.1003,11.5801,0.0683152,8.65068,-0.927821,0,0,0,0,0,0,2.07412,-2.66238,0.946704,0.31179,0.278336,1.06138
3892,1.946,4,2,4,0,0,0,0,0,0,34.8241,-22.1669,11.5209,0.0938502,8.61427,-0.862558,0,0,0,0,0,0,2.06889,-2.66557,0.940275,0.311202,0.275841,1.06429
3893,1.9465,4,2,4,0,0,0,0,0,0,34.8094,-22.2355,11.4619,0.121551,8.57557,-0.802007,0,0,0,0,0,0,2.06083,-2.66909,0.934523,0.310087,0.273331,1.07072
3894,1.947,4,2,4,0,0,0,0,0,0,34.7939,-22.3006,11.4011,0.149585,8.53499,-0.74342,0,0,0,0,0,0,2.0511,-2.66878,0.925541,0.306702,0.270175,1.07744
3895,1.9475,4,2,4,0,0,0,0,0,0,34.7738,-22.359,11.3364,0.175352,8.49267,-0.683001,0,0,0,0,0,0,2.03831,-2.66415,0.914139,0.304742,0.264862,1.07945
3896,1.948,4,2,4,0,0,0,0,0,0,34.7525,-22.4163,11.2693,0.20007,8.44903,-0.625366,0,0,0,0,0,0,2.02322,-2.6579,0.904392,0.304333,0.25967,1.08389
3897,1.9485,4,2,4,0,0,0,0,0,0,34.7307,-22.4724,11.2005,0.223334,8.40549,-0.57105,0,0,0,0,0,0,2.01391,-2.65848,0.897279,0.30446,0.255449,1.0865
3898,1.949,4,2,4,0,0,0,0,0,0,34.7063,-22.527,11.128,0.24204,8.36349,-0.515295,0,0,0,0,0,0,2.00723,-2.66074,0.889223,0.301676,0.253245,1.09035
3899,1.9495,4,2,4,0,0,0,0,0,0,34.6797,-22.5819,11.0551,0.259032,8.32395,-0.457388,0,0,0,0,0,0,2.00329,-2.65978,0.88277,0.302221,0.250608,1.09087
3900,1.95,4,2,4,0,0,0,0,0,0,34.6547,-22.6383,10.9843,0.277871,8.28588,-0.399252,0,0,0,0,0,0,1.9938,-2.65021,0.872909,0.300873,0.247568,1.09383
3901,1.9505,4,2,4,0,0,0,0,0,0,34.6315,-22.6936,10.9174,0.301251,8.24803,-0.341466,0,0,0,0,0,0,1.99173,-2.64884,0.865614,0.298558,0.244776,1.09367
3902,1.951,4,2,4,0,0,0,0,0,0,34.6093,-22.7492,10.8545,0.32926,8.21109,-0.285628,0,0,0,0,0,0,1.9924,-2.65204,0.859933,0.298859,0.240659,1.08896
3903,1.9515,4,2,4,0,0,0,0,0,0,34.5883,-22.8025,10.7949,0.361304,8.17552,-0.231585,0,0,0,0,0,0,1.99299,-2.65656,0.855889,0.301548,0.236688,1.08385
3904,1.952,4,2,4,0,0,0,0,0,0,34.5671,-22.8528,10.7341,0.392426,8.14118,-0.17608,0,0,0,0,0,0,1.98564,-2.65487,0.846953,0.299575,0.234056,1.08586
3905,1.9525,4,2,4,0,0,0,0,0,0,34.546,-22.9013,10.6714,0.422073,8.10668,-0.121844,0,0,0,0,0,0,1.97835,-2.65515,0.836904,0.296311,0.231196,1.08835
3906,1.953,4,2,4,0,0,0,0,0,0,34.5257,-22.9497,10.6061,0.449015,8.07056,-0.0684219,0,0,0,0,0,0,1.96721,-2.65275,0.827577,0.294866,0.226841,1.08746
3907,1.9535,4,2,4,0,0,0,0,0,0,34.5081,-23.0006,10.5374,0.471327,8.03266,-0.0132133,0,0,0,0,0,0,1.9566,-2.64743,0.817258,0.292231,0.222212,1.08697
3908,1.954,4,2,4,0,0,0,0,0,0,34.4979,-23.0589,10.4683,0.49012,7.99368,0.0422257,0,0,0,0,0,0,1.95082,-2.64487,0.807532,0.287723,0.21965,1.08882
3909,1.9545,4,2,4,0,0,0,0,0,0,34.493,-23.1233,10.4,0.50798,7.95397,0.0969634,0,0,0,0,0,0,1.94899,-2.64582,0.803089,0.286831,0.218295,1.09395
3910,1.955,4,2,4,0,0,0,0,0,0,34.4879,-23.1879,10.3324,0.527417,7.91345,0.150587,0,0,0,0,0,0,1.95066,-2.64995,0.801338,0.28972,0.215971,1.09481
3911,1.9555,4,2,4,0,0,0,0,0,0,34.4769,-23.2489,10.2645,0.55,7.87184,0.20126,0,0,0,0,0,0,1.94369,-2.64962,0.795681,0.290927,0.213382,1.09633
3912,1.956,4,2,4,0,0,0,0,0,0,34.4559,-23.3008,10.194,0.575505,7.82866,0.248815,0,0,0,0,0,0,1.92964,-2.64508,0.784368,0.290712,0.209678,1.09301
3913,1.9565,4,2,4,0,0,0,0,0,0,34.425,-23.3438,10.12,0.601062,7.78555,0.297593,0,0,0,0,0,0,1.91265,-2.63795,0.77222,0.290302,0.20636,1.09173
3914,1.957,4,2,4,0,0,0,0,0,0,34.3925,-23.384,10.0456,0.627338,7.74328,0.344286,0,0,0,0,0,0,1.90193,-2.63745,0.766491,0.291036,0.203288,1.09374
3915,1.9575,4,2,4,0,0,0,0,0,0,34.365,-23.4249,9.97117,0.652968,7.70185,0.389361,0,0,0,0,0,0,1.89518,-2.63617,0.759993,0.290516,0.199662,1.09436
3916,1.958,4,2,4,0,0,0,0,0,0,34.339,-23.4652,9.89618,0.675483,7.66171,0.440153,0,0,0,0,0,0,1.88529,-2.62893,0.750863,0.28797,0.196091,1.1008
3917,1.9585,4,2,4,0,0,0,0,0,0,34.3168,-23.5101,9.82298,0.697352,7.62261,0.492737,0,0,0,0,0,0,1.87619,-2.6188,0.739378,0.283574,0.192693,1.10774
3918,1.959,4,2,4,0,0,0,0,0,0,34.2961,-23.5583,9.74999,0.719391,7.58403,0.543322,0,0,0,0,0,0,1.87208,-2.61487,0.729618,0.278183,0.189828,1.11219
3919,1.9595,4,2,4,0,0,0,0,0,0,34.273,-23.6049,9.67551,0.741979,7.54568,0.593641,0,0,0,0,0,0,1.87128,-2.61644,0.721198,0.27161,0.187884,1.11692
3920,1.96,4,2,4,0,0,0,0,0,0,34.2494,-23.6487,9.60208,0.767164,7.50777,0.641954,0,0,0,0,0,0,1.86894,-2.6178,0.713753,0.269146,0.18551,1.11504
3921,1.9605,4,2,4,0,0,0,0,0,0,34.2275,-23.6918,9.53282,0.796376,7.47074,0.688258,0,0,0,0,0,0,1.86292,-2.61426,0.706988,0.268875,0.18272,1.11432
3922,1.961,4,2,4,0,0,0,0,0,0,34.2079,-23.7327,9.46513,0.825676,7.43475,0.736192,0,0,0,0,0,0,1.85487,-2.6101,0.69955,0.269502,0.179419,1.11368
3923,1.9615,4,2,4,0,0,0,0,0,0,34.1902,-23.7742,9.39658,0.853123,7.39877,0.785762,0,0,0,0,0,0,1.85076,-2.61016,0.693347,0.270846,0.177011,1.11237
3924,1.962,4,2,4,0,0,0,0,0,0,34.1763,-23.8174,9.32553,0.877412,7.36238,0.832388,0,0,0,0,0,0,1.84514,-2.61155,0.690396,0.275235,0.175176,1.11316
3925,1.9625,4,2,4,0,0,0,0,0,0,34.162,-23.8591,9.25087,0.898258,7.32499,0.879969,0,0,0,0,0,0,1.83799,-2.60936,0.683754,0.275262,0.174193,1.11647
3926,1.963,4,2,4,0,0,0,0,0,0,34.1451,-23.9025,9.17229,0.916546,7.28571,0.929891,0,0,0,0,0,0,1.82819,-2.60207,0.671712,0.271336,0.172826,1.11833
3927,1.9635,4,2,4,0,0,0,0,0,0,34.1273,-23.9487,9.09077,0.933333,7.24384,0.979278,0,0,0,0,0,0,1.82178,-2.5975,0.663517,0.271531,0.169459,1.11303
3928,1.964,4,2,4,0,0,0,0,0,0,34.1104,-23.9975,9.00684,0.948294,7.20018,1.02676,0,0,0,0,0,0,1.81777,-2.59465,0.656545,0.271187,0.166514,1.10967
3929,1.9645,4,2,4,0,0,0,0,0,0,34.0954,-24.0457,8.92178,0.962997,7.1557,1.07062,0,0,0,0,0,0,1.81194,-2.59057,0.646748,0.265995,0.163677,1.11299
3930,1.965,4,2,4,0,0,0,0,0,0,34.0785,-24.0895,8.83713,0.979613,7.11128,1.11182,0,0,0,0,0,0,1.80555,-2.5867,0.636344,0.261911,0.160306,1.1153
3931,1.9655,4,2,4,0,0,0,0,0,0,34.0599,-24.1268,8.7534,0.997594,7.06748,1.1534,0,0,0,0,0,0,1.79842,-2.5841,0.627115,0.260174,0.157062,1.11795
3932,1.966,4,2,4,0,0,0,0,0,0,34.0405,-24.1592,8.67015,1.01763,7.02435,1.19478,0,0,0,0,0,0,1.79493,-2.58147,0.620376,0.261923,0.152972,1.11338
3933,1.9665,4,2,4,0,0,0,0,0,0,34.0216,-24.1899,8.58554,1.03774,6.98228,1.23405,0,0,0,0,0,0,1.78941,-2.57618,0.614633,0.264106,0.150093,1.11064
3934,1.967,4,2,4,0,0,0,0,0,0,34.0046,-24.2202,8.49894,1.05636,6.94158,1.27148,0,0,0,0,0,0,1.78585,-2.57149,0.610901,0.265766,0.148267,1.11411
3935,1.9675,4,2,4,0,0,0,0,0,0,33.9868,-24.2513,8.41263,1.07487,6.90258,1.31017,0,0,0,0,0,0,1.78456,-2.56771,0.606282,0.265963,0.14586,1.11611
3936,1.968,4,2,4,0,0,0,0,0,0,33.966,-24.2847,8.32898,1.09542,6.86552,1.35127,0,0,0,0,0,0,1.78141,-2.56272,0.599823,0.264957,0.143859,1.12161
3937,1.9685,4,2,4,0,0,0,0,0,0,33.9442,-24.3195,8.24744,1.11805,6.83036,1.39392,0,0,0,0,0,0,1.77429,-2.5545,0.589522,0.260717,0.141831,1.12461
3938,1.969,4,2,4,0,0,0,0,0,0,33.923,-24.357,8.16849,1.14293,6.79624,1.43486,0,0,0,0,0,0,1.76548,-2.54939,0.5789,0.256733,0.139991,1.12752
3939,1.9695,4,2,4,0,0,0,0,0,0,33.9031,-24.3938,8.09049,1.16834,6.76231,1.47408,0,0,0,0,0,0,1.75911,-2.54668,0.570026,0.255021,0.137574,1.12353
3940,1.97,4,2,4,0,0,0,0,0,0,33.8825,-24.428,8.01219,1.19292,6.72751,1.51486,0,0,0,0,0,0,1.75682,-2.54655,0.563809,0.254996,0.135019,1.11615
3941,1.9705,4,2,4,0,0,0,0,0,0,33.8634,-24.4594,7.93287,1.21655,6.69069,1.55597,0,0,0,0,0,0,1.75137,-2.546,0.55617,0.254209,0.132497,1.11466
3942,1.971,4,2,4,0,0,0,0,0,0,33.8452,-24.4891,7.85061,1.23793,6.65114,1.59557,0,0,0,0,0,0,1.74277,-2.54164,0.547617,0.253654,0.130277,1.11216
3943,1.9715,4,2,4,0,0,0,0,0,0,33.8255,-24.5176,7.76353,1.25521,6.61003,1.63521,0,0,0,0,0,0,1.74019,-2.53942,0.540278,0.254007,0.127459,1.10809
3944,1.972,4,2,4,0,0,0,0,0,0,33.8055,-24.5465,7.67231,1.26878,6.56829,1.67619,0,0,0,0,0,0,1.73492,-2.53451,0.531845,0.252561,0.126242,1.1074
3945,1.9725,4,2,4,0,0,0,0,0,0,33.7875,-24.5801,7.58021,1.28163,6.52602,1.71708,0,0,0,0,0,0,1.72979,-2.5288,0.524609,0.250661,0.125886,1.11062
3946,1.973,4,2,4,0,0,0,0,0,0,33.7723,-24.6153,7.48822,1.29481,6.48385,1.75899,0,0,0,0,0,0,1.72486,-2.52155,0.51591,0.247115,0.125699,1.11481
3947,1.9735,4,2,4,0,0,0,0,0,0,33.7544,-24.6478,7.39532,1.30942,6.44185,1.80131,0,0,0,0,0,0,1.71844,-2.51273,0.509363,0.246065,0.124197,1.1159
3948,1.974,4,2,4,0,0,0,0,0,0,33.7346,-24.6786,7.30264,1.32696,6.40036,1.83961,0,0,0,0,0,0,1.70899,-2.50587,0.502911,0.246686,0.121876,1.12026
3949,1.9745,4,2,4,0,0,0,0,0,0,33.7154,-24.7059,7.21025,1.34671,6.35935,1.87382,0,0,0,0,0,0,1.70216,-2.50037,0.493703,0.24621,0.119096,1.11848
3950,1.975,4,2,4,0,0,0,0,0,0,33.6953,-24.7286,7.11687,1.36576,6.31915,1.90847,0,0,0,0,0,0,1.6967,-2.49694,0.484373,0.245077,0.115236,1.11968
3951,1.9755,4,2,4,0,0,0,0,0,0,33.6768,-24.7472,7.02335,1.38413,6.27962,1.9423,0,0,0,0,0,0,1.6932,-2.49477,0.476574,0.245057,0.111398,1.12118
3952,1.976,4,2,4,0,0,0,0,0,0,33.6598,-24.7643,6.92999,1.40118,6.24118,1.97516,0,0,0,0,0,0,1.68767,-2.4887,0.46793,0.243378,0.107795,1.12227
3953,1.9765,4,2,4,0,0,0,0,0,0,33.642,-24.7809,6.83667,1.41674,6.20426,2.00724,0,0,0,0,0,0,1.68178,-2.48114,0.456026,0.239668,0.104562,1.1214
3954,1.977,4,2,4,0,0,0,0,0,0,33.6228,-24.8007,6.74402,1.43217,6.16917,2.03707,0,0,0,0,0,0,1.67621,-2.47281,0.447729,0.23799,0.101348,1.12167
3955,1.9775,4,2,4,0,0,0,0,0,0,33.6032,-24.8261,6.65488,1.44988,6.13575,2.06478,0,0,0,0,0,0,1.67316,-2.46842,0.442626,0.238924,0.0989892,1.12145
3956,1.978,4,2,4,0,0,0,0,0,0,33.5808,-24.8519,6.56935,1.46922,6.10454,2.09591,0,0,0,0,0,0,1.66976,-2.46492,0.436992,0.23926,0.0975352,1.12225
3957,1.9785,4,2,4,0,0,0,0,0,0,33.555,-24.8764,6.48627,1.48954,6.07369,2.12992,0,0,0,0,0,0,1.66492,-2.46151,0.430468,0.238408,0.0975794,1.12059
3958,1.979,4,2,4,0,0,0,0,0,0,33.5301,-24.8999,6.40242,1.51032,6.04153,2.16131,0,0,0,0,0,0,1.65679,-2.45507,0.424351,0.239086,0.0971526,1.11547
3959,1.9795,4,2,4,0,0,0,0,0,0,33.5081,-24.9208,6.31533,1.53021,6.00781,2.19143,0,0,0,0,0,0,1.65229,-2.45174,0.418722,0.240919,0.0959722,1.10703
3960,1.98,4,2,4,0,0,0,0,0,0,33.491,-24.9405,6.22531,1.5493,5.97251,2.22198,0,0,0,0,0,0,1.64884,-2.44814,0.412746,0.243227,0.0940607,1.10106
3961,1.9805,4,2,4,0,0,0,0,0,0,33.4766,-24.9575,6.13143,1.56606,5.93557,2.25514,0,0,0,0,0,0,1.64948,-2.44346,0.405683,0.243694,0.0925281,1.10021
3962,1.981,4,2,4,0,0,0,0,0,0,33.4662,-24.975,6.0344,1.58048,5.89704,2.28985,0,0,0,0,0,0,1.64976,-2.43627,0.398545,0.242077,0.0914799,1.101
3963,1.9815,4,2,4,0,0,0,0,0,0,33.4582,-24.9958,5.93401,1.592,5.85745,2.32593,0,0,0,0,0,0,1.64831,-2.43022,0.391941,0.238616,0.0906271,1.10496
3964,1.982,4,2,4,0,0,0,0,0,0,33.4493,-25.0206,5.83063,1.60187,5.817,2.3599,0,0,0,0,0,0,1.64664,-2.42343,0.382821,0.234182,0.0889635,1.10445
3965,1.9825,4,2,4,0,0,0,0,0,0,33.4366,-25.0444,5.72607,1.61198,5.77673,2.39347,0,0,0,0,0,0,1.64197,-2.41821,0.372692,0.229249,0.08791,1.1076
3966,1.983,4,2,4,0,0,0,0,0,0,33.4168,-25.0621,5.62125,1.62325,5.73767,2.42728,0,0,0,0,0,0,1.63401,-2.41207,0.363548,0.227782,0.0857712,1.11191
3967,1.9835,4,2,4,0,0,0,0,0,0,33.3917,-25.0745,5.51726,1.63676,5.6996,2.45925,0,0,0,0,0,0,1.62591,-2.40672,0.354759,0.226816,0.0831691,1.1136
3968,1.984,4,2,4,0,0,0,0,0,0,33.3653,-25.0825,5.41537,1.65234,5.66258,2.48866,0,0,0,0,0,0,1.61661,-2.39909,0.347313,0.226381,0.0804671,1.11403
3969,1.9845,4,2,4,0,0,0,0,0,0,33.3406,-25.0879,5.3152,1.66827,5.6276,2.51474,0,0,0,0,0,0,1.60846,-2.39128,0.340797,0.227159,0.0772881,1.11008
3970,1.985,4,2,4,0,0,0,0,0,0,33.3168,-25.0911,5.21693,1.68385,5.59539,2.53809,0,0,0,0,0,0,1.60332,-2.38634,0.332797,0.226087,0.0759581,1.11062
3971,1.9855,4,2,4,0,0,0,0,0,0,33.29,-25.0907,5.11901,1.69851,5.56562,2.56211,0,0,0,0,0,0,1.60054,-2.37964,0.324604,0.225854,0.0738393,1.10512
3972,1.986,4,2,4,0,0,0,0,0,0,33.2624,-25.0896,5.02177,1.71263,5.53772,2.58774,0,0,0,0,0,0,1.59739,-2.36943,0.317208,0.226598,0.071391,1.10504
3973,1.9865,4,2,4,0,0,0,0,0,0,33.2387,-25.0933,4.92521,1.72638,5.51068,2.61349,0,0,0,0,0,0,1.59011,-2.35481,0.308052,0.227359,0.0693294,1.10913
3974,1.987,4,2,4,0,0,0,0,0,0,33.2203,-25.1046,4.82948,1.74053,5.4836,2.63832,0,0,0,0,0,0,1.58695,-2.34209,0.299201,0.225604,0.0681847,1.11239
3975,1.9875,4,2,4,0,0,0,0,0,0,33.2051,-25.1211,4.73385,1.7543,5.45666,2.66568,0,0,0,0,0,0,1.58731,-2.33677,0.291942,0.222774,0.0676998,1.11173
3976,1.988,4,2,4,0,0,0,0,0,0,33.1903,-25.1381,4.63848,1.76809,5.42924,2.69642,0,0,0,0,0,0,1.58767,-2.33428,0.286154,0.221064,0.066988,1.11175
3977,1.9885,4,2,4,0,0,0,0,0,0,33.1758,-25.1537,4.54225,1.78306,5.39948,2.72611,0,0,0,0,0,0,1.58612,-2.33078,0.279592,0.219895,0.0665354,1.10814
3978,1.989,4,2,4,0,0,0,0,0,0,33.1617,-25.1646,4.44324,1.79786,5.36767,2.75506,0,0,0,0,0,0,1.58198,-2.32662,0.272489,0.219,0.0665549,1.10567
3979,1.9895,4,2,4,0,0,0,0,0,0,33.1483,-25.1719,4.34074,1.81178,5.3345,2.7827,0,0,0,0,0,0,1.57936,-2.3229,0.266508,0.218224,0.0667124,1.10392
3980,1.99,4,2,4,0,0,0,0,0,0,33.1345,-25.1768,4.23416,1.82387,5.30042,2.80957,0,0,0,0,0,0,1.57948,-2.32179,0.266395,0.221128,0.0661616,1.09685
3981,1.9905,4,2,4,0,0,0,0,0,0,33.1196,-25.1791,4.12294,1.83349,5.2659,2.83732,0,0,0,0,0,0,1.57054,-2.31212,0.262823,0.223451,0.0652099,1.09412
3982,1.991,4,2,4,0,0,0,0,0,0,33.1021,-25.1792,4.00985,1.84138,5.23113,2.86793,0,0,0,0,0,0,1.55952,-2.29956,0.255858,0.223576,0.0645934,1.09326
3983,1.9915,4,2,4,0,0,0,0,0,0,33.0834,-25.1819,3.89807,1.84959,5.19679,2.89676,0,0,0,0,0,0,1.55133,-2.28778,0.246776,0.221267,0.0637773,1.09515
3984,1.992,4,2,4,0,0,0,0,0,0,33.0651,-25.1889,3.78824,1.85875,5.1636,2.92191,0,0,0,0,0,0,1.54762,-2.2799,0.238142,0.219101,0.0618174,1.096
3985,1.9925,4,2,4,0,0,0,0,0,0,33.0454,-25.1956,3.68035,1.86845,5.13216,2.94555,0,0,0,0,0,0,1.54324,-2.27319,0.228845,0.217207,0.0599545,1.09602
3986,1.993,4,2,4,0,0,0,0,0,0,33.0256,-25.198,3.57335,1.87881,5.10272,2.96929,0,0,0,0,0,0,1.53836,-2.26522,0.217168,0.213166,0.058258,1.09385
3987,1.9935,4,2,4,0,0,0,0,0,0,33.0064,-25.1963,3.46762,1.89099,5.07461,2.99137,0,0,0,0,0,0,1.53773,-2.26005,0.20554,0.211938,0.0551274,1.09127
3988,1.994,4,2,4,0,0,0,0,0,0,32.9879,-25.19,3.36305,1.90445,5.04745,3.01232,0,0,0,0,0,0,1.53985,-2.25269,0.196104,0.212008,0.0519519,1.08854
3989,1.9945,4,2,4,0,0,0,0,0,0,32.9704,-25.1823,3.25843,1.91771,5.02182,3.03156,0,0,0,0,0,0,1.54099,-2.24418,0.190571,0.212731,0.0487616,1.08649
3990,1.995,4,2,4,0,0,0,0,0,0,32.9531,-25.1736,3.15382,1.93018,4.99818,3.05061,0,0,0,0,0,0,1.54039,-2.23577,0.183944,0.212308,0.0471373,1.08682
3991,1.9955,4,2,4,0,0,0,0,0,0,32.936,-25.1644,3.0499,1.94198,4.97648,3.07158,0,0,0,0,0,0,1.54154,-2.22864,0.178143,0.21182,0.0466708,1.08416
3992,1.996,4,2,4,0,0,0,0,0,0,32.919,-25.1564,2.94562,1.95276,4.95649,3.09625,0,0,0,0,0,0,1.5381,-2.21826,0.173931,0.211645,0.0461897,1.08405
3993,1.9965,4,2,4,0,0,0,0,0,0,32.9033,-25.1531,2.84231,1.96404,4.93679,3.12083,0,0,0,0,0,0,1.53501,-2.21211,0.167858,0.208327,0.0476278,1.08673
3994,1.997,4,2,4,0,0,0,0,0,0,32.886,-25.1533,2.73914,1.97629,4.91623,3.14543,0,0,0,0,0,0,1.52737,-2.2034,0.163089,0.205373,0.0495251,1.08866
3995,1.9975,4,2,4,0,0,0,0,0,0,32.8689,-25.1552,2.63392,1.9882,4.89485,3.16947,0,0,0,0,0,0,1.51885,-2.1921,0.158251,0.204708,0.0506385,1.08674
3996,1.998,4,2,4,0,0,0,0,0,0,32.8518,-25.1559,2.52599,1.99934,4.87162,3.19251,0,0,0,0,0,0,1.51274,-2.18155,0.152011,0.203865,0.0511361,1.08707
3997,1.9985,4,2,4,0,0,0,0,0,0,32.8336,-25.1542,2.41579,2.00977,4.84567,3.21454,0,0,0,0,0,0,1.50923,-2.17342,0.145586,0.202759,0.0511275,1.08604
3998,1.999,4,2,4,0,0,0,0,0,0,32.8166,-25.1481,2.30332,2.01854,4.81812,3.23777,0,0,0,0,0,0,1.50406,-2.1644,0.138952,0.202785,0.0495743,1.08251
3999,1.9995,4,2,4,0,0,0,0,0,0,32.8019,-25.1389,2.18856,2.02491,4.78999,3.26285,0,0,0,0,0,0,1.50315,-2.15781,0.130334,0.203132,0.0476617,1.08051
4000,2,4,2,4,0,0,0,0,0,0,32.7892,-25.1279,2.06959,2.02926,4.76233,3.28685,0,0,0,0,0,0,1.50018,-2.14971,0.123002,0.204154,0.0455413,1.07971
4001,2.0005,4,2,4,0,0,0,0,0,0,32.7737,-25.1136,1.9473,2.03274,4.7353,3.31176,0,0,0,0,0,0,1.49496,-2.13744,0.114966,0.205124,0.0439732,1.08156
4002,2.001,4,2,4,0,0,0,0,0,0,32.755,-25.0982,1.82293,2.03615,4.70908,3.33694,0,0,0,0,0,0,1.48883,-2.12464,0.10672,0.206196,0.0428897,1.08719
4003,2.0015,4,2,4,0,0,0,0,0,0,32.7372,-25.0861,1.69918,2.04113,4.68358,3.35819,0,0,0,0,0,0,1.48237,-2.1121,0.0979952,0.205497,0.0427305,1.09706
4004,2.002,4,2,4,0,0,0,0,0,0,32.7206,-25.0765,1.57775,2.04828,4.65889,3.37788,0,0,0,0,0,0,1.47764,-2.10206,0.0900377,0.205559,0.042089,1.09608
4005,2.0025,4,2,4,0,0,0,0,0,0,32.7045,-25.0672,1.45924,2.05712,4.63649,3.39676,0,0,0,0,0,0,1.4755,-2.09644,0.0843958,0.204267,0.0416131,1.09504
4006,2.003,4,2,4,0,0,0,0,0,0,32.6877,-25.0554,1.34373,2.06842,4.61629,3.41237,0,0,0,0,0,0,1.47497,-2.09458,0.0795613,0.202183,0.0409712,1.09242
4007,2.0035,4,2,4,0,0,0,0,0,0,32.6692,-25.0411,1.23168,2.08197,4.59778,3.42428,0,0,0,0,0,0,1.47921,-2.09507,0.0752712,0.201296,0.0394126,1.08117
4008,2.004,4,2,4,0,0,0,0,0,0,32.6477,-25.0216,1.12296,2.09571,4.58093,3.43827,0,0,0,0,0,0,1.47905,-2.08932,0.0690842,0.200669,0.0375871,1.07248
4009,2.0045,4,2,4,0,0,0,0,0,0,32.6247,-24.9986,1.01544,2.10762,4.56606,3.45597,0,0,0,0,0,0,1.47627,-2.08202,0.0629632,0.199625,0.0363992,1.06779
4010,2.005,4,2,4,0,0,0,0,0,0,32.6016,-24.9744,0.908382,2.11762,4.55265,3.47381,0,0,0,0,0,0,1.47393,-2.07134,0.0557339,0.198287,0.0347674,1.06045
4011,2.0055,4,2,4,0,0,0,0,0,0,32.5789,-24.9505,0.800525,2.12637,4.54001,3.49206,0,0,0,0,0,0,1.46894,-2.05773,0.0479907,0.195993,0.0346122,1.05731
4012,2.006,4,2,4,0,0,0,0,0,0,32.5562,-24.9276,0.689756,2.13379,4.52773,3.51365,0,0,0,0,0,0,1.46715,-2.04457,0.0378182,0.19423,0.0345089,1.05626
4013,2.0065,4,2,4,0,0,0,0,0,0,32.5362,-24.9095,0.57668,2.14054,4.51509,3.53648,0,0,0,0,0,0,1.4674,-2.03186,0.0286042,0.193738,0.0350945,1.0553
4014,2.007,4,2,4,0,0,0,0,0,0,32.5203,-24.894,0.461804,2.14685,4.50173,3.56206,0,0,0,0,0,0,1.46356,-2.01475,0.0194595,0.191871,0.0368678,1.05905
4015,2.0075,4,2,4,0,0,0,0,0,0,32.5064,-24.879,0.344373,2.15222,4.48764,3.5902,0,0,0,0,0,0,1.46717,-2.00466,0.0133619,0.190783,0.0384127,1.06539
4016,2.008,4,2,4,0,0,0,0,0,0,32.4935,-24.8636,0.224275,2.15697,4.47234,3.61779,0,0,0,0,0,0,1.46523,-1.99296,0.00666501,0.190122,0.0401718,1.07138
4017,2.0085,4,2,4,0,0,0,0,0,0,32.4824,-24.8488,0.102253,2.162,4.45577,3.64192,0,0,0,0,0,0,1.46278,-1.98377,0.000972589,0.190496,0.0408599,1.07022
4018,2.009,4,2,4,0,0,0,0,0,0,32.4717,-24.8311,-0.0208212,2.1676,4.43863,3.66424,0,0,0,0,0,0,1.45764,-1.97691,-0.0034885,0.191223,0.0413474,1.07002
4019,2.0095,4,2,4,0,0,0,0,0,0,32.4571,-24.8071,-0.144366,2.17338,4.42153,3.68922,0,0,0,0,0,0,1.45116,-1.96808,-0.0076287,0.191838,0.0409202,1.06708
4020,2.01,4,2,4,0,0,0,0,0,0,32.4401,-24.7787,-0.270309,2.17814,4.40478,3.7143,0,0,0,0,0,0,1.44086,-1.95397,-0.0110673,0.193097,0.0393956,1.06401
4021,2.0105,4,2,4,0,0,0,0,0,0,32.424,-24.7504,-0.397918,2.18174,4.38854,3.73517,0,0,0,0,0,0,1.43709,-1.94219,-0.0167784,0.192385,0.0389707,1.06897
4022,2.011,4,2,4,0,0,0,0,0,0,32.4062,-24.7206,-0.525619,2.1841,4.37309,3.7541,0,0,0,0,0,0,1.43531,-1.92828,-0.0240078,0.189986,0.0386912,1.07302
4023,2.0115,4,2,4,0,0,0,0,0,0,32.3855,-24.6918,-0.652664,2.18622,4.3585,3.76865,0,0,0,0,0,0,1.43459,-1.91764,-0.0306311,0.188921,0.0381623,1.07441
4024,2.012,4,2,4,0,0,0,0,0,0,32.3635,-24.6639,-0.777463,2.18908,4.3449,3.78187,0,0,0,0,0,0,1.43601,-1.91154,-0.0386034,0.188596,0.0379031,1.07519
4025,2.0125,4,2,4,0,0,0,0,0,0,32.3424,-24.6366,-0.901239,2.19398,4.33213,3.79436,0,0,0,0,0,0,1.43614,-1.90798,-0.0456167,0.188409,0.0374144,1.07407
4026,2.013,4,2,4,0,0,0,0,0,0,32.3202,-24.6073,-1.02497,2.20117,4.32066,3.80668,0,0,0,0,0,0,1.43922,-1.90414,-0.0545652,0.187126,0.0378028,1.07135
4027,2.0135,4,2,4,0,0,0,0,0,0,32.2982,-24.577,-1.14753,2.21077,4.3105,3.81724,0,0,0,0,0,0,1.43905,-1.89885,-0.0644527,0.185868,0.0378008,1.07129
4028,2.014,4,2,4,0,0,0,0,0,0,32.2762,-24.5447,-1.26816,2.2214,4.30224,3.82861,0,0,0,0,0,0,1.43958,-1.89249,-0.0739496,0.185663,0.037093,1.06608
4029,2.0145,4,2,4,0,0,0,0,0,0,32.2546,-24.5088,-1.38713,2.23193,4.29655,3.84405,0,0,0,0,0,0,1.43734,-1.88077,-0.0818524,0.186364,0.0359912,1.05708
4030,2.015,4,2,4,0,0,0,0,0,0,32.2314,-24.4678,-1.50404,2.24166,4.29289,3.86691,0,0,0,0,0,0,1.43679,-1.87044,-0.0891554,0.185605,0.0360884,1.05422
4031,2.0155,4,2,4,0,0,0,0,0,0,32.2084,-24.4268,-1.61934,2.2507,4.29078,3.89079,0,0,0,0,0,0,1.43555,-1.85745,-0.0937917,0.184255,0.036087,1.05306
4032,2.016,4,2,4,0,0,0,0,0,0,32.1856,-24.3869,-1.73526,2.25837,4.28986,3.91481,0,0,0,0,0,0,1.43227,-1.84274,-0.0973753,0.184297,0.0354871,1.05299
4033,2.0165,4,2,4,0,0,0,0,0,0,32.1617,-24.351,-1.85255,2.26415,4.28916,3.93794,0,0,0,0,0,0,1.42303,-1.82478,-0.104673,0.183125,0.0363236,1.05648
4034,2.017,4,2,4,0,0,0,0,0,0,32.1372,-24.3186,-1.97254,2.26779,4.28759,3.95874,0,0,0,0,0,0,1.41002,-1.80545,-0.112317,0.181275,0.0371318,1.06064
4035,2.0175,4,2,4,0,0,0,0,0,0,32.1141,-24.2865,-2.09454,2.26944,4.28478,3.98075,0,0,0,0,0,0,1.39802,-1.78757,-0.119475,0.179706,0.0378657,1.06187
4036,2.018,4,2,4,0,0,0,0,0,0,32.0926,-24.2536,-2.21806,2.26967,4.28115,4.00584,0,0,0,0,0,0,1.39155,-1.77277,-0.126108,0.178859,0.0386627,1.06353
4037,2.0185,4,2,4,0,0,0,0,0,0,32.0744,-24.2203,-2.34377,2.26986,4.27702,4.02966,0,0,0,0,0,0,1.39173,-1.75981,-0.133486,0.178005,0.0403536,1.065
4038,2.019,4,2,4,0,0,0,0,0,0,32.0613,-24.1875,-2.47227,2.27164,4.27195,4.0503,0,0,0,0,0,0,1.39871,-1.75091,-0.13917,0.178843,0.0420888,1.06585
4039,2.0195,4,2,4,0,0,0,0,0,0,32.0512,-24.1533,-2.60318,2.27468,4.26632,4.07022,0,0,0,0,0,0,1.40365,-1.74346,-0.142293,0.181875,0.0428128,1.06062
4040,2.02,4,2,4,0,0,0,0,0,0,32.0401,-24.1138,-2.73639,2.27852,4.25997,4.09125,0,0,0,0,0,0,1.40917,-1.73871,-0.145754,0.184239,0.0435474,1.05663
4041,2.0205,4,2,4,0,0,0,0,0,0,32.0263,-24.0703,-2.86998,2.28311,4.25314,4.11268,0,0,0,0,0,0,1.41263,-1.73128,-0.147501,0.185112,0.0443212,1.05438
4042,2.021,4,2,4,0,0,0,0,0,0,32.0107,-24.0277,-3.00254,2.28773,4.24751,4.13281,0,0,0,0,0,0,1.4128,-1.72281,-0.152402,0.183868,0.0457669,1.05383
4043,2.0215,4,2,4,0,0,0,0,0,0,31.9948,-23.9847,-3.135,2.29241,4.24376,4.15409,0,0,0,0,0,0,1.41197,-1.71149,-0.158781,0.181654,0.0468467,1.05741
4044,2.022,4,2,4,0,0,0,0,0,0,31.9784,-23.9434,-3.26735,2.29746,4.24129,4.17304,0,0,0,0,0,0,1.41217,-1.70395,-0.165439,0.18073,0.0459819,1.05736
4045,2.0225,4,2,4,0,0,0,0,0,0,31.9587,-23.9003,-3.40014,2.30227,4.23978,4.19136,0,0,0,0,0,0,1.40844,-1.69108,-0.172097,0.179269,0.0446991,1.0584
4046,2.023,4,2,4,0,0,0,0,0,0,31.9343,-23.854,-3.53283,2.30668,4.23928,4.20817,0,0,0,0,0,0,1.40292,-1.67394,-0.180088,0.177479,0.0442115,1.05736
4047,2.0235,4,2,4,0,0,0,0,0,0,31.9056,-23.8058,-3.66336,2.31035,4.24011,4.2254,0,0,0,0,0,0,1.39949,-1.66012,-0.188965,0.175777,0.044089,1.06024
4048,2.024,4,2,4,0,0,0,0,0,0,31.8772,-23.7581,-3.78991,2.31375,4.24256,4.24025,0,0,0,0,0,0,1.39858,-1.65167,-0.198977,0.173899,0.0445318,1.06107
4049,2.0245,4,2,4,0,0,0,0,0,0,31.8501,-23.7092,-3.91254,2.31678,4.24761,4.25475,0,0,0,0,0,0,1.39682,-1.64544,-0.207597,0.172618,0.044483,1.05944
4050,2.025,4,2,4,0,0,0,0,0,0,31.8234,-23.6573,-4.0323,2.32,4.25553,4.27247,0,0,0,0,0,0,1.39402,-1.63542,-0.21731,0.170804,0.0452175,1.05809
4051,2.0255,4,2,4,0,0,0,0,0,0,31.7971,-23.6009,-4.15144,2.32344,4.26598,4.29461,0,0,0,0,0,0,1.38976,-1.62179,-0.224453,0.170558,0.0458629,1.05847
4052,2.026,4,2,4,0,0,0,0,0,0,31.772,-23.5424,-4.26949,2.32754,4.27772,4.31827,0,0,0,0,0,0,1.38861,-1.60627,-0.227667,0.173011,0.0453205,1.0608
4053,2.0265,4,2,4,0,0,0,0,0,0,31.7483,-23.4861,-4.38676,2.33199,4.29045,4.34186,0,0,0,0,0,0,1.38499,-1.58871,-0.232416,0.174214,0.0462763,1.06589
4054,2.027,4,2,4,0,0,0,0,0,0,31.7271,-23.4339,-4.50369,2.33701,4.30324,4.36403,0,0,0,0,0,0,1.38385,-1.57363,-0.235837,0.174102,0.0484033,1.06923
4055,2.0275,4,2,4,0,0,0,0,0,0,31.7089,-23.3874,-4.62239,2.34312,4.31511,4.38344,0,0,0,0,0,0,1.38243,-1.55986,-0.239547,0.173458,0.0505085,1.06842
4056,2.028,4,2,4,0,0,0,0,0,0,31.6925,-23.3416,-4.74366,2.34986,4.32487,4.40304,0,0,0,0,0,0,1.37848,-1.54789,-0.241035,0.170791,0.052799,1.06657
4057,2.0285,4,2,4,0,0,0,0,0,0,31.6785,-23.2947,-4.86855,2.35636,4.33254,4.42537,0,0,0,0,0,0,1.37144,-1.53414,-0.243472,0.16819,0.0543937,1.0659
4058,2.029,4,2,4,0,0,0,0,0,0,31.6657,-23.2466,-4.99655,2.36186,4.33884,4.45075,0,0,0,0,0,0,1.36377,-1.51664,-0.248534,0.16802,0.0545852,1.06805
4059,2.0295,4,2,4,0,0,0,0,0,0,31.6552,-23.1998,-5.12664,2.36655,4.34439,4.47486,0,0,0,0,0,0,1.35758,-1.49907,-0.253534,0.169414,0.0533507,1.06734
4060,2.03,4,2,4,0,0,0,0,0,0,31.6449,-23.1525,-5.25797,2.36991,4.35016,4.49712,0,0,0,0,0,0,1.35287,-1.48439,-0.260015,0.170799,0.0532367,1.0632
4061,2.0305,4,2,4,0,0,0,0,0,0,31.6326,-23.101,-5.39077,2.37229,4.35644,4.5206,0,0,0,0,0,0,1.34841,-1.47106,-0.267046,0.171958,0.0541392,1.05551
4062,2.031,4,2,4,0,0,0,0,0,0,31.619,-23.0454,-5.52636,2.37409,4.3638,4.54802,0,0,0,0,0,0,1.3484,-1.46048,-0.27507,0.171808,0.0567972,1.0486
4063,2.0315,4,2,4,0,0,0,0,0,0,31.6061,-22.9882,-5.66403,2.37599,4.37252,4.57799,0,0,0,0,0,0,1.34837,-1.44538,-0.281944,0.170892,0.059498,1.04903
4064,2.032,4,2,4,0,0,0,0,0,0,31.592,-22.9303,-5.80358,2.37727,4.38326,4.60972,0,0,0,0,0,0,1.34596,-1.42886,-0.287092,0.170672,0.0612313,1.05887
4065,2.0325,4,2,4,0,0,0,0,0,0,31.5755,-22.8733,-5.9437,2.37812,4.39591,4.63769,0,0,0,0,0,0,1.34585,-1.41538,-0.293172,0.170815,0.0624625,1.07632
4066,2.033,4,2,4,0,0,0,0,0,0,31.5573,-22.8187,-6.08238,2.37889,4.40983,4.65892,0,0,0,0,0,0,1.3407,-1.40071,-0.300023,0.17033,0.0638529,1.08956
4067,2.0335,4,2,4,0,0,0,0,0,0,31.5381,-22.7636,-6.21943,2.37974,4.42493,4.67872,0,0,0,0,0,0,1.33438,-1.38916,-0.306402,0.169233,0.0656565,1.09242
4068,2.034,4,2,4,0,0,0,0,0,0,31.5175,-22.7053,-6.35533,2.38116,4.44088,4.69842,0,0,0,0,0,0,1.33026,-1.37891,-0.309671,0.167632,0.0662263,1.09317
4069,2.0345,4,2,4,0,0,0,0,0,0,31.4965,-22.6439,-6.49104,2.38312,4.45798,4.71714,0,0,0,0,0,0,1.32522,-1.36862,-0.31218,0.164249,0.0666793,1.09206
4070,2.035,4,2,4,0,0,0,0,0,0,31.4765,-22.5811,-6.62615,2.38569,4.47603,4.73317,0,0,0,0,0,0,1.32582,-1.362,-0.315476,0.162061,0.0664137,1.08898
4071,2.0355,4,2,4,0,0,0,0,0,0,31.4583,-22.518,-6.75965,2.38831,4.49564,4.74899,0,0,0,0,0,0,1.32558,-1.35479,-0.319288,0.160153,0.0660965,1.08203
4072,2.036,4,2,4,0,0,0,0,0,0,31.4401,-22.4523,-6.89014,2.39097,4.51666,4.76834,0,0,0,0,0,0,1.32085,-1.34454,-0.323321,0.15875,0.0660253,1.07514
4073,2.0365,4,2,4,0,0,0,0,0,0,31.4215,-22.3832,-7.01686,2.39438,4.53875,4.79156,0,0,0,0,0,0,1.32299,-1.33435,-0.329743,0.160195,0.0656974,1.06975
4074,2.037,4,2,4,0,0,0,0,0,0,31.4039,-22.3126,-7.14009,2.3997,4.56144,4.81654,0,0,0,0,0,0,1.32612,-1.32202,-0.339448,0.164232,0.0660003,1.06459
4075,2.0375,4,2,4,0,0,0,0,0,0,31.3872,-22.2425,-7.26164,2.4072,4.58521,4.84423,0,0,0,0,0,0,1.32726,-1.30506,-0.350297,0.167602,0.0673832,1.06062
4076,2.038,4,2,4,0,0,0,0,0,0,31.3716,-22.1757,-7.38253,2.41572,4.6104,4.87426,0,0,0,0,0,0,1.32778,-1.28604,-0.359717,0.168576,0.0703282,1.06071
4077,2.0385,4,2,4,0,0,0,0,0,0,31.3567,-22.115,-7.50299,2.42487,4.6366,4.90415,0,0,0,0,0,0,1.32651,-1.26573,-0.367575,0.169507,0.0728286,1.0652
4078,2.039,4,2,4,0,0,0,0,0,0,31.3408,-22.0564,-7.62308,2.43389,4.66335,4.93605,0,0,0,0,0,0,1.32196,-1.24852,-0.373333,0.168021,0.0759519,1.07274
4079,2.0395,4,2,4,0,0,0,0,0,0,31.3225,-21.9948,-7.74305,2.44259,4.68893,4.96941,0,0,0,0,0,0,1.319,-1.23233,-0.376238,0.165873,0.0782594,1.08021
4080,2.04,4,2,4,0,0,0,0,0,0,31.3008,-21.9299,-7.86586,2.4504,4.71314,5.00413,0,0,0,0,0,0,1.3088,-1.2114,-0.379154,0.164271,0.0799819,1.08418
4081,2.0405,4,2,4,0,0,0,0,0,0,31.277,-21.8632,-7.99319,2.45662,4.73667,5.03595,0,0,0,0,0,0,1.30153,-1.19353,-0.380957,0.163256,0.0811378,1.08682
4082,2.041,4,2,4,0,0,0,0,0,0,31.2516,-21.7932,-8.1254,2.46078,4.75959,5.06374,0,0,0,0,0,0,1.295,-1.17717,-0.384353,0.161783,0.0827599,1.08784
4083,2.0415,4,2,4,0,0,0,0,0,0,31.2246,-21.7196,-8.26054,2.46252,4.78239,5.09205,0,0,0,0,0,0,1.2923,-1.16192,-0.389811,0.160634,0.0846588,1.09337
4084,2.042,4,2,4,0,0,0,0,0,0,31.1949,-21.6409,-8.39657,2.46202,4.80523,5.12366,0,0,0,0,0,0,1.29145,-1.14905,-0.392764,0.159846,0.0855214,1.09453
4085,2.0425,4,2,4,0,0,0,0,0,0,31.1631,-21.5595,-8.53091,2.45945,4.82838,5.15535,0,0,0,0,0,0,1.28922,-1.13542,-0.39835,0.159934,0.0870414,1.09183
4086,2.043,4,2,4,0,0,0,0,0,0,31.1296,-21.477,-8.66399,2.45637,4.85174,5.18474,0,0,0,0,0,0,1.28362,-1.11974,-0.40549,0.159779,0.0896315,1.08822
4087,2.0435,4,2,4,0,0,0,0,0,0,31.0945,-21.3945,-8.79803,2.45396,4.876,5.21115,0,0,0,0,0,0,1.28599,-1.1066,-0.411544,0.161575,0.0909195,1.08574
4088,2.044,4,2,4,0,0,0,0,0,0,31.0593,-21.3158,-8.9332,2.45221,4.90139,5.23294,0,0,0,0,0,0,1.28737,-1.09178,-0.419264,0.16414,0.0931648,1.08778
4089,2.0445,4,2,4,0,0,0,0,0,0,31.025,-21.2385,-9.06798,2.45166,4.92773,5.25368,0,0,0,0,0,0,1.29194,-1.08178,-0.426698,0.16645,0.0954739,1.08849
4090,2.045,4,2,4,0,0,0,0,0,0,30.9917,-21.1615,-9.20074,2.45244,4.95482,5.27553,0,0,0,0,0,0,1.29567,-1.07289,-0.432959,0.169565,0.0965359,1.09292
4091,2.0455,4,2,4,0,0,0,0,0,0,30.9592,-21.0834,-9.32978,2.45382,4.98252,5.30196,0,0,0,0,0,0,1.29852,-1.06243,-0.438268,0.169607,0.0988531,1.10357
4092,2.046,4,2,4,0,0,0,0,0,0,30.9286,-21.0028,-9.45853,2.45625,5.01123,5.33006,0,0,0,0,0,0,1.31011,-1.05577,-0.441159,0.169349,0.0997612,1.1145
4093,2.0465,4,2,4,0,0,0,0,0,0,30.8996,-20.9222,-9.58936,2.45903,5.04209,5.3568,0,0,0,0,0,0,1.32203,-1.0501,-0.442556,0.167649,0.100178,1.11883
4094,2.047,4,2,4,0,0,0,0,0,0,30.871,-20.8405,-9.72133,2.46209,5.07437,5.38342,0,0,0,0,0,0,1.33041,-1.04389,-0.444012,0.165201,0.100971,1.11737
4095,2.0475,4,2,4,0,0,0,0,0,0,30.8419,-20.7539,-9.85366,2.46629,5.10702,5.41334,0,0,0,0,0,0,1.34235,-1.04173,-0.446856,0.163194,0.102656,1.11188
4096,2.048,4,2,4,0,0,0,0,0,0,30.813,-20.663,-9.98406,2.47082,5.14007,5.45015,0,0,0,0,0,0,1.35246,-1.03807,-0.451812,0.162617,0.10502,1.11486
4097,2.0485,4,2,4,0,0,0,0,0,0,30.7875,-20.5722,-10.1106,2.47476,5.17423,5.4931,0,0,0,0,0,0,1.36466,-1.03255,-0.458642,0.16274,0.107209,1.12104
4098,2.049,4,2,4,0,0,0,0,0,0,30.7643,-20.4822,-10.2332,2.47825,5.20988,5.53874,0,0,0,0,0,0,1.37968,-1.02612,-0.467559,0.164507,0.108505,1.1268
4099,2.0495,4,2,4,0,0,0,0,0,0,30.7434,-20.3959,-10.3545,2.48192,5.24771,5.58153,0,0,0,0,0,0,1.38693,-1.01355,-0.477308,0.165463,0.110854,1.13305
4100,2.05,4,2,4,0,0,0,0,0,0,30.7249,-20.3146,-10.4741,2.48622,5.2872,5.61976,0,0,0,0,0,0,1.39179,-1.00207,-0.483276,0.165342,0.112633,1.13158
4101,2.0505,4,2,4,0,0,0,0,0,0,30.7081,-20.2355,-10.5909,2.4916,5.32781,5.65741,0,0,0,0,0,0,1.3979,-0.992146,-0.487821,0.163916,0.114527,1.13457
4102,2.051,4,2,4,0,0,0,0,0,0,30.6921,-20.1579,-10.7038,2.49822,5.36937,5.69573,0,0,0,0,0,0,1.40058,-0.9804,-0.490812,0.16298,0.11595,1.13752
4103,2.0515,4,2,4,0,0,0,0,0,0,30.6753,-20.0816,-10.8127,2.5054,5.41261,5.73491,0,0,0,0,0,0,1.4028,-0.96982,-0.493782,0.163126,0.116815,1.14048
4104,2.052,4,2,4,0,0,0,0,0,0,30.6592,-20.0059,-10.9205,2.51244,5.45777,5.77145,0,0,0,0,0,0,1.39646,-0.956534,-0.496743,0.164157,0.117803,1.14363
4105,2.0525,4,2,4,0,0,0,0,0,0,30.6433,-19.9297,-11.0316,2.51866,5.50465,5.80287,0,0,0,0,0,0,1.38996,-0.940667,-0.498191,0.164246,0.119358,1.14452
4106,2.053,4,2,4,0,0,0,0,0,0,30.6264,-19.8526,-11.1472,2.52341,5.55209,5.83225,0,0,0,0,0,0,1.38917,-0.92824,-0.496296,0.162476,0.120342,1.13993
4107,2.0535,4,2,4,0,0,0,0,0,0,30.608,-19.7701,-11.2675,2.52782,5.59833,5.86363,0,0,0,0,0,0,1.37653,-0.910309,-0.494716,0.159434,0.121711,1.13213
4108,2.054,4,2,4,0,0,0,0,0,0,30.5894,-19.6836,-11.3919,2.53235,5.64276,5.89892,0,0,0,0,0,0,1.35742,-0.885632,-0.49339,0.156875,0.123094,1.12393
4109,2.0545,4,2,4,0,0,0,0,0,0,30.5743,-19.5966,-11.5193,2.53719,5.6854,5.94015,0,0,0,0,0,0,1.33923,-0.861215,-0.493836,0.154842,0.125128,1.11981
4110,2.055,4,2,4,0,0,0,0,0,0,30.5624,-19.5099,-11.65,2.54234,5.72731,5.98662,0,0,0,0,0,0,1.32068,-0.833556,-0.49807,0.155177,0.127639,1.11587
4111,2.0555,4,2,4,0,0,0,0,0,0,30.5519,-19.4267,-11.7849,2.54767,5.76937,6.03179,0,0,0,0,0,0,1.30537,-0.802869,-0.505156,0.15746,0.130037,1.1161
4112,2.056,4,2,4,0,0,0,0,0,0,30.5426,-19.346,-11.924,2.5543,5.81121,6.07574,0,0,0,0,0,0,1.28967,-0.772873,-0.513005,0.161543,0.131994,1.12365
4113,2.0565,4,2,4,0,0,0,0,0,0,30.5328,-19.2654,-12.0644,2.56179,5.85231,6.12055,0,0,0,0,0,0,1.26805,-0.740445,-0.519236,0.164451,0.133958,1.12787
4114,2.057,4,2,4,0,0,0,0,0,0,30.5225,-19.1841,-12.2045,2.57007,5.8927,6.16947,0,0,0,0,0,0,1.24753,-0.708439,-0.523261,0.165772,0.135732,1.13185
4115,2.0575,4,2,4,0,0,0,0,0,0,30.5114,-19.1019,-12.3429,2.57821,5.93287,6.22345,0,0,0,0,0,0,1.23044,-0.682149,-0.527387,0.166102,0.138132,1.13717
4116,2.058,4,2,4,0,0,0,0,0,0,30.4985,-19.0184,-12.4797,2.58462,5.97404,6.27665,0,0,0,0,0,0,1.21341,-0.65781,-0.531258,0.165659,0.140902,1.13867
4117,2.0585,4,2,4,0,0,0,0,0,0,30.4839,-18.9316,-12.6175,2.58949,6.01701,6.32549,0,0,0,0,0,0,1.19482,-0.634959,-0.534278,0.164411,0.143913,1.14073
4118,2.059,4,2,4,0,0,0,0,0,0,30.4653,-18.8414,-12.755,2.59256,6.06135,6.37179,0,0,0,0,0,0,1.17383,-0.613181,-0.538081,0.163462,0.147764,1.13859
4119,2.0595,4,2,4,0,0,0,0,0,0,30.4407,-18.7443,-12.8905,2.59478,6.10576,6.41892,0,0,0,0,0,0,1.15614,-0.590795,-0.543515,0.163929,0.151136,1.13741
4120,2.06,4,2,4,0,0,0,0,0,0,30.4091,-18.6407,-13.0217,2.59597,6.1498,6.46404,0,0,0,0,0,0,1.14599,-0.569962,-0.546977,0.164397,0.153053,1.14229
4121,2.0605,4,2,4,0,0,0,0,0,0,30.3715,-18.5346,-13.1462,2.59562,6.19345,6.5074,0,0,0,0,0,0,1.13116,-0.547726,-0.550421,0.16447,0.155475,1.14548
4122,2.061,4,2,4,0,0,0,0,0,0,30.3283,-18.426,-13.2649,2.59368,6.23777,6.5497,0,0,0,0,0,0,1.11269,-0.522837,-0.554038,0.163754,0.158137,1.14567
4123,2.0615,4,2,4,0,0,0,0,0,0,30.2813,-18.3175,-13.3809,2.59137,6.28348,6.58781,0,0,0,0,0,0,1.10137,-0.502464,-0.559783,0.164241,0.161455,1.14596
4124,2.062,4,2,4,0,0,0,0,0,0,30.2316,-18.209,-13.4959,2.58996,6.33028,6.62177,0,0,0,0,0,0,1.0924,-0.484133,-0.569365,0.166538,0.166036,1.14247
4125,2.0625,4,2,4,0,0,0,0,0,0,30.1774,-18.0977,-13.6088,2.58964,6.37758,6.65535,0,0,0,0,0,0,1.08311,-0.466899,-0.576199,0.168318,0.169115,1.14126
4126,2.063,4,2,4,0,0,0,0,0,0,30.1205,-17.9825,-13.7202,2.59134,6.42495,6.69396,0,0,0,0,0,0,1.08226,-0.451098,-0.583826,0.171567,0.171322,1.15094
4127,2.0635,4,2,4,0,0,0,0,0,0,30.0607,-17.8645,-13.8291,2.59443,6.47231,6.73848,0,0,0,0,0,0,1.08186,-0.435604,-0.591168,0.174408,0.173431,1.16204
4128,2.064,4,2,4,0,0,0,0,0,0,29.9979,-17.7449,-13.9347,2.59712,6.52049,6.78372,0,0,0,0,0,0,1.09017,-0.425605,-0.59449,0.175067,0.174261,1.17808
4129,2.0645,4,2,4,0,0,0,0,0,0,29.9333,-17.6225,-14.0404,2.59984,6.57053,6.82613,0,0,0,0,0,0,1.09312,-0.415521,-0.592866,0.173283,0.173573,1.18603
4130,2.065,4,2,4,0,0,0,0,0,0,29.8668,-17.4984,-14.1462,2.60282,6.62182,6.86762,0,0,0,0,0,0,1.10186,-0.407581,-0.592561,0.170666,0.173453,1.19279
4131,2.0655,4,2,4,0,0,0,0,0,0,29.7997,-17.3714,-14.2509,2.60627,6.67333,6.9139,0,0,0,0,0,0,1.11181,-0.403288,-0.594112,0.168257,0.174512,1.19696
4132,2.066,4,2,4,0,0,0,0,0,0,29.7352,-17.241,-14.3541,2.61094,6.72441,6.96772,0,0,0,0,0,0,1.11964,-0.395897,-0.596962,0.168001,0.175855,1.20583
4133,2.0665,4,2,4,0,0,0,0,0,0,29.6747,-17.1118,-14.4555,2.61547,6.77651,7.02392,0,0,0,0,0,0,1.1316,-0.388515,-0.602208,0.169729,0.176887,1.21812
4134,2.067,4,2,4,0,0,0,0,0,0,29.6189,-16.9863,-14.553,2.6183,6.82985,7.08064,0,0,0,0,0,0,1.14789,-0.379899,-0.609714,0.172074,0.178534,1.23111
4135,2.0675,4,2,4,0,0,0,0,0,0,29.5697,-16.8656,-14.6518,2.6203,6.88656,7.13564,0,0,0,0,0,0,1.15905,-0.368954,-0.614183,0.173288,0.17967,1.23755
4136,2.068,4,2,4,0,0,0,0,0,0,29.5269,-16.7523,-14.756,2.62275,6.94786,7.18567,0,0,0,0,0,0,1.16928,-0.359761,-0.617168,0.173446,0.18101,1.24282
4137,2.0685,4,2,4,0,0,0,0,0,0,29.4875,-16.6433,-14.8655,2.62607,7.01287,7.23284,0,0,0,0,0,0,1.17637,-0.353841,-0.61764,0.171514,0.183023,1.24237
4138,2.069,4,2,4,0,0,0,0,0,0,29.4519,-16.5372,-14.98,2.63131,7.07993,7.27937,0,0,0,0,0,0,1.18649,-0.347237,-0.61927,0.1708,0.18522,1.2445
4139,2.0695,4,2,4,0,0,0,0,0,0,29.4176,-16.433,-15.0962,2.63747,7.14741,7.32741,0,0,0,0,0,0,1.19492,-0.340849,-0.620938,0.170847,0.186994,1.25259
4140,2.07,4,2,4,0,0,0,0,0,0,29.3841,-16.3294,-15.2124,2.64279,7.21528,7.37447,0,0,0,0,0,0,1.19733,-0.329915,-0.623895,0.171711,0.189142,1.26177
4141,2.0705,4,2,4,0,0,0,0,0,0,29.353,-16.2257,-15.3307,2.64759,7.28376,7.41821,0,0,0,0,0,0,1.20383,-0.319181,-0.626474,0.172475,0.191047,1.27475
4142,2.071,4,2,4,0,0,0,0,0,0,29.3235,-16.1224,-15.4517,2.65124,7.35324,7.45985,0,0,0,0,0,0,1.21311,-0.309209,-0.624811,0.171003,0.191835,1.2839
4143,2.0715,4,2,4,0,0,0,0,0,0,29.2956,-16.0173,-15.5738,2.65505,7.42156,7.50458,0,0,0,0,0,0,1.21627,-0.295923,-0.620314,0.167638,0.192055,1.28828
4144,2.072,4,2,4,0,0,0,0,0,0,29.2698,-15.9082,-15.6957,2.66122,7.48685,7.55705,0,0,0,0,0,0,1.21377,-0.28101,-0.615774,0.163891,0.192537,1.29276
4145,2.0725,4,2,4,0,0,0,0,0,0,29.245,-15.797,-15.8157,2.66862,7.54972,7.61571,0,0,0,0,0,0,1.20827,-0.263573,-0.615264,0.162303,0.194513,1.29433
4146,2.073,4,2,4,0,0,0,0,0,0,29.2209,-15.6858,-15.9331,2.67644,7.61073,7.67833,0,0,0,0,0,0,1.19792,-0.243798,-0.618274,0.163652,0.19717,1.29216
4147,2.0735,4,2,4,0,0,0,0,0,0,29.1971,-15.5738,-16.0487,2.68405,7.67099,7.74342,0,0,0,0,0,0,1.19161,-0.22386,-0.625094,0.168387,0.200417,1.29583
4148,2.074,4,2,4,0,0,0,0,0,0,29.1742,-15.4639,-16.1641,2.69111,7.73169,7.80813,0,0,0,0,0,0,1.18398,-0.201,-0.63205,0.173049,0.203881,1.29926
4149,2.0745,4,2,4,0,0,0,0,0,0,29.1536,-15.3564,-16.2788,2.69782,7.79243,7.87461,0,0,0,0,0,0,1.17599,-0.178312,-0.638407,0.177701,0.206695,1.30436
4150,2.075,4,2,4,0,0,0,0,0,0,29.1327,-15.2494,-16.3907,2.7039,7.85281,7.94281,0,0,0,0,0,0,1.16562,-0.157287,-0.643311,0.181453,0.209916,1.31289
4151,2.0755,4,2,4,0,0,0,0,0,0,29.1082,-15.1422,-16.4985,2.70904,7.91293,8.01142,0,0,0,0,0,0,1.15949,-0.139431,-0.647041,0.18432,0.212338,1.32436
4152,2.076,4,2,4,0,0,0,0,0,0,29.0799,-15.032,-16.6011,2.7133,7.97173,8.0787,0,0,0,0,0,0,1.1534,-0.123351,-0.648055,0.183767,0.215043,1.33445
4153,2.0765,4,2,4,0,0,0,0,0,0,29.0493,-14.9189,-16.7013,2.71697,8.0305,8.14421,0,0,0,0,0,0,1.14586,-0.106057,-0.647002,0.18242,0.217138,1.33994
4154,2.077,4,2,4,0,0,0,0,0,0,29.0152,-14.8043,-16.8,2.71902,8.09029,8.20522,0,0,0,0,0,0,1.1353,-0.0874628,-0.64459,0.180176,0.218981,1.34052
4155,2.0775,4,2,4,0,0,0,0,0,0,28.9768,-14.6866,-16.8965,2.71866,8.15123,8.26101,0,0,0,0,0,0,1.12706,-0.0695085,-0.646878,0.180982,0.221246,1.34328
4156,2.078,4,2,4,0,0,0,0,0,0,28.9337,-14.5653,-16.987,2.71577,8.21142,8.31661,0,0,0,0,0,0,1.11769,-0.0509753,-0.649794,0.181074,0.22409,1.34431
4157,2.0785,4,2,4,0,0,0,0,0,0,28.8865,-14.4402,-17.0695,2.71084,8.27004,8.37513,0,0,0,0,0,0,1.10997,-0.0326594,-0.650492,0.179706,0.226406,1.34447
4158,2.079,4,2,4,0,0,0,0,0,0,28.8365,-14.3133,-17.1455,2.70469,8.32756,8.43545,0,0,0,0,0,0,1.09924,-0.0136721,-0.649854,0.177315,0.228802,1.34042
4159,2.0795,4,2,4,0,0,0,0,0,0,28.7857,-14.1864,-17.2184,2.69923,8.38466,8.49555,0,0,0,0,0,0,1.08772,0.00740588,-0.64908,0.174613,0.231846,1.33556
4160,2.08,4,2,4,0,0,0,0,0,0,28.738,-14.0604,-17.292,2.69649,8.44197,8.55758,0,0,0,0,0,0,1.08387,0.0274687,-0.651386,0.174739,0.234831,1.33761
4161,2.0805,4,2,4,0,0,0,0,0,0,28.6959,-13.938,-17.3699,2.69695,8.50088,8.62219,0,0,0,0,0,0,1.08759,0.0454833,-0.656295,0.178504,0.236746,1.34736
4162,2.081,4,2,4,0,0,0,0,0,0,28.6572,-13.8194,-17.452,2.70046,8.56148,8.68929,0,0,0,0,0,0,1.09459,0.0588664,-0.663539,0.184295,0.238327,1.35779
4163,2.0815,4,2,4,0,0,0,0,0,0,28.6185,-13.7018,-17.5371,2.70501,8.62433,8.75694,0,0,0,0,0,0,1.10064,0.0702321,-0.668684,0.188434,0.239894,1.37183
4164,2.082,4,2,4,0,0,0,0,0,0,28.5803,-13.5833,-17.6254,2.71072,8.68925,8.82604,0,0,0,0,0,0,1.09975,0.0840401,-0.668545,0.189,0.240784,1.38247
4165,2.0825,4,2,4,0,0,0,0,0,0,28.5446,-13.4655,-17.7198,2.71828,8.75719,8.89937,0,0,0,0,0,0,1.1009,0.0979534,-0.663575,0.186545,0.240306,1.3937
4166,2.083,4,2,4,0,0,0,0,0,0,28.511,-13.3458,-17.8211,2.72782,8.82805,8.97613,0,0,0,0,0,0,1.10446,0.111506,-0.659155,0.184629,0.239407,1.40461
4167,2.0835,4,2,4,0,0,0,0,0,0,28.4775,-13.2241,-17.928,2.73848,8.90141,9.05233,0,0,0,0,0,0,1.10365,0.127244,-0.653334,0.181992,0.238551,1.4115
4168,2.084,4,2,4,0,0,0,0,0,0,28.4427,-13.1009,-18.0376,2.74823,8.97684,9.12807,0,0,0,0,0,0,1.10202,0.142453,-0.650767,0.181987,0.238232,1.41691
4169,2.0845,4,2,4,0,0,0,0,0,0,28.4062,-12.9758,-18.1451,2.75624,9.05183,9.2043,0,0,0,0,0,0,1.09954,0.157595,-0.65171,0.183113,0.239873,1.41918
4170,2.085,4,2,4,0,0,0,0,0,0,28.3664,-12.8474,-18.2473,2.76217,9.12517,9.27987,0,0,0,0,0,0,1.09013,0.17372,-0.650865,0.182573,0.24187,1.41324
4171,2.0855,4,2,4,0,0,0,0,0,0,28.3231,-12.717,-18.3459,2.76694,9.19787,9.35352,0,0,0,0,0,0,1.0785,0.188368,-0.651171,0.181317,0.245324,1.40254
4172,2.086,4,2,4,0,0,0,0,0,0,28.2785,-12.5865,-18.4418,2.77157,9.26987,9.42646,0,0,0,0,0,0,1.0704,0.202844,-0.653535,0.180802,0.249858,1.40186
4173,2.0865,4,2,4,0,0,0,0,0,0,28.2339,-12.4569,-18.5356,2.77646,9.34127,9.50016,0,0,0,0,0,0,1.06463,0.220801,-0.656788,0.182112,0.253541,1.4136
4174,2.087,4,2,4,0,0,0,0,0,0,28.1887,-12.3282,-18.6267,2.78028,9.41281,9.57282,0,0,0,0,0,0,1.06059,0.238599,-0.660714,0.184993,0.256986,1.42845
4175,2.0875,4,2,4,0,0,0,0,0,0,28.143,-12.2006,-18.7137,2.78141,9.48442,9.64062,0,0,0,0,0,0,1.05797,0.256926,-0.66573,0.190757,0.258821,1.44499
4176,2.088,4,2,4,0,0,0,0,0,0,28.0972,-12.0741,-18.7956,2.77948,9.55544,9.70805,0,0,0,0,0,0,1.05378,0.274618,-0.670894,0.19602,0.260877,1.45709
4177,2.0885,4,2,4,0,0,0,0,0,0,28.0509,-11.9462,-18.8729,2.7762,9.62523,9.77749,0,0,0,0,0,0,1.04692,0.290817,-0.670116,0.196211,0.261902,1.4641
4178,2.089,4,2,4,0,0,0,0,0,0,28.0038,-11.8165,-18.9458,2.77254,9.69326,9.85003,0,0,0,0,0,0,1.03581,0.308199,-0.665378,0.192788,0.262981,1.46684
4179,2.0895,4,2,4,0,0,0,0,0,0,27.9587,-11.6856,-19.018,2.77114,9.75994,9.92821,0,0,0,0,0,0,1.0231,0.32545,-0.660752,0.188564,0.264602,1.4683
4180,2.09,4,2,4,0,0,0,0,0,0,27.9142,-11.5546,-19.0879,2.77027,9.825,10.0092,0,0,0,0,0,0,1.01617,0.34255,-0.658678,0.184958,0.267416,1.47286
4181,2.0905,4,2,4,0,0,0,0,0,0,27.8702,-11.4239,-19.1551,2.76818,9.88936,10.0906,0,0,0,0,0,0,1.01354,0.359776,-0.658748,0.18467,0.26944,1.47831
4182,2.091,4,2,4,0,0,0,0,0,0,27.826,-11.2931,-19.2195,2.76527,9.9525,10.1725,0,0,0,0,0,0,1.01293,0.376528,-0.662904,0.187224,0.271977,1.48408
4183,2.0915,4,2,4,0,0,0,0,0,0,27.7818,-11.1612,-19.2806,2.76378,10.0132,10.2577,0,0,0,0,0,0,1.01438,0.39226,-0.669516,0.191494,0.274793,1.49171
4184,2.092,4,2,4,0,0,0,0,0,0,27.7384,-11.0303,-19.3407,2.7639,10.0735,10.3464,0,0,0,0,0,0,1.02118,0.406167,-0.678683,0.197019,0.278139,1.50448
4185,2.0925,4,2,4,0,0,0,0,0,0,27.6939,-10.8986,-19.4002,2.76554,10.1338,10.4348,0,0,0,0,0,0,1.02839,0.420391,-0.685905,0.202584,0.280486,1.52111
4186,2.093,4,2,4,0,0,0,0,0,0,27.6462,-10.7656,-19.4588,2.76739,10.195,10.5196,0,0,0,0,0,0,1.03142,0.433751,-0.686376,0.203589,0.282055,1.52964
4187,2.0935,4,2,4,0,0,0,0,0,0,27.5956,-10.6325,-19.518,2.7686,10.2583,10.6015,0,0,0,0,0,0,1.028,0.447006,-0.681997,0.201872,0.282379,1.53311
4188,2.094,4,2,4,0,0,0,0,0,0,27.5433,-10.4998,-19.5794,2.76881,10.3248,10.6797,0,0,0,0,0,0,1.0221,0.461296,-0.67471,0.199083,0.281372,1.53522
4189,2.0945,4,2,4,0,0,0,0,0,0,27.4919,-10.3689,-19.6473,2.76912,10.3964,10.7557,0,0,0,0,0,0,1.01706,0.476837,-0.66804,0.197563,0.280131,1.53976
4190,2.095,4,2,4,0,0,0,0,0,0,27.443,-10.2384,-19.7218,2.77025,10.472,10.8335,0,0,0,0,0,0,1.01238,0.493984,-0.663381,0.198238,0.278823,1.54503
4191,2.0955,4,2,4,0,0,0,0,0,0,27.3947,-10.1057,-19.8005,2.77198,10.55,10.9141,0,0,0,0,0,0,1.00464,0.510694,-0.657857,0.197688,0.27751,1.54561
4192,2.096,4,2,4,0,0,0,0,0,0,27.3429,-9.97046,-19.8795,2.77217,10.6289,10.9938,0,0,0,0,0,0,0.993308,0.526484,-0.650356,0.195749,0.275782,1.54457
4193,2.0965,4,2,4,0,0,0,0,0,0,27.2877,-9.83394,-19.9546,2.76937,10.7066,11.0734,0,0,0,0,0,0,0.979104,0.542876,-0.641807,0.190901,0.276303,1.5421
4194,2.097,4,2,4,0,0,0,0,0,0,27.2333,-9.69819,-20.0282,2.76414,10.7841,11.1542,0,0,0,0,0,0,0.966618,0.55894,-0.636751,0.187363,0.278474,1.54242
4195,2.0975,4,2,4,0,0,0,0,0,0,27.183,-9.56443,-20.1024,2.75886,10.8619,11.2389,0,0,0,0,0,0,0.961256,0.572623,-0.637634,0.187501,0.282025,1.54798
4196,2.098,4,2,4,0,0,0,0,0,0,27.1375,-9.43002,-20.1785,2.7571,10.9387,11.3269,0,0,0,0,0,0,0.95985,0.586314,-0.643782,0.191114,0.286528,1.56008
4197,2.0985,4,2,4,0,0,0,0,0,0,27.0966,-9.29464,-20.2561,2.75904,11.0144,11.4191,0,0,0,0,0,0,0.962199,0.601589,-0.655033,0.199538,0.29106,1.58059
4198,2.099,4,2,4,0,0,0,0,0,0,27.0567,-9.1581,-20.3314,2.76375,11.087,11.5157,0,0,0,0,0,0,0.963897,0.618191,-0.665153,0.206127,0.296232,1.59745
4199,2.0995,4,2,4,0,0,0,0,0,0,27.0164,-9.01977,-20.3995,2.76877,11.1548,11.6153,0,0,0,0,0,0,0.962964,0.634464,-0.670973,0.209449,0.300748,1.60879
4200,2.1,4,2,4,0,0,0,0,0,0,26.9779,-8.88257,-20.4611,2.77311,11.2188,11.7167,0,0,0,0,0,0,0.956069,0.650901,-0.670131,0.208839,0.302691,1.61673
4201,2.1005,4,2,4,0,0,0,0,0,0,26.9397,-8.74561,-20.5195,2.777,11.2817,11.8186,0,0,0,0,0,0,0.949044,0.668978,-0.664851,0.206126,0.302881,1.6238
4202,2.101,4,2,4,0,0,0,0,0,0,26.8981,-8.60815,-20.5749,2.77966,11.344,11.9175,0,0,0,0,0,0,0.939806,0.689269,-0.657337,0.202856,0.302681,1.62805
4203,2.1015,4,2,4,0,0,0,0,0,0,26.851,-8.47061,-20.6274,2.77996,11.4061,12.0104,0,0,0,0,0,0,0.928178,0.708961,-0.650672,0.200343,0.302652,1.62488
4204,2.102,4,2,4,0,0,0,0,0,0,26.7994,-8.33375,-20.6769,2.77721,11.4682,12.099,0,0,0,0,0,0,0.921181,0.726669,-0.648578,0.201115,0.302762,1.62682
4205,2.1025,4,2,4,0,0,0,0,0,0,26.7447,-8.19785,-20.7209,2.7709,11.5291,12.1868,0,0,0,0,0,0,0.917855,0.742059,-0.647816,0.203359,0.302348,1.63146
4206,2.103,4,2,4,0,0,0,0,0,0,26.6889,-8.06312,-20.7589,2.761,11.5887,12.2735,0,0,0,0,0,0,0.916756,0.755675,-0.649034,0.206775,0.302884,1.63978
4207,2.1035,4,2,4,0,0,0,0,0,0,26.6311,-7.92768,-20.7935,2.74867,11.6489,12.359,0,0,0,0,0,0,0.919167,0.771516,-0.648005,0.210335,0.301497,1.65687
4208,2.104,4,2,4,0,0,0,0,0,0,26.5731,-7.7919,-20.8307,2.73623,11.7131,12.4445,0,0,0,0,0,0,0.919691,0.786776,-0.644885,0.210531,0.301273,1.6713
4209,2.1045,4,2,4,0,0,0,0,0,0,26.5145,-7.65487,-20.8721,2.72475,11.7818,12.5292,0,0,0,0,0,0,0.9149,0.800158,-0.640181,0.207639,0.302891,1.67172
4210,2.105,4,2,4,0,0,0,0,0,0,26.4569,-7.51742,-20.918,2.71511,11.8542,12.6162,0,0,0,0,0,0,0.907751,0.813362,-0.635778,0.203894,0.305718,1.67117
4211,2.1055,4,2,4,0,0,0,0,0,0,26.4025,-7.38057,-20.9665,2.70659,11.9287,12.708,0,0,0,0,0,0,0.903311,0.825571,-0.635453,0.20399,0.308574,1.67379
4212,2.106,4,2,4,0,0,0,0,0,0,26.3515,-7.24373,-21.0166,2.70149,12.0028,12.805,0,0,0,0,0,0,0.897473,0.838342,-0.635831,0.205861,0.310827,1.67477
4213,2.1065,4,2,4,0,0,0,0,0,0,26.3029,-7.10641,-21.0676,2.69992,12.0759,12.9049,0,0,0,0,0,0,0.891943,0.852992,-0.63502,0.208128,0.31114,1.67575
4214,2.107,4,2,4,0,0,0,0,0,0,26.2548,-6.96891,-21.119,2.70063,12.1478,13.0069,0,0,0,0,0,0,0.888369,0.867927,-0.62936,0.20571,0.310131,1.68414
4215,2.1075,4,2,4,0,0,0,0,0,0,26.2069,-6.83117,-21.1719,2.70288,12.2194,13.1108,0,0,0,0,0,0,0.882894,0.881853,-0.621206,0.202216,0.308874,1.69169
4216,2.108,4,2,4,0,0,0,0,0,0,26.1594,-6.69253,-21.2246,2.70692,12.2888,13.2196,0,0,0,0,0,0,0.873233,0.896814,-0.613087,0.198711,0.30792,1.70288
4217,2.1085,4,2,4,0,0,0,0,0,0,26.1118,-6.55264,-21.2775,2.71198,12.3568,13.3297,0,0,0,0,0,0,0.867307,0.912227,-0.607212,0.198453,0.306661,1.71917
4218,2.109,4,2,4,0,0,0,0,0,0,26.0621,-6.41186,-21.3285,2.71506,12.4242,13.4383,0,0,0,0,0,0,0.861886,0.927979,-0.606421,0.204192,0.306237,1.73407
4219,2.1095,4,2,4,0,0,0,0,0,0,26.0097,-6.26977,-21.3757,2.7152,12.4906,13.544,0,0,0,0,0,0,0.860442,0.943896,-0.608488,0.212709,0.306229,1.7506
4220,2.11,4,2,4,0,0,0,0,0,0,25.9555,-6.12621,-21.4206,2.7138,12.5565,13.6459,0,0,0,0,0,0,0.852892,0.963059,-0.613014,0.219586,0.309629,1.75898
4221,2.1105,4,2,4,0,0,0,0,0,0,25.9038,-5.98323,-21.4645,2.7114,12.6224,13.7491,0,0,0,0,0,0,0.849276,0.979004,-0.616251,0.223414,0.313255,1.76626
4222,2.111,4,2,4,0,0,0,0,0,0,25.8538,-5.84095,-21.5048,2.70707,12.6868,13.8548,0,0,0,0,0,0,0.842967,0.997688,-0.617528,0.224326,0.317487,1.77062
4223,2.1115,4,2,4,0,0,0,0,0,0,25.8018,-5.69821,-21.5407,2.69937,12.7506,13.9592,0,0,0,0,0,0,0.832832,1.01652,-0.615866,0.222536,0.32109,1.77174
4224,2.112,4,2,4,0,0,0,0,0,0,25.7471,-5.55567,-21.5727,2.68842,12.8142,14.0601,0,0,0,0,0,0,0.827518,1.03159,-0.611567,0.220656,0.321201,1.77502
4225,2.1125,4,2,4,0,0,0,0,0,0,25.692,-5.41505,-21.6015,2.67555,12.877,14.1596,0,0,0,0,0,0,0.818255,1.04719,-0.607383,0.217463,0.322538,1.77475
4226,2.113,4,2,4,0,0,0,0,0,0,25.6367,-5.27618,-21.6275,2.66392,12.9374,14.2589,0,0,0,0,0,0,0.812569,1.05933,-0.601718,0.213275,0.322537,1.77798
4227,2.1135,4,2,4,0,0,0,0,0,0,25.5797,-5.13738,-21.6479,2.65282,12.9941,14.3575,0,0,0,0,0,0,0.806306,1.07188,-0.597113,0.211373,0.322027,1.78338
4228,2.114,4,2,4,0,0,0,0,0,0,25.5222,-4.99812,-21.6627,2.64124,13.0479,14.4575,0,0,0,0,0,0,0.805572,1.08413,-0.593833,0.2113,0.32148,1.79432
4229,2.1145,4,2,4,0,0,0,0,0,0,25.4644,-4.85943,-21.673,2.62713,13.1014,14.5577,0,0,0,0,0,0,0.809153,1.09614,-0.590468,0.212119,0.319353,1.81173
4230,2.115,4,2,4,0,0,0,0,0,0,25.4053,-4.72086,-21.6816,2.61019,13.157,14.6558,0,0,0,0,0,0,0.810631,1.10805,-0.58627,0.211195,0.318535,1.82317
4231,2.1155,4,2,4,0,0,0,0,0,0,25.3469,-4.58229,-21.6935,2.59384,13.2164,14.758,0,0,0,0,0,0,0.805025,1.12164,-0.580508,0.208602,0.318549,1.82716
4232,2.116,4,2,4,0,0,0,0,0,0,25.2914,-4.4433,-21.7116,2.58236,13.2785,14.8683,0,0,0,0,0,0,0.793685,1.1377,-0.573539,0.206765,0.318801,1.82914
4233,2.1165,4,2,4,0,0,0,0,0,0,25.2414,-4.30417,-21.7372,2.57608,13.3431,14.9869,0,0,0,0,0,0,0.787706,1.15363,-0.571277,0.209614,0.319742,1.83568
4234,2.117,4,2,4,0,0,0,0,0,0,25.1947,-4.1654,-21.7697,2.57354,13.41,15.1068,0,0,0,0,0,0,0.782567,1.1691,-0.571418,0.215366,0.320317,1.84196
4235,2.1175,4,2,4,0,0,0,0,0,0,25.1468,-4.02673,-21.8043,2.57203,13.4771,15.2247,0,0,0,0,0,0,0.780563,1.18414,-0.570362,0.221435,0.319496,1.85344
4236,2.118,4,2,4,0,0,0,0,0,0,25.0944,-3.88767,-21.8379,2.57005,13.5433,15.3395,0,0,0,0,0,0,0.775519,1.19721,-0.567026,0.224349,0.318278,1.86388
4237,2.1185,4,2,4,0,0,0,0,0,0,25.0378,-3.74695,-21.872,2.56866,13.6091,15.4516,0,0,0,0,0,0,0.771577,1.21006,-0.560467,0.223918,0.316088,1.87627
4238,2.119,4,2,4,0,0,0,0,0,0,24.9786,-3.60436,-21.9064,2.56739,13.6748,15.5629,0,0,0,0,0,0,0.764744,1.22264,-0.553703,0.221381,0.315016,1.88797
4239,2.1195,4,2,4,0,0,0,0,0,0,24.9209,-3.46073,-21.9405,2.56544,13.7404,15.6758,0,0,0,0,0,0,0.757106,1.23588,-0.546615,0.218192,0.313701,1.89579
4240,2.12,4,2,4,0,0,0,0,0,0,24.8615,-3.31603,-21.9697,2.5602,13.8042,15.7868,0,0,0,0,0,0,0.751516,1.25012,-0.542582,0.217601,0.314163,1.90287
4241,2.1205,4,2,4,0,0,0,0,0,0,24.7999,-3.17097,-21.99,2.55032,13.8635,15.8962,0,0,0,0,0,0,0.742962,1.26677,-0.541647,0.220302,0.315757,1.90829
4242,2.121,4,2,4,0,0,0,0,0,0,24.7364,-3.02554,-22.0008,2.53704,13.9176,16.006,0,0,0,0,0,0,0.730987,1.28354,-0.540842,0.222429,0.318518,1.9097
4243,2.1215,4,2,4,0,0,0,0,0,0,24.6748,-2.88039,-22.0043,2.52314,13.9664,16.1177,0,0,0,0,0,0,0.719669,1.29874,-0.539611,0.222214,0.322627,1.90725
4244,2.122,4,2,4,0,0,0,0,0,0,24.6169,-2.73693,-22.0046,2.50935,14.0128,16.2299,0,0,0,0,0,0,0.710066,1.31458,-0.538832,0.222655,0.326237,1.90695
4245,2.1225,4,2,4,0,0,0,0,0,0,24.5619,-2.59527,-22.0038,2.49578,14.0584,16.3434,0,0,0,0,0,0,0.705294,1.33008,-0.539471,0.225225,0.328349,1.91286
4246,2.123,4,2,4,0,0,0,0,0,0,24.5082,-2.45627,-22.0022,2.48089,14.1043,16.457,0,0,0,0,0,0,0.702757,1.34313,-0.53797,0.226206,0.328933,1.91933
4247,2.1235,4,2,4,0,0,0,0,0,0,24.4521,-2.31821,-21.9992,2.4646,14.1508,16.5688,0,0,0,0,0,0,0.699375,1.35584,-0.532029,0.224875,0.326589,1.92719
4248,2.124,4,2,4,0,0,0,0,0,0,24.3964,-2.18037,-21.9976,2.4505,14.198,16.6839,0,0,0,0,0,0,0.696408,1.36637,-0.525764,0.224145,0.323342,1.93862
4249,2.1245,4,2,4,0,0,0,0,0,0,24.3414,-2.04231,-21.9993,2.43872,14.2478,16.8029,0,0,0,0,0,0,0.693906,1.37547,-0.517277,0.223254,0.318496,1.95162
4250,2.125,4,2,4,0,0,0,0,0,0,24.2852,-1.90395,-22.0017,2.42598,14.3002,16.9218,0,0,0,0,0,0,0.692163,1.38781,-0.509023,0.221825,0.314498,1.96826
4251,2.1255,4,2,4,0,0,0,0,0,0,24.2269,-1.76542,-22.0025,2.41053,14.3536,17.0401,0,0,0,0,0,0,0.686746,1.40229,-0.500237,0.220395,0.310929,1.97925
4252,2.126,4,2,4,0,0,0,0,0,0,24.1677,-1.62711,-22.0047,2.3939,14.4089,17.1587,0,0,0,0,0,0,0.681123,1.41431,-0.489317,0.216538,0.307018,1.98591
4253,2.1265,4,2,4,0,0,0,0,0,0,24.108,-1.48798,-22.0097,2.37713,14.4665,17.277,0,0,0,0,0,0,0.669501,1.42795,-0.477393,0.209798,0.305794,1.9856
4254,2.127,4,2,4,0,0,0,0,0,0,24.0478,-1.34787,-22.0169,2.36101,14.5251,17.3944,0,0,0,0,0,0,0.65525,1.44211,-0.469842,0.207137,0.306265,1.98694
4255,2.1275,4,2,4,0,0,0,0,0,0,23.9893,-1.20671,-22.0283,2.34927,14.5841,17.5147,0,0,0,0,0,0,0.649734,1.4575,-0.469448,0.212047,0.307546,1.99933
4256,2.128,4,2,4,0,0,0,0,0,0,23.9294,-1.06454,-22.0415,2.34142,14.642,17.6355,0,0,0,0,0,0,0.649693,1.47308,-0.473436,0.22108,0.30944,2.01536
4257,2.1285,4,2,4,0,0,0,0,0,0,23.8655,-0.92102,-22.0516,2.33362,14.697,17.753,0,0,0,0,0,0,0.647319,1.48683,-0.477375,0.229093,0.312351,2.02821
4258,2.129,4,2,4,0,0,0,0,0,0,23.801,-0.777226,-22.0563,2.32492,14.7474,17.8713,0,0,0,0,0,0,0.640167,1.50069,-0.476533,0.233637,0.313687,2.03718
4259,2.1295,4,2,4,0,0,0,0,0,0,23.7386,-0.633683,-22.0552,2.31466,14.7935,17.9919,0,0,0,0,0,0,0.630921,1.51454,-0.473272,0.235328,0.31396,2.04568
4260,2.13,4,2,4,0,0,0,0,0,0,23.6772,-0.490424,-22.05,2.30243,14.8373,18.1123,0,0,0,0,0,0,0.623439,1.52572,-0.463487,0.230447,0.311541,2.05159
4261,2.1305,4,2,4,0,0,0,0,0,0,23.6158,-0.348125,-22.0428,2.28854,14.8805,18.2313,0,0,0,0,0,0,0.617089,1.53776,-0.45502,0.226071,0.309435,2.05562
4262,2.131,4,2,4,0,0,0,0,0,0,23.5561,-0.207195,-22.0351,2.27515,14.9227,18.3509,0,0,0,0,0,0,0.610541,1.55194,-0.447181,0.222257,0.307709,2.05774
4263,2.1315,4,2,4,0,0,0,0,0,0,23.5015,-0.0677477,-22.028,2.26302,14.9638,18.4728,0,0,0,0,0,0,0.605617,1.56504,-0.443156,0.222558,0.306401,2.05894
4264,2.132,4,2,4,0,0,0,0,0,0,23.4503,0.0694944,-22.0174,2.24895,15.0024,18.5956,0,0,0,0,0,0,0.60447,1.57658,-0.442028,0.224606,0.306458,2.06306
4265,2.1325,4,2,4,0,0,0,0,0,0,23.3972,0.205818,-22.0001,2.23211,15.0372,18.718,0,0,0,0,0,0,0.605309,1.58882,-0.441456,0.22612,0.307248,2.07358
4266,2.133,4,2,4,0,0,0,0,0,0,23.3401,0.341571,-21.9772,2.21271,15.0701,18.8392,0,0,0,0,0,0,0.599492,1.60154,-0.438205,0.226507,0.307581,2.08086
4267,2.1335,4,2,4,0,0,0,0,0,0,23.2791,0.477742,-21.9539,2.19325,15.1042,18.9603,0,0,0,0,0,0,0.590872,1.61532,-0.432143,0.226918,0.306257,2.08947
4268,2.134,4,2,4,0,0,0,0,0,0,23.2155,0.614399,-21.9319,2.17474,15.1403,19.0821,0,0,0,0,0,0,0.585945,1.62852,-0.426648,0.230693,0.302825,2.10514
4269,2.1345,4,2,4,0,0,0,0,0,0,23.1556,0.751471,-21.9141,2.15723,15.1799,19.2099,0,0,0,0,0,0,0.5803,1.63863,-0.41978,0.233936,0.298186,2.1179
4270,2.135,4,2,4,0,0,0,0,0,0,23.096,0.889306,-21.8987,2.13836,15.2233,19.3395,0,0,0,0,0,0,0.571057,1.65126,-0.412663,0.235414,0.295341,2.12524
4271,2.1355,4,2,4,0,0,0,0,0,0,23.0327,1.02789,-21.8834,2.11784,15.2686,19.4678,0,0,0,0,0,0,0.55888,1.66345,-0.403128,0.232483,0.293448,2.12869
4272,2.136,4,2,4,0,0,0,0,0,0,22.9666,1.16715,-21.8695,2.09842,15.315,19.5949,0,0,0,0,0,0,0.548003,1.67555,-0.392646,0.228159,0.290929,2.13408
4273,2.1365,4,2,4,0,0,0,0,0,0,22.8994,1.30662,-21.8587,2.08116,15.3622,19.7198,0,0,0,0,0,0,0.532117,1.68628,-0.381627,0.222782,0.289527,2.13187
4274,2.137,4,2,4,0,0,0,0,0,0,22.8342,1.44544,-21.8507,2.06588,15.4092,19.8438,0,0,0,0,0,0,0.520731,1.69712,-0.373567,0.219104,0.2891,2.13276
4275,2.1375,4,2,4,0,0,0,0,0,0,22.7708,1.58293,-21.8416,2.05099,15.4533,19.9669,0,0,0,0,0,0,0.519054,1.70738,-0.368102,0.217313,0.287832,2.14248
4276,2.138,4,2,4,0,0,0,0,0,0,22.7072,1.72017,-21.8288,2.03421,15.4939,20.0877,0,0,0,0,0,0,0.515377,1.71638,-0.36216,0.215104,0.286515,2.14871
4277,2.1385,4,2,4,0,0,0,0,0,0,22.644,1.85789,-21.8115,2.01584,15.5306,20.2089,0,0,0,0,0,0,0.512748,1.72606,-0.358682,0.215378,0.285474,2.16033
4278,2.139,4,2,4,0,0,0,0,0,0,22.5811,1.99701,-21.7895,1.99715,15.563,20.3336,0,0,0,0,0,0,0.508511,1.73924,-0.356586,0.217042,0.285961,2.17281
4279,2.1395,4,2,4,0,0,0,0,0,0,22.5192,2.138,-21.7658,1.9793,15.5942,20.4617,0,0,0,0,0,0,0.504045,1.75431,-0.357359,0.222448,0.288125,2.18431
4280,2.14,4,2,4,0,0,0,0,0,0,22.4566,2.27913,-21.7382,1.96073,15.6231,20.591,0,0,0,0,0,0,0.500278,1.76913,-0.358752,0.228509,0.290649,2.19239
4281,2.1405,4,2,4,0,0,0,0,0,0,22.3946,2.41883,-21.7038,1.94002,15.6471,20.7208,0,0,0,0,0,0,0.498039,1.78418,-0.360576,0.234817,0.292637,2.20307
4282,2.141,4,2,4,0,0,0,0,0,0,22.3326,2.55592,-21.664,1.9172,15.6675,20.8477,0,0,0,0,0,0,0.490344,1.79786,-0.354917,0.235406,0.290391,2.20944
4283,2.1415,4,2,4,0,0,0,0,0,0,22.2733,2.69009,-21.6262,1.89644,15.6883,20.9752,0,0,0,0,0,0,0.480348,1.80919,-0.343071,0.231076,0.285488,2.21241
4284,2.142,4,2,4,0,0,0,0,0,0,22.2178,2.82177,-21.5942,1.88033,15.7115,21.1064,0,0,0,0,0,0,0.475927,1.81851,-0.331354,0.227669,0.279178,2.22003
4285,2.1425,4,2,4,0,0,0,0,0,0,22.1627,2.95329,-21.5669,1.86802,15.7373,21.2395,0,0,0,0,0,0,0.472356,1.8252,-0.320933,0.226124,0.272563,2.22841
4286,2.143,4,2,4,0,0,0,0,0,0,22.1035,3.08535,-21.5399,1.85433,15.7652,21.3701,0,0,0,0,0,0,0.46967,1.83171,-0.312496,0.226805,0.266391,2.23692
4287,2.1435,4,2,4,0,0,0,0,0,0,22.04,3.21746,-21.5117,1.83691,15.7944,21.4978,0,0,0,0,0,0,0.467428,1.84237,-0.305637,0.228696,0.261992,2.25007
4288,2.144,4,2,4,0,0,0,0,0,0,21.9749,3.35127,-21.4809,1.81582,15.8235,21.6262,0,0,0,0,0,0,0.461463,1.8519,-0.300282,0.229684,0.260069,2.25962
4289,2.1445,4,2,4,0,0,0,0,0,0,21.9071,3.4869,-21.4466,1.79139,15.8517,21.7548,0,0,0,0,0,0,0.452331,1.86572,-0.293389,0.228511,0.258422,2.26799
4290,2.145,4,2,4,0,0,0,0,0,0,21.8398,3.62322,-21.4115,1.76732,15.8796,21.886,0,0,0,0,0,0,0.439946,1.87858,-0.286178,0.227037,0.257917,2.27152
4291,2.1455,4,2,4,0,0,0,0,0,0,21.7744,3.7589,-21.3778,1.74559,15.9074,22.02,0,0,0,0,0,0,0.425959,1.89175,-0.279499,0.226846,0.258462,2.27004
4292,2.146,4,2,4,0,0,0,0,0,0,21.7094,3.89346,-21.3452,1.72495,15.9349,22.1526,0,0,0,0,0,0,0.415193,1.90533,-0.274626,0.22866,0.258519,2.27327
4293,2.1465,4,2,4,0,0,0,0,0,0,21.6457,4.0275,-21.3144,1.7044,15.963,22.2835,0,0,0,0,0,0,0.410188,1.91466,-0.270319,0.230035,0.257714,2.2799
4294,2.147,4,2,4,0,0,0,0,0,0,21.582,4.1611,-21.2837,1.68354,15.9904,22.4135,0,0,0,0,0,0,0.404136,1.92359,-0.264858,0.230853,0.255661,2.28819
4295,2.1475,4,2,4,0,0,0,0,0,0,21.5152,4.29492,-21.2505,1.66156,16.0161,22.539,0,0,0,0,0,0,0.395759,1.93149,-0.258421,0.229908,0.2546,2.29264
4296,2.148,4,2,4,0,0,0,0,0,0,21.4439,4.42881,-21.2133,1.63839,16.0392,22.6611,0,0,0,0,0,0,0.389505,1.93959,-0.251258,0.228604,0.251634,2.3004
4297,2.1485,4,2,4,0,0,0,0,0,0,21.3717,4.56189,-21.171,1.61357,16.0583,22.7842,0,0,0,0,0,0,0.381195,1.94848,-0.243078,0.227641,0.247692,2.30917
4298,2.149,4,2,4,0,0,0,0,0,0,21.3026,4.69477,-21.1246,1.58799,16.0731,22.9096,0,0,0,0,0,0,0.37235,1.95666,-0.233607,0.223581,0.244425,2.31386
4299,2.1495,4,2,4,0,0,0,0,0,0,21.2364,4.82678,-21.0727,1.56059,16.0829,23.036,0,0,0,0,0,0,0.362431,1.96707,-0.224191,0.217881,0.242946,2.31469
4300,2.15,4,2,4,0,0,0,0,0,0,21.1717,4.9578,-21.0158,1.53161,16.0886,23.1627,0,0,0,0,0,0,0.357898,1.97758,-0.21744,0.215756,0.240878,2.3211
4301,2.1505,4,2,4,0,0,0,0,0,0,21.1092,5.08805,-20.9595,1.50435,16.0939,23.292,0,0,0,0,0,0,0.353194,1.98871,-0.211655,0.214929,0.239258,2.32772
4302,2.151,4,2,4,0,0,0,0,0,0,21.0486,5.21808,-20.9087,1.48247,16.1014,23.4246,0,0,0,0,0,0,0.35089,2.00031,-0.210022,0.219755,0.237966,2.3384
4303,2.1515,4,2,4,0,0,0,0,0,0,20.9868,5.34858,-20.8638,1.46549,16.1124,23.5569,0,0,0,0,0,0,0.347365,2.01433,-0.208601,0.226625,0.236377,2.35044
4304,2.152,4,2,4,0,0,0,0,0,0,20.9233,5.47923,-20.8213,1.45017,16.1253,23.6877,0,0,0,0,0,0,0.341563,2.02725,-0.203947,0.230301,0.233998,2.36046
4305,2.1525,4,2,4,0,0,0,0,0,0,20.8591,5.60871,-20.778,1.43349,16.1385,23.8191,0,0,0,0,0,0,0.336688,2.03452,-0.197031,0.231019,0.229491,2.36931
4306,2.153,4,2,4,0,0,0,0,0,0,20.7958,5.73694,-20.7339,1.41568,16.1512,23.9537,0,0,0,0,0,0,0.328669,2.04031,-0.186275,0.227143,0.224359,2.37485
4307,2.1535,4,2,4,0,0,0,0,0,0,20.7331,5.86565,-20.6906,1.39906,16.1639,24.0913,0,0,0,0,0,0,0.323749,2.04705,-0.17398,0.221866,0.218235,2.38349
4308,2.154,4,2,4,0,0,0,0,0,0,20.6684,5.99519,-20.6479,1.38241,16.1775,24.2276,0,0,0,0,0,0,0.318756,2.05658,-0.164964,0.221217,0.213037,2.39625
4309,2.1545,4,2,4,0,0,0,0,0,0,20.6023,6.1246,-20.6061,1.36557,16.1919,24.3634,0,0,0,0,0,0,0.310578,2.06702,-0.158347,0.223246,0.208915,2.40789
4310,2.155,4,2,4,0,0,0,0,0,0,20.5354,6.25315,-20.5628,1.34586,16.2059,24.4975,0,0,0,0,0,0,0.297101,2.07748,-0.148345,0.220967,0.206062,2.40957
4311,2.1555,4,2,4,0,0,0,0,0,0,20.4673,6.38106,-20.5154,1.3217,16.2174,24.6302,0,0,0,0,0,0,0.286732,2.08779,-0.140521,0.219912,0.204847,2.41185
4312,2.156,4,2,4,0,0,0,0,0,0,20.3977,6.50883,-20.4644,1.29394,16.2268,24.7617,0,0,0,0,0,0,0.278725,2.09626,-0.136428,0.222999,0.204061,2.41647
4313,2.1565,4,2,4,0,0,0,0,0,0,20.3286,6.63717,-20.4112,1.26614,16.2331,24.8941,0,0,0,0,0,0,0.275585,2.10521,-0.134612,0.229018,0.202748,2.42794
4314,2.157,4,2,4,0,0,0,0,0,0,20.261,6.76544,-20.3555,1.23749,16.2369,25.0264,0,0,0,0,0,0,0.272329,2.11652,-0.131015,0.233853,0.200319,2.43901
4315,2.1575,4,2,4,0,0,0,0,0,0,20.1958,6.89256,-20.2975,1.20765,16.239,25.1597,0,0,0,0,0,0,0.267922,2.1279,-0.126646,0.237246,0.197461,2.44811
4316,2.158,4,2,4,0,0,0,0,0,0,20.133,7.01911,-20.2353,1.17482,16.2383,25.2946,0,0,0,0,0,0,0.261621,2.13584,-0.122393,0.23902,0.195228,2.45288
4317,2.1585,4,2,4,0,0,0,0,0,0,20.0699,7.1446,-20.1681,1.14053,16.2337,25.4278,0,0,0,0,0,0,0.253896,2.14047,-0.113598,0.234378,0.192171,2.45334
4318,2.159,4,2,4,0,0,0,0,0,0,20.0067,7.26929,-20.1019,1.10962,16.2288,25.5609,0,0,0,0,0,0,0.244201,2.14734,-0.103987,0.229105,0.189228,2.45342
4319,2.1595,4,2,4,0,0,0,0,0,0,19.9407,7.39364,-20.0388,1.08206,16.2259,25.692,0,0,0,0,0,0,0.233692,2.1595,-0.0923126,0.223236,0.185514,2.45428
4320,2.16,4,2,4,0,0,0,0,0,0,19.8708,7.51755,-19.9781,1.05651,16.2251,25.8191,0,0,0,0,0,0,0.223158,2.16921,-0.080374,0.217639,0.180816,2.45453
4321,2.1605,4,2,4,0,0,0,0,0,0,19.8001,7.64055,-19.919,1.03182,16.2249,25.9448,0,0,0,0,0,0,0.217301,2.17415,-0.0704703,0.21324,0.175924,2.46196
4322,2.161,4,2,4,0,0,0,0,0,0,19.7315,7.76285,-19.8618,1.00799,16.2248,26.0709,0,0,0,0,0,0,0.212753,2.17702,-0.0633822,0.210577,0.171979,2.46961
4323,2.1615,4,2,4,0,0,0,0,0,0,19.661,7.88561,-19.8032,0.983545,16.2237,26.1954,0,0,0,0,0,0,0.205156,2.18551,-0.0563833,0.210602,0.16833,2.47763
4324,2.162,4,2,4,0,0,0,0,0,0,19.5879,8.00903,-19.7416,0.958175,16.2211,26.3201,0,0,0,0,0,0,0.202184,2.1972,-0.0507628,0.214942,0.164314,2.49354
4325,2.1625,4,2,4,0,0,0,0,0,0,19.513,8.13319,-19.6782,0.934017,16.2171,26.4472,0,0,0,0,0,0,0.194672,2.20597,-0.044946,0.219704,0.160729,2.50427
4326,2.163,4,2,4,0,0,0,0,0,0,19.4337,8.25731,-19.612,0.909454,16.2117,26.5728,0,0,0,0,0,0,0.178952,2.21139,-0.0384424,0.222895,0.158627,2.50314
4327,2.1635,4,2,4,0,0,0,0,0,0,19.353,8.38127,-19.5438,0.884183,16.2042,26.6984,0,0,0,0,0,0,0.159465,2.21927,-0.030563,0.223616,0.158117,2.49776
4328,2.164,4,2,4,0,0,0,0,0,0,19.2796,8.50379,-19.4773,0.859616,16.1954,26.8292,0,0,0,0,0,0,0.150076,2.22838,-0.0216511,0.222119,0.155779,2.50437
4329,2.1645,4,2,4,0,0,0,0,0,0,19.2165,8.62622,-19.4172,0.839664,16.1869,26.9678,0,0,0,0,0,0,0.148218,2.23663,-0.0130544,0.221003,0.150668,2.51666
4330,2.165,4,2,4,0,0,0,0,0,0,19.1579,8.7491,-19.3615,0.823057,16.1788,27.1077,0,0,0,0,0,0,0.144075,2.24263,-0.00411046,0.218848,0.144755,2.52367
4331,2.1655,4,2,4,0,0,0,0,0,0,19.099,8.87171,-19.3063,0.80627,16.1703,27.2464,0,0,0,0,0,0,0.145196,2.24879,0.00388279,0.217116,0.138916,2.53454
4332,2.166,4,2,4,0,0,0,0,0,0,19.0353,8.99296,-19.2459,0.786089,16.1588,27.3829,0,0,0,0,0,0,0.141944,2.25695,0.0118982,0.215817,0.134166,2.54221
4333,2.1665,4,2,4,0,0,0,0,0,0,18.9658,9.11301,-19.1779,0.76062,16.1432,27.5167,0,0,0,0,0,0,0.137984,2.26286,0.0175305,0.218511,0.129183,2.55109
4334,2.167,4,2,4,0,0,0,0,0,0,18.8934,9.23253,-19.1027,0.728931,16.1249,27.6482,0,0,0,0,0,0,0.13562,2.26799,0.0215642,0.223322,0.124103,2.56277
4335,2.1675,4,2,4,0,0,0,0,0,0,18.8219,9.35176,-19.0236,0.69369,16.1052,27.7787,0,0,0,0,0,0,0.13303,2.27726,0.0275594,0.225621,0.119984,2.57458
4336,2.168,4,2,4,0,0,0,0,0,0,18.7538,9.47127,-18.9463,0.66074,16.0863,27.9114,0,0,0,0,0,0,0.127373,2.29205,0.0335655,0.228502,0.116571,2.58628
4337,2.1685,4,2,4,0,0,0,0,0,0,18.688,9.59044,-18.8731,0.63034,16.0698,28.0461,0,0,0,0,0,0,0.120126,2.30458,0.0390406,0.23236,0.113116,2.59531
4338,2.169,4,2,4,0,0,0,0,0,0,18.6217,9.70867,-18.801,0.601119,16.0537,28.1814,0,0,0,0,0,0,0.110806,2.30954,0.0450936,0.232891,0.110996,2.59868
4339,2.1695,4,2,4,0,0,0,0,0,0,18.5538,9.82644,-18.7298,0.573136,16.0376,28.3157,0,0,0,0,0,0,0.100139,2.31311,0.0537695,0.23118,0.106846,2.60012
4340,2.17,4,2,4,0,0,0,0,0,0,18.4835,9.94525,-18.662,0.548173,16.024,28.4474,0,0,0,0,0,0,0.0865294,2.31951,0.0666542,0.225747,0.101191,2.59911
4341,2.1705,4,2,4,0,0,0,0,0,0,18.4092,10.0641,-18.5968,0.526297,16.0123,28.5748,0,0,0,0,0,0,0.0760126,2.3277,0.0792902,0.221143,0.0946781,2.60334
4342,2.171,4,2,4,0,0,0,0,0,0,18.3334,10.182,-18.532,0.506207,16.0002,28.7018,0,0,0,0,0,0,0.0657984,2.33315,0.0909097,0.215516,0.0899416,2.60438
4343,2.1715,4,2,4,0,0,0,0,0,0,18.2561,10.2989,-18.4641,0.485569,15.9852,28.8283,0,0,0,0,0,0,0.0570981,2.33588,0.0985258,0.214372,0.0865206,2.60774
4344,2.172,4,2,4,0,0,0,0,0,0,18.175,10.4141,-18.3889,0.459494,15.9658,28.9493,0,0,0,0,0,0,0.0472915,2.33788,0.105198,0.214616,0.0837856,2.60762
4345,2.1725,4,2,4,0,0,0,0,0,0,18.0946,10.5281,-18.3083,0.430084,15.9421,29.0696,0,0,0,0,0,0,0.0379952,2.34595,0.114044,0.213024,0.0810291,2.61082
4346,2.173,4,2,4,0,0,0,0,0,0,18.02,10.6422,-18.2252,0.400466,15.914,29.1947,0,0,0,0,0,0,0.027202,2.35507,0.121983,0.212665,0.0787699,2.61446
4347,2.1735,4,2,4,0,0,0,0,0,0,17.95,10.7568,-18.1425,0.372713,15.8835,29.3241,0,0,0,0,0,0,0.0200622,2.36218,0.128442,0.214616,0.0753649,2.61864
4348,2.174,4,2,4,0,0,0,0,0,0,17.8813,10.8722,-18.0616,0.348039,15.8519,29.4551,0,0,0,0,0,0,0.0159125,2.36735,0.131824,0.219568,0.072421,2.62762
4349,2.1745,4,2,4,0,0,0,0,0,0,17.8117,10.9875,-17.98,0.323241,15.8187,29.5842,0,0,0,0,0,0,0.0132884,2.37413,0.136791,0.223226,0.0682027,2.63738
4350,2.175,4,2,4,0,0,0,0,0,0,17.7438,11.103,-17.8979,0.296811,15.7851,29.7138,0,0,0,0,0,0,0.0120378,2.38225,0.14186,0.228251,0.0622224,2.64965
4351,2.1755,4,2,4,0,0,0,0,0,0,17.679,11.2177,-17.8178,0.272136,15.7522,29.8475,0,0,0,0,0,0,0.00875094,2.3886,0.148395,0.23093,0.0555407,2.65868
4352,2.176,4,2,4,0,0,0,0,0,0,17.6149,11.3307,-17.7392,0.248802,15.7203,29.9842,0,0,0,0,0,0,0.00362814,2.39152,0.157298,0.229611,0.048696,2.66529
4353,2.1765,4,2,4,0,0,0,0,0,0,17.5462,11.4428,-17.6593,0.222285,15.6904,30.1156,0,0,0,0,0,0,-0.00646652,2.39572,0.169675,0.222729,0.0429591,2.66672
4354,2.177,4,2,4,0,0,0,0,0,0,17.474,11.5539,-17.5773,0.193127,15.6606,30.2433,0,0,0,0,0,0,-0.0183477,2.40158,0.183534,0.214779,0.0371118,2.66642
4355,2.1775,4,2,4,0,0,0,0,0,0,17.4022,11.6639,-17.4937,0.163095,15.6293,30.3734,0,0,0,0,0,0,-0.0282954,2.40423,0.193987,0.211574,0.0313299,2.66822
4356,2.178,4,2,4,0,0,0,0,0,0,17.3274,11.7745,-17.4084,0.1317,15.5972,30.5014,0,0,0,0,0,0,-0.0409653,2.41054,0.205256,0.208256,0.0263526,2.67017
4357,2.1785,4,2,4,0,0,0,0,0,0,17.2489,11.8861,-17.3222,0.100042,15.5647,30.626,0,0,0,0,0,0,-0.049503,2.41631,0.213642,0.209358,0.0215872,2.67514
4358,2.179,4,2,4,0,0,0,0,0,0,17.1715,11.999,-17.2405,0.0742713,15.5329,30.7526,0,0,0,0,0,0,-0.0558745,2.42481,0.219083,0.214624,0.0178251,2.68551
4359,2.1795,4,2,4,0,0,0,0,0,0,17.0933,12.1116,-17.1616,0.052132,15.5018,30.8782,0,0,0,0,0,0,-0.0618744,2.4319,0.223252,0.220671,0.0141485,2.69524
4360,2.18,4,2,4,0,0,0,0,0,0,17.0155,12.2234,-17.0829,0.0293514,15.471,31.0048,0,0,0,0,0,0,-0.0718699,2.43646,0.229108,0.223824,0.0102616,2.69761
4361,2.1805,4,2,4,0,0,0,0,0,0,16.9402,12.3342,-17.0037,0.00458767,15.44,31.1336,0,0,0,0,0,0,-0.0769333,2.43806,0.235198,0.226368,0.0053051,2.70524
4362,2.181,4,2,4,0,0,0,0,0,0,16.8644,12.4441,-16.9239,-0.0217535,15.4094,31.2601,0,0,0,0,0,0,-0.0828132,2.44134,0.243618,0.226466,-0.000199715,2.71212
4363,2.1815,4,2,4,0,0,0,0,0,0,16.7868,12.5525,-16.843,-0.0483904,15.3779,31.3833,0,0,0,0,0,0,-0.0929967,2.44641,0.254064,0.22258,-0.00449801,2.71267
4364,2.182,4,2,4,0,0,0,0,0,0,16.71,12.6605,-16.7602,-0.0739651,15.3431,31.5073,0,0,0,0,0,0,-0.0989251,2.45119,0.26628,0.215786,-0.0103488,2.71621
4365,2.1825,4,2,4,0,0,0,0,0,0,16.6353,12.7677,-16.6738,-0.0995503,15.3027,31.6321,0,0,0,0,0,0,-0.102929,2.45451,0.27646,0.211678,-0.0162871,2.72216
4366,2.183,4,2,4,0,0,0,0,0,0,16.5597,12.8745,-16.5819,-0.127648,15.2566,31.7527,0,0,0,0,0,0,-0.107376,2.45844,0.285165,0.211189,-0.0226452,2.72884
4367,2.1835,4,2,4,0,0,0,0,0,0,16.4856,12.9813,-16.4883,-0.156588,15.2079,31.8717,0,0,0,0,0,0,-0.113447,2.46538,0.292723,0.212864,-0.0280692,2.73549
4368,2.184,4,2,4,0,0,0,0,0,0,16.4146,13.0874,-16.3951,-0.184377,15.1576,31.9935,0,0,0,0,0,0,-0.118201,2.47438,0.299075,0.215629,-0.0329199,2.7448
4369,2.1845,4,2,4,0,0,0,0,0,0,16.3473,13.1925,-16.3052,-0.207592,15.1078,32.1212,0,0,0,0,0,0,-0.125282,2.48327,0.30395,0.220341,-0.036808,2.75241
4370,2.185,4,2,4,0,0,0,0,0,0,16.28,13.2969,-16.2166,-0.229504,15.0594,32.2501,0,0,0,0,0,0,-0.130255,2.48953,0.307564,0.226331,-0.0411684,2.76056
4371,2.1855,4,2,4,0,0,0,0,0,0,16.2103,13.4002,-16.1264,-0.254033,15.0122,32.3762,0,0,0,0,0,0,-0.137041,2.49383,0.313919,0.227606,-0.0458155,2.76428
4372,2.186,4,2,4,0,0,0,0,0,0,16.1391,13.503,-16.0351,-0.280665,14.9656,32.5013,0,0,0,0,0,0,-0.144798,2.49828,0.323234,0.226083,-0.0518101,2.76746
4373,2.1865,4,2,4,0,0,0,0,0,0,16.0704,13.6063,-15.9461,-0.305108,14.9197,32.6301,0,0,0,0,0,0,-0.153424,2.50323,0.334753,0.222798,-0.0588732,2.77106
4374,2.187,4,2,4,0,0,0,0,0,0,16.0017,13.7099,-15.8606,-0.325135,14.8753,32.7604,0,0,0,0,0,0,-0.160642,2.50682,0.345616,0.220648,-0.0664076,2.77838
4375,2.1875,4,2,4,0,0,0,0,0,0,15.926,13.8134,-15.7733,-0.346125,14.8304,32.8834,0,0,0,0,0,0,-0.170133,2.5062,0.354384,0.219116,-0.071692,2.77977
4376,2.188,4,2,4,0,0,0,0,0,0,15.8421,13.9161,-15.6812,-0.371506,14.7838,32.997,0,0,0,0,0,0,-0.182777,2.50281,0.363195,0.21666,-0.0763034,2.77549
4377,2.1885,4,2,4,0,0,0,0,0,0,15.7576,14.0174,-15.5869,-0.399889,14.7355,33.1101,0,0,0,0,0,0,-0.192149,2.50365,0.372347,0.215974,-0.0823906,2.77753
4378,2.189,4,2,4,0,0,0,0,0,0,15.6779,14.1186,-15.4931,-0.428602,14.6858,33.2282,0,0,0,0,0,0,-0.198918,2.50863,0.379444,0.217443,-0.0868462,2.78465
4379,2.1895,4,2,4,0,0,0,0,0,0,15.5986,14.2196,-15.3988,-0.458549,14.636,33.3455,0,0,0,0,0,0,-0.204805,2.51192,0.385175,0.219344,-0.0905712,2.7906
4380,2.19,4,2,4,0,0,0,0,0,0,15.52,14.3206,-15.3052,-0.486833,14.5864,33.4643,0,0,0,0,0,0,-0.213724,2.51543,0.389544,0.222851,-0.0932711,2.79293
4381,2.1905,4,2,4,0,0,0,0,0,0,15.4428,14.4212,-15.2117,-0.51368,14.5357,33.5849,0,0,0,0,0,0,-0.222,2.5236,0.396204,0.226056,-0.0971629,2.79817
4382,2.191,4,2,4,0,0,0,0,0,0,15.3685,14.5218,-15.1161,-0.541351,14.4821,33.7075,0,0,0,0,0,0,-0.229487,2.53401,0.406178,0.226165,-0.102435,2.80546
4383,2.1915,4,2,4,0,0,0,0,0,0,15.2982,14.622,-15.0202,-0.567861,14.4252,33.8334,0,0,0,0,0,0,-0.233132,2.53435,0.413587,0.22625,-0.108712,2.80834
4384,2.192,4,2,4,0,0,0,0,0,0,15.2299,14.7227,-14.927,-0.58994,14.3676,33.9595,0,0,0,0,0,0,-0.236716,2.5324,0.419724,0.227015,-0.115035,2.8097
4385,2.1925,4,2,4,0,0,0,0,0,0,15.1584,14.8222,-14.8346,-0.610765,14.3104,34.0796,0,0,0,0,0,0,-0.240018,2.53399,0.427839,0.225899,-0.12177,2.81378
4386,2.193,4,2,4,0,0,0,0,0,0,15.0829,14.919,-14.7404,-0.633471,14.2524,34.194,0,0,0,0,0,0,-0.244656,2.54031,0.439383,0.223323,-0.129927,2.82313
4387,2.1935,4,2,4,0,0,0,0,0,0,15.0042,15.0132,-14.6443,-0.657943,14.1937,34.3046,0,0,0,0,0,0,-0.253924,2.5454,0.448406,0.223323,-0.136006,2.82785
4388,2.194,4,2,4,0,0,0,0,0,0,14.9213,15.1061,-14.545,-0.686134,14.1343,34.4099,0,0,0,0,0,0,-0.26206,2.54831,0.456038,0.224152,-0.141974,2.8316
4389,2.1945,4,2,4,0,0,0,0,0,0,14.8374,15.1987,-14.4431,-0.717859,14.0741,34.5143,0,0,0,0,0,0,-0.272804,2.55173,0.466628,0.220364,-0.147694,2.83185
4390,2.195,4,2,4,0,0,0,0,0,0,14.7564,15.2915,-14.3415,-0.748819,14.0136,34.6237,0,0,0,0,0,0,-0.284701,2.55599,0.476619,0.217213,-0.15188,2.82937
4391,2.1955,4,2,4,0,0,0,0,0,0,14.6777,15.3852,-14.2419,-0.776396,13.9536,34.7381,0,0,0,0,0,0,-0.294416,2.55806,0.483647,0.219102,-0.155984,2.83035
4392,2.196,4,2,4,0,0,0,0,0,0,14.5972,15.4801,-14.1436,-0.802209,13.8949,34.8516,0,0,0,0,0,0,-0.301964,2.55949,0.490082,0.221894,-0.160808,2.83531
4393,2.1965,4,2,4,0,0,0,0,0,0,14.5155,15.5757,-14.0468,-0.825303,13.836,34.9643,0,0,0,0,0,0,-0.311512,2.56071,0.497749,0.222574,-0.165763,2.83785
4394,2.197,4,2,4,0,0,0,0,0,0,14.4362,15.6718,-13.9531,-0.843966,13.7766,35.0797,0,0,0,0,0,0,-0.32271,2.56273,0.507789,0.221639,-0.172537,2.83863
4395,2.1975,4,2,4,0,0,0,0,0,0,14.3567,15.7669,-13.8619,-0.859194,13.7176,35.1956,0,0,0,0,0,0,-0.328848,2.56487,0.51617,0.222148,-0.180122,2.8463
4396,2.198,4,2,4,0,0,0,0,0,0,14.2763,15.8605,-13.7703,-0.874802,13.6579,35.3105,0,0,0,0,0,0,-0.335808,2.56361,0.524927,0.21938,-0.186236,2.84724
4397,2.1985,4,2,4,0,0,0,0,0,0,14.1958,15.9537,-13.6772,-0.891862,13.597,35.424,0,0,0,0,0,0,-0.344073,2.56143,0.533061,0.216063,-0.190852,2.84446
4398,2.199,4,2,4,0,0,0,0,0,0,14.1128,16.0456,-13.5795,-0.914023,13.5339,35.5322,0,0,0,0,0,0,-0.350666,2.56245,0.540819,0.214677,-0.195866,2.84662
4399,2.1995,4,2,4,0,0,0,0,0,0,14.0309,16.1361,-13.4772,-0.94041,13.4667,35.6401,0,0,0,0,0,0,-0.355926,2.56491,0.547778,0.214897,-0.200726,2.85236
4400,2.2,4,2,4,0,0,0,0,0,0,13.9521,16.2254,-13.372,-0.969504,13.3963,35.7501,0,0,0,0,0,0,-0.360181,2.56998,0.554893,0.216862,-0.206394,2.86293
4401,2.2005,4,2,4,0,0,0,0,0,0,13.8761,16.3151,-13.2671,-0.997664,13.3249,35.8617,0,0,0,0,0,0,-0.365969,2.57599,0.56114,0.221221,-0.211814,2.87075
4402,2.201,4,2,4,0,0,0,0,0,0,13.8033,16.4068,-13.1642,-1.02181,13.2526,35.9765,0,0,0,0,0,0,-0.371809,2.5797,0.566883,0.225691,-0.217069,2.87629
4403,2.2015,4,2,4,0,0,0,0,0,0,13.7318,16.4981,-13.0627,-1.04403,13.1804,36.0929,0,0,0,0,0,0,-0.373899,2.58301,0.57175,0.230927,-0.223254,2.88537
4404,2.202,4,2,4,0,0,0,0,0,0,13.659,16.587,-12.9621,-1.06601,13.1091,36.2072,0,0,0,0,0,0,-0.380267,2.5864,0.579237,0.232658,-0.229129,2.89008
4405,2.2025,4,2,4,0,0,0,0,0,0,13.584,16.6738,-12.864,-1.08574,13.0394,36.3188,0,0,0,0,0,0,-0.390073,2.58863,0.587512,0.232896,-0.234844,2.89072
4406,2.203,4,2,4,0,0,0,0,0,0,13.5045,16.7589,-12.7663,-1.10503,12.9715,36.4247,0,0,0,0,0,0,-0.39956,2.59221,0.598622,0.230851,-0.242906,2.89354
4407,2.2035,4,2,4,0,0,0,0,0,0,13.4224,16.8427,-12.6678,-1.12458,12.9034,36.5277,0,0,0,0,0,0,-0.406383,2.59211,0.608587,0.227787,-0.249533,2.89435
4408,2.204,4,2,4,0,0,0,0,0,0,13.3374,16.9245,-12.5662,-1.1468,12.834,36.6266,0,0,0,0,0,0,-0.417987,2.58865,0.6193,0.222991,-0.255049,2.88846
4409,2.2045,4,2,4,0,0,0,0,0,0,13.249,17.0067,-12.46,-1.17231,12.762,36.7224,0,0,0,0,0,0,-0.429665,2.58209,0.628144,0.220242,-0.260147,2.88198
4410,2.205,4,2,4,0,0,0,0,0,0,13.1595,17.089,-12.3496,-1.20172,12.6864,36.8168,0,0,0,0,0,0,-0.43933,2.58183,0.636976,0.219877,-0.266084,2.88238
4411,2.2055,4,2,4,0,0,0,0,0,0,13.071,17.1715,-12.2396,-1.23018,12.6101,36.9127,0,0,0,0,0,0,-0.447454,2.58277,0.644952,0.221025,-0.272636,2.88597
4412,2.206,4,2,4,0,0,0,0,0,0,12.9846,17.2552,-12.1328,-1.25394,12.5347,37.0122,0,0,0,0,0,0,-0.454864,2.5862,0.653322,0.223177,-0.279676,2.89142
4413,2.2065,4,2,4,0,0,0,0,0,0,12.8979,17.3406,-12.0272,-1.27567,12.4597,37.1119,0,0,0,0,0,0,-0.463245,2.58563,0.658858,0.22689,-0.284799,2.8914
4414,2.207,4,2,4,0,0,0,0,0,0,12.811,17.4255,-11.9216,-1.29753,12.3844,37.2113,0,0,0,0,0,0,-0.472359,2.58553,0.665752,0.227216,-0.289481,2.88907
4415,2.2075,4,2,4,0,0,0,0,0,0,12.7257,17.5092,-11.8178,-1.31778,12.309,37.3124,0,0,0,0,0,0,-0.480921,2.58793,0.67557,0.225165,-0.295998,2.88881
4416,2.208,4,2,4,0,0,0,0,0,0,12.6425,17.5916,-11.7169,-1.33552,12.2349,37.4149,0,0,0,0,0,0,-0.488902,2.58915,0.684164,0.22364,-0.301789,2.88984
4417,2.2085,4,2,4,0,0,0,0,0,0,12.5612,17.6737,-11.6189,-1.35092,12.1624,37.5185,0,0,0,0,0,0,-0.494025,2.58931,0.690505,0.223798,-0.306947,2.89251
4418,2.209,4,2,4,0,0,0,0,0,0,12.4797,17.7562,-11.5198,-1.36756,12.0892,37.6206,0,0,0,0,0,0,-0.495874,2.59225,0.698669,0.222429,-0.313783,2.89924
4419,2.2095,4,2,4,0,0,0,0,0,0,12.3972,17.8381,-11.4164,-1.38872,12.0126,37.7197,0,0,0,0,0,0,-0.497869,2.59258,0.704612,0.223892,-0.32004,2.90577
4420,2.21,4,2,4,0,0,0,0,0,0,12.317,17.9185,-11.3108,-1.4107,11.9319,37.8199,0,0,0,0,0,0,-0.504564,2.59235,0.710686,0.226693,-0.325935,2.9093
4421,2.2105,4,2,4,0,0,0,0,0,0,12.2375,17.9968,-11.2049,-1.43179,11.8489,37.9191,0,0,0,0,0,0,-0.512663,2.5953,0.718736,0.228904,-0.332502,2.91326
4422,2.211,4,2,4,0,0,0,0,0,0,12.1573,18.0733,-11.0985,-1.45277,11.7654,38.0172,0,0,0,0,0,0,-0.518751,2.59961,0.725721,0.232594,-0.338562,2.92127
4423,2.2115,4,2,4,0,0,0,0,0,0,12.0776,18.1497,-10.9929,-1.47279,11.6821,38.1166,0,0,0,0,0,0,-0.526925,2.60231,0.732829,0.235487,-0.34413,2.92368
4424,2.212,4,2,4,0,0,0,0,0,0,11.9983,18.2255,-10.8881,-1.4918,11.5996,38.2167,0,0,0,0,0,0,-0.534741,2.60244,0.739501,0.237958,-0.349995,2.92465
4425,2.2125,4,2,4,0,0,0,0,0,0,11.9171,18.3001,-10.7819,-1.51284,11.5172,38.3143,0,0,0,0,0,0,-0.544544,2.60159,0.749057,0.236034,-0.355984,2.92127
4426,2.213,4,2,4,0,0,0,0,0,0,11.8355,18.375,-10.6769,-1.53289,11.4365,38.4118,0,0,0,0,0,0,-0.549695,2.60179,0.757484,0.236838,-0.363311,2.92776
4427,2.2135,4,2,4,0,0,0,0,0,0,11.754,18.4508,-10.574,-1.55022,11.3574,38.5096,0,0,0,0,0,0,-0.559193,2.59879,0.767467,0.234317,-0.36982,2.92569
4428,2.214,4,2,4,0,0,0,0,0,0,11.6679,18.5262,-10.4703,-1.56746,11.2787,38.6016,0,0,0,0,0,0,-0.569965,2.59533,0.778665,0.231013,-0.377538,2.92214
4429,2.2145,4,2,4,0,0,0,0,0,0,11.5816,18.6003,-10.3668,-1.58242,11.1984,38.6951,0,0,0,0,0,0,-0.579814,2.59142,0.788339,0.229182,-0.384833,2.92123
4430,2.215,4,2,4,0,0,0,0,0,0,11.4942,18.6738,-10.2609,-1.59934,11.1158,38.7871,0,0,0,0,0,0,-0.588964,2.58719,0.796791,0.228385,-0.391718,2.91976
4431,2.2155,4,2,4,0,0,0,0,0,0,11.4037,18.7469,-10.1502,-1.62214,11.0305,38.8731,0,0,0,0,0,0,-0.59764,2.58502,0.804267,0.228369,-0.397151,2.91649
4432,2.216,4,2,4,0,0,0,0,0,0,11.3125,18.8198,-10.0378,-1.64674,10.9437,38.9561,0,0,0,0,0,0,-0.606291,2.58564,0.812164,0.227656,-0.402227,2.91549
4433,2.2165,4,2,4,0,0,0,0,0,0,11.2262,18.8941,-9.92838,-1.66591,10.8562,39.0458,0,0,0,0,0,0,-0.611187,2.58807,0.816304,0.232962,-0.40701,2.92145
4434,2.217,4,2,4,0,0,0,0,0,0,11.1404,18.9681,-9.82018,-1.68415,10.7699,39.136,0,0,0,0,0,0,-0.615614,2.59044,0.82046,0.237935,-0.411496,2.92691
4435,2.2175,4,2,4,0,0,0,0,0,0,11.056,19.0411,-9.71203,-1.70344,10.6838,39.2268,0,0,0,0,0,0,-0.621968,2.59023,0.825067,0.242139,-0.416139,2.92927
4436,2.218,4,2,4,0,0,0,0,0,0,10.9762,19.1157,-9.60466,-1.72159,10.5965,39.3219,0,0,0,0,0,0,-0.628524,2.58876,0.832119,0.241921,-0.421741,2.92796
4437,2.2185,4,2,4,0,0,0,0,0,0,10.8987,19.1914,-9.49936,-1.73635,10.5091,39.4196,0,0,0,0,0,0,-0.630419,2.58928,0.838592,0.244065,-0.428833,2.93552
4438,2.219,4,2,4,0,0,0,0,0,0,10.8228,19.2655,-9.39702,-1.74735,10.4221,39.5188,0,0,0,0,0,0,-0.635292,2.58893,0.846397,0.244402,-0.435994,2.94043
4439,2.2195,4,2,4,0,0,0,0,0,0,10.7413,19.3357,-9.29412,-1.75968,10.3359,39.6084,0,0,0,0,0,0,-0.643105,2.58946,0.856451,0.241465,-0.442906,2.9413
4440,2.22,4,2,4,0,0,0,0,0,0,10.6506,19.4018,-9.18682,-1.77819,10.2492,39.6826,0,0,0,0,0,0,-0.650141,2.58968,0.864797,0.240632,-0.449016,2.94392
4441,2.2205,4,2,4,0,0,0,0,0,0,10.5567,19.4654,-9.07632,-1.80048,10.1608,39.7511,0,0,0,0,0,0,-0.658171,2.58798,0.871772,0.241062,-0.454462,2.94333
4442,2.221,4,2,4,0,0,0,0,0,0,10.4629,19.5277,-8.96413,-1.82388,10.0706,39.8194,0,0,0,0,0,0,-0.671729,2.58555,0.87991,0.241069,-0.459182,2.93596
4443,2.2215,4,2,4,0,0,0,0,0,0,10.3704,19.59,-8.85142,-1.84597,9.97921,39.8905,0,0,0,0,0,0,-0.68181,2.58465,0.888452,0.241781,-0.465226,2.93418
4444,2.222,4,2,4,0,0,0,0,0,0,10.2816,19.6532,-8.7392,-1.86572,9.88668,39.9679,0,0,0,0,0,0,-0.689753,2.58246,0.89549,0.244006,-0.471633,2.93417
4445,2.2225,4,2,4,0,0,0,0,0,0,10.193,19.7168,-8.62579,-1.88516,9.79284,40.0473,0,0,0,0,0,0,-0.69825,2.57911,0.904257,0.243815,-0.478621,2.93365
4446,2.223,4,2,4,0,0,0,0,0,0,10.1069,19.7802,-8.51343,-1.90181,9.69779,40.1306,0,0,0,0,0,0,-0.709041,2.57421,0.915899,0.239904,-0.48644,2.93008
4447,2.2235,4,2,4,0,0,0,0,0,0,10.0234,19.8452,-8.40466,-1.91312,9.60344,40.2175,0,0,0,0,0,0,-0.718601,2.56998,0.925502,0.238268,-0.493697,2.92588
4448,2.224,4,2,4,0,0,0,0,0,0,9.93638,19.9112,-8.29753,-1.92279,9.51124,40.3,0,0,0,0,0,0,-0.724985,2.56994,0.934124,0.238592,-0.500765,2.92727
4449,2.2245,4,2,4,0,0,0,0,0,0,9.8438,19.9762,-8.18878,-1.9356,9.42012,40.3746,0,0,0,0,0,0,-0.733151,2.56834,0.942395,0.23806,-0.506621,2.92516
4450,2.225,4,2,4,0,0,0,0,0,0,9.74954,20.0413,-8.07991,-1.94889,9.32893,40.4468,0,0,0,0,0,0,-0.741641,2.56357,0.949045,0.237688,-0.511681,2.91927
4451,2.2255,4,2,4,0,0,0,0,0,0,9.65432,20.1055,-7.97068,-1.96267,9.23709,40.5178,0,0,0,0,0,0,-0.745831,2.56307,0.955843,0.239642,-0.519319,2.9224
4452,2.226,4,2,4,0,0,0,0,0,0,9.56027,20.1696,-7.8608,-1.97714,9.14442,40.5909,0,0,0,0,0,0,-0.747645,2.56501,0.962568,0.242492,-0.527442,2.93079
4453,2.2265,4,2,4,0,0,0,0,0,0,9.47146,20.2364,-7.75215,-1.98984,9.05118,40.6723,0,0,0,0,0,0,-0.750851,2.56631,0.967092,0.247241,-0.533105,2.93766
4454,2.227,4,2,4,0,0,0,0,0,0,9.38816,20.3055,-7.64518,-1.99974,8.95727,40.7615,0,0,0,0,0,0,-0.755007,2.56696,0.972179,0.251617,-0.538808,2.94327
4455,2.2275,4,2,4,0,0,0,0,0,0,9.31085,20.3742,-7.54017,-2.0067,8.86203,40.8571,0,0,0,0,0,0,-0.757875,2.56902,0.975527,0.258468,-0.543301,2.95064
4456,2.228,4,2,4,0,0,0,0,0,0,9.2343,20.4408,-7.43564,-2.0133,8.76595,40.9506,0,0,0,0,0,0,-0.76062,2.56929,0.979457,0.263479,-0.548376,2.95562
4457,2.2285,4,2,4,0,0,0,0,0,0,9.15638,20.505,-7.33247,-2.01899,8.67068,41.0396,0,0,0,0,0,0,-0.763126,2.57136,0.985113,0.266608,-0.554728,2.96223
4458,2.229,4,2,4,0,0,0,0,0,0,9.07291,20.5655,-7.22837,-2.02725,8.57656,41.1187,0,0,0,0,0,0,-0.770554,2.57082,0.991414,0.267733,-0.559971,2.96218
4459,2.2295,4,2,4,0,0,0,0,0,0,8.98364,20.6216,-7.12279,-2.03877,8.4833,41.1879,0,0,0,0,0,0,-0.776365,2.56818,0.997947,0.268353,-0.566675,2.96328
4460,2.23,4,2,4,0,0,0,0,0,0,8.88848,20.674,-7.01452,-2.05478,8.39007,41.2474,0,0,0,0,0,0,-0.784644,2.56212,1.0049,0.268454,-0.573154,2.9603
4461,2.2305,4,2,4,0,0,0,0,0,0,8.79056,20.7238,-6.90338,-2.07444,8.29564,41.3026,0,0,0,0,0,0,-0.795373,2.55308,1.01295,0.266459,-0.579096,2.95115
4462,2.231,4,2,4,0,0,0,0,0,0,8.69054,20.7728,-6.78928,-2.09738,8.20012,41.3553,0,0,0,0,0,0,-0.807041,2.54598,1.02077,0.264612,-0.583591,2.94375
4463,2.2315,4,2,4,0,0,0,0,0,0,8.59201,20.8221,-6.67533,-2.11804,8.10362,41.4127,0,0,0,0,0,0,-0.818786,2.53965,1.03037,0.262321,-0.5894,2.9385
4464,2.232,4,2,4,0,0,0,0,0,0,8.49825,20.8724,-6.56517,-2.13126,8.00663,41.4793,0,0,0,0,0,0,-0.831432,2.53347,1.0396,0.262475,-0.595631,2.93411
4465,2.2325,4,2,4,0,0,0,0,0,0,8.40293,20.9201,-6.45527,-2.14352,7.90922,41.5435,0,0,0,0,0,0,-0.844761,2.52703,1.04954,0.259871,-0.601401,2.92744
4466,2.233,4,2,4,0,0,0,0,0,0,8.3054,20.9647,-6.34425,-2.15701,7.81075,41.6033,0,0,0,0,0,0,-0.858881,2.52148,1.0616,0.255553,-0.608786,2.91876
4467,2.2335,4,2,4,0,0,0,0,0,0,8.20728,21.0084,-6.23322,-2.17016,7.71193,41.6594,0,0,0,0,0,0,-0.869603,2.51596,1.07094,0.254927,-0.616294,2.91331
4468,2.234,4,2,4,0,0,0,0,0,0,8.1064,21.0514,-6.12198,-2.18384,7.61413,41.7092,0,0,0,0,0,0,-0.883587,2.50644,1.08071,0.25128,-0.62271,2.89938
4469,2.2345,4,2,4,0,0,0,0,0,0,8.00166,21.0929,-6.00988,-2.1988,7.51722,41.7521,0,0,0,0,0,0,-0.89648,2.49829,1.09095,0.247973,-0.629811,2.88949
4470,2.235,4,2,4,0,0,0,0,0,0,7.89468,21.1322,-5.8967,-2.21555,7.42069,41.7905,0,0,0,0,0,0,-0.90673,2.49347,1.10032,0.247772,-0.637454,2.88749
4471,2.2355,4,2,4,0,0,0,0,0,0,7.78574,21.1709,-5.78015,-2.2371,7.32321,41.8244,0,0,0,0,0,0,-0.91968,2.4878,1.11091,0.24455,-0.643788,2.87927
4472,2.236,4,2,4,0,0,0,0,0,0,7.68196,21.2129,-5.66419,-2.25723,7.22488,41.8662,0,0,0,0,0,0,-0.929389,2.48499,1.12031,0.242912,-0.649903,2.87708
4473,2.2365,4,2,4,0,0,0,0,0,0,7.58325,21.2601,-5.55094,-2.27293,7.12685,41.9165,0,0,0,0,0,0,-0.938054,2.48307,1.12833,0.242932,-0.655266,2.87533
4474,2.237,4,2,4,0,0,0,0,0,0,7.49038,21.3148,-5.44112,-2.28235,7.02887,41.9772,0,0,0,0,0,0,-0.940471,2.48702,1.13291,0.24907,-0.66085,2.88232
4475,2.2375,4,2,4,0,0,0,0,0,0,7.4058,21.3793,-5.33564,-2.28406,6.93051,42.0527,0,0,0,0,0,0,-0.942793,2.49481,1.13826,0.25506,-0.667224,2.88968
4476,2.238,4,2,4,0,0,0,0,0,0,7.33092,21.4525,-5.2351,-2.27756,6.83131,42.1442,0,0,0,0,0,0,-0.940006,2.50538,1.14078,0.264866,-0.6736,2.90311
4477,2.2385,4,2,4,0,0,0,0,0,0,7.26202,21.5281,-5.13766,-2.26592,6.73119,42.2436,0,0,0,0,0,0,-0.931589,2.5192,1.14139,0.278617,-0.68135,2.92879
4478,2.239,4,2,4,0,0,0,0,0,0,7.19287,21.6017,-5.04009,-2.25378,6.63025,42.3402,0,0,0,0,0,0,-0.924748,2.53158,1.14284,0.291441,-0.689215,2.95369
4479,2.2395,4,2,4,0,0,0,0,0,0,7.11928,21.6682,-4.93896,-2.24673,6.5281,42.4273,0,0,0,0,0,0,-0.922911,2.53673,1.14575,0.299603,-0.695672,2.96777
4480,2.24,4,2,4,0,0,0,0,0,0,7.04086,21.7265,-4.83368,-2.2463,6.42479,42.5041,0,0,0,0,0,0,-0.924673,2.53492,1.14895,0.304174,-0.700412,2.97207
4481,2.2405,4,2,4,0,0,0,0,0,0,6.95853,21.7774,-4.72507,-2.2518,6.32074,42.5719,0,0,0,0,0,0,-0.929258,2.5308,1.15496,0.305137,-0.706154,2.97314
4482,2.241,4,2,4,0,0,0,0,0,0,6.86891,21.8221,-4.61264,-2.26382,6.21696,42.6267,0,0,0,0,0,0,-0.937929,2.52191,1.16164,0.303115,-0.710606,2.9654
4483,2.2415,4,2,4,0,0,0,0,0,0,6.77316,21.8621,-4.49727,-2.28063,6.11309,42.6708,0,0,0,0,0,0,-0.949069,2.50878,1.16834,0.298722,-0.713608,2.94923
4484,2.242,4,2,4,0,0,0,0,0,0,6.67216,21.8991,-4.38007,-2.2995,6.009,42.7067,0,0,0,0,0,0,-0.958642,2.49585,1.17519,0.29446,-0.717841,2.9358
4485,2.2425,4,2,4,0,0,0,0,0,0,6.56789,21.9337,-4.26367,-2.31686,5.90573,42.7384,0,0,0,0,0,0,-0.970723,2.48124,1.18174,0.290666,-0.721518,2.91835
4486,2.243,4,2,4,0,0,0,0,0,0,6.46197,21.9674,-4.14871,-2.33203,5.80325,42.7682,0,0,0,0,0,0,-0.985705,2.46808,1.19015,0.286233,-0.725685,2.8996
4487,2.2435,4,2,4,0,0,0,0,0,0,6.3554,22.0016,-4.03548,-2.34417,5.70145,42.7991,0,0,0,0,0,0,-1.00049,2.45672,1.19989,0.281845,-0.731168,2.8842
4488,2.244,4,2,4,0,0,0,0,0,0,6.25187,22.0376,-3.92517,-2.35132,5.59996,42.8372,0,0,0,0,0,0,-1.01122,2.44669,1.2077,0.281325,-0.737502,2.87507
4489,2.2445,4,2,4,0,0,0,0,0,0,6.15164,22.0757,-3.81637,-2.35571,5.49824,42.8824,0,0,0,0,0,0,-1.01768,2.43781,1.21442,0.28232,-0.7445,2.87108
4490,2.245,4,2,4,0,0,0,0,0,0,6.05385,22.1142,-3.70707,-2.3608,5.39555,42.9317,0,0,0,0,0,0,-1.02601,2.4298,1.22354,0.281073,-0.752431,2.86515
4491,2.2455,4,2,4,0,0,0,0,0,0,5.95459,22.151,-3.59707,-2.36805,5.29323,42.978,0,0,0,0,0,0,-1.03178,2.42482,1.23395,0.279226,-0.762026,2.86651
4492,2.246,4,2,4,0,0,0,0,0,0,5.85152,22.1848,-3.4858,-2.37838,5.19174,43.0174,0,0,0,0,0,0,-1.04107,2.41894,1.24489,0.275689,-0.770255,2.86233
4493,2.2465,4,2,4,0,0,0,0,0,0,5.7456,22.216,-3.37354,-2.39086,5.09067,43.0508,0,0,0,0,0,0,-1.05336,2.41295,1.25479,0.274064,-0.777084,2.85505
4494,2.247,4,2,4,0,0,0,0,0,0,5.63817,22.2449,-3.26104,-2.40413,4.98944,43.0797,0,0,0,0,0,0,-1.06807,2.40731,1.26437,0.272636,-0.78246,2.84548
4495,2.2475,4,2,4,0,0,0,0,0,0,5.53081,22.2735,-3.15011,-2.41547,4.88901,43.1066,0,0,0,0,0,0,-1.07964,2.40433,1.27125,0.275909,-0.787283,2.84263
4496,2.248,4,2,4,0,0,0,0,0,0,5.42509,22.3034,-3.04201,-2.42282,4.78974,43.1346,0,0,0,0,0,0,-1.08723,2.40284,1.27566,0.282748,-0.792126,2.84573
4497,2.2485,4,2,4,0,0,0,0,0,0,5.32379,22.3365,-2.93713,-2.42534,4.6913,43.1686,0,0,0,0,0,0,-1.09464,2.40107,1.28212,0.286233,-0.798326,2.84497
4498,2.249,4,2,4,0,0,0,0,0,0,5.22653,22.3708,-2.83449,-2.4249,4.59307,43.2077,0,0,0,0,0,0,-1.09942,2.3984,1.28893,0.288122,-0.805407,2.84664
4499,2.2495,4,2,4,0,0,0,0,0,0,5.13113,22.4041,-2.73284,-2.42349,4.49482,43.2478,0,0,0,0,0,0,-1.10386,2.39588,1.29508,0.290392,-0.81174,2.84844
4500,2.25,4,2,4,0,0,0,0,0,0,5.0353,22.4372,-2.63009,-2.42378,4.3962,43.2858,0,0,0,0,0,0,-1.10995,2.39444,1.30197,0.292561,-0.817942,2.85014
4501,2.2505,4,2,4,0,0,0,0,0,0,4.93908,22.4712,-2.52651,-2.42525,4.29689,43.3229,0,0,0,0,0,0,-1.11965,2.39124,1.31075,0.292013,-0.824122,2.8465
4502,2.251,4,2,4,0,0,0,0,0,0,4.84189,22.5046,-2.42261,-2.42773,4.19738,43.3588,0,0,0,0,0,0,-1.12789,2.38827,1.3171,0.294454,-0.829397,2.84493
4503,2.2515,4,2,4,0,0,0,0,0,0,4.74283,22.5375,-2.31755,-2.43126,4.0971,43.3928,0,0,0,0,0,0,-1.13272,2.38761,1.32206,0.299908,-0.835443,2.8494
4504,2.252,4,2,4,0,0,0,0,0,0,4.64455,22.5727,-2.21234,-2.43259,3.99546,43.4304,0,0,0,0,0,0,-1.13792,2.38688,1.32634,0.305878,-0.840786,2.85077
4505,2.2525,4,2,4,0,0,0,0,0,0,4.55008,22.6123,-2.10844,-2.42897,3.8925,43.4763,0,0,0,0,0,0,-1.14133,2.38892,1.33047,0.312573,-0.846368,2.85678
4506,2.253,4,2,4,0,0,0,0,0,0,4.45859,22.6553,-2.00508,-2.42241,3.78856,43.528,0,0,0,0,0,0,-1.14267,2.39189,1.33545,0.317663,-0.852876,2.86518
4507,2.2535,4,2,4,0,0,0,0,0,0,4.36967,22.6972,-1.90164,-2.41518,3.68363,43.5824,0,0,0,0,0,0,-1.14484,2.39195,1.33942,0.323317,-0.858644,2.87018
4508,2.254,4,2,4,0,0,0,0,0,0,4.27847,22.7346,-1.79626,-2.41085,3.57833,43.6304,0,0,0,0,0,0,-1.15125,2.38552,1.34371,0.326254,-0.862966,2.86527
4509,2.2545,4,2,4,0,0,0,0,0,0,4.18284,22.7671,-1.68741,-2.41177,3.4725,43.6684,0,0,0,0,0,0,-1.16089,2.37494,1.35169,0.323137,-0.868666,2.85327
4510,2.255,4,2,4,0,0,0,0,0,0,4.08276,22.7964,-1.57528,-2.41729,3.36613,43.6978,0,0,0,0,0,0,-1.17191,2.36441,1.3607,0.318988,-0.874439,2.83991
4511,2.2555,4,2,4,0,0,0,0,0,0,3.97899,22.824,-1.46168,-2.42486,3.25998,43.7207,0,0,0,0,0,0,-1.18131,2.35358,1.36845,0.31634,-0.880285,2.82761
4512,2.256,4,2,4,0,0,0,0,0,0,3.8699,22.8467,-1.34693,-2.43591,3.15496,43.7335,0,0,0,0,0,0,-1.19165,2.33951,1.3762,0.312491,-0.885788,2.81182
4513,2.2565,4,2,4,0,0,0,0,0,0,3.75676,22.866,-1.23225,-2.44882,3.05126,43.7388,0,0,0,0,0,0,-1.20027,2.32913,1.38421,0.309962,-0.89192,2.80389
4514,2.257,4,2,4,0,0,0,0,0,0,3.64578,22.8879,-1.12049,-2.45709,2.94852,43.7489,0,0,0,0,0,0,-1.20845,2.32285,1.3921,0.309326,-0.898093,2.7991
4515,2.2575,4,2,4,0,0,0,0,0,0,3.54017,22.9128,-1.01262,-2.45834,2.84625,43.7687,0,0,0,0,0,0,-1.2159,2.31945,1.39969,0.311283,-0.905056,2.79698
4516,2.258,4,2,4,0,0,0,0,0,0,3.43856,22.9392,-0.9074,-2.45485,2.74418,43.7951,0,0,0,0,0,0,-1.2222,2.31619,1.40526,0.314201,-0.910526,2.79426
4517,2.2585,4,2,4,0,0,0,0,0,0,3.34029,22.9649,-0.804075,-2.44823,2.64199,43.825,0,0,0,0,0,0,-1.22906,2.3103,1.4102,0.316343,-0.914973,2.78852
4518,2.259,4,2,4,0,0,0,0,0,0,3.24146,22.9882,-0.699626,-2.44423,2.53948,43.8515,0,0,0,0,0,0,-1.23791,2.30101,1.41503,0.317569,-0.918444,2.77983
4519,2.2595,4,2,4,0,0,0,0,0,0,3.1427,23.0103,-0.594457,-2.44261,2.43677,43.8764,0,0,0,0,0,0,-1.24788,2.29281,1.42126,0.31842,-0.922525,2.77299
4520,2.26,4,2,4,0,0,0,0,0,0,3.04267,23.032,-0.488587,-2.44299,2.33446,43.8984,0,0,0,0,0,0,-1.25709,2.28583,1.42845,0.318599,-0.927659,2.76774
4521,2.2605,4,2,4,0,0,0,0,0,0,2.93859,23.0512,-0.380443,-2.44785,2.23217,43.9122,0,0,0,0,0,0,-1.26485,2.28067,1.43587,0.319844,-0.933633,2.76579
4522,2.261,4,2,4,0,0,0,0,0,0,2.83104,23.0688,-0.272324,-2.45397,2.13131,43.9201,0,0,0,0,0,0,-1.2704,2.27845,1.44299,0.322635,-0.940633,2.76784
4523,2.2615,4,2,4,0,0,0,0,0,0,2.72238,23.0865,-0.165921,-2.45901,2.03234,43.9269,0,0,0,0,0,0,-1.27607,2.27454,1.44892,0.326505,-0.947083,2.76846
4524,2.262,4,2,4,0,0,0,0,0,0,2.61624,23.1063,-0.0616997,-2.46033,1.93354,43.9393,0,0,0,0,0,0,-1.2835,2.27108,1.45595,0.329441,-0.953704,2.76886
4525,2.2625,4,2,4,0,0,0,0,0,0,2.51371,23.1282,0.0396567,-2.4563,1.83478,43.9585,0,0,0,0,0,0,-1.28999,2.26672,1.46235,0.330695,-0.959442,2.7673
4526,2.263,4,2,4,0,0,0,0,0,0,2.41231,23.1506,0.139354,-2.44946,1.73641,43.9789,0,0,0,0,0,0,-1.2956,2.26646,1.46904,0.333486,-0.965662,2.76981
4527,2.2635,4,2,4,0,0,0,0,0,0,2.31163,23.1715,0.238851,-2.44147,1.63749,43.9995,0,0,0,0,0,0,-1.30272,2.26285,1.47447,0.33583,-0.97017,2.76627
4528,2.264,4,2,4,0,0,0,0,0,0,2.21202,23.1926,0.338724,-2.43238,1.53782,44.0228,0,0,0,0,0,0,-1.30791,2.25794,1.47948,0.339571,-0.975538,2.76569
4529,2.2645,4,2,4,0,0,0,0,0,0,2.11318,23.2139,0.440521,-2.42526,1.43653,44.0476,0,0,0,0,0,0,-1.31429,2.25253,1.48493,0.342376,-0.980431,2.76305
4530,2.265,4,2,4,0,0,0,0,0,0,2.01242,23.2325,0.544503,-2.42212,1.33439,44.0675,0,0,0,0,0,0,-1.32177,2.24397,1.49078,0.343908,-0.985407,2.75663
4531,2.2655,4,2,4,0,0,0,0,0,0,1.90721,23.2479,0.650357,-2.42333,1.23267,44.0792,0,0,0,0,0,0,-1.3317,2.2327,1.49801,0.343455,-0.990897,2.74569
4532,2.266,4,2,4,0,0,0,0,0,0,1.8003,23.2618,0.756675,-2.426,1.13125,44.0875,0,0,0,0,0,0,-1.34133,2.22042,1.50431,0.342224,-0.995243,2.73228
4533,2.2665,4,2,4,0,0,0,0,0,0,1.69352,23.276,0.862839,-2.42804,1.02963,44.0966,0,0,0,0,0,0,-1.34727,2.21214,1.51157,0.340657,-1.0017,2.72584
4534,2.267,4,2,4,0,0,0,0,0,0,1.58711,23.2912,0.967844,-2.42819,0.928614,44.107,0,0,0,0,0,0,-1.35222,2.2069,1.51736,0.343046,-1.00776,2.72412
4535,2.2675,4,2,4,0,0,0,0,0,0,1.48057,23.3062,1.07119,-2.426,0.828639,44.117,0,0,0,0,0,0,-1.35808,2.20254,1.52362,0.345818,-1.01392,2.72183
4536,2.268,4,2,4,0,0,0,0,0,0,1.37407,23.3213,1.17316,-2.42162,0.729477,44.1255,0,0,0,0,0,0,-1.366,2.19883,1.53012,0.348855,-1.01955,2.71894
4537,2.2685,4,2,4,0,0,0,0,0,0,1.26702,23.3351,1.27452,-2.41569,0.630835,44.1317,0,0,0,0,0,0,-1.37312,2.19472,1.53579,0.352835,-1.02493,2.71794
4538,2.269,4,2,4,0,0,0,0,0,0,1.1606,23.3475,1.37609,-2.40917,0.531532,44.1365,0,0,0,0,0,0,-1.38152,2.18727,1.54072,0.355875,-1.02906,2.71275
4539,2.2695,4,2,4,0,0,0,0,0,0,1.05499,23.3596,1.47894,-2.4037,0.431069,44.141,0,0,0,0,0,0,-1.39173,2.17658,1.54631,0.356375,-1.03277,2.70243
4540,2.27,4,2,4,0,0,0,0,0,0,0.946755,23.3692,1.58363,-2.40132,0.330406,44.1399,0,0,0,0,0,0,-1.40189,2.16571,1.55435,0.353602,-1.03801,2.6912
4541,2.2705,4,2,4,0,0,0,0,0,0,0.836154,23.3766,1.68898,-2.40078,0.230306,44.1349,0,0,0,0,0,0,-1.41018,2.15739,1.56181,0.353932,-1.04402,2.68526
4542,2.271,4,2,4,0,0,0,0,0,0,0.726458,23.383,1.79373,-2.3994,0.130258,44.1308,0,0,0,0,0,0,-1.41769,2.14997,1.56792,0.355319,-1.04896,2.67864
4543,2.2715,4,2,4,0,0,0,0,0,0,0.617293,23.3886,1.89759,-2.39687,0.030614,44.1267,0,0,0,0,0,0,-1.42532,2.14381,1.57504,0.355334,-1.05461,2.6724
4544,2.272,4,2,4,0,0,0,0,0,0,0.508774,23.3943,2.0009,-2.39383,-0.0689638,44.123,0,0,0,0,0,0,-1.43439,2.13638,1.58234,0.353994,-1.05968,2.66227
4545,2.2725,4,2,4,0,0,0,0,0,0,0.402382,23.4025,2.10232,-2.38758,-0.168078,44.1234,0,0,0,0,0,0,-1.44238,2.13094,1.58819,0.355532,-1.06428,2.65481
4546,2.273,4,2,4,0,0,0,0,0,0,0.296704,23.4114,2.20226,-2.37948,-0.266096,44.1245,0,0,0,0,0,0,-1.44782,2.12737,1.59282,0.359364,-1.06921,2.65314
4547,2.2735,4,2,4,0,0,0,0,0,0,0.190093,23.4187,2.30199,-2.37185,-0.363384,44.1236,0,0,0,0,0,0,-1.45352,2.12409,1.59723,0.365152,-1.07401,2.65504
4548,2.274,4,2,4,0,0,0,0,0,0,0.0839461,23.4258,2.40131,-2.36338,-0.460399,44.1238,0,0,0,0,0,0,-1.45729,2.11905,1.60131,0.369942,-1.07907,2.65538
4549,2.2745,4,2,4,0,0,0,0,0,0,-0.0219293,23.4331,2.50107,-2.35537,-0.557702,44.1229,0,0,0,0,0,0,-1.46261,2.11278,1.60699,0.37165,-1.08438,2.65129
4550,2.275,4,2,4,0,0,0,0,0,0,-0.129294,23.4394,2.60171,-2.34952,-0.654718,44.1172,0,0,0,0,0,0,-1.46847,2.10381,1.61274,0.371911,-1.08933,2.64464
4551,2.2755,4,2,4,0,0,0,0,0,0,-0.238024,23.4436,2.70261,-2.34506,-0.751235,44.1073,0,0,0,0,0,0,-1.47704,2.09372,1.61914,0.372742,-1.09415,2.63561
4552,2.276,4,2,4,0,0,0,0,0,0,-0.346599,23.4455,2.80292,-2.34041,-0.847458,44.0973,0,0,0,0,0,0,-1.48813,2.08514,1.62735,0.373117,-1.09949,2.62753
4553,2.2765,4,2,4,0,0,0,0,0,0,-0.457029,23.4451,2.90282,-2.3366,-0.942708,44.0845,0,0,0,0,0,0,-1.49722,2.07908,1.63618,0.373116,-1.10624,2.6228
4554,2.277,4,2,4,0,0,0,0,0,0,-0.567351,23.4446,3.00204,-2.33191,-1.03764,44.0727,0,0,0,0,0,0,-1.50442,2.07447,1.64304,0.374679,-1.11193,2.61964
4555,2.2775,4,2,4,0,0,0,0,0,0,-0.676384,23.446,3.0999,-2.32454,-1.13218,44.0649,0,0,0,0,0,0,-1.51076,2.06961,1.64908,0.377033,-1.11724,2.61623
4556,2.278,4,2,4,0,0,0,0,0,0,-0.785739,23.4473,3.19704,-2.31689,-1.22603,44.0575,0,0,0,0,0,0,-1.51731,2.0634,1.65455,0.380143,-1.12244,2.61118
4557,2.2785,4,2,4,0,0,0,0,0,0,-0.895458,23.449,3.29394,-2.30927,-1.31945,44.0498,0,0,0,0,0,0,-1.52599,2.0561,1.65999,0.382341,-1.12656,2.60385
4558,2.279,4,2,4,0,0,0,0,0,0,-1.00384,23.4526,3.39,-2.29938,-1.41272,44.0453,0,0,0,0,0,0,-1.53277,2.04975,1.66395,0.386099,-1.13021,2.59992
4559,2.2795,4,2,4,0,0,0,0,0,0,-1.11299,23.4545,3.48705,-2.29115,-1.50613,44.038,0,0,0,0,0,0,-1.53966,2.04166,1.66807,0.388223,-1.13354,2.59307
4560,2.28,4,2,4,0,0,0,0,0,0,-1.22264,23.4555,3.58519,-2.28425,-1.60004,44.0293,0,0,0,0,0,0,-1.54788,2.03312,1.6744,0.38796,-1.13805,2.58503
4561,2.2805,4,2,4,0,0,0,0,0,0,-1.33151,23.4566,3.68388,-2.2771,-1.69463,44.0215,0,0,0,0,0,0,-1.55448,2.02441,1.68096,0.387134,-1.14339,2.57908
4562,2.281,4,2,4,0,0,0,0,0,0,-1.44132,23.456,3.78299,-2.27045,-1.78926,44.0104,0,0,0,0,0,0,-1.56254,2.01181,1.68689,0.386468,-1.14787,2.56943
4563,2.2815,4,2,4,0,0,0,0,0,0,-1.55326,23.4532,3.88235,-2.26456,-1.88335,43.9944,0,0,0,0,0,0,-1.57059,2.00084,1.69318,0.385596,-1.15247,2.55969
4564,2.282,4,2,4,0,0,0,0,0,0,-1.66629,23.4486,3.98145,-2.25846,-1.97697,43.9752,0,0,0,0,0,0,-1.57761,1.99113,1.69953,0.384016,-1.15736,2.55081
4565,2.2825,4,2,4,0,0,0,0,0,0,-1.77924,23.4426,4.08049,-2.25171,-2.07099,43.9551,0,0,0,0,0,0,-1.58672,1.9816,1.70613,0.384005,-1.16207,2.54112
4566,2.283,4,2,4,0,0,0,0,0,0,-1.89152,23.4366,4.17918,-2.24356,-2.1653,43.9344,0,0,0,0,0,0,-1.59425,1.97361,1.71205,0.385791,-1.16682,2.5341
4567,2.2835,4,2,4,0,0,0,0,0,0,-2.00293,23.4306,4.27715,-2.23365,-2.25961,43.9125,0,0,0,0,0,0,-1.60027,1.96756,1.71701,0.388792,-1.17109,2.5299
4568,2.284,4,2,4,0,0,0,0,0,0,-2.1129,23.4249,4.37401,-2.22189,-2.35361,43.8916,0,0,0,0,0,0,-1.60714,1.96342,1.72239,0.392207,-1.17541,2.52622
4569,2.2845,4,2,4,0,0,0,0,0,0,-2.22154,23.4194,4.4703,-2.20999,-2.44734,43.8723,0,0,0,0,0,0,-1.61436,1.95596,1.72717,0.394944,-1.17893,2.51889
4570,2.285,4,2,4,0,0,0,0,0,0,-2.32986,23.4127,4.56653,-2.19942,-2.54082,43.853,0,0,0,0,0,0,-1.61987,1.94866,1.73164,0.398855,-1.18327,2.51382
4571,2.2855,4,2,4,0,0,0,0,0,0,-2.43734,23.4059,4.66215,-2.18893,-2.63372,43.8356,0,0,0,0,0,0,-1.62573,1.93905,1.7369,0.400531,-1.18818,2.50457
4572,2.286,4,2,4,0,0,0,0,0,0,-2.5466,23.399,4.75802,-2.18028,-2.72534,43.8162,0,0,0,0,0,0,-1.63309,1.92882,1.74316,0.402068,-1.19371,2.49476
4573,2.2865,4,2,4,0,0,0,0,0,0,-2.65967,23.39,4.85459,-2.17436,-2.81555,43.7913,0,0,0,0,0,0,-1.64075,1.91932,1.75046,0.402766,-1.19987,2.48693
4574,2.287,4,2,4,0,0,0,0,0,0,-2.77494,23.3779,4.95086,-2.17021,-2.90449,43.762,0,0,0,0,0,0,-1.64894,1.90921,1.75696,0.403621,-1.20483,2.47938
4575,2.2875,4,2,4,0,0,0,0,0,0,-2.89109,23.3643,5.04649,-2.16631,-2.99276,43.7311,0,0,0,0,0,0,-1.65624,1.90038,1.76301,0.405205,-1.20977,2.47264
4576,2.288,4,2,4,0,0,0,0,0,0,-3.00654,23.3517,5.14069,-2.16013,-3.08031,43.7019,0,0,0,0,0,0,-1.66464,1.89078,1.76826,0.405886,-1.21325,2.46245
4577,2.2885,4,2,4,0,0,0,0,0,0,-3.12217,23.339,5.2338,-2.15253,-3.16679,43.672,0,0,0,0,0,0,-1.6706,1.88594,1.77408,0.406647,-1.21809,2.45869
4578,2.289,4,2,4,0,0,0,0,0,0,-3.23557,23.3285,5.32553,-2.14142,-3.2532,43.6461,0,0,0,0,0,0,-1.67715,1.88085,1.7789,0.408415,-1.22155,2.45504
4579,2.2895,4,2,4,0,0,0,0,0,0,-3.34694,23.3184,5.41684,-2.12831,-3.34019,43.6222,0,0,0,0,0,0,-1.68372,1.87811,1.7839,0.412515,-1.22559,2.45525
4580,2.29,4,2,4,0,0,0,0,0,0,-3.45609,23.3093,5.50772,-2.11328,-3.42784,43.6006,0,0,0,0,0,0,-1.69062,1.87382,1.78957,0.415059,-1.23032,2.4527
4581,2.2905,4,2,4,0,0,0,0,0,0,-3.56434,23.2985,5.59855,-2.09778,-3.51582,43.5776,0,0,0,0,0,0,-1.6984,1.86574,1.79516,0.416098,-1.23455,2.44436
4582,2.291,4,2,4,0,0,0,0,0,0,-3.67403,23.2841,5.6908,-2.08477,-3.60419,43.5477,0,0,0,0,0,0,-1.70549,1.85736,1.80013,0.418156,-1.23859,2.43779
4583,2.2915,4,2,4,0,0,0,0,0,0,-3.78499,23.2684,5.78463,-2.07367,-3.69307,43.5126,0,0,0,0,0,0,-1.71135,1.84667,1.80384,0.420591,-1.24181,2.42997
4584,2.292,4,2,4,0,0,0,0,0,0,-3.89677,23.2517,5.87985,-2.0637,-3.7828,43.4737,0,0,0,0,0,0,-1.71708,1.83829,1.80919,0.423843,-1.24686,2.42393
4585,2.2925,4,2,4,0,0,0,0,0,0,-4.01053,23.2328,5.97602,-2.05505,-3.87257,43.4295,0,0,0,0,0,0,-1.72313,1.82676,1.81423,0.424541,-1.25103,2.41182
4586,2.293,4,2,4,0,0,0,0,0,0,-4.12523,23.213,6.07208,-2.04644,-3.9621,43.3847,0,0,0,0,0,0,-1.73072,1.81444,1.81973,0.424799,-1.2548,2.39985
4587,2.2935,4,2,4,0,0,0,0,0,0,-4.23933,23.1947,6.16685,-2.03571,-4.05095,43.3442,0,0,0,0,0,0,-1.73957,1.80342,1.8268,0.426061,-1.25991,2.39006
4588,2.294,4,2,4,0,0,0,0,0,0,-4.35237,23.1773,6.25933,-2.02255,-4.13818,43.3079,0,0,0,0,0,0,-1.74767,1.79405,1.83437,0.427349,-1.26578,2.38292
4589,2.2945,4,2,4,0,0,0,0,0,0,-4.46538,23.1601,6.35033,-2.00945,-4.22389,43.2747,0,0,0,0,0,0,-1.7548,1.78759,1.84191,0.429458,-1.27207,2.37888
4590,2.295,4,2,4,0,0,0,0,0,0,-4.57807,23.1433,6.43951,-1.99566,-4.30787,43.2451,0,0,0,0,0,0,-1.76217,1.78209,1.84851,0.43156,-1.27734,2.37378
4591,2.2955,4,2,4,0,0,0,0,0,0,-4.69082,23.1259,6.52769,-1.98196,-4.39068,43.2161,0,0,0,0,0,0,-1.76898,1.77589,1.85376,0.433029,-1.28129,2.36683
4592,2.296,4,2,4,0,0,0,0,0,0,-4.80458,23.1073,6.61604,-1.96967,-4.47289,43.1845,0,0,0,0,0,0,-1.77439,1.76905,1.85652,0.435297,-1.28317,2.36027
4593,2.2965,4,2,4,0,0,0,0,0,0,-4.91988,23.0874,6.7047,-1.95867,-4.5543,43.1496,0,0,0,0,0,0,-1.7787,1.76271,1.85911,0.437749,-1.2855,2.35527
4594,2.297,4,2,4,0,0,0,0,0,0,-5.03704,23.0657,6.79373,-1.94909,-4.63486,43.1103,0,0,0,0,0,0,-1.78563,1.75359,1.86335,0.440383,-1.28856,2.34897
4595,2.2975,4,2,4,0,0,0,0,0,0,-5.15512,23.0424,6.88361,-1.94063,-4.71561,43.0675,0,0,0,0,0,0,-1.79304,1.74377,1.86857,0.442319,-1.29236,2.34211
4596,2.298,4,2,4,0,0,0,0,0,0,-5.27305,23.0196,6.97445,-1.93255,-4.79706,43.0244,0,0,0,0,0,0,-1.80077,1.73098,1.87282,0.442769,-1.29484,2.33039
4597,2.2985,4,2,4,0,0,0,0,0,0,-5.38906,22.9989,7.0658,-1.92312,-4.87977,42.984,0,0,0,0,0,0,-1.81004,1.71854,1.8785,0.44152,-1.29784,2.31777
4598,2.299,4,2,4,0,0,0,0,0,0,-5.50335,22.9782,7.15694,-1.91178,-4.96317,42.9447,0,0,0,0,0,0,-1.81878,1.70873,1.8855,0.442172,-1.30264,2.30987
4599,2.2995,4,2,4,0,0,0,0,0,0,-5.61639,22.9565,7.2472,-1.89897,-5.04646,42.9055,0,0,0,0,0,0,-1.82772,1.70132,1.89291,0.445244,-1.30794,2.30768
4600,2.3,4,2,4,0,0,0,0,0,0,-5.72837,22.9337,7.33657,-1.88554,-5.12968,42.8653,0,0,0,0,0,0,-1.83628,1.69347,1.89949,0.448118,-1.31259,2.3034
4601,2.3005,4,2,4,0,0,0,0,0,0,-5.8394,22.9097,7.42558,-1.87158,-5.21329,42.8238,0,0,0,0,0,0,-1.84475,1.68484,1.90576,0.451157,-1.31694,2.29824
4602,2.301,4,2,4,0,0,0,0,0,0,-5.95044,22.8827,7.51433,-1.85777,-5.29673,42.778,0,0,0,0,0,0,-1.85456,1.67641,1.91311,0.453646,-1.32176,2.29084
4603,2.3015,4,2,4,0,0,0,0,0,0,-6.06198,22.8538,7.60285,-1.84453,-5.37962,42.7294,0,0,0,0,0,0,-1.86178,1.67048,1.91882,0.457491,-1.32619,2.28809
4604,2.302,4,2,4,0,0,0,0,0,0,-6.17456,22.8238,7.69108,-1.83164,-5.46156,42.6785,0,0,0,0,0,0,-1.86738,1.66153,1.92281,0.459085,-1.32935,2.27944
4605,2.3025,4,2,4,0,0,0,0,0,0,-6.28867,22.7935,7.7793,-1.81987,-5.54235,42.6255,0,0,0,0,0,0,-1.87269,1.65052,1.92614,0.460133,-1.33191,2.26714
4606,2.303,4,2,4,0,0,0,0,0,0,-6.40492,22.7616,7.86661,-1.8096,-5.62072,42.57,0,0,0,0,0,0,-1.87963,1.63955,1.93103,0.46037,-1.33516,2.25419
4607,2.3035,4,2,4,0,0,0,0,0,0,-6.52227,22.7305,7.953,-1.80046,-5.6972,42.5171,0,0,0,0,0,0,-1.88735,1.62931,1.93687,0.460679,-1.33898,2.24234
4608,2.304,4,2,4,0,0,0,0,0,0,-6.63939,22.7009,8.03831,-1.79116,-5.77252,42.4685,0,0,0,0,0,0,-1.89478,1.62253,1.94437,0.461923,-1.3448,2.23542
4609,2.3045,4,2,4,0,0,0,0,0,0,-6.75664,22.6713,8.12223,-1.78113,-5.84628,42.4218,0,0,0,0,0,0,-1.90053,1.61436,1.9502,0.463468,-1.3495,2.23035
4610,2.305,4,2,4,0,0,0,0,0,0,-6.87377,22.6425,8.20543,-1.77034,-5.91933,42.3776,0,0,0,0,0,0,-1.90689,1.60569,1.95538,0.466142,-1.35341,2.22607
4611,2.3055,4,2,4,0,0,0,0,0,0,-6.99065,22.6149,8.28802,-1.75843,-5.99194,42.3349,0,0,0,0,0,0,-1.91389,1.5963,1.9599,0.469347,-1.35632,2.22105
4612,2.306,4,2,4,0,0,0,0,0,0,-7.10755,22.586,8.3705,-1.74578,-6.06453,42.2902,0,0,0,0,0,0,-1.92002,1.5845,1.96273,0.469088,-1.35753,2.20989
4613,2.3065,4,2,4,0,0,0,0,0,0,-7.22341,22.5562,8.45333,-1.73192,-6.13807,42.2437,0,0,0,0,0,0,-1.92679,1.57113,1.96525,0.469451,-1.35839,2.19828
4614,2.307,4,2,4,0,0,0,0,0,0,-7.3395,22.5236,8.53685,-1.71774,-6.21211,42.1906,0,0,0,0,0,0,-1.93465,1.56181,1.96969,0.472496,-1.36087,2.19291
4615,2.3075,4,2,4,0,0,0,0,0,0,-7.45567,22.4882,8.62121,-1.70356,-6.28686,42.1305,0,0,0,0,0,0,-1.94291,1.55258,1.97413,0.475409,-1.36323,2.18717
4616,2.308,4,2,4,0,0,0,0,0,0,-7.57209,22.45,8.70658,-1.69008,-6.3624,42.0647,0,0,0,0,0,0,-1.95034,1.5431,1.97868,0.476207,-1.36595,2.17859
4617,2.3085,4,2,4,0,0,0,0,0,0,-7.68813,22.4111,8.79235,-1.67662,-6.43846,41.9979,0,0,0,0,0,0,-1.95767,1.53391,1.98387,0.476833,-1.36932,2.1689
4618,2.309,4,2,4,0,0,0,0,0,0,-7.80301,22.373,8.87836,-1.66265,-6.51524,41.9331,0,0,0,0,0,0,-1.9642,1.52851,1.99037,0.478018,-1.3741,2.16335
4619,2.3095,4,2,4,0,0,0,0,0,0,-7.91634,22.3361,8.96403,-1.64733,-6.59239,41.8714,0,0,0,0,0,0,-1.96931,1.52449,1.99692,0.479406,-1.37951,2.15924
4620,2.31,4,2,4,0,0,0,0,0,0,-8.02938,22.2998,9.0484,-1.63109,-6.66831,41.8124,0,0,0,0,0,0,-1.97354,1.51741,2.00253,0.480739,-1.3845,2.1511
4621,2.3105,4,2,4,0,0,0,0,0,0,-8.14249,22.2643,9.13152,-1.61455,-6.74291,41.7566,0,0,0,0,0,0,-1.97725,1.50818,2.00648,0.482926,-1.38805,2.14089
4622,2.311,4,2,4,0,0,0,0,0,0,-8.25565,22.2301,9.2134,-1.59767,-6.81606,41.7039,0,0,0,0,0,0,-1.9818,1.49754,2.01034,0.487069,-1.39135,2.13068
4623,2.3115,4,2,4,0,0,0,0,0,0,-8.36993,22.1954,9.29476,-1.58232,-6.8879,41.6522,0,0,0,0,0,0,-1.9878,1.48604,2.01497,0.490638,-1.39482,2.12105
4624,2.312,4,2,4,0,0,0,0,0,0,-8.48597,22.1583,9.37536,-1.56961,-6.95777,41.5982,0,0,0,0,0,0,-1.99615,1.47471,2.02167,0.49288,-1.39932,2.11126
4625,2.3125,4,2,4,0,0,0,0,0,0,-8.60365,22.1213,9.45561,-1.55843,-7.0262,41.5433,0,0,0,0,0,0,-2.00521,1.46541,2.02801,0.495099,-1.40329,2.10436
4626,2.313,4,2,4,0,0,0,0,0,0,-8.72289,22.0838,9.53606,-1.5489,-7.09375,41.4861,0,0,0,0,0,0,-2.01541,1.45527,2.03398,0.496697,-1.40622,2.09635
4627,2.3135,4,2,4,0,0,0,0,0,0,-8.84355,22.0444,9.6159,-1.53967,-7.15974,41.4261,0,0,0,0,0,0,-2.02569,1.4418,2.0397,0.495058,-1.40873,2.08279
4628,2.314,4,2,4,0,0,0,0,0,0,-8.96473,22.002,9.69535,-1.53021,-7.22506,41.3627,0,0,0,0,0,0,-2.03268,1.43048,2.04396,0.493789,-1.41102,2.0715
4629,2.3145,4,2,4,0,0,0,0,0,0,-9.08416,21.9591,9.7744,-1.51937,-7.29078,41.2994,0,0,0,0,0,0,-2.03797,1.42148,2.0475,0.493718,-1.41319,2.06186
4630,2.315,4,2,4,0,0,0,0,0,0,-9.20147,21.9147,9.85297,-1.50748,-7.35718,41.236,0,0,0,0,0,0,-2.04243,1.41122,2.04924,0.494642,-1.41375,2.0523
4631,2.3155,4,2,4,0,0,0,0,0,0,-9.31712,21.8693,9.93117,-1.49437,-7.42417,41.171,0,0,0,0,0,0,-2.04757,1.40246,2.05132,0.497576,-1.41474,2.04787
4632,2.316,4,2,4,0,0,0,0,0,0,-9.43083,21.8247,10.0099,-1.47899,-7.49274,41.1058,0,0,0,0,0,0,-2.05372,1.39337,2.05388,0.502258,-1.41589,2.04511
4633,2.3165,4,2,4,0,0,0,0,0,0,-9.54293,21.7801,10.0891,-1.46206,-7.56268,41.0391,0,0,0,0,0,0,-2.06147,1.38122,2.05783,0.503425,-1.41779,2.03657
4634,2.317,4,2,4,0,0,0,0,0,0,-9.65362,21.7365,10.169,-1.44467,-7.63369,40.972,0,0,0,0,0,0,-2.06919,1.37002,2.06239,0.504372,-1.42046,2.02837
4635,2.3175,4,2,4,0,0,0,0,0,0,-9.76488,21.6909,10.2491,-1.42797,-7.70456,40.9006,0,0,0,0,0,0,-2.07699,1.35851,2.06803,0.504814,-1.42405,2.01735
4636,2.318,4,2,4,0,0,0,0,0,0,-9.87759,21.6448,10.3294,-1.41088,-7.77457,40.8272,0,0,0,0,0,0,-2.08503,1.34756,2.07409,0.505994,-1.42766,2.00567
4637,2.3185,4,2,4,0,0,0,0,0,0,-9.99248,21.5989,10.41,-1.39446,-7.84355,40.754,0,0,0,0,0,0,-2.09246,1.33883,2.08049,0.508991,-1.43182,1.99695
4638,2.319,4,2,4,0,0,0,0,0,0,-10.1092,21.5526,10.4903,-1.37933,-7.91095,40.6815,0,0,0,0,0,0,-2.09862,1.33018,2.08659,0.511009,-1.43611,1.98728
4639,2.3195,4,2,4,0,0,0,0,0,0,-10.2279,21.5058,10.5696,-1.36577,-7.97616,40.6095,0,0,0,0,0,0,-2.10352,1.32058,2.09142,0.512782,-1.43952,1.97663
4640,2.32,4,2,4,0,0,0,0,0,0,-10.3476,21.458,10.6477,-1.35335,-8.03962,40.5395,0,0,0,0,0,0,-2.10835,1.30998,2.09527,0.51408,-1.44197,1.96454
4641,2.3205,4,2,4,0,0,0,0,0,0,-10.4671,21.4106,10.7243,-1.34147,-8.10167,40.4742,0,0,0,0,0,0,-2.11387,1.3006,2.10065,0.515623,-1.44609,1.95565
4642,2.321,4,2,4,0,0,0,0,0,0,-10.5864,21.363,10.7993,-1.32977,-8.16215,40.4112,0,0,0,0,0,0,-2.11915,1.28769,2.10448,0.515481,-1.4486,1.9435
4643,2.3215,4,2,4,0,0,0,0,0,0,-10.7052,21.3153,10.8729,-1.31751,-8.2211,40.3492,0,0,0,0,0,0,-2.12566,1.27509,2.10803,0.514452,-1.45016,1.93208
4644,2.322,4,2,4,0,0,0,0,0,0,-10.8234,21.2677,10.9451,-1.30444,-8.27863,40.2871,0,0,0,0,0,0,-2.13273,1.26481,2.11195,0.514202,-1.45176,1.92385
4645,2.3225,4,2,4,0,0,0,0,0,0,-10.9405,21.2182,11.0175,-1.29146,-8.33676,40.2218,0,0,0,0,0,0,-2.14099,1.25631,2.11584,0.518044,-1.45292,1.92084
4646,2.323,4,2,4,0,0,0,0,0,0,-11.0564,21.1676,11.0914,-1.27876,-8.39705,40.1536,0,0,0,0,0,0,-2.14869,1.24683,2.11929,0.521612,-1.45384,1.91548
4647,2.3235,4,2,4,0,0,0,0,0,0,-11.1712,21.1166,11.1665,-1.26611,-8.45897,40.0822,0,0,0,0,0,0,-2.15549,1.23572,2.12332,0.523143,-1.45575,1.90635
4648,2.324,4,2,4,0,0,0,0,0,0,-11.2849,21.0637,11.2419,-1.25437,-8.52173,40.0052,0,0,0,0,0,0,-2.16253,1.22166,2.12618,0.522664,-1.45615,1.89198
4649,2.3245,4,2,4,0,0,0,0,0,0,-11.3982,21.008,11.3173,-1.24322,-8.5846,39.9232,0,0,0,0,0,0,-2.17028,1.20927,2.13049,0.523907,-1.45787,1.88126
4650,2.325,4,2,4,0,0,0,0,0,0,-11.5109,20.9511,11.3926,-1.2312,-8.64753,39.8392,0,0,0,0,0,0,-2.17629,1.19678,2.1343,0.52345,-1.45992,1.86876
4651,2.3255,4,2,4,0,0,0,0,0,0,-11.6227,20.894,11.468,-1.21758,-8.71092,39.7544,0,0,0,0,0,0,-2.18295,1.18547,2.13918,0.523266,-1.46286,1.85679
4652,2.326,4,2,4,0,0,0,0,0,0,-11.7344,20.836,11.5431,-1.20321,-8.77384,39.6694,0,0,0,0,0,0,-2.19001,1.17583,2.14481,0.524526,-1.46653,1.84837
4653,2.3265,4,2,4,0,0,0,0,0,0,-11.846,20.7789,11.6177,-1.18783,-8.83629,39.588,0,0,0,0,0,0,-2.19586,1.16767,2.15024,0.528123,-1.47067,1.84364
4654,2.327,4,2,4,0,0,0,0,0,0,-11.958,20.7226,11.6915,-1.17157,-8.8976,39.5097,0,0,0,0,0,0,-2.20173,1.15925,2.15469,0.533221,-1.47376,1.83927
4655,2.3275,4,2,4,0,0,0,0,0,0,-12.0713,20.6662,11.765,-1.15561,-8.95786,39.4323,0,0,0,0,0,0,-2.20782,1.14823,2.15803,0.536263,-1.4753,1.82977
4656,2.328,4,2,4,0,0,0,0,0,0,-12.1864,20.6106,11.8378,-1.13968,-9.01662,39.3574,0,0,0,0,0,0,-2.21342,1.13776,2.16096,0.539018,-1.47647,1.82031
4657,2.3285,4,2,4,0,0,0,0,0,0,-12.3035,20.5544,11.9098,-1.12465,-9.07318,39.2836,0,0,0,0,0,0,-2.21908,1.12743,2.16465,0.541471,-1.47821,1.80958
4658,2.329,4,2,4,0,0,0,0,0,0,-12.4226,20.4975,11.9803,-1.11122,-9.12695,39.2094,0,0,0,0,0,0,-2.22385,1.1167,2.16795,0.542982,-1.47997,1.79811
4659,2.3295,4,2,4,0,0,0,0,0,0,-12.5423,20.4409,12.0506,-1.09966,-9.17989,39.1358,0,0,0,0,0,0,-2.23018,1.10611,2.1723,0.543077,-1.48201,1.78651
4660,2.33,4,2,4,0,0,0,0,0,0,-12.6616,20.3832,12.1209,-1.08927,-9.23281,39.0596,0,0,0,0,0,0,-2.23832,1.09644,2.178,0.545168,-1.48464,1.77845
4661,2.3305,4,2,4,0,0,0,0,0,0,-12.7807,20.3237,12.191,-1.07961,-9.28533,38.9798,0,0,0,0,0,0,-2.24598,1.08678,2.1825,0.546725,-1.48634,1.77186
4662,2.331,4,2,4,0,0,0,0,0,0,-12.8989,20.2635,12.2604,-1.06966,-9.33733,38.899,0,0,0,0,0,0,-2.2553,1.07723,2.1876,0.548151,-1.48786,1.76631
4663,2.3315,4,2,4,0,0,0,0,0,0,-13.0158,20.2033,12.3296,-1.05899,-9.38965,38.8178,0,0,0,0,0,0,-2.26318,1.06714,2.19146,0.548802,-1.48866,1.75949
4664,2.332,4,2,4,0,0,0,0,0,0,-13.1306,20.1423,12.3984,-1.04745,-9.44257,38.7351,0,0,0,0,0,0,-2.26958,1.05684,2.19456,0.548789,-1.48924,1.75146
4665,2.3325,4,2,4,0,0,0,0,0,0,-13.2428,20.0807,12.4667,-1.03448,-9.49628,38.6507,0,0,0,0,0,0,-2.27612,1.04706,2.19853,0.549035,-1.49086,1.7436
4666,2.333,4,2,4,0,0,0,0,0,0,-13.3536,20.0183,12.5348,-1.02022,-9.5503,38.5639,0,0,0,0,0,0,-2.28231,1.03767,2.20291,0.551037,-1.49336,1.73701
4667,2.3335,4,2,4,0,0,0,0,0,0,-13.4644,19.9554,12.6032,-1.00503,-9.60477,38.4761,0,0,0,0,0,0,-2.28652,1.02703,2.20723,0.552518,-1.49664,1.72715
4668,2.334,4,2,4,0,0,0,0,0,0,-13.5748,19.8921,12.6724,-0.990139,-9.65991,38.3881,0,0,0,0,0,0,-2.29198,1.01704,2.21221,0.555269,-1.50013,1.71916
4669,2.3345,4,2,4,0,0,0,0,0,0,-13.6852,19.8285,12.742,-0.976116,-9.71524,38.3005,0,0,0,0,0,0,-2.29753,1.00614,2.21619,0.557975,-1.50236,1.70867
4670,2.335,4,2,4,0,0,0,0,0,0,-13.7961,19.7638,12.8121,-0.962867,-9.7707,38.2129,0,0,0,0,0,0,-2.30318,0.994231,2.21887,0.561173,-1.50313,1.69704
4671,2.3355,4,2,4,0,0,0,0,0,0,-13.9077,19.6987,12.882,-0.950024,-9.82552,38.1274,0,0,0,0,0,0,-2.30937,0.981667,2.22182,0.564085,-1.50386,1.68583
4672,2.336,4,2,4,0,0,0,0,0,0,-14.0206,19.6336,12.9516,-0.93727,-9.87921,38.0441,0,0,0,0,0,0,-2.31625,0.967295,2.2258,0.565991,-1.5053,1.67292
4673,2.3365,4,2,4,0,0,0,0,0,0,-14.1349,19.5689,13.0209,-0.924406,-9.93191,37.9625,0,0,0,0,0,0,-2.324,0.953547,2.23065,0.567763,-1.50726,1.66136
4674,2.337,4,2,4,0,0,0,0,0,0,-14.2505,19.5035,13.089,-0.911385,-9.98244,37.8806,0,0,0,0,0,0,-2.3313,0.94164,2.23529,0.569478,-1.50926,1.651
4675,2.3375,4,2,4,0,0,0,0,0,0,-14.3673,19.4361,13.1556,-0.89941,-10.0306,37.7958,0,0,0,0,0,0,-2.33772,0.930142,2.23932,0.570772,-1.51091,1.64073
4676,2.338,4,2,4,0,0,0,0,0,0,-14.4845,19.368,13.2205,-0.888488,-10.0765,37.7101,0,0,0,0,0,0,-2.3445,0.919363,2.24368,0.570838,-1.5129,1.63232
4677,2.3385,4,2,4,0,0,0,0,0,0,-14.6015,19.3,13.2841,-0.878368,-10.1212,37.6249,0,0,0,0,0,0,-2.35193,0.910791,2.24884,0.573356,-1.51544,1.62781
4678,2.339,4,2,4,0,0,0,0,0,0,-14.7185,19.2319,13.3465,-0.868616,-10.1648,37.5408,0,0,0,0,0,0,-2.35678,0.902806,2.25168,0.574785,-1.51641,1.62194
4679,2.3395,4,2,4,0,0,0,0,0,0,-14.8352,19.1633,13.408,-0.858207,-10.2075,37.4554,0,0,0,0,0,0,-2.36087,0.894374,2.25317,0.57616,-1.51615,1.61644
4680,2.34,4,2,4,0,0,0,0,0,0,-14.9512,19.0925,13.4689,-0.847567,-10.2497,37.3658,0,0,0,0,0,0,-2.36652,0.884203,2.2554,0.576577,-1.51595,1.60857
4681,2.3405,4,2,4,0,0,0,0,0,0,-15.0656,19.0207,13.5298,-0.83584,-10.2926,37.274,0,0,0,0,0,0,-2.37151,0.871445,2.25759,0.573908,-1.51603,1.59365
4682,2.341,4,2,4,0,0,0,0,0,0,-15.178,18.949,13.5919,-0.822801,-10.3375,37.1812,0,0,0,0,0,0,-2.37554,0.859584,2.25899,0.571721,-1.5158,1.58007
4683,2.3415,4,2,4,0,0,0,0,0,0,-15.2887,18.8764,13.6556,-0.809126,-10.3844,37.0859,0,0,0,0,0,0,-2.37931,0.846891,2.26114,0.57159,-1.51668,1.56725
4684,2.342,4,2,4,0,0,0,0,0,0,-15.3986,18.8039,13.7206,-0.795231,-10.4328,36.99,0,0,0,0,0,0,-2.38454,0.832841,2.26431,0.572215,-1.51787,1.55441
4685,2.3425,4,2,4,0,0,0,0,0,0,-15.5081,18.7319,13.7866,-0.781232,-10.4825,36.8947,0,0,0,0,0,0,-2.39265,0.818896,2.26884,0.574102,-1.51919,1.54286
4686,2.343,4,2,4,0,0,0,0,0,0,-15.6171,18.6596,13.8528,-0.766773,-10.5325,36.7993,0,0,0,0,0,0,-2.40043,0.804568,2.27302,0.576652,-1.52028,1.53118
4687,2.3435,4,2,4,0,0,0,0,0,0,-15.726,18.5867,13.9181,-0.752782,-10.5816,36.7024,0,0,0,0,0,0,-2.40935,0.793179,2.28024,0.580504,-1.52424,1.52313
4688,2.344,4,2,4,0,0,0,0,0,0,-15.8355,18.5129,13.982,-0.739471,-10.6287,36.6051,0,0,0,0,0,0,-2.41727,0.782615,2.28572,0.584735,-1.52662,1.51697
4689,2.3445,4,2,4,0,0,0,0,0,0,-15.947,18.4398,14.0449,-0.726253,-10.6736,36.5122,0,0,0,0,0,0,-2.42518,0.772766,2.29029,0.590085,-1.52799,1.51291
4690,2.345,4,2,4,0,0,0,0,0,0,-16.0594,18.367,14.1066,-0.714482,-10.7167,36.4238,0,0,0,0,0,0,-2.4321,0.764616,2.29581,0.594827,-1.53096,1.5095
4691,2.3455,4,2,4,0,0,0,0,0,0,-16.1721,18.293,14.1673,-0.704891,-10.7585,36.3359,0,0,0,0,0,0,-2.43629,0.756037,2.29927,0.596801,-1.53292,1.50359
4692,2.346,4,2,4,0,0,0,0,0,0,-16.2849,18.2179,14.227,-0.696634,-10.7991,36.2475,0,0,0,0,0,0,-2.43987,0.748539,2.30159,0.600205,-1.5339,1.49904
4693,2.3465,4,2,4,0,0,0,0,0,0,-16.3989,18.1408,14.286,-0.689785,-10.8384,36.1573,0,0,0,0,0,0,-2.44266,0.739461,2.30278,0.601375,-1.53406,1.48993
4694,2.347,4,2,4,0,0,0,0,0,0,-16.5144,18.0632,14.3445,-0.683171,-10.8764,36.0675,0,0,0,0,0,0,-2.4434,0.728168,2.30113,0.601623,-1.5317,1.47584
4695,2.3475,4,2,4,0,0,0,0,0,0,-16.631,17.9854,14.403,-0.676315,-10.9137,35.9786,0,0,0,0,0,0,-2.44551,0.715111,2.30107,0.599533,-1.53038,1.45899
4696,2.348,4,2,4,0,0,0,0,0,0,-16.7475,17.9073,14.4616,-0.667747,-10.9508,35.8888,0,0,0,0,0,0,-2.44982,0.700028,2.30203,0.595264,-1.52937,1.44161
4697,2.3485,4,2,4,0,0,0,0,0,0,-16.8625,17.8295,14.5202,-0.657346,-10.9885,35.7973,0,0,0,0,0,0,-2.45539,0.682684,2.30246,0.589914,-1.52726,1.4227
4698,2.349,4,2,4,0,0,0,0,0,0,-16.9757,17.7511,14.5785,-0.645014,-11.0265,35.7029,0,0,0,0,0,0,-2.46067,0.66299,2.30356,0.5833,-1.52627,1.40113
4699,2.3495,4,2,4,0,0,0,0,0,0,-17.0869,17.6736,14.6369,-0.630321,-11.0654,35.6072,0,0,0,0,0,0,-2.47024,0.643482,2.30797,0.579573,-1.52691,1.38435
4700,2.35,4,2,4,0,0,0,0,0,0,-17.1962,17.5966,14.6955,-0.613441,-11.1054,35.51,0,0,0,0,0,0,-2.48361,0.627224,2.31665,0.580199,-1.52986,1.37311
4701,2.3505,4,2,4,0,0,0,0,0,0,-17.3033,17.5197,14.7533,-0.595942,-11.1453,35.4109,0,0,0,0,0,0,-2.49462,0.612171,2.32468,0.580013,-1.53329,1.36099
4702,2.351,4,2,4,0,0,0,0,0,0,-17.4076,17.4424,14.8105,-0.578679,-11.1858,35.3104,0,0,0,0,0,0,-2.50474,0.60127,2.33181,0.583991,-1.53635,1.35671
4703,2.3515,4,2,4,0,0,0,0,0,0,-17.5089,17.3629,14.8658,-0.563453,-11.2256,35.2059,0,0,0,0,0,0,-2.52307,0.595887,2.34763,0.59634,-1.54488,1.36344
4704,2.352,4,2,4,0,0,0,0,0,0,-17.6091,17.2807,14.9183,-0.550752,-11.2628,35.0973,0,0,0,0,0,0,-2.54109,0.590854,2.36641,0.61036,-1.55683,1.36891
4705,2.3525,4,2,4,0,0,0,0,0,0,-19.1507,18.3113,16.1597,-0.498622,-12.1572,37.3286,0,0,0,0,0,0,-3.16626,1.10328,2.95837,0.947293,-1.93244,2.10932
