{
  "per_target": {
    "CF_x": {
      "rmse": 0.042650097426377175,
      "mae": 0.02823633394244933,
      "r2": 0.9931809360713737
    },
    "CF_y": {
      "rmse": 0.09244236176122528,
      "mae": 0.0660571729049977,
      "r2": 0.9881015841828437
    },
    "CF_z": {
      "rmse": 0.055974090813866506,
      "mae": 0.04113841106902408,
      "r2": 0.9854005163288705
    },
    "CF_mx": {
      "rmse": 0.06049403642717249,
      "mae": 0.04198153063104864,
      "r2": 0.9770603603815897
    },
    "CF_my": {
      "rmse": 0.020998344990338192,
      "mae": 0.013588767341958833,
      "r2": 0.9773612155880051
    },
    "CF_mz": {
      "rmse": 0.027504853643246847,
      "mae": 0.020126625093214383,
      "r2": 0.9886404702090397
    }
  },
  "aggregate": {
    "rmse": 0.05001063084370441,
    "mae": 0.03518814016378216,
    "r2": 0.9849575137936205
  },
  "per_config": {
    "s35_f085_p45": {
      "per_target": {
        "CF_x": {
          "rmse": 0.010975737322685697,
          "mae": 0.00934586770525965,
          "r2": 0.9995844144296846
        },
        "CF_y": {
          "rmse": 0.030936285014272466,
          "mae": 0.026463614440478525,
          "r2": 0.9992472543993283
        },
        "CF_z": {
          "rmse": 0.01583655202502804,
          "mae": 0.01260868272331028,
          "r2": 0.9990150557211523
        },
        "CF_mx": {
          "rmse": 0.026224990803413128,
          "mae": 0.01997357379719391,
          "r2": 0.9974594302021754
        },
        "CF_my": {
          "rmse": 0.009450614391280402,
          "mae": 0.007877025444069562,
          "r2": 0.9932564634818498
        },
        "CF_mz": {
          "rmse": 0.01965944240199215,
          "mae": 0.014881136520984727,
          "r2": 0.9962975978132744
        }
      },
      "aggregate": {
        "rmse": 0.018847270326445315,
        "mae": 0.015191650105216113,
        "r2": 0.9974767026745774
      }
    },
    "s45_f085_p60": {
      "per_target": {
        "CF_x": {
          "rmse": 0.04312529822179561,
          "mae": 0.0370686640285163,
          "r2": 0.9950661248635587
        },
        "CF_y": {
          "rmse": 0.1110053588961477,
          "mae": 0.09808045785571665,
          "r2": 0.9862642049250644
        },
        "CF_z": {
          "rmse": 0.06904621668839336,
          "mae": 0.06315592056649887,
          "r2": 0.9854806916339487
        },
        "CF_mx": {
          "rmse": 0.06650637854317823,
          "mae": 0.05292278989037684,
          "r2": 0.9783581544265563
        },
        "CF_my": {
          "rmse": 0.02005825404496289,
          "mae": 0.01550124508041241,
          "r2": 0.960957704282742
        },
        "CF_mz": {
          "rmse": 0.03147566344221037,
          "mae": 0.02403068839034247,
          "r2": 0.98643789903401
        }
      },
      "aggregate": {
        "rmse": 0.056869528306114685,
        "mae": 0.04845996096864392,
        "r2": 0.9820941298609801
      }
    },
    "s45_f100_p60": {
      "per_target": {
        "CF_x": {
          "rmse": 0.05939482705133378,
          "mae": 0.04633520611898661,
          "r2": 0.9899979598855426
        },
        "CF_y": {
          "rmse": 0.13238649731235144,
          "mae": 0.1123022528976404,
          "r2": 0.9797532207474022
        },
        "CF_z": {
          "rmse": 0.08211787390907985,
          "mae": 0.07437162442954386,
          "r2": 0.9784092865020599
        },
        "CF_mx": {
          "rmse": 0.08574682378395297,
          "mae": 0.07100238816267007,
          "r2": 0.9627497192713786
        },
        "CF_my": {
          "rmse": 0.028934610151053274,
          "mae": 0.021439856845240773,
          "r2": 0.9202378584544381
        },
        "CF_mz": {
          "rmse": 0.03484775663291906,
          "mae": 0.02672528360919465,
          "r2": 0.9819435968028863
        }
      },
      "aggregate": {
        "rmse": 0.07057139814011507,
        "mae": 0.058696102010546064,
        "r2": 0.9688486069439514
      }
    },
    "s45_f115_p60": {
      "per_target": {
        "CF_x": {
          "rmse": 0.0757771535195934,
          "mae": 0.055505119840890814,
          "r2": 0.9825398566887559
        },
        "CF_y": {
          "rmse": 0.14404793828726023,
          "mae": 0.11689038653154314,
          "r2": 0.9753074763217254
        },
        "CF_z": {
          "rmse": 0.08519759918689318,
          "mae": 0.07542177480569077,
          "r2": 0.9760856268248552
        },
        "CF_mx": {
          "rmse": 0.09981801373395298,
          "mae": 0.0838142270280699,
          "r2": 0.9490764030744013
        },
        "CF_my": {
          "rmse": 0.03722986400684629,
          "mae": 0.026258136360144114,
          "r2": 0.8694307061750713
        },
        "CF_mz": {
          "rmse": 0.03457470218193277,
          "mae": 0.026519839665204836,
          "r2": 0.9812650622528382
        }
      },
      "aggregate": {
        "rmse": 0.07944087848607981,
        "mae": 0.06406824737192393,
        "r2": 0.9556175218896078
      }
    },
    "s55_f085_p45": {
      "per_target": {
        "CF_x": {
          "rmse": 0.016773333992476942,
          "mae": 0.014211964286108582,
          "r2": 0.9974108792519837
        },
        "CF_y": {
          "rmse": 0.04163548685198888,
          "mae": 0.03347970936893456,
          "r2": 0.9902575357299523
        },
        "CF_z": {
          "rmse": 0.022378878641111613,
          "mae": 0.018464065267569406,
          "r2": 0.9878499872106035
        },
        "CF_mx": {
          "rmse": 0.0236699361945027,
          "mae": 0.01869665778168567,
          "r2": 0.9845610326782236
        },
        "CF_my": {
          "rmse": 0.0078036494663108295,
          "mae": 0.006045871382255207,
          "r2": 0.9810877190308089
        },
        "CF_mz": {
          "rmse": 0.02184501896057512,
          "mae": 0.015537414113492886,
          "r2": 0.9893523044661352
        }
      },
      "aggregate": {
        "rmse": 0.022351050684494347,
        "mae": 0.017739280366674385,
        "r2": 0.9884199097279512
      }
    },
    "s55_f115_p45": {
      "per_target": {
        "CF_x": {
          "rmse": 0.01599419181657218,
          "mae": 0.012744528373056715,
          "r2": 0.9973858091244963
        },
        "CF_y": {
          "rmse": 0.019757149157911064,
          "mae": 0.016361741380318304,
          "r2": 0.9976461499587653
        },
        "CF_z": {
          "rmse": 0.010317683833565641,
          "mae": 0.00812637063482553,
          "r2": 0.9971914915404585
        },
        "CF_mx": {
          "rmse": 0.017066547452789488,
          "mae": 0.013260186445862403,
          "r2": 0.9915392397577938
        },
        "CF_my": {
          "rmse": 0.00908741011815418,
          "mae": 0.0072404131418235705,
          "r2": 0.9740713130825718
        },
        "CF_mz": {
          "rmse": 0.018782638559275318,
          "mae": 0.014169239103294214,
          "r2": 0.9906032809667585
        }
      },
      "aggregate": {
        "rmse": 0.015167603489711315,
        "mae": 0.011983746513196789,
        "r2": 0.9914062140718074
      }
    }
  },
  "config_resolved": {
    "CF_x": {
      "config_mean_r2": 0.9441909834892075,
      "within_config_variance_fraction": 0.9784587161120212
    },
    "CF_y": {
      "config_mean_r2": -3.6120608575562256,
      "within_config_variance_fraction": 0.9998152042033325
    },
    "CF_z": {
      "config_mean_r2": 0.8270997606887206,
      "within_config_variance_fraction": 0.99878798079151
    },
    "CF_mx": {
      "config_mean_r2": 0.9395787431447139,
      "within_config_variance_fraction": 0.9991097149405329
    },
    "CF_my": {
      "config_mean_r2": 0.9865158106411775,
      "within_config_variance_fraction": 0.4422290523950217
    },
    "CF_mz": {
      "config_mean_r2": 0.7514099773545481,
      "within_config_variance_fraction": 0.9985954504178439
    }
  },