{
  "per_target": {
    "CF_x": {
      "rmse": 0.13305640509354175,
      "mae": 0.08808948429457769,
      "r2": 0.9931809360713737
    },
    "CF_y": {
      "rmse": 0.2883943783607466,
      "mae": 0.20607995028742176,
      "r2": 0.9881015841828437
    },
    "CF_z": {
      "rmse": 0.17462354722468793,
      "mae": 0.12834036540135668,
      "r2": 0.9854005163288705
    },
    "CF_mx": {
      "rmse": 0.18872451652641042,
      "mae": 0.1309706632144081,
      "r2": 0.9770603603815897
    },
    "CF_my": {
      "rmse": 0.06550897807798299,
      "mae": 0.042393163000264404,
      "r2": 0.9773612155880051
    },
    "CF_mz": {
      "rmse": 0.08580746983548673,
      "mae": 0.06278945519857984,
      "r2": 0.9886404702090397
    }
  },
  "aggregate": {
    "rmse": 0.1560192158531427,
    "mae": 0.10977718023276808,
    "r2": 0.9849575137936205
  },
  "per_config": {
    "s35_f085_p45": {
      "per_target": {
        "CF_x": {
          "rmse": 0.0342412383448481,
          "mae": 0.029156499852978326,
          "r2": 0.9995844144296846
        },
        "CF_y": {
          "rmse": 0.09651257838399621,
          "mae": 0.08255909401636996,
          "r2": 0.9992472543993283
        },
        "CF_z": {
          "rmse": 0.04940562410588771,
          "mae": 0.03933557242218988,
          "r2": 0.9990150557211523
        },
        "CF_mx": {
          "rmse": 0.08181465484192081,
          "mae": 0.06231197785451176,
          "r2": 0.9974594302021754
        },
        "CF_my": {
          "rmse": 0.029483280290266697,
          "mae": 0.024574121787821736,
          "r2": 0.9932564634818498
        },
        "CF_mz": {
          "rmse": 0.06133197554045573,
          "mae": 0.04642499428298802,
          "r2": 0.9962975978132744
        }
      },
      "aggregate": {
        "rmse": 0.058798225251229214,
        "mae": 0.04739371003614329,
        "r2": 0.9974767026745774
      }
    },
    "s45_f085_p60": {
      "per_target": {
        "CF_x": {
          "rmse": 0.134538898999801,
          "mae": 0.11564389004664512,
          "r2": 0.9950661248635587
        },
        "CF_y": {
          "rmse": 0.3463057505633093,
          "mae": 0.3059836652129028,
          "r2": 0.9862642049250644
        },
        "CF_z": {
          "rmse": 0.21540493298347205,
          "mae": 0.19702885240666654,
          "r2": 0.9854806916339487
        },
        "CF_mx": {
          "rmse": 0.20748134655544265,
          "mae": 0.16510433962055596,
          "r2": 0.9783581544265563
        },
        "CF_my": {
          "rmse": 0.06257615660275542,
          "mae": 0.04835955998539023,
          "r2": 0.960957704282742
        },
        "CF_mz": {
          "rmse": 0.09819528859890977,
          "mae": 0.07496904349776717,
          "r2": 0.98643789903401
        }
      },
      "aggregate": {
        "rmse": 0.17741706238394833,
        "mae": 0.15118155846165462,
        "r2": 0.9820941298609801
      }
    },
    "s45_f100_p60": {
      "per_target": {
        "CF_x": {
          "rmse": 0.18529528994031214,
          "mae": 0.14455291611239646,
          "r2": 0.9899979598855426
        },
        "CF_y": {
          "rmse": 0.41300893733511845,
          "mae": 0.350351698029757,
          "r2": 0.9797532207474022
        },
        "CF_z": {
          "rmse": 0.25618485667302315,
          "mae": 0.2320187194095865,
          "r2": 0.9784092865020599
        },
        "CF_mx": {
          "rmse": 0.2675061678481918,
          "mae": 0.22150764223432642,
          "r2": 0.9627497192713786
        },
        "CF_my": {
          "rmse": 0.09026791125455289,
          "mae": 0.06688637188865193,
          "r2": 0.9202378584544381
        },
        "CF_mz": {
          "rmse": 0.10871527857948649,
          "mae": 0.08337542882013643,
          "r2": 0.9819435968028863
        }
      },
      "aggregate": {
        "rmse": 0.22016307360511417,
        "mae": 0.18311546274914248,
        "r2": 0.9688486069439514
      }
    },
    "s45_f115_p60": {
      "per_target": {
        "CF_x": {
          "rmse": 0.23640357804441645,
          "mae": 0.17316048862640263,
          "r2": 0.9825398566887559
        },
        "CF_y": {
          "rmse": 0.44938937977162924,
          "mae": 0.3646653949320837,
          "r2": 0.9753074763217254
        },
        "CF_z": {
          "rmse": 0.2657927403325836,
          "mae": 0.23529489560353167,
          "r2": 0.9760856268248552
        },
        "CF_mx": {
          "rmse": 0.31140435479529743,
          "mae": 0.2614770051416557,
          "r2": 0.9490764030744013
        },
        "CF_my": {
          "rmse": 0.11614678900613214,
          "mae": 0.08191805973170006,
          "r2": 0.8694307061750713
        },
        "CF_mz": {
          "rmse": 0.10786342487139727,
          "mae": 0.08273450103133806,
          "r2": 0.9812650622528382
        }
      },
      "aggregate": {
        "rmse": 0.24783337780357603,
        "mae": 0.19987505751111864,
        "r2": 0.9556175218896078
      }
    },
    "s55_f085_p45": {
      "per_target": {
        "CF_x": {
          "rmse": 0.05232812249315093,
          "mae": 0.04433736360137636,
          "r2": 0.9974108792519837
        },
        "CF_y": {
          "rmse": 0.12989110316589578,
          "mae": 0.10444735278498977,
          "r2": 0.9902575357299523
        },
        "CF_z": {
          "rmse": 0.06981585791570573,
          "mae": 0.05760273237725154,
          "r2": 0.9878499872106035
        },
        "CF_mx": {
          "rmse": 0.07384359729237691,
          "mae": 0.058328356130711925,
          "r2": 0.9845610326782236
        },
        "CF_my": {
          "rmse": 0.024345209208251343,
          "mae": 0.018861431985458695,
          "r2": 0.9810877190308089
        },
        "CF_mz": {
          "rmse": 0.06815036465301881,
          "mae": 0.048472397277865474,
          "r2": 0.9893523044661352
        }
      },
      "aggregate": {
        "rmse": 0.06972904245473324,
        "mae": 0.055341605692942296,
        "r2": 0.9884199097279512
      }
    },
    "s55_f115_p45": {
      "per_target": {
        "CF_x": {
          "rmse": 0.04989741627585322,
          "mae": 0.0397593729500564,
          "r2": 0.9973858091244963
        },
        "CF_y": {
          "rmse": 0.061636793359884263,
          "mae": 0.05104406837272542,
          "r2": 0.9976461499587653
        },
        "CF_z": {
          "rmse": 0.03218829504799584,
          "mae": 0.02535200921859778,
          "r2": 0.9971914915404585
        },
        "CF_mx": {
          "rmse": 0.053242866686211004,
          "mae": 0.041368082274658206,
          "r2": 0.9915392397577938
        },
        "CF_my": {
          "rmse": 0.028350184287843496,
          "mae": 0.022588069012177,
          "r2": 0.9740713130825718
        },
        "CF_mz": {
          "rmse": 0.05859659216916352,
          "mae": 0.04420407295082023,
          "r2": 0.9906032809667585
        }
      },
      "aggregate": {
        "rmse": 0.0473186913044919,
        "mae": 0.03738594579650584,
        "r2": 0.9914062140718074
      }
    }
  },
  "config_resolved": {
    "CF_x": {
      "config_mean_r2": 0.9441909834892075,
      "within_config_variance_fraction": 0.9784587161120212
    },
    "CF_y": {
      "config_mean_r2": -3.6120608575562256,
      "within_config_variance_fraction": 0.9998152042033325
    },
    "CF_z": {
      "config_mean_r2": 0.8270997606887206,
      "within_config_variance_fraction": 0.99878798079151
    },
    "CF_mx": {
      "config_mean_r2": 0.9395787431447139,
      "within_config_variance_fraction": 0.9991097149405329
    },
    "CF_my": {
      "config_mean_r2": 0.9865158106411775,
      "within_config_variance_fraction": 0.4422290523950217
    },
    "CF_mz": {
      "config_mean_r2": 0.7514099773545481,
      "within_config_variance_fraction": 0.9985954504178439
    }
  },
  "inference": {
    "latency_ms": 0.23231488999998717,