{
  "per_target": {
    "CF_x": {
      "rmse": 0.04384181690660105,
      "mae": 0.02746483752207023,
      "r2": 0.992794538618549
    },
    "CF_y": {
      "rmse": 0.08937875256414037,
      "mae": 0.06202809777171355,
      "r2": 0.988877160889096
    },
    "CF_z": {
      "rmse": 0.05793341684783617,
      "mae": 0.04176355893651489,
      "r2": 0.9843605423833043
    },
    "CF_mx": {
      "rmse": 0.06513772526310295,
      "mae": 0.04521728480110887,
      "r2": 0.9734033682620277
    },
    "CF_my": {
      "rmse": 0.02387768833566111,
      "mae": 0.015617865724594412,
      "r2": 0.970726980034284
    },
    "CF_mz": {
      "rmse": 0.02853766401341259,
      "mae": 0.020580061201111607,
      "r2": 0.987771349885984
    }
  },
  "aggregate": {
    "rmse": 0.051451177321792364,
    "mae": 0.03544528432618559,
    "r2": 0.9829889900122075
  },
  "per_config": {
    "s35_f085_p45": {
      "per_target": {
        "CF_x": {
          "rmse": 0.010388071407397326,
          "mae": 0.008567331516627138,
          "r2": 0.9996277258308514
        },
        "CF_y": {
          "rmse": 0.03272062437121758,
          "mae": 0.0244846663797442,
          "r2": 0.9991579166700565
        },
        "CF_z": {
          "rmse": 0.0150447858758649,
          "mae": 0.01098370565413092,
          "r2": 0.9991110805265755
        },
        "CF_mx": {
          "rmse": 0.02748278225814709,
          "mae": 0.021468230175916484,
          "r2": 0.9972098867224173
        },
        "CF_my": {
          "rmse": 0.009418123360036303,
          "mae": 0.007394172863513893,
          "r2": 0.9933027520739328
        },
        "CF_mz": {
          "rmse": 0.018609987508994695,
          "mae": 0.012957198327078182,
          "r2": 0.9966823286274428
        }
      },
      "aggregate": {
        "rmse": 0.018944062463609652,
        "mae": 0.014309217486168471,
        "r2": 0.9975152817418792
      }
    },
    "s45_f085_p60": {
      "per_target": {
        "CF_x": {
          "rmse": 0.04408101329650907,
          "mae": 0.03600273662029295,
          "r2": 0.99484501898672
        },
        "CF_y": {
          "rmse": 0.1036173308121038,
          "mae": 0.08876445995703712,
          "r2": 0.9880317483130552
        },
        "CF_z": {
          "rmse": 0.07182092847327268,
          "mae": 0.06522629987337272,
          "r2": 0.9842902893616333
        },
        "CF_mx": {
          "rmse": 0.0735684203692521,
          "mae": 0.05981260262495904,
          "r2": 0.973518013721128
        },
        "CF_my": {
          "rmse": 0.024909708180580435,
          "mae": 0.02040869766727314,
          "r2": 0.9397875399573317
        },
        "CF_mz": {
          "rmse": 0.033484683425667225,
          "mae": 0.02653734987158081,
          "r2": 0.9846513712311387
        }
      },
      "aggregate": {
        "rmse": 0.05858034742623089,
        "mae": 0.049458691102419294,
        "r2": 0.9775206635951679
      }
    },
    "s45_f100_p60": {
      "per_target": {
        "CF_x": {
          "rmse": 0.061723605945713376,
          "mae": 0.045550723750778815,
          "r2": 0.9891982548186173
        },
        "CF_y": {
          "rmse": 0.1279505021852264,
          "mae": 0.10441068091321758,
          "r2": 0.981087342667627
        },
        "CF_z": {
          "rmse": 0.08553583049918707,
          "mae": 0.0762457704817154,
          "r2": 0.9765745601543963
        },
        "CF_mx": {
          "rmse": 0.09300883324837658,
          "mae": 0.07790871194526579,
          "r2": 0.9561729883834538
        },
        "CF_my": {
          "rmse": 0.03347968006590329,
          "mae": 0.025928268996268315,
          "r2": 0.893211586691288
        },
        "CF_mz": {
          "rmse": 0.036984196224478225,
          "mae": 0.029006800599468315,
          "r2": 0.9796617321300682
        }
      },
      "aggregate": {
        "rmse": 0.07311377469481417,
        "mae": 0.05984182611445236,
        "r2": 0.9626510774742417
      }
    },
    "s45_f115_p60": {
      "per_target": {
        "CF_x": {
          "rmse": 0.07847495595040106,
          "mae": 0.05459137100131271,
          "r2": 0.9812745014057684
        },
        "CF_y": {
          "rmse": 0.14178336303936867,
          "mae": 0.11038189413589722,
          "r2": 0.9760777550914426
        },
        "CF_z": {
          "rmse": 0.08841219504576289,
          "mae": 0.07714328953647771,
          "r2": 0.9742469521614692
        },
        "CF_mx": {
          "rmse": 0.10657496040622393,
          "mae": 0.09046044574716557,
          "r2": 0.9419487488140624
        },
        "CF_my": {
          "rmse": 0.04132854498085514,
          "mae": 0.030110621259699835,
          "r2": 0.8390991319751946
        },
        "CF_mz": {
          "rmse": 0.03711833462636181,
          "mae": 0.028279086044356732,
          "r2": 0.9784070328577174
        }
      },
      "aggregate": {
        "rmse": 0.08228205900816225,
        "mae": 0.06516111795415162,
        "r2": 0.9485090203842756
      }
    },
    "s55_f085_p45": {
      "per_target": {
        "CF_x": {
          "rmse": 0.01541463506528503,
          "mae": 0.013665742064853515,
          "r2": 0.9978133462951341
        },
        "CF_y": {
          "rmse": 0.04022128609067136,
          "mae": 0.032903185991051326,
          "r2": 0.9909081254746105
        },
        "CF_z": {
          "rmse": 0.020365975630763016,
          "mae": 0.017584984933206434,
          "r2": 0.9899373925160175
        },
        "CF_mx": {
          "rmse": 0.021357579687387634,
          "mae": 0.016287155215806277,
          "r2": 0.9874302064608601
        },
        "CF_my": {
          "rmse": 0.006906657856955443,
          "mae": 0.005470084007234938,
          "r2": 0.9851855923810442
        },
        "CF_mz": {
          "rmse": 0.021051176570285754,
          "mae": 0.014670946778228932,
          "r2": 0.9901121124181309
        }
      },
      "aggregate": {
        "rmse": 0.02088621848355804,
        "mae": 0.01676368316506357,
        "r2": 0.9902311292576328
      }
    },
    "s55_f115_p45": {
      "per_target": {
        "CF_x": {
          "rmse": 0.014895223957413394,
          "mae": 0.01223338701526925,
          "r2": 0.997732711584501
        },
        "CF_y": {
          "rmse": 0.02233342106102615,
          "mae": 0.018964741557200678,
          "r2": 0.9969922568797451
        },
        "CF_z": {
          "rmse": 0.01090987337389455,
          "mae": 0.00934408546451919,
          "r2": 0.9968598476069969
        },
        "CF_mx": {
          "rmse": 0.017909353096862753,
          "mae": 0.013914563049218726,
          "r2": 0.9906829625507533
        },
        "CF_my": {
          "rmse": 0.009456186575095726,
          "mae": 0.007646655401570966,
          "r2": 0.9719241875929376
        },
        "CF_mz": {
          "rmse": 0.018305047591723963,
          "mae": 0.013439013078992012,
          "r2": 0.9910750711309573
        }
      },
      "aggregate": {
        "rmse": 0.015634850942669424,
        "mae": 0.012590407594461804,
        "r2": 0.9908778395576485
      }
    }
  },
  "inference": {
    "latency_ms": 0.9553290000212655,
    "throughput_rows_per_s": 12202696.176863695,
    "basis": "single-row latency; batched throughput over 12535 rows on cuda"
  },
  "reproducibility": {
    "seeds": {
      "global": 1234
    },
    "features": [
      "stroke_amp_deg",
      "frequency_fstar",
      "pitch_amp_deg",
      "phase_sin",
      "phase_cos"
    ],
    "bitwise": "cpu_only",
    "deterministic_algorithms": true,
    "device": "cuda",
    "epochs": 2000,
    "final_train_loss": 0.001319563016295433
  }
}